solid OpenSCAD_Model
  facet normal -1 0 0
    outer loop
      vertex -11.727 -25.9 1.89
      vertex -11.727 -4 4.45
      vertex -11.727 -4 1.89
    endloop
  endfacet
  facet normal -1 -0 0
    outer loop
      vertex -11.727 -4 4.45
      vertex -11.727 -25.9 1.89
      vertex -11.727 -25.9 4.45
    endloop
  endfacet
  facet normal -0 0 1
    outer loop
      vertex -11.727 -4 4.45
      vertex -3.387 -25.9 4.45
      vertex -3.387 -4 4.45
    endloop
  endfacet
  facet normal 0 0 1
    outer loop
      vertex -3.387 -25.9 4.45
      vertex -11.727 -4 4.45
      vertex -11.727 -25.9 4.45
    endloop
  endfacet
  facet normal 1 -0 0
    outer loop
      vertex -3.387 -25.9 4.45
      vertex -3.387 -4 1.89
      vertex -3.387 -4 4.45
    endloop
  endfacet
  facet normal 1 0 0
    outer loop
      vertex -3.387 -4 1.89
      vertex -3.387 -25.9 4.45
      vertex -3.387 -25.9 1.89
    endloop
  endfacet
  facet normal 0 1 -0
    outer loop
      vertex -3.387 -4 1.89
      vertex -11.727 -4 4.45
      vertex -3.387 -4 4.45
    endloop
  endfacet
  facet normal 0 1 0
    outer loop
      vertex -11.727 -4 4.45
      vertex -3.387 -4 1.89
      vertex -11.727 -4 1.89
    endloop
  endfacet
  facet normal 0 0 -1
    outer loop
      vertex -11.727 -25.9 1.89
      vertex -3.387 -4 1.89
      vertex -3.387 -25.9 1.89
    endloop
  endfacet
  facet normal -0 0 -1
    outer loop
      vertex -3.387 -4 1.89
      vertex -11.727 -25.9 1.89
      vertex -11.727 -4 1.89
    endloop
  endfacet
  facet normal -1 0 0
    outer loop
      vertex -13.557 -29.5 -0.0799999
      vertex -13.557 -25.9 6.42
      vertex -13.557 -25.9 -0.0799999
    endloop
  endfacet
  facet normal -1 -0 0
    outer loop
      vertex -13.557 -25.9 6.42
      vertex -13.557 -29.5 -0.0799999
      vertex -13.557 -29.5 6.42
    endloop
  endfacet
  facet normal -0 0 1
    outer loop
      vertex -13.557 -25.9 6.42
      vertex -1.557 -29.5 6.42
      vertex -1.557 -25.9 6.42
    endloop
  endfacet
  facet normal 0 0 1
    outer loop
      vertex -1.557 -29.5 6.42
      vertex -13.557 -25.9 6.42
      vertex -13.557 -29.5 6.42
    endloop
  endfacet
  facet normal 1 -0 0
    outer loop
      vertex -1.557 -29.5 6.42
      vertex -1.557 -25.9 -0.0799999
      vertex -1.557 -25.9 6.42
    endloop
  endfacet
  facet normal 1 0 0
    outer loop
      vertex -1.557 -25.9 -0.0799999
      vertex -1.557 -29.5 6.42
      vertex -1.557 -29.5 -0.0799999
    endloop
  endfacet
  facet normal 0 1 0
    outer loop
      vertex -1.557 -25.9 6.42
      vertex -3.387 -25.9 4.45
      vertex -13.557 -25.9 6.42
    endloop
  endfacet
  facet normal 0 1 0
    outer loop
      vertex -1.557 -25.9 6.42
      vertex -3.387 -25.9 1.89
      vertex -3.387 -25.9 4.45
    endloop
  endfacet
  facet normal 0 1 0
    outer loop
      vertex -3.387 -25.9 1.89
      vertex -1.557 -25.9 -0.0799999
      vertex -11.727 -25.9 1.89
    endloop
  endfacet
  facet normal 0 1 -0
    outer loop
      vertex -1.557 -25.9 -0.0799999
      vertex -3.387 -25.9 1.89
      vertex -1.557 -25.9 6.42
    endloop
  endfacet
  facet normal 0 1 -0
    outer loop
      vertex -11.727 -25.9 4.45
      vertex -13.557 -25.9 6.42
      vertex -3.387 -25.9 4.45
    endloop
  endfacet
  facet normal 0 1 -0
    outer loop
      vertex -11.727 -25.9 1.89
      vertex -13.557 -25.9 6.42
      vertex -11.727 -25.9 4.45
    endloop
  endfacet
  facet normal 0 1 0
    outer loop
      vertex -11.727 -25.9 1.89
      vertex -13.557 -25.9 -0.0799999
      vertex -13.557 -25.9 6.42
    endloop
  endfacet
  facet normal 0 1 0
    outer loop
      vertex -13.557 -25.9 -0.0799999
      vertex -11.727 -25.9 1.89
      vertex -1.557 -25.9 -0.0799999
    endloop
  endfacet
  facet normal 0 0 -1
    outer loop
      vertex -13.557 -29.5 -0.0799999
      vertex -1.557 -25.9 -0.0799999
      vertex -1.557 -29.5 -0.0799999
    endloop
  endfacet
  facet normal -0 0 -1
    outer loop
      vertex -1.557 -25.9 -0.0799999
      vertex -13.557 -29.5 -0.0799999
      vertex -13.557 -25.9 -0.0799999
    endloop
  endfacet
  facet normal 0 -1 0
    outer loop
      vertex -13.557 -29.5 -0.0799999
      vertex -1.557 -29.5 6.42
      vertex -13.557 -29.5 6.42
    endloop
  endfacet
  facet normal 0 -1 -0
    outer loop
      vertex -1.557 -29.5 6.42
      vertex -13.557 -29.5 -0.0799999
      vertex -1.557 -29.5 -0.0799999
    endloop
  endfacet
  facet normal -1 0 0
    outer loop
      vertex -15.214 -1.292 -19.37
      vertex -15.214 -3.892 -18.17
      vertex -15.214 -1.292 -18.17
    endloop
  endfacet
  facet normal -1 0 0
    outer loop
      vertex -15.214 -6.292 -19.37
      vertex -15.214 -3.892 -18.17
      vertex -15.214 -1.292 -19.37
    endloop
  endfacet
  facet normal -1 0 0
    outer loop
      vertex -15.214 -6.292 -13.87
      vertex -15.214 -4.292 -18.17
      vertex -15.214 -6.292 -19.37
    endloop
  endfacet
  facet normal -1 -0 0
    outer loop
      vertex -15.214 -3.892 -18.17
      vertex -15.214 -6.292 -19.37
      vertex -15.214 -4.292 -18.17
    endloop
  endfacet
  facet normal -1 0 0
    outer loop
      vertex -15.214 -3.892 -13.87
      vertex -15.214 -4.292 -13.87
      vertex -15.214 -3.892 -13.67
    endloop
  endfacet
  facet normal -1 0 0
    outer loop
      vertex -15.214 21.108 -19.37
      vertex -15.214 19.108 -18.17
      vertex -15.214 21.108 -13.87
    endloop
  endfacet
  facet normal -1 0 0
    outer loop
      vertex -15.214 21.108 -19.37
      vertex -15.214 18.708 -18.17
      vertex -15.214 19.108 -18.17
    endloop
  endfacet
  facet normal -1 0 0
    outer loop
      vertex -15.214 16.108 -19.37
      vertex -15.214 18.708 -18.17
      vertex -15.214 21.108 -19.37
    endloop
  endfacet
  facet normal -1 -0 0
    outer loop
      vertex -15.214 18.708 -18.17
      vertex -15.214 16.108 -19.37
      vertex -15.214 16.108 -18.17
    endloop
  endfacet
  facet normal -1 0 0
    outer loop
      vertex -15.214 26.495 -13.87
      vertex -15.214 21.108 -13.87
      vertex -15.214 26.495 6.96
    endloop
  endfacet
  facet normal -1 0 0
    outer loop
      vertex -15.214 26.495 6.96
      vertex -15.214 28.295 8.96
      vertex -15.214 28.295 6.96
    endloop
  endfacet
  facet normal -1 0 0
    outer loop
      vertex -15.214 19.108 -13.87
      vertex -15.214 21.108 -13.87
      vertex -15.214 19.108 -18.17
    endloop
  endfacet
  facet normal -1 0 0
    outer loop
      vertex -15.214 18.708 -13.67
      vertex -15.214 21.108 -13.87
      vertex -15.214 19.108 -13.87
    endloop
  endfacet
  facet normal -1 0 0
    outer loop
      vertex -15.214 18.708 -13.67
      vertex -15.214 19.108 -13.87
      vertex -15.214 18.708 -13.87
    endloop
  endfacet
  facet normal -1 0 0
    outer loop
      vertex -15.214 21.108 -13.87
      vertex -15.214 18.708 -13.67
      vertex -15.214 26.495 6.96
    endloop
  endfacet
  facet normal -1 0 0
    outer loop
      vertex -15.214 -3.892 -13.67
      vertex -15.214 26.495 6.96
      vertex -15.214 18.708 -13.67
    endloop
  endfacet
  facet normal -1 0 0
    outer loop
      vertex -15.214 -11.679 6.96
      vertex -15.214 26.495 6.96
      vertex -15.214 -3.892 -13.67
    endloop
  endfacet
  facet normal -1 0 0
    outer loop
      vertex -15.214 -6.292 -13.87
      vertex -15.214 -3.892 -13.67
      vertex -15.214 -4.292 -13.87
    endloop
  endfacet
  facet normal -1 0 0
    outer loop
      vertex -15.214 -4.292 -18.17
      vertex -15.214 -6.292 -13.87
      vertex -15.214 -4.292 -13.87
    endloop
  endfacet
  facet normal -1 -0 0
    outer loop
      vertex -15.214 -3.892 -13.67
      vertex -15.214 -6.292 -13.87
      vertex -15.214 -11.679 6.96
    endloop
  endfacet
  facet normal -1 0 0
    outer loop
      vertex -15.214 -11.679 6.96
      vertex -15.214 -6.292 -13.87
      vertex -15.214 -11.679 -13.87
    endloop
  endfacet
  facet normal -1 0 0
    outer loop
      vertex -15.214 26.495 6.96
      vertex -15.214 -11.679 6.96
      vertex -15.214 28.295 8.96
    endloop
  endfacet
  facet normal -1 0 0
    outer loop
      vertex -15.214 -13.479 8.96
      vertex -15.214 -11.679 6.96
      vertex -15.214 -13.479 6.96
    endloop
  endfacet
  facet normal -1 0 0
    outer loop
      vertex -15.214 -11.679 6.96
      vertex -15.214 -13.479 8.96
      vertex -15.214 28.295 8.96
    endloop
  endfacet
  facet normal 1 0 0
    outer loop
      vertex 12.211 28.295 8.96
      vertex 12.211 26.495 6.96
      vertex 12.211 28.295 6.96
    endloop
  endfacet
  facet normal 1 0 0
    outer loop
      vertex 12.211 26.495 6.96
      vertex 12.211 21.108 -13.87
      vertex 12.211 26.495 -13.87
    endloop
  endfacet
  facet normal 1 0 0
    outer loop
      vertex 12.211 19.108 -18.17
      vertex 12.211 21.108 -13.87
      vertex 12.211 19.108 -13.87
    endloop
  endfacet
  facet normal 1 -0 0
    outer loop
      vertex 12.211 18.708 -13.67
      vertex 12.211 21.108 -13.87
      vertex 12.211 26.495 6.96
    endloop
  endfacet
  facet normal 1 0 0
    outer loop
      vertex 12.211 21.108 -13.87
      vertex 12.211 18.708 -13.67
      vertex 12.211 19.108 -13.87
    endloop
  endfacet
  facet normal 1 0 0
    outer loop
      vertex 12.211 26.495 6.96
      vertex 12.211 -3.892 -13.67
      vertex 12.211 18.708 -13.67
    endloop
  endfacet
  facet normal 1 0 0
    outer loop
      vertex 12.211 -11.679 6.96
      vertex 12.211 26.495 6.96
      vertex 12.211 28.295 8.96
    endloop
  endfacet
  facet normal 1 0 0
    outer loop
      vertex 12.211 -3.892 -13.67
      vertex 12.211 -4.292 -13.87
      vertex 12.211 -3.892 -13.87
    endloop
  endfacet
  facet normal 1 0 0
    outer loop
      vertex 12.211 26.495 6.96
      vertex 12.211 -11.679 6.96
      vertex 12.211 -3.892 -13.67
    endloop
  endfacet
  facet normal 1 0 0
    outer loop
      vertex 12.211 -4.292 -13.87
      vertex 12.211 -6.292 -13.87
      vertex 12.211 -4.292 -18.17
    endloop
  endfacet
  facet normal 1 0 -0
    outer loop
      vertex 12.211 -6.292 -13.87
      vertex 12.211 -3.892 -13.67
      vertex 12.211 -11.679 6.96
    endloop
  endfacet
  facet normal 1 0 0
    outer loop
      vertex 12.211 -3.892 -13.67
      vertex 12.211 -6.292 -13.87
      vertex 12.211 -4.292 -13.87
    endloop
  endfacet
  facet normal 1 -0 0
    outer loop
      vertex 12.211 -13.479 8.96
      vertex 12.211 -11.679 6.96
      vertex 12.211 28.295 8.96
    endloop
  endfacet
  facet normal 1 0 0
    outer loop
      vertex 12.211 -11.679 6.96
      vertex 12.211 -13.479 8.96
      vertex 12.211 -13.479 6.96
    endloop
  endfacet
  facet normal 1 0 0
    outer loop
      vertex 12.211 21.108 -13.87
      vertex 12.211 19.108 -18.17
      vertex 12.211 21.108 -19.37
    endloop
  endfacet
  facet normal 1 -0 0
    outer loop
      vertex 12.211 18.708 -18.17
      vertex 12.211 21.108 -19.37
      vertex 12.211 19.108 -18.17
    endloop
  endfacet
  facet normal 1 0 0
    outer loop
      vertex 12.211 16.108 -19.37
      vertex 12.211 18.708 -18.17
      vertex 12.211 16.108 -18.17
    endloop
  endfacet
  facet normal 1 0 0
    outer loop
      vertex 12.211 18.708 -18.17
      vertex 12.211 16.108 -19.37
      vertex 12.211 21.108 -19.37
    endloop
  endfacet
  facet normal 1 0 0
    outer loop
      vertex 12.211 19.108 -13.87
      vertex 12.211 18.708 -13.67
      vertex 12.211 18.708 -13.87
    endloop
  endfacet
  facet normal 1 -0 0
    outer loop
      vertex 12.211 -3.892 -18.17
      vertex 12.211 -1.292 -19.37
      vertex 12.211 -1.292 -18.17
    endloop
  endfacet
  facet normal 1 0 0
    outer loop
      vertex 12.211 -6.292 -19.37
      vertex 12.211 -3.892 -18.17
      vertex 12.211 -4.292 -18.17
    endloop
  endfacet
  facet normal 1 0 0
    outer loop
      vertex 12.211 -3.892 -18.17
      vertex 12.211 -6.292 -19.37
      vertex 12.211 -1.292 -19.37
    endloop
  endfacet
  facet normal 1 0 0
    outer loop
      vertex 12.211 -6.292 -19.37
      vertex 12.211 -4.292 -18.17
      vertex 12.211 -6.292 -13.87
    endloop
  endfacet
  facet normal 1 0 0
    outer loop
      vertex 12.211 -6.292 -13.87
      vertex 12.211 -11.679 6.96
      vertex 12.211 -11.679 -13.87
    endloop
  endfacet
  facet normal 0 1 0
    outer loop
      vertex 12.211 -4.292 -13.87
      vertex 6.04037 -4.292 -18.07
      vertex -15.214 -4.292 -13.87
    endloop
  endfacet
  facet normal 0 1 -0
    outer loop
      vertex 12.211 -4.292 -18.17
      vertex 6.04037 -4.292 -18.07
      vertex 12.211 -4.292 -13.87
    endloop
  endfacet
  facet normal 0 1 0
    outer loop
      vertex 6.04037 -4.292 -18.07
      vertex 12.211 -4.292 -18.17
      vertex 6.04037 -4.292 -18.17
    endloop
  endfacet
  facet normal 0 1 -0
    outer loop
      vertex -9.04337 -4.292 -18.07
      vertex -15.214 -4.292 -13.87
      vertex 6.04037 -4.292 -18.07
    endloop
  endfacet
  facet normal 0 1 0
    outer loop
      vertex -15.214 -4.292 -18.17
      vertex -9.04337 -4.292 -18.07
      vertex -9.04337 -4.292 -18.17
    endloop
  endfacet
  facet normal 0 1 0
    outer loop
      vertex -9.04337 -4.292 -18.07
      vertex -15.214 -4.292 -18.17
      vertex -15.214 -4.292 -13.87
    endloop
  endfacet
  facet normal 0 0 -1
    outer loop
      vertex 12.211 -6.292 -19.37
      vertex 6.04037 -5.292 -19.37
      vertex 12.211 -1.292 -19.37
    endloop
  endfacet
  facet normal 0 0 -1
    outer loop
      vertex 12.211 -6.292 -19.37
      vertex -9.04337 -5.292 -19.37
      vertex 6.04037 -5.292 -19.37
    endloop
  endfacet
  facet normal 0 0 -1
    outer loop
      vertex -15.214 -6.292 -19.37
      vertex -9.04337 -5.292 -19.37
      vertex 12.211 -6.292 -19.37
    endloop
  endfacet
  facet normal 0 0 -1
    outer loop
      vertex -15.214 -1.292 -19.37
      vertex -9.04337 -5.292 -19.37
      vertex -15.214 -6.292 -19.37
    endloop
  endfacet
  facet normal 0 0 -1
    outer loop
      vertex -9.04337 -5.292 -19.37
      vertex -15.214 -1.292 -19.37
      vertex -9.04337 -1.292 -19.37
    endloop
  endfacet
  facet normal -0 0 -1
    outer loop
      vertex 12.211 -1.292 -19.37
      vertex 6.04037 -5.292 -19.37
      vertex 6.04037 -1.292 -19.37
    endloop
  endfacet
  facet normal 0 -1 0
    outer loop
      vertex -15.214 -6.292 -19.37
      vertex 12.211 -6.292 -13.87
      vertex -15.214 -6.292 -13.87
    endloop
  endfacet
  facet normal 0 -1 -0
    outer loop
      vertex 12.211 -6.292 -13.87
      vertex -15.214 -6.292 -19.37
      vertex 12.211 -6.292 -19.37
    endloop
  endfacet
  facet normal 0 0 -1
    outer loop
      vertex -71.5015 -3.892 -18.17
      vertex -15.214 -1.292 -18.17
      vertex -15.214 -3.892 -18.17
    endloop
  endfacet
  facet normal -0 0 -1
    outer loop
      vertex -15.214 -1.292 -18.17
      vertex -71.5015 -3.892 -18.17
      vertex -15.214 16.108 -18.17
    endloop
  endfacet
  facet normal 0 0 -1
    outer loop
      vertex -71.5015 18.708 -18.17
      vertex -15.214 16.108 -18.17
      vertex -71.5015 -3.892 -18.17
    endloop
  endfacet
  facet normal 0 0 -1
    outer loop
      vertex -15.214 16.108 -18.17
      vertex -71.5015 18.708 -18.17
      vertex -15.214 18.708 -18.17
    endloop
  endfacet
  facet normal 0 0 -1
    outer loop
      vertex -15.214 -1.292 -18.17
      vertex -9.04337 16.108 -18.17
      vertex -9.04337 -1.292 -18.17
    endloop
  endfacet
  facet normal -0 0 -1
    outer loop
      vertex -9.04337 16.108 -18.17
      vertex -15.214 -1.292 -18.17
      vertex -15.214 16.108 -18.17
    endloop
  endfacet
  facet normal 0 0 -1
    outer loop
      vertex -9.04337 -1.292 -18.17
      vertex 6.04037 -1.292 -18.17
      vertex 6.04037 -3.892 -18.17
    endloop
  endfacet
  facet normal 0 0 -1
    outer loop
      vertex 6.04037 -1.292 -18.17
      vertex -9.04337 -1.292 -18.17
      vertex 6.04037 16.108 -18.17
    endloop
  endfacet
  facet normal 0 0 -1
    outer loop
      vertex -9.04337 -1.292 -18.17
      vertex 6.04037 -3.892 -18.17
      vertex -9.04337 -3.892 -18.17
    endloop
  endfacet
  facet normal 0 0 -1
    outer loop
      vertex -9.04337 16.108 -18.17
      vertex 6.04037 16.108 -18.17
      vertex -9.04337 -1.292 -18.17
    endloop
  endfacet
  facet normal 0 0 -1
    outer loop
      vertex 6.04037 16.108 -18.17
      vertex -9.04337 16.108 -18.17
      vertex 6.04037 18.708 -18.17
    endloop
  endfacet
  facet normal -0 0 -1
    outer loop
      vertex 6.04037 18.708 -18.17
      vertex -9.04337 16.108 -18.17
      vertex -9.04337 18.708 -18.17
    endloop
  endfacet
  facet normal 0 0 -1
    outer loop
      vertex 6.04037 -1.292 -18.17
      vertex 12.211 16.108 -18.17
      vertex 12.211 -1.292 -18.17
    endloop
  endfacet
  facet normal -0 0 -1
    outer loop
      vertex 12.211 16.108 -18.17
      vertex 6.04037 -1.292 -18.17
      vertex 6.04037 16.108 -18.17
    endloop
  endfacet
  facet normal 0 0 -1
    outer loop
      vertex 12.211 -1.292 -18.17
      vertex 68.4985 -3.892 -18.17
      vertex 12.211 -3.892 -18.17
    endloop
  endfacet
  facet normal 0 0 -1
    outer loop
      vertex 68.4985 -3.892 -18.17
      vertex 12.211 -1.292 -18.17
      vertex 68.4985 18.708 -18.17
    endloop
  endfacet
  facet normal 0 0 -1
    outer loop
      vertex 12.211 16.108 -18.17
      vertex 68.4985 18.708 -18.17
      vertex 12.211 -1.292 -18.17
    endloop
  endfacet
  facet normal -0 0 -1
    outer loop
      vertex 68.4985 18.708 -18.17
      vertex 12.211 16.108 -18.17
      vertex 12.211 18.708 -18.17
    endloop
  endfacet
  facet normal -0 0 1
    outer loop
      vertex 6.04037 -3.892 -18.17
      vertex 12.211 -4.292 -18.17
      vertex 12.211 -3.892 -18.17
    endloop
  endfacet
  facet normal 0 0 1
    outer loop
      vertex 12.211 -4.292 -18.17
      vertex 6.04037 -3.892 -18.17
      vertex 6.04037 -4.292 -18.17
    endloop
  endfacet
  facet normal -0 0 1
    outer loop
      vertex -15.214 -3.892 -18.17
      vertex -9.04337 -4.292 -18.17
      vertex -9.04337 -3.892 -18.17
    endloop
  endfacet
  facet normal 0 0 1
    outer loop
      vertex -9.04337 -4.292 -18.17
      vertex -15.214 -3.892 -18.17
      vertex -15.214 -4.292 -18.17
    endloop
  endfacet
  facet normal -0 0 1
    outer loop
      vertex 6.04037 19.108 -18.17
      vertex 12.211 18.708 -18.17
      vertex 12.211 19.108 -18.17
    endloop
  endfacet
  facet normal 0 0 1
    outer loop
      vertex 12.211 18.708 -18.17
      vertex 6.04037 19.108 -18.17
      vertex 6.04037 18.708 -18.17
    endloop
  endfacet
  facet normal -0 0 1
    outer loop
      vertex -15.214 19.108 -18.17
      vertex -9.04337 18.708 -18.17
      vertex -9.04337 19.108 -18.17
    endloop
  endfacet
  facet normal 0 0 1
    outer loop
      vertex -9.04337 18.708 -18.17
      vertex -15.214 19.108 -18.17
      vertex -15.214 18.708 -18.17
    endloop
  endfacet
  facet normal 0 1 -0
    outer loop
      vertex 12.211 -1.292 -19.37
      vertex 6.04037 -1.292 -18.17
      vertex 12.211 -1.292 -18.17
    endloop
  endfacet
  facet normal 0 1 0
    outer loop
      vertex 6.04037 -1.292 -18.17
      vertex 12.211 -1.292 -19.37
      vertex 6.04037 -1.292 -19.37
    endloop
  endfacet
  facet normal 0 1 -0
    outer loop
      vertex -9.04337 -1.292 -19.37
      vertex -15.214 -1.292 -18.17
      vertex -9.04337 -1.292 -18.17
    endloop
  endfacet
  facet normal 0 1 0
    outer loop
      vertex -15.214 -1.292 -18.17
      vertex -9.04337 -1.292 -19.37
      vertex -15.214 -1.292 -19.37
    endloop
  endfacet
  facet normal 0 1 -0
    outer loop
      vertex 12.211 21.108 -19.37
      vertex -15.214 21.108 -13.87
      vertex 12.211 21.108 -13.87
    endloop
  endfacet
  facet normal 0 1 0
    outer loop
      vertex -15.214 21.108 -13.87
      vertex 12.211 21.108 -19.37
      vertex -15.214 21.108 -19.37
    endloop
  endfacet
  facet normal 0 0 -1
    outer loop
      vertex -9.04337 16.108 -19.37
      vertex -15.214 16.108 -19.37
      vertex -9.04337 20.108 -19.37
    endloop
  endfacet
  facet normal 0 0 -1
    outer loop
      vertex 6.04037 20.108 -19.37
      vertex 12.211 16.108 -19.37
      vertex 6.04037 16.108 -19.37
    endloop
  endfacet
  facet normal 0 0 -1
    outer loop
      vertex 12.211 16.108 -19.37
      vertex 6.04037 20.108 -19.37
      vertex 12.211 21.108 -19.37
    endloop
  endfacet
  facet normal 0 0 -1
    outer loop
      vertex -9.04337 20.108 -19.37
      vertex 12.211 21.108 -19.37
      vertex 6.04037 20.108 -19.37
    endloop
  endfacet
  facet normal 0 0 -1
    outer loop
      vertex -9.04337 20.108 -19.37
      vertex -15.214 21.108 -19.37
      vertex 12.211 21.108 -19.37
    endloop
  endfacet
  facet normal 0 0 -1
    outer loop
      vertex -15.214 21.108 -19.37
      vertex -9.04337 20.108 -19.37
      vertex -15.214 16.108 -19.37
    endloop
  endfacet
  facet normal 0 -1 0
    outer loop
      vertex -15.214 19.108 -13.87
      vertex -9.04337 19.108 -18.07
      vertex 12.211 19.108 -13.87
    endloop
  endfacet
  facet normal 0 -1 0
    outer loop
      vertex -15.214 19.108 -18.17
      vertex -9.04337 19.108 -18.07
      vertex -15.214 19.108 -13.87
    endloop
  endfacet
  facet normal 0 -1 -0
    outer loop
      vertex -9.04337 19.108 -18.07
      vertex -15.214 19.108 -18.17
      vertex -9.04337 19.108 -18.17
    endloop
  endfacet
  facet normal 0 -1 0
    outer loop
      vertex 6.04037 19.108 -18.07
      vertex 12.211 19.108 -13.87
      vertex -9.04337 19.108 -18.07
    endloop
  endfacet
  facet normal 0 -1 0
    outer loop
      vertex 12.211 19.108 -18.17
      vertex 6.04037 19.108 -18.07
      vertex 6.04037 19.108 -18.17
    endloop
  endfacet
  facet normal 0 -1 0
    outer loop
      vertex 6.04037 19.108 -18.07
      vertex 12.211 19.108 -18.17
      vertex 12.211 19.108 -13.87
    endloop
  endfacet
  facet normal 0 -1 0
    outer loop
      vertex 6.04037 16.108 -19.37
      vertex 12.211 16.108 -18.17
      vertex 6.04037 16.108 -18.17
    endloop
  endfacet
  facet normal 0 -1 -0
    outer loop
      vertex 12.211 16.108 -18.17
      vertex 6.04037 16.108 -19.37
      vertex 12.211 16.108 -19.37
    endloop
  endfacet
  facet normal 0 -1 0
    outer loop
      vertex -15.214 16.108 -19.37
      vertex -9.04337 16.108 -18.17
      vertex -15.214 16.108 -18.17
    endloop
  endfacet
  facet normal 0 -1 -0
    outer loop
      vertex -9.04337 16.108 -18.17
      vertex -15.214 16.108 -19.37
      vertex -9.04337 16.108 -19.37
    endloop
  endfacet
  facet normal 0 0 -1
    outer loop
      vertex -15.214 -11.679 6.96
      vertex -13.414 -13.479 6.96
      vertex -15.214 -13.479 6.96
    endloop
  endfacet
  facet normal 0 -0 -1
    outer loop
      vertex 12.211 -11.679 6.96
      vertex 12.211 -13.479 6.96
      vertex 10.411 -13.479 6.96
    endloop
  endfacet
  facet normal 0 0 -1
    outer loop
      vertex -15.214 28.295 6.96
      vertex -13.414 28.295 6.96
      vertex -15.214 26.495 6.96
    endloop
  endfacet
  facet normal -0 -0 -1
    outer loop
      vertex 12.211 28.295 6.96
      vertex 12.211 26.495 6.96
      vertex 10.411 28.295 6.96
    endloop
  endfacet
  facet normal 0 0 -1
    outer loop
      vertex -13.614 -11.879 6.96
      vertex -13.464 26.695 6.96
      vertex -13.464 -11.879 6.96
    endloop
  endfacet
  facet normal -0 0 -1
    outer loop
      vertex -13.464 26.695 6.96
      vertex -13.614 -11.879 6.96
      vertex -13.614 26.695 6.96
    endloop
  endfacet
  facet normal 0 0 -1
    outer loop
      vertex 10.461 -11.879 6.96
      vertex 10.611 26.695 6.96
      vertex 10.611 -11.879 6.96
    endloop
  endfacet
  facet normal -0 0 -1
    outer loop
      vertex 10.611 26.695 6.96
      vertex 10.461 -11.879 6.96
      vertex 10.461 26.695 6.96
    endloop
  endfacet
  facet normal 0 0 -1
    outer loop
      vertex 9.34 18 6.96
      vertex 9.761 25.845 6.96
      vertex 9.34 13.45 6.96
    endloop
  endfacet
  facet normal 0 0 -1
    outer loop
      vertex 9.761 -11.879 6.96
      vertex 9.3354 13.3094 6.96
      vertex 9.34 13.45 6.96
    endloop
  endfacet
  facet normal 0 0 -1
    outer loop
      vertex 9.761 -11.879 6.96
      vertex 9.32161 13.1694 6.96
      vertex 9.3354 13.3094 6.96
    endloop
  endfacet
  facet normal 0 0 -1
    outer loop
      vertex 9.4 -9.5 6.96
      vertex 9.29869 13.0306 6.96
      vertex 9.32161 13.1694 6.96
    endloop
  endfacet
  facet normal 0 0 -1
    outer loop
      vertex 9.4 -9.5 6.96
      vertex 9.26674 12.8935 6.96
      vertex 9.29869 13.0306 6.96
    endloop
  endfacet
  facet normal 0 0 -1
    outer loop
      vertex 9.4 -9.5 6.96
      vertex 9.2259 12.7589 6.96
      vertex 9.26674 12.8935 6.96
    endloop
  endfacet
  facet normal 0 0 -1
    outer loop
      vertex 9.4 -9.5 6.96
      vertex 9.17634 12.6272 6.96
      vertex 9.2259 12.7589 6.96
    endloop
  endfacet
  facet normal 0 0 -1
    outer loop
      vertex 9.4 -9.5 6.96
      vertex 9.11828 12.4991 6.96
      vertex 9.17634 12.6272 6.96
    endloop
  endfacet
  facet normal 0 0 -1
    outer loop
      vertex 9.4 -9.5 6.96
      vertex 9.05195 12.375 6.96
      vertex 9.11828 12.4991 6.96
    endloop
  endfacet
  facet normal 0 0 -1
    outer loop
      vertex 9.4 -9.5 6.96
      vertex 8.97766 12.2555 6.96
      vertex 9.05195 12.375 6.96
    endloop
  endfacet
  facet normal 0 0 -1
    outer loop
      vertex 9.4 -9.5 6.96
      vertex 8.89571 12.1412 6.96
      vertex 8.97766 12.2555 6.96
    endloop
  endfacet
  facet normal 0 0 -1
    outer loop
      vertex 9.4 -9.5 6.96
      vertex 8.80645 12.0324 6.96
      vertex 8.89571 12.1412 6.96
    endloop
  endfacet
  facet normal 0 0 -1
    outer loop
      vertex 9.4 -9.5 6.96
      vertex 8.71028 11.9297 6.96
      vertex 8.80645 12.0324 6.96
    endloop
  endfacet
  facet normal 0 0 -1
    outer loop
      vertex 9.4 -9.5 6.96
      vertex 8.60759 11.8335 6.96
      vertex 8.71028 11.9297 6.96
    endloop
  endfacet
  facet normal 0 0 -1
    outer loop
      vertex 9.4 -9.5 6.96
      vertex 8.49884 11.7443 6.96
      vertex 8.60759 11.8335 6.96
    endloop
  endfacet
  facet normal 0 0 -1
    outer loop
      vertex 9.4 -9.5 6.96
      vertex 8.38448 11.6623 6.96
      vertex 8.49884 11.7443 6.96
    endloop
  endfacet
  facet normal 0 0 -1
    outer loop
      vertex 9.4 -9.5 6.96
      vertex 8.265 11.588 6.96
      vertex 8.38448 11.6623 6.96
    endloop
  endfacet
  facet normal 0 0 -1
    outer loop
      vertex 9.4 -9.5 6.96
      vertex 8.14092 11.5217 6.96
      vertex 8.265 11.588 6.96
    endloop
  endfacet
  facet normal 0 0 -1
    outer loop
      vertex 9.4 -9.5 6.96
      vertex 8.01277 11.4637 6.96
      vertex 8.14092 11.5217 6.96
    endloop
  endfacet
  facet normal 0 0 -1
    outer loop
      vertex 9.4 -9.5 6.96
      vertex 7.88109 11.4141 6.96
      vertex 8.01277 11.4637 6.96
    endloop
  endfacet
  facet normal 0 0 -1
    outer loop
      vertex 7.47063 11.3184 6.96
      vertex 9.4 -9.5 6.96
      vertex 7.8 -9.5 6.96
    endloop
  endfacet
  facet normal 0 0 -1
    outer loop
      vertex 9.4 -9.5 6.96
      vertex 7.74646 11.3733 6.96
      vertex 7.88109 11.4141 6.96
    endloop
  endfacet
  facet normal 0 0 -1
    outer loop
      vertex 9.4 -9.5 6.96
      vertex 9.761 -11.879 6.96
      vertex 9.4 -11.1 6.96
    endloop
  endfacet
  facet normal 0 0 -1
    outer loop
      vertex 9.761 -11.879 6.96
      vertex 7.8 -11.1 6.96
      vertex 9.4 -11.1 6.96
    endloop
  endfacet
  facet normal 0 0 -1
    outer loop
      vertex -12.764 -11.879 6.96
      vertex 7.8 -9.5 6.96
      vertex 7.8 -11.1 6.96
    endloop
  endfacet
  facet normal 0 0 -1
    outer loop
      vertex 9.4 -9.5 6.96
      vertex 7.60944 11.3413 6.96
      vertex 7.74646 11.3733 6.96
    endloop
  endfacet
  facet normal 0 0 -1
    outer loop
      vertex 9.4 -9.5 6.96
      vertex 7.47063 11.3184 6.96
      vertex 7.60944 11.3413 6.96
    endloop
  endfacet
  facet normal 0 0 -1
    outer loop
      vertex 7.8 -9.5 6.96
      vertex 7.33062 11.3046 6.96
      vertex 7.47063 11.3184 6.96
    endloop
  endfacet
  facet normal 0 0 -1
    outer loop
      vertex 7.8 -9.5 6.96
      vertex 7.19 11.3 6.96
      vertex 7.33062 11.3046 6.96
    endloop
  endfacet
  facet normal 0 0 -1
    outer loop
      vertex 7.8 -9.5 6.96
      vertex 7.04938 11.3046 6.96
      vertex 7.19 11.3 6.96
    endloop
  endfacet
  facet normal 0 0 -1
    outer loop
      vertex 7.8 -9.5 6.96
      vertex 6.90937 11.3184 6.96
      vertex 7.04938 11.3046 6.96
    endloop
  endfacet
  facet normal 0 0 -1
    outer loop
      vertex 7.8 -9.5 6.96
      vertex 6.77056 11.3413 6.96
      vertex 6.90937 11.3184 6.96
    endloop
  endfacet
  facet normal 0 0 -1
    outer loop
      vertex 7.8 -9.5 6.96
      vertex 6.63354 11.3733 6.96
      vertex 6.77056 11.3413 6.96
    endloop
  endfacet
  facet normal 0 0 -1
    outer loop
      vertex 7.8 -9.5 6.96
      vertex 6.4989 11.4141 6.96
      vertex 6.63354 11.3733 6.96
    endloop
  endfacet
  facet normal 0 0 -1
    outer loop
      vertex 7.8 -9.5 6.96
      vertex 6.36723 11.4637 6.96
      vertex 6.4989 11.4141 6.96
    endloop
  endfacet
  facet normal 0 0 -1
    outer loop
      vertex 7.8 -9.5 6.96
      vertex 6.23908 11.5217 6.96
      vertex 6.36723 11.4637 6.96
    endloop
  endfacet
  facet normal 0 0 -1
    outer loop
      vertex 7.8 -9.5 6.96
      vertex 6.115 11.588 6.96
      vertex 6.23908 11.5217 6.96
    endloop
  endfacet
  facet normal 0 0 -1
    outer loop
      vertex 7.8 -9.5 6.96
      vertex 5.99552 11.6623 6.96
      vertex 6.115 11.588 6.96
    endloop
  endfacet
  facet normal 0 0 -1
    outer loop
      vertex 7.8 -9.5 6.96
      vertex 5.88116 11.7443 6.96
      vertex 5.99552 11.6623 6.96
    endloop
  endfacet
  facet normal -0 0 -1
    outer loop
      vertex 7.8 -9.5 6.96
      vertex -12.764 -11.879 6.96
      vertex 5.88116 11.7443 6.96
    endloop
  endfacet
  facet normal -0 0 -1
    outer loop
      vertex 5.88116 11.7443 6.96
      vertex -12.764 -11.879 6.96
      vertex 5.77241 11.8335 6.96
    endloop
  endfacet
  facet normal -0 0 -1
    outer loop
      vertex 5.77241 11.8335 6.96
      vertex -12.764 -11.879 6.96
      vertex 5.66972 11.9297 6.96
    endloop
  endfacet
  facet normal -0 0 -1
    outer loop
      vertex 5.66972 11.9297 6.96
      vertex -12.764 -11.879 6.96
      vertex 5.57354 12.0324 6.96
    endloop
  endfacet
  facet normal -0 0 -1
    outer loop
      vertex 5.57354 12.0324 6.96
      vertex -12.764 -11.879 6.96
      vertex 5.48429 12.1412 6.96
    endloop
  endfacet
  facet normal -0 0 -1
    outer loop
      vertex 5.48429 12.1412 6.96
      vertex -12.764 -11.879 6.96
      vertex 5.40234 12.2555 6.96
    endloop
  endfacet
  facet normal -0 0 -1
    outer loop
      vertex 5.40234 12.2555 6.96
      vertex -12.764 -11.879 6.96
      vertex 5.32804 12.375 6.96
    endloop
  endfacet
  facet normal -0 0 -1
    outer loop
      vertex 5.32804 12.375 6.96
      vertex -12.764 -11.879 6.96
      vertex 5.26172 12.4991 6.96
    endloop
  endfacet
  facet normal -0 0 -1
    outer loop
      vertex 5.26172 12.4991 6.96
      vertex -12.764 -11.879 6.96
      vertex 5.20366 12.6272 6.96
    endloop
  endfacet
  facet normal 0 -0 -1
    outer loop
      vertex -11.4 24.1 6.96
      vertex 5.20366 12.6272 6.96
      vertex -12.764 -11.879 6.96
    endloop
  endfacet
  facet normal 0 0 -1
    outer loop
      vertex 5.20366 12.6272 6.96
      vertex -11.4 24.1 6.96
      vertex 5.1541 12.7589 6.96
    endloop
  endfacet
  facet normal 0 0 -1
    outer loop
      vertex 5.1541 12.7589 6.96
      vertex -11.4 24.1 6.96
      vertex 5.11326 12.8935 6.96
    endloop
  endfacet
  facet normal 0 0 -1
    outer loop
      vertex 5.04 13.45 6.96
      vertex -11.4 24.1 6.96
      vertex 5.04 18 6.96
    endloop
  endfacet
  facet normal 0 0 -1
    outer loop
      vertex 5.0446 13.3094 6.96
      vertex -11.4 24.1 6.96
      vertex 5.04 13.45 6.96
    endloop
  endfacet
  facet normal 0 0 -1
    outer loop
      vertex 5.05839 13.1694 6.96
      vertex -11.4 24.1 6.96
      vertex 5.0446 13.3094 6.96
    endloop
  endfacet
  facet normal 0 0 -1
    outer loop
      vertex 5.11326 12.8935 6.96
      vertex -11.4 24.1 6.96
      vertex 5.08131 13.0306 6.96
    endloop
  endfacet
  facet normal 0 0 -1
    outer loop
      vertex -12.764 -11.879 6.96
      vertex 7.8 -11.1 6.96
      vertex 9.761 -11.879 6.96
    endloop
  endfacet
  facet normal 0 0 -1
    outer loop
      vertex 5.08131 13.0306 6.96
      vertex -11.4 24.1 6.96
      vertex 5.05839 13.1694 6.96
    endloop
  endfacet
  facet normal -0 0 -1
    outer loop
      vertex -11.4 24.1 6.96
      vertex -12.764 -11.879 6.96
      vertex -12.764 24.1 6.96
    endloop
  endfacet
  facet normal 0 0 -1
    outer loop
      vertex 9.32161 13.1694 6.96
      vertex 9.761 -11.879 6.96
      vertex 9.4 -9.5 6.96
    endloop
  endfacet
  facet normal 0 0 -1
    outer loop
      vertex 9.761 -11.879 6.96
      vertex 9.34 13.45 6.96
      vertex 9.761 25.845 6.96
    endloop
  endfacet
  facet normal 0 0 -1
    outer loop
      vertex 9.4 25.7 6.96
      vertex 9.761 25.845 6.96
      vertex 9.4 24.1 6.96
    endloop
  endfacet
  facet normal 0 0 -1
    outer loop
      vertex 7.8 25.7 6.96
      vertex 9.761 25.845 6.96
      vertex 9.4 25.7 6.96
    endloop
  endfacet
  facet normal 0 0 -1
    outer loop
      vertex 7.47063 20.1316 6.96
      vertex 7.8 24.1 6.96
      vertex 7.60944 20.1087 6.96
    endloop
  endfacet
  facet normal 0 0 -1
    outer loop
      vertex 7.33062 20.1454 6.96
      vertex 7.8 24.1 6.96
      vertex 7.47063 20.1316 6.96
    endloop
  endfacet
  facet normal 0 0 -1
    outer loop
      vertex 7.19 20.15 6.96
      vertex 7.8 24.1 6.96
      vertex 7.33062 20.1454 6.96
    endloop
  endfacet
  facet normal 0 0 -1
    outer loop
      vertex 7.04938 20.1454 6.96
      vertex 7.8 24.1 6.96
      vertex 7.19 20.15 6.96
    endloop
  endfacet
  facet normal 0 0 -1
    outer loop
      vertex 6.90937 20.1316 6.96
      vertex 7.8 24.1 6.96
      vertex 7.04938 20.1454 6.96
    endloop
  endfacet
  facet normal 0 0 -1
    outer loop
      vertex 6.77056 20.1087 6.96
      vertex 7.8 24.1 6.96
      vertex 6.90937 20.1316 6.96
    endloop
  endfacet
  facet normal 0 0 -1
    outer loop
      vertex 6.63354 20.0767 6.96
      vertex 7.8 24.1 6.96
      vertex 6.77056 20.1087 6.96
    endloop
  endfacet
  facet normal 0 0 -1
    outer loop
      vertex 6.4989 20.0359 6.96
      vertex 7.8 24.1 6.96
      vertex 6.63354 20.0767 6.96
    endloop
  endfacet
  facet normal 0 0 -1
    outer loop
      vertex 6.36723 19.9863 6.96
      vertex 7.8 24.1 6.96
      vertex 6.4989 20.0359 6.96
    endloop
  endfacet
  facet normal 0 0 -1
    outer loop
      vertex 6.23908 19.9283 6.96
      vertex 7.8 24.1 6.96
      vertex 6.36723 19.9863 6.96
    endloop
  endfacet
  facet normal 0 0 -1
    outer loop
      vertex 6.115 19.862 6.96
      vertex 7.8 24.1 6.96
      vertex 6.23908 19.9283 6.96
    endloop
  endfacet
  facet normal 0 0 -1
    outer loop
      vertex 5.99552 19.7877 6.96
      vertex 7.8 24.1 6.96
      vertex 6.115 19.862 6.96
    endloop
  endfacet
  facet normal 0 0 -1
    outer loop
      vertex 5.88116 19.7057 6.96
      vertex 7.8 24.1 6.96
      vertex 5.99552 19.7877 6.96
    endloop
  endfacet
  facet normal 0 0 -1
    outer loop
      vertex 5.77241 19.6165 6.96
      vertex 7.8 24.1 6.96
      vertex 5.88116 19.7057 6.96
    endloop
  endfacet
  facet normal 0 0 -1
    outer loop
      vertex 5.66972 19.5203 6.96
      vertex 7.8 24.1 6.96
      vertex 5.77241 19.6165 6.96
    endloop
  endfacet
  facet normal -0 0 -1
    outer loop
      vertex 7.8 24.1 6.96
      vertex 5.66972 19.5203 6.96
      vertex 7.8 25.7 6.96
    endloop
  endfacet
  facet normal 0 0 -1
    outer loop
      vertex 5.57354 19.4176 6.96
      vertex 7.8 25.7 6.96
      vertex 5.66972 19.5203 6.96
    endloop
  endfacet
  facet normal 0 0 -1
    outer loop
      vertex -11.4 25.7 6.96
      vertex 5.57354 19.4176 6.96
      vertex 5.48429 19.3088 6.96
    endloop
  endfacet
  facet normal 0 0 -1
    outer loop
      vertex -11.4 24.1 6.96
      vertex 5.48429 19.3088 6.96
      vertex 5.40234 19.1945 6.96
    endloop
  endfacet
  facet normal 0 0 -1
    outer loop
      vertex -11.4 24.1 6.96
      vertex 5.40234 19.1945 6.96
      vertex 5.32804 19.075 6.96
    endloop
  endfacet
  facet normal 0 0 -1
    outer loop
      vertex -11.4 24.1 6.96
      vertex 5.32804 19.075 6.96
      vertex 5.26172 18.9509 6.96
    endloop
  endfacet
  facet normal 0 0 -1
    outer loop
      vertex -11.4 24.1 6.96
      vertex 5.26172 18.9509 6.96
      vertex 5.20366 18.8228 6.96
    endloop
  endfacet
  facet normal 0 0 -1
    outer loop
      vertex -11.4 24.1 6.96
      vertex 5.0446 18.1406 6.96
      vertex 5.04 18 6.96
    endloop
  endfacet
  facet normal 0 0 -1
    outer loop
      vertex -11.4 24.1 6.96
      vertex 5.05839 18.2806 6.96
      vertex 5.0446 18.1406 6.96
    endloop
  endfacet
  facet normal 0 0 -1
    outer loop
      vertex -11.4 24.1 6.96
      vertex 5.08131 18.4194 6.96
      vertex 5.05839 18.2806 6.96
    endloop
  endfacet
  facet normal 0 0 -1
    outer loop
      vertex -11.4 24.1 6.96
      vertex 5.11326 18.5565 6.96
      vertex 5.08131 18.4194 6.96
    endloop
  endfacet
  facet normal 0 0 -1
    outer loop
      vertex -11.4 24.1 6.96
      vertex 5.1541 18.6911 6.96
      vertex 5.11326 18.5565 6.96
    endloop
  endfacet
  facet normal 0 0 -1
    outer loop
      vertex -11.4 24.1 6.96
      vertex 5.20366 18.8228 6.96
      vertex 5.1541 18.6911 6.96
    endloop
  endfacet
  facet normal 0 0 -1
    outer loop
      vertex 5.48429 19.3088 6.96
      vertex -11.4 24.1 6.96
      vertex -11.4 25.7 6.96
    endloop
  endfacet
  facet normal 0 0 -1
    outer loop
      vertex 5.57354 19.4176 6.96
      vertex -11.4 25.7 6.96
      vertex 7.8 25.7 6.96
    endloop
  endfacet
  facet normal 0 0 -1
    outer loop
      vertex -12.764 25.845 6.96
      vertex 7.8 25.7 6.96
      vertex -11.4 25.7 6.96
    endloop
  endfacet
  facet normal 0 0 -1
    outer loop
      vertex -12.764 25.845 6.96
      vertex -11.4 25.7 6.96
      vertex -12.764 25.7 6.96
    endloop
  endfacet
  facet normal 0 0 -1
    outer loop
      vertex 7.8 25.7 6.96
      vertex -12.764 25.845 6.96
      vertex 9.761 25.845 6.96
    endloop
  endfacet
  facet normal 0 0 -1
    outer loop
      vertex 9.3354 18.1406 6.96
      vertex 9.761 25.845 6.96
      vertex 9.34 18 6.96
    endloop
  endfacet
  facet normal 0 0 -1
    outer loop
      vertex 9.32161 18.2806 6.96
      vertex 9.761 25.845 6.96
      vertex 9.3354 18.1406 6.96
    endloop
  endfacet
  facet normal 0 0 -1
    outer loop
      vertex 9.761 25.845 6.96
      vertex 9.32161 18.2806 6.96
      vertex 9.4 24.1 6.96
    endloop
  endfacet
  facet normal 0 0 -1
    outer loop
      vertex 9.29869 18.4194 6.96
      vertex 9.4 24.1 6.96
      vertex 9.32161 18.2806 6.96
    endloop
  endfacet
  facet normal 0 0 -1
    outer loop
      vertex 9.26674 18.5565 6.96
      vertex 9.4 24.1 6.96
      vertex 9.29869 18.4194 6.96
    endloop
  endfacet
  facet normal 0 0 -1
    outer loop
      vertex 9.2259 18.6911 6.96
      vertex 9.4 24.1 6.96
      vertex 9.26674 18.5565 6.96
    endloop
  endfacet
  facet normal 0 0 -1
    outer loop
      vertex 9.17634 18.8228 6.96
      vertex 9.4 24.1 6.96
      vertex 9.2259 18.6911 6.96
    endloop
  endfacet
  facet normal 0 0 -1
    outer loop
      vertex 9.11828 18.9509 6.96
      vertex 9.4 24.1 6.96
      vertex 9.17634 18.8228 6.96
    endloop
  endfacet
  facet normal 0 0 -1
    outer loop
      vertex 9.05195 19.075 6.96
      vertex 9.4 24.1 6.96
      vertex 9.11828 18.9509 6.96
    endloop
  endfacet
  facet normal 0 0 -1
    outer loop
      vertex 8.97766 19.1945 6.96
      vertex 9.4 24.1 6.96
      vertex 9.05195 19.075 6.96
    endloop
  endfacet
  facet normal 0 0 -1
    outer loop
      vertex 8.89571 19.3088 6.96
      vertex 9.4 24.1 6.96
      vertex 8.97766 19.1945 6.96
    endloop
  endfacet
  facet normal 0 0 -1
    outer loop
      vertex 8.80645 19.4176 6.96
      vertex 9.4 24.1 6.96
      vertex 8.89571 19.3088 6.96
    endloop
  endfacet
  facet normal 0 0 -1
    outer loop
      vertex 8.71028 19.5203 6.96
      vertex 9.4 24.1 6.96
      vertex 8.80645 19.4176 6.96
    endloop
  endfacet
  facet normal 0 0 -1
    outer loop
      vertex 8.60759 19.6165 6.96
      vertex 9.4 24.1 6.96
      vertex 8.71028 19.5203 6.96
    endloop
  endfacet
  facet normal 0 0 -1
    outer loop
      vertex 8.49884 19.7057 6.96
      vertex 9.4 24.1 6.96
      vertex 8.60759 19.6165 6.96
    endloop
  endfacet
  facet normal 0 0 -1
    outer loop
      vertex 8.38448 19.7877 6.96
      vertex 9.4 24.1 6.96
      vertex 8.49884 19.7057 6.96
    endloop
  endfacet
  facet normal 0 0 -1
    outer loop
      vertex 8.265 19.862 6.96
      vertex 9.4 24.1 6.96
      vertex 8.38448 19.7877 6.96
    endloop
  endfacet
  facet normal 0 0 -1
    outer loop
      vertex 8.14092 19.9283 6.96
      vertex 9.4 24.1 6.96
      vertex 8.265 19.862 6.96
    endloop
  endfacet
  facet normal 0 0 -1
    outer loop
      vertex 8.01277 19.9863 6.96
      vertex 9.4 24.1 6.96
      vertex 8.14092 19.9283 6.96
    endloop
  endfacet
  facet normal 0 0 -1
    outer loop
      vertex 7.88109 20.0359 6.96
      vertex 9.4 24.1 6.96
      vertex 8.01277 19.9863 6.96
    endloop
  endfacet
  facet normal 0 0 -1
    outer loop
      vertex 7.88109 20.0359 6.96
      vertex 7.8 24.1 6.96
      vertex 9.4 24.1 6.96
    endloop
  endfacet
  facet normal 0 0 -1
    outer loop
      vertex 7.60944 20.1087 6.96
      vertex 7.8 24.1 6.96
      vertex 7.74646 20.0767 6.96
    endloop
  endfacet
  facet normal 0 0 -1
    outer loop
      vertex 7.74646 20.0767 6.96
      vertex 7.8 24.1 6.96
      vertex 7.88109 20.0359 6.96
    endloop
  endfacet
  facet normal 0 0 -1
    outer loop
      vertex -12.764 26.545 6.96
      vertex 9.761 26.695 6.96
      vertex 9.761 26.545 6.96
    endloop
  endfacet
  facet normal -0 0 -1
    outer loop
      vertex 9.761 26.695 6.96
      vertex -12.764 26.545 6.96
      vertex -12.764 26.695 6.96
    endloop
  endfacet
  facet normal 0 1 0
    outer loop
      vertex 2.495 28.295 -0.45
      vertex 10.411 28.295 6.96
      vertex 8.495 28.295 -0.45
    endloop
  endfacet
  facet normal 0 1 0
    outer loop
      vertex 10.411 28.295 6.96
      vertex 8.495 28.295 -1.55
      vertex 8.495 28.295 -0.45
    endloop
  endfacet
  facet normal 0 1 0
    outer loop
      vertex 8.495 28.295 -1.55
      vertex 10.411 28.295 -13.87
      vertex 2.495 28.295 -1.55
    endloop
  endfacet
  facet normal 0 1 -0
    outer loop
      vertex 10.411 28.295 -13.87
      vertex 8.495 28.295 -1.55
      vertex 10.411 28.295 6.96
    endloop
  endfacet
  facet normal 0 1 0
    outer loop
      vertex 10.411 28.295 6.96
      vertex 12.211 28.295 8.96
      vertex 12.211 28.295 6.96
    endloop
  endfacet
  facet normal 0 1 0
    outer loop
      vertex 12.211 28.295 8.96
      vertex 10.411 28.295 6.96
      vertex -15.214 28.295 8.96
    endloop
  endfacet
  facet normal 0 1 -0
    outer loop
      vertex -13.414 28.295 6.96
      vertex -15.214 28.295 8.96
      vertex 10.411 28.295 6.96
    endloop
  endfacet
  facet normal 0 1 0
    outer loop
      vertex -15.214 28.295 8.96
      vertex -13.414 28.295 6.96
      vertex -15.214 28.295 6.96
    endloop
  endfacet
  facet normal 0 1 0
    outer loop
      vertex 10.411 28.295 6.96
      vertex 2.495 28.295 -0.45
      vertex -13.414 28.295 6.96
    endloop
  endfacet
  facet normal 0 1 -0
    outer loop
      vertex 2.495 28.295 -1.55
      vertex -13.414 28.295 6.96
      vertex 2.495 28.295 -0.45
    endloop
  endfacet
  facet normal 0 1 0
    outer loop
      vertex -13.414 28.295 -13.87
      vertex 2.495 28.295 -1.55
      vertex 10.411 28.295 -13.87
    endloop
  endfacet
  facet normal 0 1 0
    outer loop
      vertex 2.495 28.295 -1.55
      vertex -13.414 28.295 -13.87
      vertex -13.414 28.295 6.96
    endloop
  endfacet
  facet normal 0 0 -1
    outer loop
      vertex 10.411 -13.479 -13.87
      vertex 12.211 -6.292 -13.87
      vertex 12.211 -11.679 -13.87
    endloop
  endfacet
  facet normal 0 0 -1
    outer loop
      vertex -13.414 -13.479 -13.87
      vertex 12.211 -6.292 -13.87
      vertex 10.411 -13.479 -13.87
    endloop
  endfacet
  facet normal 0 0 -1
    outer loop
      vertex -15.214 -6.292 -13.87
      vertex -13.414 -13.479 -13.87
      vertex -15.214 -11.679 -13.87
    endloop
  endfacet
  facet normal 0 0 -1
    outer loop
      vertex -13.414 -13.479 -13.87
      vertex -15.214 -6.292 -13.87
      vertex 12.211 -6.292 -13.87
    endloop
  endfacet
  facet normal 0 0 -1
    outer loop
      vertex -15.214 -4.292 -13.87
      vertex 12.211 -3.892 -13.87
      vertex 12.211 -4.292 -13.87
    endloop
  endfacet
  facet normal -0 0 -1
    outer loop
      vertex 12.211 -3.892 -13.87
      vertex -15.214 -4.292 -13.87
      vertex -15.214 -3.892 -13.87
    endloop
  endfacet
  facet normal 0 0 -1
    outer loop
      vertex -15.214 18.708 -13.87
      vertex 12.211 19.108 -13.87
      vertex 12.211 18.708 -13.87
    endloop
  endfacet
  facet normal -0 0 -1
    outer loop
      vertex 12.211 19.108 -13.87
      vertex -15.214 18.708 -13.87
      vertex -15.214 19.108 -13.87
    endloop
  endfacet
  facet normal 0 0 -1
    outer loop
      vertex 12.211 21.108 -13.87
      vertex 10.411 28.295 -13.87
      vertex 12.211 26.495 -13.87
    endloop
  endfacet
  facet normal 0 0 -1
    outer loop
      vertex 12.211 21.108 -13.87
      vertex -13.414 28.295 -13.87
      vertex 10.411 28.295 -13.87
    endloop
  endfacet
  facet normal 0 0 -1
    outer loop
      vertex -15.214 21.108 -13.87
      vertex -13.414 28.295 -13.87
      vertex 12.211 21.108 -13.87
    endloop
  endfacet
  facet normal 0 0 -1
    outer loop
      vertex -13.414 28.295 -13.87
      vertex -15.214 21.108 -13.87
      vertex -15.214 26.495 -13.87
    endloop
  endfacet
  facet normal 0 -1 0
    outer loop
      vertex -3.06 -13.479 4.78
      vertex -13.414 -13.479 6.96
      vertex -12.06 -13.479 4.78
    endloop
  endfacet
  facet normal 0 -1 0
    outer loop
      vertex -13.414 -13.479 6.96
      vertex -12.06 -13.479 1.6
      vertex -12.06 -13.479 4.78
    endloop
  endfacet
  facet normal 0 -1 0
    outer loop
      vertex -13.414 -13.479 -13.87
      vertex -3.06 -13.479 1.6
      vertex -12.06 -13.479 1.6
    endloop
  endfacet
  facet normal 0 -1 0
    outer loop
      vertex -3.06 -13.479 1.6
      vertex 2.495 -13.479 -1.55
      vertex 2.495 -13.479 -0.45
    endloop
  endfacet
  facet normal 0 -1 0
    outer loop
      vertex 10.411 -13.479 -13.87
      vertex 2.495 -13.479 -1.55
      vertex -13.414 -13.479 -13.87
    endloop
  endfacet
  facet normal 0 -1 -0
    outer loop
      vertex -3.06 -13.479 1.6
      vertex -13.414 -13.479 -13.87
      vertex 2.495 -13.479 -1.55
    endloop
  endfacet
  facet normal 0 -1 0
    outer loop
      vertex -13.414 -13.479 -13.87
      vertex -12.06 -13.479 1.6
      vertex -13.414 -13.479 6.96
    endloop
  endfacet
  facet normal 0 -1 0
    outer loop
      vertex -13.414 -13.479 6.96
      vertex -15.214 -13.479 8.96
      vertex -15.214 -13.479 6.96
    endloop
  endfacet
  facet normal 0 -1 0
    outer loop
      vertex -15.214 -13.479 8.96
      vertex -13.414 -13.479 6.96
      vertex 12.211 -13.479 8.96
    endloop
  endfacet
  facet normal 0 -1 0
    outer loop
      vertex 10.411 -13.479 6.96
      vertex 12.211 -13.479 8.96
      vertex -13.414 -13.479 6.96
    endloop
  endfacet
  facet normal 0 -1 -0
    outer loop
      vertex 12.211 -13.479 8.96
      vertex 10.411 -13.479 6.96
      vertex 12.211 -13.479 6.96
    endloop
  endfacet
  facet normal 0 -1 0
    outer loop
      vertex -13.414 -13.479 6.96
      vertex -3.06 -13.479 4.78
      vertex 10.411 -13.479 6.96
    endloop
  endfacet
  facet normal 0 -1 0
    outer loop
      vertex 2.495 -13.479 -0.45
      vertex -3.06 -13.479 4.78
      vertex -3.06 -13.479 1.6
    endloop
  endfacet
  facet normal 0 -1 0
    outer loop
      vertex -3.06 -13.479 4.78
      vertex 2.495 -13.479 -0.45
      vertex 10.411 -13.479 6.96
    endloop
  endfacet
  facet normal 0 -1 0
    outer loop
      vertex 8.495 -13.479 -0.45
      vertex 10.411 -13.479 6.96
      vertex 2.495 -13.479 -0.45
    endloop
  endfacet
  facet normal 0 -1 0
    outer loop
      vertex 8.495 -13.479 -1.55
      vertex 10.411 -13.479 6.96
      vertex 8.495 -13.479 -0.45
    endloop
  endfacet
  facet normal 0 -1 0
    outer loop
      vertex 8.495 -13.479 -1.55
      vertex 10.411 -13.479 -13.87
      vertex 10.411 -13.479 6.96
    endloop
  endfacet
  facet normal 0 -1 0
    outer loop
      vertex 2.495 -13.479 -1.55
      vertex 10.411 -13.479 -13.87
      vertex 8.495 -13.479 -1.55
    endloop
  endfacet
  facet normal 1 0 0
    outer loop
      vertex -9.04337 -4.292 -18.07
      vertex -9.04337 -5.292 -18.07
      vertex -9.04337 -4.292 -18.17
    endloop
  endfacet
  facet normal 1 -0 0
    outer loop
      vertex -9.04337 -3.892 -18.17
      vertex -9.04337 -1.292 -19.37
      vertex -9.04337 -1.292 -18.17
    endloop
  endfacet
  facet normal 1 0 0
    outer loop
      vertex -9.04337 -5.292 -19.37
      vertex -9.04337 -3.892 -18.17
      vertex -9.04337 -4.292 -18.17
    endloop
  endfacet
  facet normal 1 0 0
    outer loop
      vertex -9.04337 -5.292 -19.37
      vertex -9.04337 -4.292 -18.17
      vertex -9.04337 -5.292 -18.07
    endloop
  endfacet
  facet normal 1 0 0
    outer loop
      vertex -9.04337 -3.892 -18.17
      vertex -9.04337 -5.292 -19.37
      vertex -9.04337 -1.292 -19.37
    endloop
  endfacet
  facet normal 0 0 -1
    outer loop
      vertex -9.04337 -5.292 -18.07
      vertex 6.04037 -4.292 -18.07
      vertex 6.04037 -5.292 -18.07
    endloop
  endfacet
  facet normal -0 0 -1
    outer loop
      vertex 6.04037 -4.292 -18.07
      vertex -9.04337 -5.292 -18.07
      vertex -9.04337 -4.292 -18.07
    endloop
  endfacet
  facet normal -1 0 0
    outer loop
      vertex 6.04037 -1.292 -19.37
      vertex 6.04037 -3.892 -18.17
      vertex 6.04037 -1.292 -18.17
    endloop
  endfacet
  facet normal -1 0 0
    outer loop
      vertex 6.04037 -5.292 -19.37
      vertex 6.04037 -3.892 -18.17
      vertex 6.04037 -1.292 -19.37
    endloop
  endfacet
  facet normal -1 -0 0
    outer loop
      vertex 6.04037 -3.892 -18.17
      vertex 6.04037 -5.292 -19.37
      vertex 6.04037 -4.292 -18.17
    endloop
  endfacet
  facet normal -1 0 0
    outer loop
      vertex 6.04037 -5.292 -18.07
      vertex 6.04037 -4.292 -18.17
      vertex 6.04037 -5.292 -19.37
    endloop
  endfacet
  facet normal -1 0 0
    outer loop
      vertex 6.04037 -4.292 -18.17
      vertex 6.04037 -5.292 -18.07
      vertex 6.04037 -4.292 -18.07
    endloop
  endfacet
  facet normal 0 1 -0
    outer loop
      vertex 6.04037 -5.292 -19.37
      vertex -9.04337 -5.292 -18.07
      vertex 6.04037 -5.292 -18.07
    endloop
  endfacet
  facet normal 0 1 0
    outer loop
      vertex -9.04337 -5.292 -18.07
      vertex 6.04037 -5.292 -19.37
      vertex -9.04337 -5.292 -19.37
    endloop
  endfacet
  facet normal 1 0 0
    outer loop
      vertex -9.04337 19.108 -18.17
      vertex -9.04337 20.108 -18.07
      vertex -9.04337 19.108 -18.07
    endloop
  endfacet
  facet normal 1 0 0
    outer loop
      vertex -9.04337 20.108 -18.07
      vertex -9.04337 19.108 -18.17
      vertex -9.04337 20.108 -19.37
    endloop
  endfacet
  facet normal 1 -0 0
    outer loop
      vertex -9.04337 18.708 -18.17
      vertex -9.04337 20.108 -19.37
      vertex -9.04337 19.108 -18.17
    endloop
  endfacet
  facet normal 1 0 0
    outer loop
      vertex -9.04337 16.108 -19.37
      vertex -9.04337 18.708 -18.17
      vertex -9.04337 16.108 -18.17
    endloop
  endfacet
  facet normal 1 0 0
    outer loop
      vertex -9.04337 18.708 -18.17
      vertex -9.04337 16.108 -19.37
      vertex -9.04337 20.108 -19.37
    endloop
  endfacet
  facet normal 0 0 -1
    outer loop
      vertex -9.04337 19.108 -18.07
      vertex 6.04037 20.108 -18.07
      vertex 6.04037 19.108 -18.07
    endloop
  endfacet
  facet normal -0 0 -1
    outer loop
      vertex 6.04037 20.108 -18.07
      vertex -9.04337 19.108 -18.07
      vertex -9.04337 20.108 -18.07
    endloop
  endfacet
  facet normal -1 0 0
    outer loop
      vertex 6.04037 20.108 -19.37
      vertex 6.04037 19.108 -18.17
      vertex 6.04037 20.108 -18.07
    endloop
  endfacet
  facet normal -1 0 0
    outer loop
      vertex 6.04037 20.108 -19.37
      vertex 6.04037 18.708 -18.17
      vertex 6.04037 19.108 -18.17
    endloop
  endfacet
  facet normal -1 0 0
    outer loop
      vertex 6.04037 16.108 -19.37
      vertex 6.04037 18.708 -18.17
      vertex 6.04037 20.108 -19.37
    endloop
  endfacet
  facet normal -1 -0 0
    outer loop
      vertex 6.04037 18.708 -18.17
      vertex 6.04037 16.108 -19.37
      vertex 6.04037 16.108 -18.17
    endloop
  endfacet
  facet normal -1 -0 0
    outer loop
      vertex 6.04037 20.108 -18.07
      vertex 6.04037 19.108 -18.17
      vertex 6.04037 19.108 -18.07
    endloop
  endfacet
  facet normal 0 -1 0
    outer loop
      vertex -9.04337 20.108 -19.37
      vertex 6.04037 20.108 -18.07
      vertex -9.04337 20.108 -18.07
    endloop
  endfacet
  facet normal 0 -1 -0
    outer loop
      vertex 6.04037 20.108 -18.07
      vertex -9.04337 20.108 -19.37
      vertex 6.04037 20.108 -19.37
    endloop
  endfacet
  facet normal -0.707107 -0.707107 0
    outer loop
      vertex -15.214 -11.679 -13.87
      vertex -13.414 -13.479 6.96
      vertex -15.214 -11.679 6.96
    endloop
  endfacet
  facet normal -0.707107 -0.707107 -0
    outer loop
      vertex -13.414 -13.479 6.96
      vertex -15.214 -11.679 -13.87
      vertex -13.414 -13.479 -13.87
    endloop
  endfacet
  facet normal -0.707107 0.707107 0
    outer loop
      vertex -13.414 28.295 -13.87
      vertex -15.214 26.495 6.96
      vertex -13.414 28.295 6.96
    endloop
  endfacet
  facet normal -0.707107 0.707107 0
    outer loop
      vertex -15.214 26.495 6.96
      vertex -13.414 28.295 -13.87
      vertex -15.214 26.495 -13.87
    endloop
  endfacet
  facet normal 0.707107 -0.707107 0
    outer loop
      vertex 10.411 -13.479 -13.87
      vertex 12.211 -11.679 6.96
      vertex 10.411 -13.479 6.96
    endloop
  endfacet
  facet normal 0.707107 -0.707107 0
    outer loop
      vertex 12.211 -11.679 6.96
      vertex 10.411 -13.479 -13.87
      vertex 12.211 -11.679 -13.87
    endloop
  endfacet
  facet normal 0.707107 0.707107 -0
    outer loop
      vertex 12.211 26.495 -13.87
      vertex 10.411 28.295 6.96
      vertex 12.211 26.495 6.96
    endloop
  endfacet
  facet normal 0.707107 0.707107 0
    outer loop
      vertex 10.411 28.295 6.96
      vertex 12.211 26.495 -13.87
      vertex 10.411 28.295 -13.87
    endloop
  endfacet
  facet normal 1 -0 0
    outer loop
      vertex -12.614 -10.879 -0.0499992
      vertex -12.614 4.7 -12.27
      vertex -12.614 4.7 -0.0499992
    endloop
  endfacet
  facet normal 1 0 0
    outer loop
      vertex -12.614 4.7 -12.27
      vertex -12.614 -10.879 -0.0499992
      vertex -12.614 -10.879 -12.27
    endloop
  endfacet
  facet normal 1 -0 0
    outer loop
      vertex -12.614 7.5 -0.0499992
      vertex -12.614 25.695 -12.27
      vertex -12.614 25.695 -0.0499992
    endloop
  endfacet
  facet normal 1 0 0
    outer loop
      vertex -12.614 25.695 -12.27
      vertex -12.614 7.5 -0.0499992
      vertex -12.614 7.5 -12.27
    endloop
  endfacet
  facet normal 0 0 -1
    outer loop
      vertex 10.611 21.9 0.0499992
      vertex 11.111 24.7 0.0499992
      vertex 11.111 21.9 0.0499992
    endloop
  endfacet
  facet normal -0 0 -1
    outer loop
      vertex 11.111 24.7 0.0499992
      vertex 10.611 21.9 0.0499992
      vertex 10.611 24.7 0.0499992
    endloop
  endfacet
  facet normal 0 0 -1
    outer loop
      vertex 10.611 -2.3 0.0499992
      vertex 11.111 0.5 0.0499992
      vertex 11.111 -2.3 0.0499992
    endloop
  endfacet
  facet normal -0 0 -1
    outer loop
      vertex 11.111 0.5 0.0499992
      vertex 10.611 -2.3 0.0499992
      vertex 10.611 0.5 0.0499992
    endloop
  endfacet
  facet normal -1 0 0
    outer loop
      vertex 9.611 24.7 -12.27
      vertex 9.611 25.695 -0.0499992
      vertex 9.611 25.695 -12.27
    endloop
  endfacet
  facet normal -1 -0 0
    outer loop
      vertex 9.611 25.695 -0.0499992
      vertex 9.611 24.7 -12.27
      vertex 9.611 24.7 -0.0499992
    endloop
  endfacet
  facet normal -1 0 0
    outer loop
      vertex 9.611 -10.879 -12.27
      vertex 9.611 -2.3 -0.0499992
      vertex 9.611 -2.3 -12.27
    endloop
  endfacet
  facet normal -1 -0 0
    outer loop
      vertex 9.611 -2.3 -0.0499992
      vertex 9.611 -10.879 -12.27
      vertex 9.611 -10.879 -0.0499992
    endloop
  endfacet
  facet normal -1 0 0
    outer loop
      vertex 9.611 0.5 -12.27
      vertex 9.611 21.9 -0.0499992
      vertex 9.611 21.9 -12.27
    endloop
  endfacet
  facet normal -1 -0 0
    outer loop
      vertex 9.611 21.9 -0.0499992
      vertex 9.611 0.5 -12.27
      vertex 9.611 0.5 -0.0499992
    endloop
  endfacet
  facet normal 0 -1 0
    outer loop
      vertex -12.614 25.695 -0.0499992
      vertex 2.495 25.695 -0.45
      vertex 9.611 25.695 -0.0499992
    endloop
  endfacet
  facet normal 0 -1 0
    outer loop
      vertex -12.614 25.695 -0.0499992
      vertex 2.495 25.695 -1.55
      vertex 2.495 25.695 -0.45
    endloop
  endfacet
  facet normal 0 -1 0
    outer loop
      vertex 9.611 25.695 -12.27
      vertex 2.495 25.695 -1.55
      vertex -12.614 25.695 -12.27
    endloop
  endfacet
  facet normal 0 -1 0
    outer loop
      vertex -12.614 25.695 -12.27
      vertex 2.495 25.695 -1.55
      vertex -12.614 25.695 -0.0499992
    endloop
  endfacet
  facet normal 0 -1 0
    outer loop
      vertex 8.495 25.695 -0.45
      vertex 9.611 25.695 -0.0499992
      vertex 2.495 25.695 -0.45
    endloop
  endfacet
  facet normal 0 -1 0
    outer loop
      vertex 8.495 25.695 -1.55
      vertex 9.611 25.695 -0.0499992
      vertex 8.495 25.695 -0.45
    endloop
  endfacet
  facet normal 0 -1 0
    outer loop
      vertex 8.495 25.695 -1.55
      vertex 9.611 25.695 -12.27
      vertex 9.611 25.695 -0.0499992
    endloop
  endfacet
  facet normal 0 -1 0
    outer loop
      vertex 2.495 25.695 -1.55
      vertex 9.611 25.695 -12.27
      vertex 8.495 25.695 -1.55
    endloop
  endfacet
  facet normal -0 0 1
    outer loop
      vertex -13.114 7.5 -12.27
      vertex -12.614 4.7 -12.27
      vertex -12.614 7.5 -12.27
    endloop
  endfacet
  facet normal 0 0 1
    outer loop
      vertex -12.614 4.7 -12.27
      vertex -13.114 7.5 -12.27
      vertex -13.114 4.7 -12.27
    endloop
  endfacet
  facet normal -0 0 1
    outer loop
      vertex -12.614 25.695 -12.27
      vertex 9.611 24.7 -12.27
      vertex 9.611 25.695 -12.27
    endloop
  endfacet
  facet normal 0 0 1
    outer loop
      vertex 9.611 24.7 -12.27
      vertex -12.614 25.695 -12.27
      vertex 9.611 21.9 -12.27
    endloop
  endfacet
  facet normal 0 0 1
    outer loop
      vertex 9.611 21.9 -12.27
      vertex -12.614 7.5 -12.27
      vertex 9.611 0.5 -12.27
    endloop
  endfacet
  facet normal -0 0 1
    outer loop
      vertex -12.614 4.7 -12.27
      vertex 9.611 0.5 -12.27
      vertex -12.614 7.5 -12.27
    endloop
  endfacet
  facet normal 0 0 1
    outer loop
      vertex 9.611 21.9 -12.27
      vertex -12.614 25.695 -12.27
      vertex -12.614 7.5 -12.27
    endloop
  endfacet
  facet normal 0 0 1
    outer loop
      vertex 9.611 0.5 -12.27
      vertex -12.614 4.7 -12.27
      vertex 9.611 -2.3 -12.27
    endloop
  endfacet
  facet normal 0 0 1
    outer loop
      vertex -12.614 -10.879 -12.27
      vertex 9.611 -2.3 -12.27
      vertex -12.614 4.7 -12.27
    endloop
  endfacet
  facet normal 0 0 1
    outer loop
      vertex 9.611 -2.3 -12.27
      vertex -12.614 -10.879 -12.27
      vertex 9.611 -10.879 -12.27
    endloop
  endfacet
  facet normal -0 0 1
    outer loop
      vertex 9.611 24.7 -12.27
      vertex 11.111 21.9 -12.27
      vertex 11.111 24.7 -12.27
    endloop
  endfacet
  facet normal 0 0 1
    outer loop
      vertex 11.111 21.9 -12.27
      vertex 9.611 24.7 -12.27
      vertex 9.611 21.9 -12.27
    endloop
  endfacet
  facet normal -0 0 1
    outer loop
      vertex 9.611 0.5 -12.27
      vertex 11.111 -2.3 -12.27
      vertex 11.111 0.5 -12.27
    endloop
  endfacet
  facet normal 0 0 1
    outer loop
      vertex 11.111 -2.3 -12.27
      vertex 9.611 0.5 -12.27
      vertex 9.611 -2.3 -12.27
    endloop
  endfacet
  facet normal 0 1 0
    outer loop
      vertex 2.495 -10.879 -0.45
      vertex 9.611 -10.879 -0.0499992
      vertex 8.495 -10.879 -0.45
    endloop
  endfacet
  facet normal 0 1 0
    outer loop
      vertex 9.611 -10.879 -0.0499992
      vertex 8.495 -10.879 -1.55
      vertex 8.495 -10.879 -0.45
    endloop
  endfacet
  facet normal 0 1 0
    outer loop
      vertex 8.495 -10.879 -1.55
      vertex 9.611 -10.879 -12.27
      vertex 2.495 -10.879 -1.55
    endloop
  endfacet
  facet normal 0 1 -0
    outer loop
      vertex 9.611 -10.879 -12.27
      vertex 8.495 -10.879 -1.55
      vertex 9.611 -10.879 -0.0499992
    endloop
  endfacet
  facet normal 0 1 0
    outer loop
      vertex 9.611 -10.879 -0.0499992
      vertex 2.495 -10.879 -0.45
      vertex -12.614 -10.879 -0.0499992
    endloop
  endfacet
  facet normal 0 1 -0
    outer loop
      vertex 2.495 -10.879 -1.55
      vertex -12.614 -10.879 -0.0499992
      vertex 2.495 -10.879 -0.45
    endloop
  endfacet
  facet normal 0 1 0
    outer loop
      vertex -12.614 -10.879 -12.27
      vertex 2.495 -10.879 -1.55
      vertex 9.611 -10.879 -12.27
    endloop
  endfacet
  facet normal 0 1 0
    outer loop
      vertex 2.495 -10.879 -1.55
      vertex -12.614 -10.879 -12.27
      vertex -12.614 -10.879 -0.0499992
    endloop
  endfacet
  facet normal 1 0 0
    outer loop
      vertex -13.614 -5.379 6.11
      vertex -13.614 -11.879 6.11
      vertex -13.614 -5.379 5.91026
    endloop
  endfacet
  facet normal 1 0 0
    outer loop
      vertex -13.614 17.195 6.11
      vertex -13.614 -2.379 6.11
      vertex -13.614 17.195 5.91026
    endloop
  endfacet
  facet normal 1 0 0
    outer loop
      vertex -13.614 20.195 5.91026
      vertex -13.614 26.695 6.11
      vertex -13.614 20.195 6.11
    endloop
  endfacet
  facet normal 1 0 0
    outer loop
      vertex -13.614 26.695 6.11
      vertex -13.614 20.195 5.91026
      vertex -13.614 26.695 -0.0499992
    endloop
  endfacet
  facet normal 1 -0 0
    outer loop
      vertex -13.614 17.195 5.91026
      vertex -13.614 26.695 -0.0499992
      vertex -13.614 20.195 5.91026
    endloop
  endfacet
  facet normal 1 0 0
    outer loop
      vertex -13.614 -2.379 5.91026
      vertex -13.614 17.195 5.91026
      vertex -13.614 -2.379 6.11
    endloop
  endfacet
  facet normal 1 0 0
    outer loop
      vertex -13.614 17.195 5.91026
      vertex -13.614 -2.379 5.91026
      vertex -13.614 26.695 -0.0499992
    endloop
  endfacet
  facet normal 1 0 0
    outer loop
      vertex -13.614 -11.879 -0.0499992
      vertex -13.614 -2.379 5.91026
      vertex -13.614 -5.379 5.91026
    endloop
  endfacet
  facet normal 1 0 0
    outer loop
      vertex -13.614 -11.879 -0.0499992
      vertex -13.614 -5.379 5.91026
      vertex -13.614 -11.879 6.11
    endloop
  endfacet
  facet normal 1 0 0
    outer loop
      vertex -13.614 -2.379 5.91026
      vertex -13.614 -11.879 -0.0499992
      vertex -13.614 26.695 -0.0499992
    endloop
  endfacet
  facet normal 1 -0 0
    outer loop
      vertex -13.614 -11.879 6.96
      vertex -13.614 26.695 6.71
      vertex -13.614 26.695 6.96
    endloop
  endfacet
  facet normal 1 0 0
    outer loop
      vertex -13.614 26.695 6.71
      vertex -13.614 -11.879 6.96
      vertex -13.614 -11.879 6.71
    endloop
  endfacet
  facet normal -1 0 0
    outer loop
      vertex 10.611 -11.879 -0.0499992
      vertex 10.611 -2.3 0.0499992
      vertex 10.611 -2.3 -0.0499992
    endloop
  endfacet
  facet normal -1 0 0
    outer loop
      vertex 10.611 -2.3 0.0499992
      vertex 10.611 -5.379 5.91026
      vertex 10.611 -2.379 5.91026
    endloop
  endfacet
  facet normal -1 -0 0
    outer loop
      vertex 10.611 -2.3 0.0499992
      vertex 10.611 -11.879 -0.0499992
      vertex 10.611 -5.379 5.91026
    endloop
  endfacet
  facet normal -1 0 0
    outer loop
      vertex 10.611 -11.879 6.11
      vertex 10.611 -5.379 5.91026
      vertex 10.611 -11.879 -0.0499992
    endloop
  endfacet
  facet normal -1 0 0
    outer loop
      vertex 10.611 -5.379 5.91026
      vertex 10.611 -11.879 6.11
      vertex 10.611 -5.379 6.11
    endloop
  endfacet
  facet normal -1 0 0
    outer loop
      vertex 10.611 17.195 5.91026
      vertex 10.611 21.9 0.0499992
      vertex 10.611 21.9 -0.0499992
    endloop
  endfacet
  facet normal -1 0 0
    outer loop
      vertex 10.611 21.9 0.0499992
      vertex 10.611 17.195 5.91026
      vertex 10.611 20.195 5.91026
    endloop
  endfacet
  facet normal -1 0 0
    outer loop
      vertex 10.611 0.5 -0.0499992
      vertex 10.611 17.195 5.91026
      vertex 10.611 21.9 -0.0499992
    endloop
  endfacet
  facet normal -1 0 0
    outer loop
      vertex 10.611 0.5 0.0499992
      vertex 10.611 17.195 5.91026
      vertex 10.611 0.5 -0.0499992
    endloop
  endfacet
  facet normal -1 -0 0
    outer loop
      vertex 10.611 17.195 5.91026
      vertex 10.611 0.5 0.0499992
      vertex 10.611 17.195 6.11
    endloop
  endfacet
  facet normal -1 0 0
    outer loop
      vertex 10.611 -2.379 5.91026
      vertex 10.611 0.5 0.0499992
      vertex 10.611 -2.3 0.0499992
    endloop
  endfacet
  facet normal -1 0 0
    outer loop
      vertex 10.611 -2.379 6.11
      vertex 10.611 0.5 0.0499992
      vertex 10.611 -2.379 5.91026
    endloop
  endfacet
  facet normal -1 0 0
    outer loop
      vertex 10.611 0.5 0.0499992
      vertex 10.611 -2.379 6.11
      vertex 10.611 17.195 6.11
    endloop
  endfacet
  facet normal -1 0 0
    outer loop
      vertex 10.611 24.7 0.0499992
      vertex 10.611 26.695 -0.0499992
      vertex 10.611 24.7 -0.0499992
    endloop
  endfacet
  facet normal -1 0 0
    outer loop
      vertex 10.611 26.695 -0.0499992
      vertex 10.611 24.7 0.0499992
      vertex 10.611 26.695 6.11
    endloop
  endfacet
  facet normal -1 0 0
    outer loop
      vertex 10.611 20.195 5.91026
      vertex 10.611 24.7 0.0499992
      vertex 10.611 21.9 0.0499992
    endloop
  endfacet
  facet normal -1 0 0
    outer loop
      vertex 10.611 24.7 0.0499992
      vertex 10.611 20.195 5.91026
      vertex 10.611 26.695 6.11
    endloop
  endfacet
  facet normal -1 -0 0
    outer loop
      vertex 10.611 26.695 6.11
      vertex 10.611 20.195 5.91026
      vertex 10.611 20.195 6.11
    endloop
  endfacet
  facet normal -1 0 0
    outer loop
      vertex 10.611 -11.879 6.71
      vertex 10.611 26.695 6.96
      vertex 10.611 26.695 6.71
    endloop
  endfacet
  facet normal -1 -0 0
    outer loop
      vertex 10.611 26.695 6.96
      vertex 10.611 -11.879 6.71
      vertex 10.611 -11.879 6.96
    endloop
  endfacet
  facet normal 0 0 1
    outer loop
      vertex 10.611 26.695 -0.0499992
      vertex 9.611 25.695 -0.0499992
      vertex 10.611 24.7 -0.0499992
    endloop
  endfacet
  facet normal 0 0 1
    outer loop
      vertex 10.611 26.695 -0.0499992
      vertex -12.614 25.695 -0.0499992
      vertex 9.611 25.695 -0.0499992
    endloop
  endfacet
  facet normal 0 0 1
    outer loop
      vertex -12.614 25.695 -0.0499992
      vertex -13.114 7.5 -0.0499992
      vertex -12.614 7.5 -0.0499992
    endloop
  endfacet
  facet normal 0 0 1
    outer loop
      vertex -13.114 7.5 -0.0499992
      vertex -13.614 26.695 -0.0499992
      vertex -13.114 4.7 -0.0499992
    endloop
  endfacet
  facet normal 0 0 1
    outer loop
      vertex -12.614 25.695 -0.0499992
      vertex -13.614 26.695 -0.0499992
      vertex -13.114 7.5 -0.0499992
    endloop
  endfacet
  facet normal -0 0 1
    outer loop
      vertex -13.614 26.695 -0.0499992
      vertex -12.614 25.695 -0.0499992
      vertex 10.611 26.695 -0.0499992
    endloop
  endfacet
  facet normal 0 0 1
    outer loop
      vertex 10.611 24.7 -0.0499992
      vertex 9.611 25.695 -0.0499992
      vertex 9.611 24.7 -0.0499992
    endloop
  endfacet
  facet normal 0 0 1
    outer loop
      vertex -12.614 4.7 -0.0499992
      vertex -13.114 4.7 -0.0499992
      vertex -12.614 -10.879 -0.0499992
    endloop
  endfacet
  facet normal 0 0 1
    outer loop
      vertex 9.611 -10.879 -0.0499992
      vertex 10.611 -2.3 -0.0499992
      vertex 9.611 -2.3 -0.0499992
    endloop
  endfacet
  facet normal 0 0 1
    outer loop
      vertex 10.611 -2.3 -0.0499992
      vertex 9.611 -10.879 -0.0499992
      vertex 10.611 -11.879 -0.0499992
    endloop
  endfacet
  facet normal -0 0 1
    outer loop
      vertex -12.614 -10.879 -0.0499992
      vertex 10.611 -11.879 -0.0499992
      vertex 9.611 -10.879 -0.0499992
    endloop
  endfacet
  facet normal 0 0 1
    outer loop
      vertex -12.614 -10.879 -0.0499992
      vertex -13.614 -11.879 -0.0499992
      vertex 10.611 -11.879 -0.0499992
    endloop
  endfacet
  facet normal 0 0 1
    outer loop
      vertex -13.114 4.7 -0.0499992
      vertex -13.614 -11.879 -0.0499992
      vertex -12.614 -10.879 -0.0499992
    endloop
  endfacet
  facet normal 0 0 1
    outer loop
      vertex -13.614 -11.879 -0.0499992
      vertex -13.114 4.7 -0.0499992
      vertex -13.614 26.695 -0.0499992
    endloop
  endfacet
  facet normal -0 0 1
    outer loop
      vertex 9.611 21.9 -0.0499992
      vertex 10.611 0.5 -0.0499992
      vertex 10.611 21.9 -0.0499992
    endloop
  endfacet
  facet normal 0 0 1
    outer loop
      vertex 10.611 0.5 -0.0499992
      vertex 9.611 21.9 -0.0499992
      vertex 9.611 0.5 -0.0499992
    endloop
  endfacet
  facet normal 0 1 0
    outer loop
      vertex -3.06 -11.879 4.78
      vertex 9.761 -11.879 6.11
      vertex 9.761 -11.879 5.76
    endloop
  endfacet
  facet normal 0 1 0
    outer loop
      vertex 9.761 -11.879 6.11
      vertex -3.06 -11.879 4.78
      vertex -12.764 -11.879 6.11
    endloop
  endfacet
  facet normal 0 1 0
    outer loop
      vertex 10.911 -11.879 6.71
      vertex 10.911 -11.879 6.11
      vertex 10.611 -11.879 6.71
    endloop
  endfacet
  facet normal 0 1 -0
    outer loop
      vertex 10.611 -11.879 6.71
      vertex 10.461 -11.879 6.96
      vertex 10.611 -11.879 6.96
    endloop
  endfacet
  facet normal 0 1 0
    outer loop
      vertex 10.611 -11.879 6.11
      vertex 10.611 -11.879 6.71
      vertex 10.911 -11.879 6.11
    endloop
  endfacet
  facet normal 0 1 0
    outer loop
      vertex 10.611 -11.879 6.71
      vertex 10.611 -11.879 6.11
      vertex 10.461 -11.879 6.96
    endloop
  endfacet
  facet normal 0 1 0
    outer loop
      vertex 10.611 -11.879 6.11
      vertex 10.461 -11.879 5.76
      vertex 10.461 -11.879 6.96
    endloop
  endfacet
  facet normal 0 1 0
    outer loop
      vertex 10.611 -11.879 -0.0499992
      vertex 9.761 -11.879 5.76
      vertex 10.461 -11.879 5.76
    endloop
  endfacet
  facet normal 0 1 -0
    outer loop
      vertex -12.06 -11.879 4.78
      vertex -12.764 -11.879 6.11
      vertex -3.06 -11.879 4.78
    endloop
  endfacet
  facet normal 0 1 0
    outer loop
      vertex -12.764 -11.879 6.11
      vertex -12.06 -11.879 4.78
      vertex -12.764 -11.879 5.76
    endloop
  endfacet
  facet normal 0 1 0
    outer loop
      vertex 9.761 -11.879 5.76
      vertex -3.06 -11.879 1.6
      vertex -3.06 -11.879 4.78
    endloop
  endfacet
  facet normal 0 1 0
    outer loop
      vertex -13.614 -11.879 -0.0499992
      vertex -3.06 -11.879 1.6
      vertex 10.611 -11.879 -0.0499992
    endloop
  endfacet
  facet normal 0 1 0
    outer loop
      vertex 9.761 -11.879 5.76
      vertex 10.611 -11.879 -0.0499992
      vertex -3.06 -11.879 1.6
    endloop
  endfacet
  facet normal 0 1 -0
    outer loop
      vertex 10.611 -11.879 -0.0499992
      vertex 10.461 -11.879 5.76
      vertex 10.611 -11.879 6.11
    endloop
  endfacet
  facet normal 0 1 0
    outer loop
      vertex -13.464 -11.879 6.96
      vertex -13.614 -11.879 6.71
      vertex -13.614 -11.879 6.96
    endloop
  endfacet
  facet normal 0 1 0
    outer loop
      vertex -13.614 -11.879 6.71
      vertex -13.614 -11.879 6.11
      vertex -13.914 -11.879 6.71
    endloop
  endfacet
  facet normal 0 1 0
    outer loop
      vertex -13.464 -11.879 6.96
      vertex -13.614 -11.879 6.11
      vertex -13.614 -11.879 6.71
    endloop
  endfacet
  facet normal 0 1 -0
    outer loop
      vertex -13.464 -11.879 5.76
      vertex -13.614 -11.879 6.11
      vertex -13.464 -11.879 6.96
    endloop
  endfacet
  facet normal 0 1 0
    outer loop
      vertex -12.764 -11.879 5.76
      vertex -12.06 -11.879 4.78
      vertex -13.464 -11.879 5.76
    endloop
  endfacet
  facet normal 0 1 -0
    outer loop
      vertex -12.06 -11.879 1.6
      vertex -13.464 -11.879 5.76
      vertex -12.06 -11.879 4.78
    endloop
  endfacet
  facet normal 0 1 0
    outer loop
      vertex -13.614 -11.879 -0.0499992
      vertex -13.464 -11.879 5.76
      vertex -12.06 -11.879 1.6
    endloop
  endfacet
  facet normal 0 1 0
    outer loop
      vertex -13.464 -11.879 5.76
      vertex -13.614 -11.879 -0.0499992
      vertex -13.614 -11.879 6.11
    endloop
  endfacet
  facet normal 0 1 0
    outer loop
      vertex -3.06 -11.879 1.6
      vertex -13.614 -11.879 -0.0499992
      vertex -12.06 -11.879 1.6
    endloop
  endfacet
  facet normal 0 1 0
    outer loop
      vertex -13.914 -11.879 6.71
      vertex -13.614 -11.879 6.11
      vertex -13.914 -11.879 6.11
    endloop
  endfacet
  facet normal 0 -1 0
    outer loop
      vertex -13.214 -11.879 6.11
      vertex -12.764 -11.879 6.71
      vertex -13.214 -11.879 6.71
    endloop
  endfacet
  facet normal 0 -1 -0
    outer loop
      vertex -12.764 -11.879 6.71
      vertex -13.214 -11.879 6.11
      vertex -12.764 -11.879 6.11
    endloop
  endfacet
  facet normal 0 -1 0
    outer loop
      vertex 9.761 -11.879 6.11
      vertex 10.211 -11.879 6.71
      vertex 9.761 -11.879 6.71
    endloop
  endfacet
  facet normal 0 -1 -0
    outer loop
      vertex 10.211 -11.879 6.71
      vertex 9.761 -11.879 6.11
      vertex 10.211 -11.879 6.11
    endloop
  endfacet
  facet normal 0 1 -0
    outer loop
      vertex 9.761 -11.879 6.71
      vertex -12.764 -11.879 6.96
      vertex 9.761 -11.879 6.96
    endloop
  endfacet
  facet normal 0 1 0
    outer loop
      vertex -12.764 -11.879 6.96
      vertex 9.761 -11.879 6.71
      vertex -12.764 -11.879 6.71
    endloop
  endfacet
  facet normal 0 -1 0
    outer loop
      vertex -12.764 26.695 5.76
      vertex 9.761 26.695 6.11
      vertex -12.764 26.695 6.11
    endloop
  endfacet
  facet normal 0 -1 -0
    outer loop
      vertex 9.761 26.695 6.11
      vertex -12.764 26.695 5.76
      vertex 9.761 26.695 5.76
    endloop
  endfacet
  facet normal 0 -1 0
    outer loop
      vertex -13.914 26.695 6.71
      vertex -13.914 26.695 6.11
      vertex -13.614 26.695 6.71
    endloop
  endfacet
  facet normal 0 -1 0
    outer loop
      vertex -13.614 26.695 6.71
      vertex -13.464 26.695 6.96
      vertex -13.614 26.695 6.96
    endloop
  endfacet
  facet normal 0 -1 0
    outer loop
      vertex -13.614 26.695 6.11
      vertex -13.614 26.695 6.71
      vertex -13.914 26.695 6.11
    endloop
  endfacet
  facet normal 0 -1 0
    outer loop
      vertex -13.614 26.695 6.71
      vertex -13.614 26.695 6.11
      vertex -13.464 26.695 6.96
    endloop
  endfacet
  facet normal 0 -1 0
    outer loop
      vertex -13.614 26.695 6.11
      vertex -13.464 26.695 5.76
      vertex -13.464 26.695 6.96
    endloop
  endfacet
  facet normal 0 -1 0
    outer loop
      vertex -13.614 26.695 -0.0499992
      vertex -12.764 26.695 5.76
      vertex -13.464 26.695 5.76
    endloop
  endfacet
  facet normal 0 -1 -0
    outer loop
      vertex -12.764 26.695 5.76
      vertex -13.614 26.695 -0.0499992
      vertex 9.761 26.695 5.76
    endloop
  endfacet
  facet normal 0 -1 0
    outer loop
      vertex 10.611 26.695 -0.0499992
      vertex 9.761 26.695 5.76
      vertex -13.614 26.695 -0.0499992
    endloop
  endfacet
  facet normal 0 -1 0
    outer loop
      vertex -13.614 26.695 -0.0499992
      vertex -13.464 26.695 5.76
      vertex -13.614 26.695 6.11
    endloop
  endfacet
  facet normal 0 -1 0
    outer loop
      vertex 10.461 26.695 6.96
      vertex 10.611 26.695 6.71
      vertex 10.611 26.695 6.96
    endloop
  endfacet
  facet normal 0 -1 0
    outer loop
      vertex 10.611 26.695 6.71
      vertex 10.611 26.695 6.11
      vertex 10.911 26.695 6.71
    endloop
  endfacet
  facet normal 0 -1 0
    outer loop
      vertex 10.461 26.695 6.96
      vertex 10.611 26.695 6.11
      vertex 10.611 26.695 6.71
    endloop
  endfacet
  facet normal 0 -1 0
    outer loop
      vertex 10.461 26.695 5.76
      vertex 10.611 26.695 6.11
      vertex 10.461 26.695 6.96
    endloop
  endfacet
  facet normal 0 -1 0
    outer loop
      vertex 10.461 26.695 5.76
      vertex 10.611 26.695 -0.0499992
      vertex 10.611 26.695 6.11
    endloop
  endfacet
  facet normal 0 -1 0
    outer loop
      vertex 9.761 26.695 5.76
      vertex 10.611 26.695 -0.0499992
      vertex 10.461 26.695 5.76
    endloop
  endfacet
  facet normal 0 -1 -0
    outer loop
      vertex 10.911 26.695 6.71
      vertex 10.611 26.695 6.11
      vertex 10.911 26.695 6.11
    endloop
  endfacet
  facet normal 0 1 -0
    outer loop
      vertex -12.764 26.695 6.11
      vertex -13.214 26.695 6.71
      vertex -12.764 26.695 6.71
    endloop
  endfacet
  facet normal 0 1 0
    outer loop
      vertex -13.214 26.695 6.71
      vertex -12.764 26.695 6.11
      vertex -13.214 26.695 6.11
    endloop
  endfacet
  facet normal 0 1 -0
    outer loop
      vertex 10.211 26.695 6.11
      vertex 9.761 26.695 6.71
      vertex 10.211 26.695 6.71
    endloop
  endfacet
  facet normal 0 1 0
    outer loop
      vertex 9.761 26.695 6.71
      vertex 10.211 26.695 6.11
      vertex 9.761 26.695 6.11
    endloop
  endfacet
  facet normal 0 -1 0
    outer loop
      vertex -12.764 26.695 6.71
      vertex 9.761 26.695 6.96
      vertex -12.764 26.695 6.96
    endloop
  endfacet
  facet normal 0 -1 -0
    outer loop
      vertex 9.761 26.695 6.96
      vertex -12.764 26.695 6.71
      vertex 9.761 26.695 6.71
    endloop
  endfacet
  facet normal 1 -0 0
    outer loop
      vertex -12.06 -13.479 4.78
      vertex -12.06 -11.879 1.6
      vertex -12.06 -11.879 4.78
    endloop
  endfacet
  facet normal 1 0 0
    outer loop
      vertex -12.06 -11.879 1.6
      vertex -12.06 -13.479 4.78
      vertex -12.06 -13.479 1.6
    endloop
  endfacet
  facet normal 0 0 -1
    outer loop
      vertex -12.06 -13.479 4.78
      vertex -3.06 -11.879 4.78
      vertex -3.06 -13.479 4.78
    endloop
  endfacet
  facet normal -0 0 -1
    outer loop
      vertex -3.06 -11.879 4.78
      vertex -12.06 -13.479 4.78
      vertex -12.06 -11.879 4.78
    endloop
  endfacet
  facet normal -1 0 0
    outer loop
      vertex -3.06 -13.479 1.6
      vertex -3.06 -11.879 4.78
      vertex -3.06 -11.879 1.6
    endloop
  endfacet
  facet normal -1 -0 0
    outer loop
      vertex -3.06 -11.879 4.78
      vertex -3.06 -13.479 1.6
      vertex -3.06 -13.479 4.78
    endloop
  endfacet
  facet normal -0 0 1
    outer loop
      vertex -12.06 -11.879 1.6
      vertex -3.06 -13.479 1.6
      vertex -3.06 -11.879 1.6
    endloop
  endfacet
  facet normal 0 0 1
    outer loop
      vertex -3.06 -13.479 1.6
      vertex -12.06 -11.879 1.6
      vertex -12.06 -13.479 1.6
    endloop
  endfacet
  facet normal 1 -0 0
    outer loop
      vertex 2.495 25.695 -0.45
      vertex 2.495 28.295 -1.55
      vertex 2.495 28.295 -0.45
    endloop
  endfacet
  facet normal 1 0 0
    outer loop
      vertex 2.495 28.295 -1.55
      vertex 2.495 25.695 -0.45
      vertex 2.495 25.695 -1.55
    endloop
  endfacet
  facet normal 0 0 -1
    outer loop
      vertex 2.495 25.695 -0.45
      vertex 8.495 28.295 -0.45
      vertex 8.495 25.695 -0.45
    endloop
  endfacet
  facet normal -0 0 -1
    outer loop
      vertex 8.495 28.295 -0.45
      vertex 2.495 25.695 -0.45
      vertex 2.495 28.295 -0.45
    endloop
  endfacet
  facet normal -1 0 0
    outer loop
      vertex 8.495 25.695 -1.55
      vertex 8.495 28.295 -0.45
      vertex 8.495 28.295 -1.55
    endloop
  endfacet
  facet normal -1 -0 0
    outer loop
      vertex 8.495 28.295 -0.45
      vertex 8.495 25.695 -1.55
      vertex 8.495 25.695 -0.45
    endloop
  endfacet
  facet normal -0 0 1
    outer loop
      vertex 2.495 28.295 -1.55
      vertex 8.495 25.695 -1.55
      vertex 8.495 28.295 -1.55
    endloop
  endfacet
  facet normal 0 0 1
    outer loop
      vertex 8.495 25.695 -1.55
      vertex 2.495 28.295 -1.55
      vertex 2.495 25.695 -1.55
    endloop
  endfacet
  facet normal 1 -0 0
    outer loop
      vertex 2.495 -13.479 -0.45
      vertex 2.495 -10.879 -1.55
      vertex 2.495 -10.879 -0.45
    endloop
  endfacet
  facet normal 1 0 0
    outer loop
      vertex 2.495 -10.879 -1.55
      vertex 2.495 -13.479 -0.45
      vertex 2.495 -13.479 -1.55
    endloop
  endfacet
  facet normal 0 0 -1
    outer loop
      vertex 2.495 -13.479 -0.45
      vertex 8.495 -10.879 -0.45
      vertex 8.495 -13.479 -0.45
    endloop
  endfacet
  facet normal -0 0 -1
    outer loop
      vertex 8.495 -10.879 -0.45
      vertex 2.495 -13.479 -0.45
      vertex 2.495 -10.879 -0.45
    endloop
  endfacet
  facet normal -1 0 0
    outer loop
      vertex 8.495 -13.479 -1.55
      vertex 8.495 -10.879 -0.45
      vertex 8.495 -10.879 -1.55
    endloop
  endfacet
  facet normal -1 -0 0
    outer loop
      vertex 8.495 -10.879 -0.45
      vertex 8.495 -13.479 -1.55
      vertex 8.495 -13.479 -0.45
    endloop
  endfacet
  facet normal -0 0 1
    outer loop
      vertex 2.495 -10.879 -1.55
      vertex 8.495 -13.479 -1.55
      vertex 8.495 -10.879 -1.55
    endloop
  endfacet
  facet normal 0 0 1
    outer loop
      vertex 8.495 -13.479 -1.55
      vertex 2.495 -10.879 -1.55
      vertex 2.495 -13.479 -1.55
    endloop
  endfacet
  facet normal -1 0 0
    outer loop
      vertex 11.111 21.9 -12.27
      vertex 11.111 24.7 0.0499992
      vertex 11.111 24.7 -12.27
    endloop
  endfacet
  facet normal -1 -0 0
    outer loop
      vertex 11.111 24.7 0.0499992
      vertex 11.111 21.9 -12.27
      vertex 11.111 21.9 0.0499992
    endloop
  endfacet
  facet normal 0 -1 0
    outer loop
      vertex 9.611 24.7 -0.0499992
      vertex 9.611 24.7 -12.27
      vertex 10.611 24.7 -0.0499992
    endloop
  endfacet
  facet normal 0 -1 0
    outer loop
      vertex 10.611 24.7 -0.0499992
      vertex 11.111 24.7 0.0499992
      vertex 10.611 24.7 0.0499992
    endloop
  endfacet
  facet normal 0 -1 0
    outer loop
      vertex 11.111 24.7 -12.27
      vertex 10.611 24.7 -0.0499992
      vertex 9.611 24.7 -12.27
    endloop
  endfacet
  facet normal 0 -1 0
    outer loop
      vertex 10.611 24.7 -0.0499992
      vertex 11.111 24.7 -12.27
      vertex 11.111 24.7 0.0499992
    endloop
  endfacet
  facet normal 0 1 0
    outer loop
      vertex 11.111 21.9 0.0499992
      vertex 10.611 21.9 -0.0499992
      vertex 10.611 21.9 0.0499992
    endloop
  endfacet
  facet normal 0 1 -0
    outer loop
      vertex 11.111 21.9 -12.27
      vertex 10.611 21.9 -0.0499992
      vertex 11.111 21.9 0.0499992
    endloop
  endfacet
  facet normal 0 1 0
    outer loop
      vertex 9.611 21.9 -12.27
      vertex 10.611 21.9 -0.0499992
      vertex 11.111 21.9 -12.27
    endloop
  endfacet
  facet normal 0 1 0
    outer loop
      vertex 10.611 21.9 -0.0499992
      vertex 9.611 21.9 -12.27
      vertex 9.611 21.9 -0.0499992
    endloop
  endfacet
  facet normal -1 0 0
    outer loop
      vertex 11.111 -2.3 -12.27
      vertex 11.111 0.5 0.0499992
      vertex 11.111 0.5 -12.27
    endloop
  endfacet
  facet normal -1 -0 0
    outer loop
      vertex 11.111 0.5 0.0499992
      vertex 11.111 -2.3 -12.27
      vertex 11.111 -2.3 0.0499992
    endloop
  endfacet
  facet normal 0 -1 0
    outer loop
      vertex 9.611 0.5 -0.0499992
      vertex 9.611 0.5 -12.27
      vertex 10.611 0.5 -0.0499992
    endloop
  endfacet
  facet normal 0 -1 0
    outer loop
      vertex 10.611 0.5 -0.0499992
      vertex 11.111 0.5 0.0499992
      vertex 10.611 0.5 0.0499992
    endloop
  endfacet
  facet normal 0 -1 0
    outer loop
      vertex 11.111 0.5 -12.27
      vertex 10.611 0.5 -0.0499992
      vertex 9.611 0.5 -12.27
    endloop
  endfacet
  facet normal 0 -1 0
    outer loop
      vertex 10.611 0.5 -0.0499992
      vertex 11.111 0.5 -12.27
      vertex 11.111 0.5 0.0499992
    endloop
  endfacet
  facet normal 0 1 0
    outer loop
      vertex 11.111 -2.3 0.0499992
      vertex 10.611 -2.3 -0.0499992
      vertex 10.611 -2.3 0.0499992
    endloop
  endfacet
  facet normal 0 1 -0
    outer loop
      vertex 11.111 -2.3 -12.27
      vertex 10.611 -2.3 -0.0499992
      vertex 11.111 -2.3 0.0499992
    endloop
  endfacet
  facet normal 0 1 0
    outer loop
      vertex 9.611 -2.3 -12.27
      vertex 10.611 -2.3 -0.0499992
      vertex 11.111 -2.3 -12.27
    endloop
  endfacet
  facet normal 0 1 0
    outer loop
      vertex 10.611 -2.3 -0.0499992
      vertex 9.611 -2.3 -12.27
      vertex 9.611 -2.3 -0.0499992
    endloop
  endfacet
  facet normal 1 -0 0
    outer loop
      vertex -13.114 4.7 -0.0499992
      vertex -13.114 7.5 -12.27
      vertex -13.114 7.5 -0.0499992
    endloop
  endfacet
  facet normal 1 0 0
    outer loop
      vertex -13.114 7.5 -12.27
      vertex -13.114 4.7 -0.0499992
      vertex -13.114 4.7 -12.27
    endloop
  endfacet
  facet normal 0 1 -0
    outer loop
      vertex -12.614 4.7 -12.27
      vertex -13.114 4.7 -0.0499992
      vertex -12.614 4.7 -0.0499992
    endloop
  endfacet
  facet normal 0 1 0
    outer loop
      vertex -13.114 4.7 -0.0499992
      vertex -12.614 4.7 -12.27
      vertex -13.114 4.7 -12.27
    endloop
  endfacet
  facet normal 0 -1 0
    outer loop
      vertex -13.114 7.5 -12.27
      vertex -12.614 7.5 -0.0499992
      vertex -13.114 7.5 -0.0499992
    endloop
  endfacet
  facet normal 0 -1 -0
    outer loop
      vertex -12.614 7.5 -0.0499992
      vertex -13.114 7.5 -12.27
      vertex -12.614 7.5 -12.27
    endloop
  endfacet
  facet normal 1 -0 0
    outer loop
      vertex -13.914 -11.879 6.71
      vertex -13.914 26.695 6.11
      vertex -13.914 26.695 6.71
    endloop
  endfacet
  facet normal 1 0 0
    outer loop
      vertex -13.914 26.695 6.11
      vertex -13.914 -11.879 6.71
      vertex -13.914 -11.879 6.11
    endloop
  endfacet
  facet normal 0 0 -1
    outer loop
      vertex -13.914 -11.879 6.71
      vertex -13.614 26.695 6.71
      vertex -13.614 -11.879 6.71
    endloop
  endfacet
  facet normal -0 0 -1
    outer loop
      vertex -13.614 26.695 6.71
      vertex -13.914 -11.879 6.71
      vertex -13.914 26.695 6.71
    endloop
  endfacet
  facet normal 0 0 1
    outer loop
      vertex -13.614 26.695 6.11
      vertex -13.7038 20.195 6.11
      vertex -13.614 20.195 6.11
    endloop
  endfacet
  facet normal 0 0 1
    outer loop
      vertex -13.914 26.695 6.11
      vertex -13.7038 17.195 6.11
      vertex -13.7038 20.195 6.11
    endloop
  endfacet
  facet normal 0 0 1
    outer loop
      vertex -13.7038 17.195 6.11
      vertex -13.914 26.695 6.11
      vertex -13.7038 -2.379 6.11
    endloop
  endfacet
  facet normal 0 0 1
    outer loop
      vertex -13.914 -11.879 6.11
      vertex -13.7038 -2.379 6.11
      vertex -13.914 26.695 6.11
    endloop
  endfacet
  facet normal -0 0 1
    outer loop
      vertex -13.914 26.695 6.11
      vertex -13.7038 20.195 6.11
      vertex -13.614 26.695 6.11
    endloop
  endfacet
  facet normal -0 0 1
    outer loop
      vertex -13.7038 17.195 6.11
      vertex -13.614 -2.379 6.11
      vertex -13.614 17.195 6.11
    endloop
  endfacet
  facet normal 0 0 1
    outer loop
      vertex -13.614 -2.379 6.11
      vertex -13.7038 17.195 6.11
      vertex -13.7038 -2.379 6.11
    endloop
  endfacet
  facet normal -0 0 1
    outer loop
      vertex -13.7038 -5.379 6.11
      vertex -13.614 -11.879 6.11
      vertex -13.614 -5.379 6.11
    endloop
  endfacet
  facet normal 0 0 1
    outer loop
      vertex -13.7038 -5.379 6.11
      vertex -13.914 -11.879 6.11
      vertex -13.614 -11.879 6.11
    endloop
  endfacet
  facet normal 0 0 1
    outer loop
      vertex -13.7038 -2.379 6.11
      vertex -13.914 -11.879 6.11
      vertex -13.7038 -5.379 6.11
    endloop
  endfacet
  facet normal 0 0 -1
    outer loop
      vertex 10.611 -11.879 6.71
      vertex 10.911 26.695 6.71
      vertex 10.911 -11.879 6.71
    endloop
  endfacet
  facet normal -0 0 -1
    outer loop
      vertex 10.911 26.695 6.71
      vertex 10.611 -11.879 6.71
      vertex 10.611 26.695 6.71
    endloop
  endfacet
  facet normal -1 0 0
    outer loop
      vertex 10.911 -11.879 6.11
      vertex 10.911 26.695 6.71
      vertex 10.911 26.695 6.11
    endloop
  endfacet
  facet normal -1 -0 0
    outer loop
      vertex 10.911 26.695 6.71
      vertex 10.911 -11.879 6.11
      vertex 10.911 -11.879 6.71
    endloop
  endfacet
  facet normal -0 0 1
    outer loop
      vertex 10.611 17.195 6.11
      vertex 10.7008 -2.379 6.11
      vertex 10.7008 17.195 6.11
    endloop
  endfacet
  facet normal 0 0 1
    outer loop
      vertex 10.7008 -2.379 6.11
      vertex 10.611 17.195 6.11
      vertex 10.611 -2.379 6.11
    endloop
  endfacet
  facet normal 0 0 1
    outer loop
      vertex 10.7008 17.195 6.11
      vertex 10.911 26.695 6.11
      vertex 10.7008 20.195 6.11
    endloop
  endfacet
  facet normal -0 0 1
    outer loop
      vertex 10.611 26.695 6.11
      vertex 10.7008 20.195 6.11
      vertex 10.911 26.695 6.11
    endloop
  endfacet
  facet normal 0 0 1
    outer loop
      vertex 10.7008 20.195 6.11
      vertex 10.611 26.695 6.11
      vertex 10.611 20.195 6.11
    endloop
  endfacet
  facet normal 0 0 1
    outer loop
      vertex 10.911 26.695 6.11
      vertex 10.7008 17.195 6.11
      vertex 10.911 -11.879 6.11
    endloop
  endfacet
  facet normal -0 0 1
    outer loop
      vertex 10.7008 -2.379 6.11
      vertex 10.911 -11.879 6.11
      vertex 10.7008 17.195 6.11
    endloop
  endfacet
  facet normal -0 0 1
    outer loop
      vertex 10.7008 -5.379 6.11
      vertex 10.911 -11.879 6.11
      vertex 10.7008 -2.379 6.11
    endloop
  endfacet
  facet normal 0 0 1
    outer loop
      vertex 10.611 -11.879 6.11
      vertex 10.7008 -5.379 6.11
      vertex 10.611 -5.379 6.11
    endloop
  endfacet
  facet normal 0 0 1
    outer loop
      vertex 10.7008 -5.379 6.11
      vertex 10.611 -11.879 6.11
      vertex 10.911 -11.879 6.11
    endloop
  endfacet
  facet normal 1 -0 0
    outer loop
      vertex -13.214 26.695 6.71
      vertex -13.214 27.095 6.11
      vertex -13.214 27.095 6.71
    endloop
  endfacet
  facet normal 1 0 0
    outer loop
      vertex -13.214 27.095 6.11
      vertex -13.214 26.695 6.71
      vertex -13.214 26.695 6.11
    endloop
  endfacet
  facet normal 0 0 -1
    outer loop
      vertex 9.761 26.695 6.71
      vertex 10.211 27.095 6.71
      vertex 10.211 26.695 6.71
    endloop
  endfacet
  facet normal 0 0 -1
    outer loop
      vertex -12.764 26.695 6.71
      vertex 10.211 27.095 6.71
      vertex 9.761 26.695 6.71
    endloop
  endfacet
  facet normal 0 0 -1
    outer loop
      vertex -13.214 27.095 6.71
      vertex -12.764 26.695 6.71
      vertex -13.214 26.695 6.71
    endloop
  endfacet
  facet normal 0 0 -1
    outer loop
      vertex -12.764 26.695 6.71
      vertex -13.214 27.095 6.71
      vertex 10.211 27.095 6.71
    endloop
  endfacet
  facet normal -1 0 0
    outer loop
      vertex 10.211 26.695 6.11
      vertex 10.211 27.095 6.71
      vertex 10.211 27.095 6.11
    endloop
  endfacet
  facet normal -1 -0 0
    outer loop
      vertex 10.211 27.095 6.71
      vertex 10.211 26.695 6.11
      vertex 10.211 26.695 6.71
    endloop
  endfacet
  facet normal 0 0 1
    outer loop
      vertex 10.211 27.095 6.11
      vertex 9.761 26.695 6.11
      vertex 10.211 26.695 6.11
    endloop
  endfacet
  facet normal 0 0 1
    outer loop
      vertex 10.211 27.095 6.11
      vertex -12.764 26.695 6.11
      vertex 9.761 26.695 6.11
    endloop
  endfacet
  facet normal -0 0 1
    outer loop
      vertex -13.214 27.095 6.11
      vertex -12.764 26.695 6.11
      vertex 10.211 27.095 6.11
    endloop
  endfacet
  facet normal 0 0 1
    outer loop
      vertex -12.764 26.695 6.11
      vertex -13.214 27.095 6.11
      vertex -13.214 26.695 6.11
    endloop
  endfacet
  facet normal 0 -1 0
    outer loop
      vertex -13.214 27.095 6.11
      vertex 10.211 27.095 6.71
      vertex -13.214 27.095 6.71
    endloop
  endfacet
  facet normal 0 -1 -0
    outer loop
      vertex 10.211 27.095 6.71
      vertex -13.214 27.095 6.11
      vertex 10.211 27.095 6.11
    endloop
  endfacet
  facet normal 1 -0 0
    outer loop
      vertex -13.214 -12.279 6.71
      vertex -13.214 -11.879 6.11
      vertex -13.214 -11.879 6.71
    endloop
  endfacet
  facet normal 1 0 0
    outer loop
      vertex -13.214 -11.879 6.11
      vertex -13.214 -12.279 6.71
      vertex -13.214 -12.279 6.11
    endloop
  endfacet
  facet normal 0 0 -1
    outer loop
      vertex 10.211 -12.279 6.71
      vertex 9.761 -11.879 6.71
      vertex 10.211 -11.879 6.71
    endloop
  endfacet
  facet normal 0 0 -1
    outer loop
      vertex 10.211 -12.279 6.71
      vertex -12.764 -11.879 6.71
      vertex 9.761 -11.879 6.71
    endloop
  endfacet
  facet normal 0 0 -1
    outer loop
      vertex -13.214 -12.279 6.71
      vertex -12.764 -11.879 6.71
      vertex 10.211 -12.279 6.71
    endloop
  endfacet
  facet normal -0 0 -1
    outer loop
      vertex -12.764 -11.879 6.71
      vertex -13.214 -12.279 6.71
      vertex -13.214 -11.879 6.71
    endloop
  endfacet
  facet normal -1 0 0
    outer loop
      vertex 10.211 -12.279 6.11
      vertex 10.211 -11.879 6.71
      vertex 10.211 -11.879 6.11
    endloop
  endfacet
  facet normal -1 -0 0
    outer loop
      vertex 10.211 -11.879 6.71
      vertex 10.211 -12.279 6.11
      vertex 10.211 -12.279 6.71
    endloop
  endfacet
  facet normal -0 0 1
    outer loop
      vertex 9.761 -11.879 6.11
      vertex 10.211 -12.279 6.11
      vertex 10.211 -11.879 6.11
    endloop
  endfacet
  facet normal -0 0 1
    outer loop
      vertex -12.764 -11.879 6.11
      vertex 10.211 -12.279 6.11
      vertex 9.761 -11.879 6.11
    endloop
  endfacet
  facet normal 0 0 1
    outer loop
      vertex -13.214 -12.279 6.11
      vertex -12.764 -11.879 6.11
      vertex -13.214 -11.879 6.11
    endloop
  endfacet
  facet normal 0 0 1
    outer loop
      vertex -12.764 -11.879 6.11
      vertex -13.214 -12.279 6.11
      vertex 10.211 -12.279 6.11
    endloop
  endfacet
  facet normal 0 1 -0
    outer loop
      vertex 10.211 -12.279 6.11
      vertex -13.214 -12.279 6.71
      vertex 10.211 -12.279 6.71
    endloop
  endfacet
  facet normal 0 1 0
    outer loop
      vertex -13.214 -12.279 6.71
      vertex 10.211 -12.279 6.11
      vertex -13.214 -12.279 6.11
    endloop
  endfacet
  facet normal 0.999435 0 -0.0336201
    outer loop
      vertex 10.711 -5.379 6.21
      vertex 10.7099 -2.379 6.1773
      vertex 10.711 -2.379 6.21
    endloop
  endfacet
  facet normal 0.999435 0 -0.0336201
    outer loop
      vertex 10.7099 -2.379 6.1773
      vertex 10.711 -5.379 6.21
      vertex 10.7099 -5.379 6.1773
    endloop
  endfacet
  facet normal -0.0327042 0 -0.999465
    outer loop
      vertex 10.1783 -5.379 5.71107
      vertex 10.211 -2.379 5.71
      vertex 10.211 -5.379 5.71
    endloop
  endfacet
  facet normal -0.0327042 0 -0.999465
    outer loop
      vertex 10.211 -2.379 5.71
      vertex 10.1783 -5.379 5.71107
      vertex 10.1783 -2.379 5.71107
    endloop
  endfacet
  facet normal 0.683352 0 -0.730089
    outer loop
      vertex 10.5407 -5.379 5.83408
      vertex 10.5646 -2.379 5.85645
      vertex 10.5646 -5.379 5.85645
    endloop
  endfacet
  facet normal 0.683352 0 -0.730089
    outer loop
      vertex 10.5646 -2.379 5.85645
      vertex 10.5407 -5.379 5.83408
      vertex 10.5407 -2.379 5.83408
    endloop
  endfacet
  facet normal -0.412216 0 -0.911086
    outer loop
      vertex 9.99331 -5.379 5.76
      vertex 10.0197 -2.379 5.74806
      vertex 10.0197 -5.379 5.74806
    endloop
  endfacet
  facet normal -0.412216 0 -0.911086
    outer loop
      vertex 10.0197 -2.379 5.74806
      vertex 9.99331 -5.379 5.76
      vertex 9.99331 -2.379 5.76
    endloop
  endfacet
  facet normal 0.352598 0 -0.935775
    outer loop
      vertex 10.3717 -5.379 5.73653
      vertex 10.4023 -2.379 5.74806
      vertex 10.4023 -5.379 5.74806
    endloop
  endfacet
  facet normal 0.352598 0 -0.935775
    outer loop
      vertex 10.4023 -2.379 5.74806
      vertex 10.3717 -5.379 5.73653
      vertex 10.3717 -2.379 5.73653
    endloop
  endfacet
  facet normal 0.52769 0 -0.849437
    outer loop
      vertex 10.461 -5.379 5.77699
      vertex 10.4888 -2.379 5.79426
      vertex 10.4888 -5.379 5.79426
    endloop
  endfacet
  facet normal 0.52769 0 -0.849437
    outer loop
      vertex 10.4888 -2.379 5.79426
      vertex 10.461 -5.379 5.77699
      vertex 10.461 -2.379 5.77699
    endloop
  endfacet
  facet normal -0.935851 0 -0.352396
    outer loop
      vertex 9.74906 -5.379 6.01866
      vertex 9.73753 -2.379 6.04928
      vertex 9.74906 -2.379 6.01866
    endloop
  endfacet
  facet normal -0.935851 -0 -0.352396
    outer loop
      vertex 9.73753 -2.379 6.04928
      vertex 9.74906 -5.379 6.01866
      vertex 9.73753 -5.379 6.04928
    endloop
  endfacet
  facet normal -0.226844 0 -0.973931
    outer loop
      vertex 10.0816 -5.379 5.72704
      vertex 10.1135 -2.379 5.71961
      vertex 10.1135 -5.379 5.71961
    endloop
  endfacet
  facet normal -0.226844 0 -0.973931
    outer loop
      vertex 10.1135 -2.379 5.71961
      vertex 10.0816 -5.379 5.72704
      vertex 10.0816 -2.379 5.72704
    endloop
  endfacet
  facet normal 0.971297 0 -0.237869
    outer loop
      vertex 10.7014 -5.379 6.11245
      vertex 10.7008 -2.379 6.11
      vertex 10.7014 -2.379 6.11245
    endloop
  endfacet
  facet normal 0.971297 0 -0.237869
    outer loop
      vertex 10.7008 -2.379 6.11
      vertex 10.7014 -5.379 6.11245
      vertex 10.7008 -5.379 6.11
    endloop
  endfacet
  facet normal 0.995205 0 -0.0978089
    outer loop
      vertex 10.7099 -5.379 6.1773
      vertex 10.7067 -2.379 6.14474
      vertex 10.7099 -2.379 6.1773
    endloop
  endfacet
  facet normal 0.995205 0 -0.0978089
    outer loop
      vertex 10.7067 -2.379 6.14474
      vertex 10.7099 -5.379 6.1773
      vertex 10.7067 -5.379 6.14474
    endloop
  endfacet
  facet normal 0.814918 0 -0.579576
    outer loop
      vertex 10.611 -5.379 5.91026
      vertex 10.6077 -2.379 5.90562
      vertex 10.611 -2.379 5.91026
    endloop
  endfacet
  facet normal 0.814918 0 -0.579576
    outer loop
      vertex 10.6077 -2.379 5.90562
      vertex 10.611 -5.379 5.91026
      vertex 10.6077 -5.379 5.90562
    endloop
  endfacet
  facet normal 0.772336 0 -0.635215
    outer loop
      vertex 10.6077 -5.379 5.90562
      vertex 10.5869 -2.379 5.88033
      vertex 10.6077 -2.379 5.90562
    endloop
  endfacet
  facet normal 0.772336 0 -0.635215
    outer loop
      vertex 10.5869 -2.379 5.88033
      vertex 10.6077 -5.379 5.90562
      vertex 10.5869 -5.379 5.88033
    endloop
  endfacet
  facet normal 0.163306 0 -0.986575
    outer loop
      vertex 10.2763 -5.379 5.71428
      vertex 10.3085 -2.379 5.71961
      vertex 10.3085 -5.379 5.71961
    endloop
  endfacet
  facet normal 0.163306 0 -0.986575
    outer loop
      vertex 10.3085 -2.379 5.71961
      vertex 10.2763 -5.379 5.71428
      vertex 10.2763 -2.379 5.71428
    endloop
  endfacet
  facet normal 0.290152 0 -0.956981
    outer loop
      vertex 10.3404 -5.379 5.72704
      vertex 10.3717 -2.379 5.73653
      vertex 10.3717 -5.379 5.73653
    endloop
  endfacet
  facet normal 0.290152 0 -0.956981
    outer loop
      vertex 10.3717 -2.379 5.73653
      vertex 10.3404 -5.379 5.72704
      vertex 10.3404 -2.379 5.72704
    endloop
  endfacet
  facet normal 0.582452 0 -0.812865
    outer loop
      vertex 10.4888 -5.379 5.79426
      vertex 10.5154 -2.379 5.81332
      vertex 10.5154 -5.379 5.81332
    endloop
  endfacet
  facet normal 0.582452 0 -0.812865
    outer loop
      vertex 10.5154 -2.379 5.81332
      vertex 10.4888 -5.379 5.79426
      vertex 10.4888 -2.379 5.79426
    endloop
  endfacet
  facet normal -0.986649 0 -0.162863
    outer loop
      vertex 9.72061 -5.379 6.11245
      vertex 9.71528 -2.379 6.14474
      vertex 9.72061 -2.379 6.11245
    endloop
  endfacet
  facet normal -0.986649 -0 -0.162863
    outer loop
      vertex 9.71528 -2.379 6.14474
      vertex 9.72061 -5.379 6.11245
      vertex 9.71528 -5.379 6.14474
    endloop
  endfacet
  facet normal 0 -1 0
    outer loop
      vertex 10.611 -5.379 6.11
      vertex 10.4888 -5.379 6.62573
      vertex 10.461 -5.379 6.64301
    endloop
  endfacet
  facet normal 0 -1 0
    outer loop
      vertex 10.4888 -5.379 6.62573
      vertex 10.611 -5.379 6.11
      vertex 10.5154 -5.379 6.60668
    endloop
  endfacet
  facet normal 0 -1 0
    outer loop
      vertex 10.5154 -5.379 6.60668
      vertex 10.611 -5.379 6.11
      vertex 10.5407 -5.379 6.58592
    endloop
  endfacet
  facet normal 0 -1 0
    outer loop
      vertex 10.5407 -5.379 6.58592
      vertex 10.611 -5.379 6.11
      vertex 10.5646 -5.379 6.56355
    endloop
  endfacet
  facet normal 0 -1 0
    outer loop
      vertex 10.5646 -5.379 6.56355
      vertex 10.611 -5.379 6.11
      vertex 10.5869 -5.379 6.53967
    endloop
  endfacet
  facet normal 0 -1 0
    outer loop
      vertex 10.5869 -5.379 6.53967
      vertex 10.611 -5.379 6.11
      vertex 10.6077 -5.379 6.51438
    endloop
  endfacet
  facet normal 0 -1 0
    outer loop
      vertex 10.6077 -5.379 6.51438
      vertex 10.611 -5.379 6.11
      vertex 10.6267 -5.379 6.48778
    endloop
  endfacet
  facet normal 0 -1 -0
    outer loop
      vertex 10.6267 -5.379 6.48778
      vertex 10.611 -5.379 6.11
      vertex 10.644 -5.379 6.46
    endloop
  endfacet
  facet normal 0 -1 -0
    outer loop
      vertex 10.644 -5.379 6.46
      vertex 10.611 -5.379 6.11
      vertex 10.6594 -5.379 6.43114
    endloop
  endfacet
  facet normal 0 -1 -0
    outer loop
      vertex 10.6594 -5.379 6.43114
      vertex 10.611 -5.379 6.11
      vertex 10.6729 -5.379 6.40134
    endloop
  endfacet
  facet normal 0 -1 -0
    outer loop
      vertex 10.6729 -5.379 6.40134
      vertex 10.611 -5.379 6.11
      vertex 10.6845 -5.379 6.37072
    endloop
  endfacet
  facet normal 0 -1 -0
    outer loop
      vertex 10.6845 -5.379 6.37072
      vertex 10.611 -5.379 6.11
      vertex 10.694 -5.379 6.33941
    endloop
  endfacet
  facet normal 0 -1 -0
    outer loop
      vertex 10.694 -5.379 6.33941
      vertex 10.611 -5.379 6.11
      vertex 10.7014 -5.379 6.30754
    endloop
  endfacet
  facet normal 0 -1 -0
    outer loop
      vertex 10.7014 -5.379 6.30754
      vertex 10.611 -5.379 6.11
      vertex 10.7067 -5.379 6.27526
    endloop
  endfacet
  facet normal 0 -1 -0
    outer loop
      vertex 10.7067 -5.379 6.27526
      vertex 10.611 -5.379 6.11
      vertex 10.7099 -5.379 6.2427
    endloop
  endfacet
  facet normal 0 -1 -0
    outer loop
      vertex 10.7099 -5.379 6.2427
      vertex 10.611 -5.379 6.11
      vertex 10.711 -5.379 6.21
    endloop
  endfacet
  facet normal 0 -1 0
    outer loop
      vertex 10.711 -5.379 6.21
      vertex 10.611 -5.379 6.11
      vertex 10.7099 -5.379 6.1773
    endloop
  endfacet
  facet normal 0 -1 0
    outer loop
      vertex 10.7099 -5.379 6.1773
      vertex 10.611 -5.379 6.11
      vertex 10.7067 -5.379 6.14474
    endloop
  endfacet
  facet normal 0 -1 0
    outer loop
      vertex 10.7067 -5.379 6.14474
      vertex 10.611 -5.379 6.11
      vertex 10.7014 -5.379 6.11245
    endloop
  endfacet
  facet normal 0 -1 0
    outer loop
      vertex 10.461 -5.379 5.77699
      vertex 10.611 -5.379 6.11
      vertex 10.461 -5.379 6.64301
    endloop
  endfacet
  facet normal -0 -1 0
    outer loop
      vertex 10.6077 -5.379 5.90562
      vertex 10.611 -5.379 6.11
      vertex 10.5869 -5.379 5.88033
    endloop
  endfacet
  facet normal 0 -1 -0
    outer loop
      vertex 10.611 -5.379 6.11
      vertex 10.6077 -5.379 5.90562
      vertex 10.611 -5.379 5.91026
    endloop
  endfacet
  facet normal 0 -1 0
    outer loop
      vertex 10.611 -5.379 6.11
      vertex 10.5646 -5.379 5.85645
      vertex 10.5869 -5.379 5.88033
    endloop
  endfacet
  facet normal 0 -1 0
    outer loop
      vertex 10.611 -5.379 6.11
      vertex 10.5407 -5.379 5.83408
      vertex 10.5646 -5.379 5.85645
    endloop
  endfacet
  facet normal 0 -1 0
    outer loop
      vertex 10.611 -5.379 6.11
      vertex 10.5154 -5.379 5.81332
      vertex 10.5407 -5.379 5.83408
    endloop
  endfacet
  facet normal 0 -1 0
    outer loop
      vertex 10.611 -5.379 6.11
      vertex 10.4888 -5.379 5.79426
      vertex 10.5154 -5.379 5.81332
    endloop
  endfacet
  facet normal 0 -1 0
    outer loop
      vertex 10.611 -5.379 6.11
      vertex 10.461 -5.379 5.77699
      vertex 10.4888 -5.379 5.79426
    endloop
  endfacet
  facet normal 0 -1 0
    outer loop
      vertex 10.7014 -5.379 6.11245
      vertex 10.611 -5.379 6.11
      vertex 10.7008 -5.379 6.11
    endloop
  endfacet
  facet normal 0 -1 0
    outer loop
      vertex 10.0197 -5.379 5.74806
      vertex 10.4287 -5.379 5.76
      vertex 9.99331 -5.379 5.76
    endloop
  endfacet
  facet normal 0 -1 0
    outer loop
      vertex 10.0197 -5.379 5.74806
      vertex 10.4023 -5.379 5.74806
      vertex 10.4287 -5.379 5.76
    endloop
  endfacet
  facet normal 0 -1 0
    outer loop
      vertex 10.0503 -5.379 5.73653
      vertex 10.4023 -5.379 5.74806
      vertex 10.0197 -5.379 5.74806
    endloop
  endfacet
  facet normal 0 -1 0
    outer loop
      vertex 10.0503 -5.379 5.73653
      vertex 10.3717 -5.379 5.73653
      vertex 10.4023 -5.379 5.74806
    endloop
  endfacet
  facet normal 0 -1 0
    outer loop
      vertex 10.0816 -5.379 5.72704
      vertex 10.3717 -5.379 5.73653
      vertex 10.0503 -5.379 5.73653
    endloop
  endfacet
  facet normal 0 -1 0
    outer loop
      vertex 10.0816 -5.379 5.72704
      vertex 10.3404 -5.379 5.72704
      vertex 10.3717 -5.379 5.73653
    endloop
  endfacet
  facet normal 0 -1 0
    outer loop
      vertex 10.1135 -5.379 5.71961
      vertex 10.3404 -5.379 5.72704
      vertex 10.0816 -5.379 5.72704
    endloop
  endfacet
  facet normal 0 -1 0
    outer loop
      vertex 10.1135 -5.379 5.71961
      vertex 10.3085 -5.379 5.71961
      vertex 10.3404 -5.379 5.72704
    endloop
  endfacet
  facet normal 0 -1 0
    outer loop
      vertex 10.1457 -5.379 5.71428
      vertex 10.3085 -5.379 5.71961
      vertex 10.1135 -5.379 5.71961
    endloop
  endfacet
  facet normal 0 -1 0
    outer loop
      vertex 10.1457 -5.379 5.71428
      vertex 10.2763 -5.379 5.71428
      vertex 10.3085 -5.379 5.71961
    endloop
  endfacet
  facet normal 0 -1 0
    outer loop
      vertex 10.1783 -5.379 5.71107
      vertex 10.2763 -5.379 5.71428
      vertex 10.1457 -5.379 5.71428
    endloop
  endfacet
  facet normal 0 -1 0
    outer loop
      vertex 10.1783 -5.379 5.71107
      vertex 10.2437 -5.379 5.71107
      vertex 10.2763 -5.379 5.71428
    endloop
  endfacet
  facet normal -0 -1 0
    outer loop
      vertex 10.2437 -5.379 5.71107
      vertex 10.1783 -5.379 5.71107
      vertex 10.211 -5.379 5.71
    endloop
  endfacet
  facet normal 0 -1 0
    outer loop
      vertex 9.73753 -5.379 6.37072
      vertex 9.761 -5.379 6.42769
      vertex 9.74906 -5.379 6.40134
    endloop
  endfacet
  facet normal 0 -1 0
    outer loop
      vertex 9.72804 -5.379 6.33941
      vertex 9.761 -5.379 6.42769
      vertex 9.73753 -5.379 6.37072
    endloop
  endfacet
  facet normal 0 -1 0
    outer loop
      vertex 9.72061 -5.379 6.30754
      vertex 9.761 -5.379 6.42769
      vertex 9.72804 -5.379 6.33941
    endloop
  endfacet
  facet normal 0 -1 0
    outer loop
      vertex 9.71528 -5.379 6.27526
      vertex 9.761 -5.379 6.42769
      vertex 9.72061 -5.379 6.30754
    endloop
  endfacet
  facet normal 0 -1 0
    outer loop
      vertex 9.71207 -5.379 6.2427
      vertex 9.761 -5.379 6.42769
      vertex 9.71528 -5.379 6.27526
    endloop
  endfacet
  facet normal 0 -1 0
    outer loop
      vertex 9.711 -5.379 6.21
      vertex 9.761 -5.379 6.42769
      vertex 9.71207 -5.379 6.2427
    endloop
  endfacet
  facet normal 0 -1 0
    outer loop
      vertex 9.71207 -5.379 6.1773
      vertex 9.761 -5.379 6.42769
      vertex 9.711 -5.379 6.21
    endloop
  endfacet
  facet normal 0 -1 0
    outer loop
      vertex 9.71528 -5.379 6.14474
      vertex 9.761 -5.379 6.42769
      vertex 9.71207 -5.379 6.1773
    endloop
  endfacet
  facet normal 0 -1 0
    outer loop
      vertex 9.72061 -5.379 6.11245
      vertex 9.761 -5.379 6.42769
      vertex 9.71528 -5.379 6.14474
    endloop
  endfacet
  facet normal 0 -1 0
    outer loop
      vertex 9.72804 -5.379 6.08059
      vertex 9.761 -5.379 6.42769
      vertex 9.72061 -5.379 6.11245
    endloop
  endfacet
  facet normal 0 -1 0
    outer loop
      vertex 9.73753 -5.379 6.04928
      vertex 9.761 -5.379 6.42769
      vertex 9.72804 -5.379 6.08059
    endloop
  endfacet
  facet normal 0 -1 0
    outer loop
      vertex 9.74906 -5.379 6.01866
      vertex 9.761 -5.379 6.42769
      vertex 9.73753 -5.379 6.04928
    endloop
  endfacet
  facet normal 0 -1 -0
    outer loop
      vertex 9.761 -5.379 6.42769
      vertex 9.74906 -5.379 6.01866
      vertex 9.761 -5.379 5.99231
    endloop
  endfacet
  facet normal 0 1 0
    outer loop
      vertex 10.611 -2.379 6.11
      vertex 10.4888 -2.379 6.62573
      vertex 10.5154 -2.379 6.60668
    endloop
  endfacet
  facet normal 0 1 0
    outer loop
      vertex 10.611 -2.379 6.11
      vertex 10.5154 -2.379 6.60668
      vertex 10.5407 -2.379 6.58592
    endloop
  endfacet
  facet normal 0 1 0
    outer loop
      vertex 10.611 -2.379 6.11
      vertex 10.5407 -2.379 6.58592
      vertex 10.5646 -2.379 6.56355
    endloop
  endfacet
  facet normal 0 1 0
    outer loop
      vertex 10.611 -2.379 6.11
      vertex 10.5646 -2.379 6.56355
      vertex 10.5869 -2.379 6.53967
    endloop
  endfacet
  facet normal 0 1 0
    outer loop
      vertex 10.611 -2.379 6.11
      vertex 10.5869 -2.379 6.53967
      vertex 10.6077 -2.379 6.51438
    endloop
  endfacet
  facet normal 0 1 -0
    outer loop
      vertex 10.611 -2.379 6.11
      vertex 10.6077 -2.379 6.51438
      vertex 10.6267 -2.379 6.48778
    endloop
  endfacet
  facet normal 0 1 0
    outer loop
      vertex 10.611 -2.379 6.11
      vertex 10.6267 -2.379 6.48778
      vertex 10.644 -2.379 6.46
    endloop
  endfacet
  facet normal 0 1 0
    outer loop
      vertex 10.611 -2.379 6.11
      vertex 10.644 -2.379 6.46
      vertex 10.6594 -2.379 6.43114
    endloop
  endfacet
  facet normal 0 1 0
    outer loop
      vertex 10.611 -2.379 6.11
      vertex 10.6594 -2.379 6.43114
      vertex 10.6729 -2.379 6.40134
    endloop
  endfacet
  facet normal 0 1 0
    outer loop
      vertex 10.611 -2.379 6.11
      vertex 10.6729 -2.379 6.40134
      vertex 10.6845 -2.379 6.37072
    endloop
  endfacet
  facet normal 0 1 0
    outer loop
      vertex 10.611 -2.379 6.11
      vertex 10.6845 -2.379 6.37072
      vertex 10.694 -2.379 6.33941
    endloop
  endfacet
  facet normal 0 1 0
    outer loop
      vertex 10.611 -2.379 6.11
      vertex 10.694 -2.379 6.33941
      vertex 10.7014 -2.379 6.30754
    endloop
  endfacet
  facet normal 0 1 0
    outer loop
      vertex 10.611 -2.379 6.11
      vertex 10.7014 -2.379 6.30754
      vertex 10.7067 -2.379 6.27526
    endloop
  endfacet
  facet normal 0 1 0
    outer loop
      vertex 10.611 -2.379 6.11
      vertex 10.7067 -2.379 6.27526
      vertex 10.7099 -2.379 6.2427
    endloop
  endfacet
  facet normal 0 1 0
    outer loop
      vertex 10.611 -2.379 6.11
      vertex 10.7099 -2.379 6.2427
      vertex 10.711 -2.379 6.21
    endloop
  endfacet
  facet normal 0 1 0
    outer loop
      vertex 10.611 -2.379 6.11
      vertex 10.711 -2.379 6.21
      vertex 10.7099 -2.379 6.1773
    endloop
  endfacet
  facet normal 0 1 0
    outer loop
      vertex 10.611 -2.379 6.11
      vertex 10.7099 -2.379 6.1773
      vertex 10.7067 -2.379 6.14474
    endloop
  endfacet
  facet normal 0 1 0
    outer loop
      vertex 10.611 -2.379 6.11
      vertex 10.7067 -2.379 6.14474
      vertex 10.7014 -2.379 6.11245
    endloop
  endfacet
  facet normal 0 1 0
    outer loop
      vertex 10.611 -2.379 6.11
      vertex 10.7014 -2.379 6.11245
      vertex 10.7008 -2.379 6.11
    endloop
  endfacet
  facet normal 0 1 0
    outer loop
      vertex 10.4888 -2.379 6.62573
      vertex 10.611 -2.379 6.11
      vertex 10.461 -2.379 6.64301
    endloop
  endfacet
  facet normal 0 1 0
    outer loop
      vertex 10.6077 -2.379 5.90562
      vertex 10.611 -2.379 6.11
      vertex 10.611 -2.379 5.91026
    endloop
  endfacet
  facet normal 0 1 0
    outer loop
      vertex 10.611 -2.379 6.11
      vertex 10.6077 -2.379 5.90562
      vertex 10.5869 -2.379 5.88033
    endloop
  endfacet
  facet normal 0 1 0
    outer loop
      vertex 10.5646 -2.379 5.85645
      vertex 10.611 -2.379 6.11
      vertex 10.5869 -2.379 5.88033
    endloop
  endfacet
  facet normal 0 1 0
    outer loop
      vertex 10.5407 -2.379 5.83408
      vertex 10.611 -2.379 6.11
      vertex 10.5646 -2.379 5.85645
    endloop
  endfacet
  facet normal 0 1 0
    outer loop
      vertex 10.5154 -2.379 5.81332
      vertex 10.611 -2.379 6.11
      vertex 10.5407 -2.379 5.83408
    endloop
  endfacet
  facet normal 0 1 0
    outer loop
      vertex 10.4888 -2.379 5.79426
      vertex 10.611 -2.379 6.11
      vertex 10.5154 -2.379 5.81332
    endloop
  endfacet
  facet normal 0 1 0
    outer loop
      vertex 10.461 -2.379 5.77699
      vertex 10.611 -2.379 6.11
      vertex 10.4888 -2.379 5.79426
    endloop
  endfacet
  facet normal 0 1 0
    outer loop
      vertex 10.611 -2.379 6.11
      vertex 10.461 -2.379 5.77699
      vertex 10.461 -2.379 6.64301
    endloop
  endfacet
  facet normal 0 1 -0
    outer loop
      vertex 10.4023 -2.379 5.74806
      vertex 9.99331 -2.379 5.76
      vertex 10.4287 -2.379 5.76
    endloop
  endfacet
  facet normal 0 1 0
    outer loop
      vertex 10.4023 -2.379 5.74806
      vertex 10.0197 -2.379 5.74806
      vertex 9.99331 -2.379 5.76
    endloop
  endfacet
  facet normal 0 1 -0
    outer loop
      vertex 10.3717 -2.379 5.73653
      vertex 10.0197 -2.379 5.74806
      vertex 10.4023 -2.379 5.74806
    endloop
  endfacet
  facet normal 0 1 0
    outer loop
      vertex 10.3717 -2.379 5.73653
      vertex 10.0503 -2.379 5.73653
      vertex 10.0197 -2.379 5.74806
    endloop
  endfacet
  facet normal 0 1 -0
    outer loop
      vertex 10.3404 -2.379 5.72704
      vertex 10.0503 -2.379 5.73653
      vertex 10.3717 -2.379 5.73653
    endloop
  endfacet
  facet normal 0 1 0
    outer loop
      vertex 10.3404 -2.379 5.72704
      vertex 10.0816 -2.379 5.72704
      vertex 10.0503 -2.379 5.73653
    endloop
  endfacet
  facet normal 0 1 -0
    outer loop
      vertex 10.3085 -2.379 5.71961
      vertex 10.0816 -2.379 5.72704
      vertex 10.3404 -2.379 5.72704
    endloop
  endfacet
  facet normal 0 1 0
    outer loop
      vertex 10.3085 -2.379 5.71961
      vertex 10.1135 -2.379 5.71961
      vertex 10.0816 -2.379 5.72704
    endloop
  endfacet
  facet normal 0 1 -0
    outer loop
      vertex 10.2763 -2.379 5.71428
      vertex 10.1135 -2.379 5.71961
      vertex 10.3085 -2.379 5.71961
    endloop
  endfacet
  facet normal 0 1 0
    outer loop
      vertex 10.2763 -2.379 5.71428
      vertex 10.1457 -2.379 5.71428
      vertex 10.1135 -2.379 5.71961
    endloop
  endfacet
  facet normal 0 1 -0
    outer loop
      vertex 10.2437 -2.379 5.71107
      vertex 10.1457 -2.379 5.71428
      vertex 10.2763 -2.379 5.71428
    endloop
  endfacet
  facet normal 0 1 0
    outer loop
      vertex 10.2437 -2.379 5.71107
      vertex 10.1783 -2.379 5.71107
      vertex 10.1457 -2.379 5.71428
    endloop
  endfacet
  facet normal -0 1 0
    outer loop
      vertex 10.1783 -2.379 5.71107
      vertex 10.2437 -2.379 5.71107
      vertex 10.211 -2.379 5.71
    endloop
  endfacet
  facet normal 0 1 0
    outer loop
      vertex 9.761 -2.379 6.42769
      vertex 9.73753 -2.379 6.37072
      vertex 9.74906 -2.379 6.40134
    endloop
  endfacet
  facet normal 0 1 0
    outer loop
      vertex 9.761 -2.379 6.42769
      vertex 9.72804 -2.379 6.33941
      vertex 9.73753 -2.379 6.37072
    endloop
  endfacet
  facet normal 0 1 0
    outer loop
      vertex 9.761 -2.379 6.42769
      vertex 9.72061 -2.379 6.30754
      vertex 9.72804 -2.379 6.33941
    endloop
  endfacet
  facet normal 0 1 0
    outer loop
      vertex 9.761 -2.379 6.42769
      vertex 9.71528 -2.379 6.27526
      vertex 9.72061 -2.379 6.30754
    endloop
  endfacet
  facet normal 0 1 0
    outer loop
      vertex 9.761 -2.379 6.42769
      vertex 9.71207 -2.379 6.2427
      vertex 9.71528 -2.379 6.27526
    endloop
  endfacet
  facet normal 0 1 0
    outer loop
      vertex 9.761 -2.379 6.42769
      vertex 9.711 -2.379 6.21
      vertex 9.71207 -2.379 6.2427
    endloop
  endfacet
  facet normal 0 1 0
    outer loop
      vertex 9.761 -2.379 6.42769
      vertex 9.71207 -2.379 6.1773
      vertex 9.711 -2.379 6.21
    endloop
  endfacet
  facet normal 0 1 0
    outer loop
      vertex 9.761 -2.379 6.42769
      vertex 9.71528 -2.379 6.14474
      vertex 9.71207 -2.379 6.1773
    endloop
  endfacet
  facet normal 0 1 0
    outer loop
      vertex 9.761 -2.379 6.42769
      vertex 9.72061 -2.379 6.11245
      vertex 9.71528 -2.379 6.14474
    endloop
  endfacet
  facet normal 0 1 0
    outer loop
      vertex 9.761 -2.379 6.42769
      vertex 9.72804 -2.379 6.08059
      vertex 9.72061 -2.379 6.11245
    endloop
  endfacet
  facet normal 0 1 0
    outer loop
      vertex 9.761 -2.379 6.42769
      vertex 9.73753 -2.379 6.04928
      vertex 9.72804 -2.379 6.08059
    endloop
  endfacet
  facet normal 0 1 0
    outer loop
      vertex 9.761 -2.379 6.42769
      vertex 9.74906 -2.379 6.01866
      vertex 9.73753 -2.379 6.04928
    endloop
  endfacet
  facet normal -0 1 0
    outer loop
      vertex 9.74906 -2.379 6.01866
      vertex 9.761 -2.379 6.42769
      vertex 9.761 -2.379 5.99231
    endloop
  endfacet
  facet normal -0.290152 0 -0.956981
    outer loop
      vertex 10.0503 -5.379 5.73653
      vertex 10.0816 -2.379 5.72704
      vertex 10.0816 -5.379 5.72704
    endloop
  endfacet
  facet normal -0.290152 0 -0.956981
    outer loop
      vertex 10.0816 -2.379 5.72704
      vertex 10.0503 -5.379 5.73653
      vertex 10.0503 -2.379 5.73653
    endloop
  endfacet
  facet normal -0.0979924 0 -0.995187
    outer loop
      vertex 10.1457 -5.379 5.71428
      vertex 10.1783 -2.379 5.71107
      vertex 10.1783 -5.379 5.71107
    endloop
  endfacet
  facet normal -0.0979924 0 -0.995187
    outer loop
      vertex 10.1783 -2.379 5.71107
      vertex 10.1457 -5.379 5.71428
      vertex 10.1457 -2.379 5.71428
    endloop
  endfacet
  facet normal 0.882251 -0 0.470779
    outer loop
      vertex 10.644 -5.379 6.46
      vertex 10.6594 -2.379 6.43114
      vertex 10.644 -2.379 6.46
    endloop
  endfacet
  facet normal 0.882251 0 0.470779
    outer loop
      vertex 10.6594 -2.379 6.43114
      vertex 10.644 -5.379 6.46
      vertex 10.6594 -5.379 6.43114
    endloop
  endfacet
  facet normal 0.995205 -0 0.0978089
    outer loop
      vertex 10.7067 -5.379 6.27526
      vertex 10.7099 -2.379 6.2427
      vertex 10.7067 -2.379 6.27526
    endloop
  endfacet
  facet normal 0.995205 0 0.0978089
    outer loop
      vertex 10.7099 -2.379 6.2427
      vertex 10.7067 -5.379 6.27526
      vertex 10.7099 -5.379 6.2427
    endloop
  endfacet
  facet normal -0.995175 0 0.0981116
    outer loop
      vertex 9.71207 -5.379 6.2427
      vertex 9.71528 -2.379 6.27526
      vertex 9.71207 -2.379 6.2427
    endloop
  endfacet
  facet normal -0.995175 0 0.0981116
    outer loop
      vertex 9.71528 -2.379 6.27526
      vertex 9.71207 -5.379 6.2427
      vertex 9.71528 -5.379 6.27526
    endloop
  endfacet
  facet normal 0.986796 0 -0.16197
    outer loop
      vertex 10.7067 -5.379 6.14474
      vertex 10.7014 -2.379 6.11245
      vertex 10.7067 -2.379 6.14474
    endloop
  endfacet
  facet normal 0.986796 0 -0.16197
    outer loop
      vertex 10.7014 -2.379 6.11245
      vertex 10.7067 -5.379 6.14474
      vertex 10.7014 -5.379 6.11245
    endloop
  endfacet
  facet normal 0.730872 0 -0.682515
    outer loop
      vertex 10.5869 -5.379 5.88033
      vertex 10.5646 -2.379 5.85645
      vertex 10.5869 -2.379 5.88033
    endloop
  endfacet
  facet normal 0.730872 0 -0.682515
    outer loop
      vertex 10.5646 -2.379 5.85645
      vertex 10.5869 -5.379 5.88033
      vertex 10.5646 -5.379 5.85645
    endloop
  endfacet
  facet normal 0.226844 0 -0.973931
    outer loop
      vertex 10.3085 -5.379 5.71961
      vertex 10.3404 -2.379 5.72704
      vertex 10.3404 -5.379 5.72704
    endloop
  endfacet
  facet normal 0.226844 0 -0.973931
    outer loop
      vertex 10.3404 -2.379 5.72704
      vertex 10.3085 -5.379 5.71961
      vertex 10.3085 -2.379 5.71961
    endloop
  endfacet
  facet normal 0.0979924 0 -0.995187
    outer loop
      vertex 10.2437 -5.379 5.71107
      vertex 10.2763 -2.379 5.71428
      vertex 10.2763 -5.379 5.71428
    endloop
  endfacet
  facet normal 0.0979924 0 -0.995187
    outer loop
      vertex 10.2763 -2.379 5.71428
      vertex 10.2437 -5.379 5.71107
      vertex 10.2437 -2.379 5.71107
    endloop
  endfacet
  facet normal 0.0327042 0 -0.999465
    outer loop
      vertex 10.211 -5.379 5.71
      vertex 10.2437 -2.379 5.71107
      vertex 10.2437 -5.379 5.71107
    endloop
  endfacet
  facet normal 0.0327042 0 -0.999465
    outer loop
      vertex 10.2437 -2.379 5.71107
      vertex 10.211 -5.379 5.71
      vertex 10.211 -2.379 5.71
    endloop
  endfacet
  facet normal 0.412086 0 -0.911145
    outer loop
      vertex 10.4023 -5.379 5.74806
      vertex 10.4287 -2.379 5.76
      vertex 10.4287 -5.379 5.76
    endloop
  endfacet
  facet normal 0.412086 0 -0.911145
    outer loop
      vertex 10.4287 -2.379 5.76
      vertex 10.4023 -5.379 5.74806
      vertex 10.4023 -2.379 5.74806
    endloop
  endfacet
  facet normal 0.634335 0 -0.773058
    outer loop
      vertex 10.5154 -5.379 5.81332
      vertex 10.5407 -2.379 5.83408
      vertex 10.5407 -5.379 5.83408
    endloop
  endfacet
  facet normal 0.634335 0 -0.773058
    outer loop
      vertex 10.5407 -2.379 5.83408
      vertex 10.5154 -5.379 5.81332
      vertex 10.5154 -2.379 5.81332
    endloop
  endfacet
  facet normal -0.910851 0 -0.412735
    outer loop
      vertex 9.761 -5.379 5.99231
      vertex 9.74906 -2.379 6.01866
      vertex 9.761 -2.379 5.99231
    endloop
  endfacet
  facet normal -0.910851 -0 -0.412735
    outer loop
      vertex 9.74906 -2.379 6.01866
      vertex 9.761 -5.379 5.99231
      vertex 9.74906 -5.379 6.01866
    endloop
  endfacet
  facet normal -0.973868 0 -0.227114
    outer loop
      vertex 9.72804 -5.379 6.08059
      vertex 9.72061 -2.379 6.11245
      vertex 9.72804 -2.379 6.08059
    endloop
  endfacet
  facet normal -0.973868 -0 -0.227114
    outer loop
      vertex 9.72061 -2.379 6.11245
      vertex 9.72804 -5.379 6.08059
      vertex 9.72061 -5.379 6.11245
    endloop
  endfacet
  facet normal -0.957006 0 -0.290067
    outer loop
      vertex 9.73753 -5.379 6.04928
      vertex 9.72804 -2.379 6.08059
      vertex 9.73753 -2.379 6.04928
    endloop
  endfacet
  facet normal -0.957006 -0 -0.290067
    outer loop
      vertex 9.72804 -2.379 6.08059
      vertex 9.73753 -5.379 6.04928
      vertex 9.72804 -5.379 6.08059
    endloop
  endfacet
  facet normal -0.995175 0 -0.0981116
    outer loop
      vertex 9.71528 -5.379 6.14474
      vertex 9.71207 -2.379 6.1773
      vertex 9.71528 -2.379 6.14474
    endloop
  endfacet
  facet normal -0.995175 -0 -0.0981116
    outer loop
      vertex 9.71207 -2.379 6.1773
      vertex 9.71528 -5.379 6.14474
      vertex 9.71207 -5.379 6.1773
    endloop
  endfacet
  facet normal -0.999465 0 -0.0327042
    outer loop
      vertex 9.71207 -5.379 6.1773
      vertex 9.711 -2.379 6.21
      vertex 9.71207 -2.379 6.1773
    endloop
  endfacet
  facet normal -0.999465 -0 -0.0327042
    outer loop
      vertex 9.711 -2.379 6.21
      vertex 9.71207 -5.379 6.1773
      vertex 9.711 -5.379 6.21
    endloop
  endfacet
  facet normal -0.999465 0 0.0327042
    outer loop
      vertex 9.711 -5.379 6.21
      vertex 9.71207 -2.379 6.2427
      vertex 9.711 -2.379 6.21
    endloop
  endfacet
  facet normal -0.999465 0 0.0327042
    outer loop
      vertex 9.71207 -2.379 6.2427
      vertex 9.711 -5.379 6.21
      vertex 9.71207 -5.379 6.2427
    endloop
  endfacet
  facet normal -0.352598 0 -0.935775
    outer loop
      vertex 10.0197 -5.379 5.74806
      vertex 10.0503 -2.379 5.73653
      vertex 10.0503 -5.379 5.73653
    endloop
  endfacet
  facet normal -0.352598 0 -0.935775
    outer loop
      vertex 10.0503 -2.379 5.73653
      vertex 10.0197 -5.379 5.74806
      vertex 10.0197 -2.379 5.74806
    endloop
  endfacet
  facet normal -0.163306 0 -0.986575
    outer loop
      vertex 10.1135 -5.379 5.71961
      vertex 10.1457 -2.379 5.71428
      vertex 10.1457 -5.379 5.71428
    endloop
  endfacet
  facet normal -0.163306 0 -0.986575
    outer loop
      vertex 10.1457 -2.379 5.71428
      vertex 10.1135 -5.379 5.71961
      vertex 10.1135 -2.379 5.71961
    endloop
  endfacet
  facet normal 0.999435 -0 0.0336201
    outer loop
      vertex 10.7099 -5.379 6.2427
      vertex 10.711 -2.379 6.21
      vertex 10.7099 -2.379 6.2427
    endloop
  endfacet
  facet normal 0.999435 0 0.0336201
    outer loop
      vertex 10.711 -2.379 6.21
      vertex 10.7099 -5.379 6.2427
      vertex 10.711 -5.379 6.21
    endloop
  endfacet
  facet normal 0.634335 0 0.773058
    outer loop
      vertex 10.5154 -2.379 6.60668
      vertex 10.5407 -5.379 6.58592
      vertex 10.5407 -2.379 6.58592
    endloop
  endfacet
  facet normal 0.634335 0 0.773058
    outer loop
      vertex 10.5407 -5.379 6.58592
      vertex 10.5154 -2.379 6.60668
      vertex 10.5154 -5.379 6.60668
    endloop
  endfacet
  facet normal 0.730872 -0 0.682515
    outer loop
      vertex 10.5646 -5.379 6.56355
      vertex 10.5869 -2.379 6.53967
      vertex 10.5646 -2.379 6.56355
    endloop
  endfacet
  facet normal 0.730872 0 0.682515
    outer loop
      vertex 10.5869 -2.379 6.53967
      vertex 10.5646 -5.379 6.56355
      vertex 10.5869 -5.379 6.53967
    endloop
  endfacet
  facet normal 0.58225 0 0.81301
    outer loop
      vertex 10.4888 -2.379 6.62573
      vertex 10.5154 -5.379 6.60668
      vertex 10.5154 -2.379 6.60668
    endloop
  endfacet
  facet normal 0.58225 0 0.81301
    outer loop
      vertex 10.5154 -5.379 6.60668
      vertex 10.4888 -2.379 6.62573
      vertex 10.4888 -5.379 6.62573
    endloop
  endfacet
  facet normal 0.772336 -0 0.635215
    outer loop
      vertex 10.5869 -5.379 6.53967
      vertex 10.6077 -2.379 6.51438
      vertex 10.5869 -2.379 6.53967
    endloop
  endfacet
  facet normal 0.772336 0 0.635215
    outer loop
      vertex 10.6077 -2.379 6.51438
      vertex 10.5869 -5.379 6.53967
      vertex 10.6077 -5.379 6.51438
    endloop
  endfacet
  facet normal 0.848856 -0 0.528625
    outer loop
      vertex 10.6267 -5.379 6.48778
      vertex 10.644 -2.379 6.46
      vertex 10.6267 -2.379 6.48778
    endloop
  endfacet
  facet normal 0.848856 0 0.528625
    outer loop
      vertex 10.644 -2.379 6.46
      vertex 10.6267 -5.379 6.48778
      vertex 10.644 -5.379 6.46
    endloop
  endfacet
  facet normal 0.910889 -0 0.412651
    outer loop
      vertex 10.6594 -5.379 6.43114
      vertex 10.6729 -2.379 6.40134
      vertex 10.6594 -2.379 6.43114
    endloop
  endfacet
  facet normal 0.910889 0 0.412651
    outer loop
      vertex 10.6729 -2.379 6.40134
      vertex 10.6594 -5.379 6.43114
      vertex 10.6729 -5.379 6.40134
    endloop
  endfacet
  facet normal 0.956922 -0 0.290347
    outer loop
      vertex 10.6845 -5.379 6.37072
      vertex 10.694 -2.379 6.33941
      vertex 10.6845 -2.379 6.37072
    endloop
  endfacet
  facet normal 0.956922 0 0.290347
    outer loop
      vertex 10.694 -2.379 6.33941
      vertex 10.6845 -5.379 6.37072
      vertex 10.694 -5.379 6.33941
    endloop
  endfacet
  facet normal 0.986788 -0 0.162019
    outer loop
      vertex 10.7014 -5.379 6.30754
      vertex 10.7067 -2.379 6.27526
      vertex 10.7014 -2.379 6.30754
    endloop
  endfacet
  facet normal 0.986788 0 0.162019
    outer loop
      vertex 10.7067 -2.379 6.27526
      vertex 10.7014 -5.379 6.30754
      vertex 10.7067 -5.379 6.27526
    endloop
  endfacet
  facet normal -0.910851 0 0.412735
    outer loop
      vertex 9.74906 -5.379 6.40134
      vertex 9.761 -2.379 6.42769
      vertex 9.74906 -2.379 6.40134
    endloop
  endfacet
  facet normal -0.910851 0 0.412735
    outer loop
      vertex 9.761 -2.379 6.42769
      vertex 9.74906 -5.379 6.40134
      vertex 9.761 -5.379 6.42769
    endloop
  endfacet
  facet normal -0.957006 0 0.290067
    outer loop
      vertex 9.72804 -5.379 6.33941
      vertex 9.73753 -2.379 6.37072
      vertex 9.72804 -2.379 6.33941
    endloop
  endfacet
  facet normal -0.957006 0 0.290067
    outer loop
      vertex 9.73753 -2.379 6.37072
      vertex 9.72804 -5.379 6.33941
      vertex 9.73753 -5.379 6.37072
    endloop
  endfacet
  facet normal -0.935851 0 0.352396
    outer loop
      vertex 9.73753 -5.379 6.37072
      vertex 9.74906 -2.379 6.40134
      vertex 9.73753 -2.379 6.37072
    endloop
  endfacet
  facet normal -0.935851 0 0.352396
    outer loop
      vertex 9.74906 -2.379 6.40134
      vertex 9.73753 -5.379 6.37072
      vertex 9.74906 -5.379 6.40134
    endloop
  endfacet
  facet normal -0.986641 0 0.162912
    outer loop
      vertex 9.71528 -5.379 6.27526
      vertex 9.72061 -2.379 6.30754
      vertex 9.71528 -2.379 6.27526
    endloop
  endfacet
  facet normal -0.986641 0 0.162912
    outer loop
      vertex 9.72061 -2.379 6.30754
      vertex 9.71528 -5.379 6.27526
      vertex 9.72061 -5.379 6.30754
    endloop
  endfacet
  facet normal -0.973884 0 0.227046
    outer loop
      vertex 9.72061 -5.379 6.30754
      vertex 9.72804 -2.379 6.33941
      vertex 9.72061 -2.379 6.30754
    endloop
  endfacet
  facet normal -0.973884 0 0.227046
    outer loop
      vertex 9.72804 -2.379 6.33941
      vertex 9.72061 -5.379 6.30754
      vertex 9.72804 -5.379 6.33941
    endloop
  endfacet
  facet normal 0.683352 0 0.730089
    outer loop
      vertex 10.5407 -2.379 6.58592
      vertex 10.5646 -5.379 6.56355
      vertex 10.5646 -2.379 6.56355
    endloop
  endfacet
  facet normal 0.683352 0 0.730089
    outer loop
      vertex 10.5646 -5.379 6.56355
      vertex 10.5407 -2.379 6.58592
      vertex 10.5407 -5.379 6.58592
    endloop
  endfacet
  facet normal 0.52791 0 0.8493
    outer loop
      vertex 10.461 -2.379 6.64301
      vertex 10.4888 -5.379 6.62573
      vertex 10.4888 -2.379 6.62573
    endloop
  endfacet
  facet normal 0.52791 0 0.8493
    outer loop
      vertex 10.4888 -5.379 6.62573
      vertex 10.461 -2.379 6.64301
      vertex 10.461 -5.379 6.64301
    endloop
  endfacet
  facet normal 0.813733 -0 0.581238
    outer loop
      vertex 10.6077 -5.379 6.51438
      vertex 10.6267 -2.379 6.48778
      vertex 10.6077 -2.379 6.51438
    endloop
  endfacet
  facet normal 0.813733 0 0.581238
    outer loop
      vertex 10.6267 -2.379 6.48778
      vertex 10.6077 -5.379 6.51438
      vertex 10.6267 -5.379 6.48778
    endloop
  endfacet
  facet normal 0.935144 -0 0.354268
    outer loop
      vertex 10.6729 -5.379 6.40134
      vertex 10.6845 -2.379 6.37072
      vertex 10.6729 -2.379 6.40134
    endloop
  endfacet
  facet normal 0.935144 0 0.354268
    outer loop
      vertex 10.6845 -2.379 6.37072
      vertex 10.6729 -5.379 6.40134
      vertex 10.6845 -5.379 6.37072
    endloop
  endfacet
  facet normal 0.974086 -0 0.226176
    outer loop
      vertex 10.694 -5.379 6.33941
      vertex 10.7014 -2.379 6.30754
      vertex 10.694 -2.379 6.33941
    endloop
  endfacet
  facet normal 0.974086 0 0.226176
    outer loop
      vertex 10.7014 -2.379 6.30754
      vertex 10.694 -5.379 6.33941
      vertex 10.7014 -5.379 6.30754
    endloop
  endfacet
  facet normal 0.412086 0 -0.911145
    outer loop
      vertex -13.0227 -5.379 5.74806
      vertex -12.9963 -2.379 5.76
      vertex -12.9963 -5.379 5.76
    endloop
  endfacet
  facet normal 0.412086 0 -0.911145
    outer loop
      vertex -12.9963 -2.379 5.76
      vertex -13.0227 -5.379 5.74806
      vertex -13.0227 -2.379 5.74806
    endloop
  endfacet
  facet normal -0.352598 0 -0.935775
    outer loop
      vertex -13.4053 -5.379 5.74806
      vertex -13.3747 -2.379 5.73653
      vertex -13.3747 -5.379 5.73653
    endloop
  endfacet
  facet normal -0.352598 0 -0.935775
    outer loop
      vertex -13.3747 -2.379 5.73653
      vertex -13.4053 -5.379 5.74806
      vertex -13.4053 -2.379 5.74806
    endloop
  endfacet
  facet normal 0.999435 -0 0.0336201
    outer loop
      vertex -12.7151 -5.379 6.2427
      vertex -12.714 -2.379 6.21
      vertex -12.7151 -2.379 6.2427
    endloop
  endfacet
  facet normal 0.999435 0 0.0336201
    outer loop
      vertex -12.714 -2.379 6.21
      vertex -12.7151 -5.379 6.2427
      vertex -12.714 -5.379 6.21
    endloop
  endfacet
  facet normal 0.163306 0 -0.986575
    outer loop
      vertex -13.1487 -5.379 5.71428
      vertex -13.1165 -2.379 5.71961
      vertex -13.1165 -5.379 5.71961
    endloop
  endfacet
  facet normal 0.163306 0 -0.986575
    outer loop
      vertex -13.1165 -2.379 5.71961
      vertex -13.1487 -5.379 5.71428
      vertex -13.1487 -2.379 5.71428
    endloop
  endfacet
  facet normal -0.730872 0 -0.682515
    outer loop
      vertex -13.5676 -5.379 5.85645
      vertex -13.5899 -2.379 5.88033
      vertex -13.5676 -2.379 5.85645
    endloop
  endfacet
  facet normal -0.730872 -0 -0.682515
    outer loop
      vertex -13.5899 -2.379 5.88033
      vertex -13.5676 -5.379 5.85645
      vertex -13.5899 -5.379 5.88033
    endloop
  endfacet
  facet normal -0.163306 0 -0.986575
    outer loop
      vertex -13.3115 -5.379 5.71961
      vertex -13.2793 -2.379 5.71428
      vertex -13.2793 -5.379 5.71428
    endloop
  endfacet
  facet normal -0.163306 0 -0.986575
    outer loop
      vertex -13.2793 -2.379 5.71428
      vertex -13.3115 -5.379 5.71961
      vertex -13.3115 -2.379 5.71961
    endloop
  endfacet
  facet normal 0.935144 0 -0.354268
    outer loop
      vertex -12.7405 -5.379 6.04928
      vertex -12.7521 -2.379 6.01866
      vertex -12.7405 -2.379 6.04928
    endloop
  endfacet
  facet normal 0.935144 0 -0.354268
    outer loop
      vertex -12.7521 -2.379 6.01866
      vertex -12.7405 -5.379 6.04928
      vertex -12.7521 -5.379 6.01866
    endloop
  endfacet
  facet normal 0.0327042 0 -0.999465
    outer loop
      vertex -13.214 -5.379 5.71
      vertex -13.1813 -2.379 5.71107
      vertex -13.1813 -5.379 5.71107
    endloop
  endfacet
  facet normal 0.0327042 0 -0.999465
    outer loop
      vertex -13.1813 -2.379 5.71107
      vertex -13.214 -5.379 5.71
      vertex -13.214 -2.379 5.71
    endloop
  endfacet
  facet normal 0.352598 0 -0.935775
    outer loop
      vertex -13.0533 -5.379 5.73653
      vertex -13.0227 -2.379 5.74806
      vertex -13.0227 -5.379 5.74806
    endloop
  endfacet
  facet normal 0.352598 0 -0.935775
    outer loop
      vertex -13.0227 -2.379 5.74806
      vertex -13.0533 -5.379 5.73653
      vertex -13.0533 -2.379 5.73653
    endloop
  endfacet
  facet normal 0.226844 0 -0.973931
    outer loop
      vertex -13.1165 -5.379 5.71961
      vertex -13.0846 -2.379 5.72704
      vertex -13.0846 -5.379 5.72704
    endloop
  endfacet
  facet normal 0.226844 0 -0.973931
    outer loop
      vertex -13.0846 -2.379 5.72704
      vertex -13.1165 -5.379 5.71961
      vertex -13.1165 -2.379 5.71961
    endloop
  endfacet
  facet normal -0.999435 0 -0.0336201
    outer loop
      vertex -13.7129 -5.379 6.1773
      vertex -13.714 -2.379 6.21
      vertex -13.7129 -2.379 6.1773
    endloop
  endfacet
  facet normal -0.999435 -0 -0.0336201
    outer loop
      vertex -13.714 -2.379 6.21
      vertex -13.7129 -5.379 6.1773
      vertex -13.714 -5.379 6.21
    endloop
  endfacet
  facet normal 0 1 0
    outer loop
      vertex -12.7405 -2.379 6.37072
      vertex -12.764 -2.379 6.42769
      vertex -12.7521 -2.379 6.40134
    endloop
  endfacet
  facet normal 0 1 0
    outer loop
      vertex -12.731 -2.379 6.33941
      vertex -12.764 -2.379 6.42769
      vertex -12.7405 -2.379 6.37072
    endloop
  endfacet
  facet normal 0 1 0
    outer loop
      vertex -12.7236 -2.379 6.30754
      vertex -12.764 -2.379 6.42769
      vertex -12.731 -2.379 6.33941
    endloop
  endfacet
  facet normal 0 1 0
    outer loop
      vertex -12.7183 -2.379 6.27526
      vertex -12.764 -2.379 6.42769
      vertex -12.7236 -2.379 6.30754
    endloop
  endfacet
  facet normal 0 1 0
    outer loop
      vertex -12.7151 -2.379 6.2427
      vertex -12.764 -2.379 6.42769
      vertex -12.7183 -2.379 6.27526
    endloop
  endfacet
  facet normal 0 1 0
    outer loop
      vertex -12.714 -2.379 6.21
      vertex -12.764 -2.379 6.42769
      vertex -12.7151 -2.379 6.2427
    endloop
  endfacet
  facet normal 0 1 -0
    outer loop
      vertex -12.7151 -2.379 6.1773
      vertex -12.764 -2.379 6.42769
      vertex -12.714 -2.379 6.21
    endloop
  endfacet
  facet normal 0 1 -0
    outer loop
      vertex -12.7183 -2.379 6.14474
      vertex -12.764 -2.379 6.42769
      vertex -12.7151 -2.379 6.1773
    endloop
  endfacet
  facet normal 0 1 -0
    outer loop
      vertex -12.7236 -2.379 6.11245
      vertex -12.764 -2.379 6.42769
      vertex -12.7183 -2.379 6.14474
    endloop
  endfacet
  facet normal 0 1 -0
    outer loop
      vertex -12.731 -2.379 6.08059
      vertex -12.764 -2.379 6.42769
      vertex -12.7236 -2.379 6.11245
    endloop
  endfacet
  facet normal 0 1 -0
    outer loop
      vertex -12.7405 -2.379 6.04928
      vertex -12.764 -2.379 6.42769
      vertex -12.731 -2.379 6.08059
    endloop
  endfacet
  facet normal 0 1 -0
    outer loop
      vertex -12.7521 -2.379 6.01866
      vertex -12.764 -2.379 6.42769
      vertex -12.7405 -2.379 6.04928
    endloop
  endfacet
  facet normal 0 1 0
    outer loop
      vertex -12.764 -2.379 6.42769
      vertex -12.7521 -2.379 6.01866
      vertex -12.764 -2.379 5.99231
    endloop
  endfacet
  facet normal 0 1 -0
    outer loop
      vertex -13.0227 -2.379 5.74806
      vertex -13.4317 -2.379 5.76
      vertex -12.9963 -2.379 5.76
    endloop
  endfacet
  facet normal 0 1 0
    outer loop
      vertex -13.0227 -2.379 5.74806
      vertex -13.4053 -2.379 5.74806
      vertex -13.4317 -2.379 5.76
    endloop
  endfacet
  facet normal 0 1 -0
    outer loop
      vertex -13.0533 -2.379 5.73653
      vertex -13.4053 -2.379 5.74806
      vertex -13.0227 -2.379 5.74806
    endloop
  endfacet
  facet normal 0 1 0
    outer loop
      vertex -13.0533 -2.379 5.73653
      vertex -13.3747 -2.379 5.73653
      vertex -13.4053 -2.379 5.74806
    endloop
  endfacet
  facet normal 0 1 -0
    outer loop
      vertex -13.0846 -2.379 5.72704
      vertex -13.3747 -2.379 5.73653
      vertex -13.0533 -2.379 5.73653
    endloop
  endfacet
  facet normal 0 1 0
    outer loop
      vertex -13.0846 -2.379 5.72704
      vertex -13.3434 -2.379 5.72704
      vertex -13.3747 -2.379 5.73653
    endloop
  endfacet
  facet normal 0 1 -0
    outer loop
      vertex -13.1165 -2.379 5.71961
      vertex -13.3434 -2.379 5.72704
      vertex -13.0846 -2.379 5.72704
    endloop
  endfacet
  facet normal 0 1 0
    outer loop
      vertex -13.1165 -2.379 5.71961
      vertex -13.3115 -2.379 5.71961
      vertex -13.3434 -2.379 5.72704
    endloop
  endfacet
  facet normal 0 1 -0
    outer loop
      vertex -13.1487 -2.379 5.71428
      vertex -13.3115 -2.379 5.71961
      vertex -13.1165 -2.379 5.71961
    endloop
  endfacet
  facet normal 0 1 0
    outer loop
      vertex -13.1487 -2.379 5.71428
      vertex -13.2793 -2.379 5.71428
      vertex -13.3115 -2.379 5.71961
    endloop
  endfacet
  facet normal 0 1 -0
    outer loop
      vertex -13.1813 -2.379 5.71107
      vertex -13.2793 -2.379 5.71428
      vertex -13.1487 -2.379 5.71428
    endloop
  endfacet
  facet normal 0 1 0
    outer loop
      vertex -13.1813 -2.379 5.71107
      vertex -13.2467 -2.379 5.71107
      vertex -13.2793 -2.379 5.71428
    endloop
  endfacet
  facet normal -0 1 0
    outer loop
      vertex -13.2467 -2.379 5.71107
      vertex -13.1813 -2.379 5.71107
      vertex -13.214 -2.379 5.71
    endloop
  endfacet
  facet normal 0 1 0
    outer loop
      vertex -13.614 -2.379 6.11
      vertex -13.4918 -2.379 6.62573
      vertex -13.464 -2.379 6.64301
    endloop
  endfacet
  facet normal 0 1 0
    outer loop
      vertex -13.4918 -2.379 6.62573
      vertex -13.614 -2.379 6.11
      vertex -13.5184 -2.379 6.60668
    endloop
  endfacet
  facet normal 0 1 0
    outer loop
      vertex -13.5184 -2.379 6.60668
      vertex -13.614 -2.379 6.11
      vertex -13.5437 -2.379 6.58592
    endloop
  endfacet
  facet normal 0 1 0
    outer loop
      vertex -13.5437 -2.379 6.58592
      vertex -13.614 -2.379 6.11
      vertex -13.5676 -2.379 6.56355
    endloop
  endfacet
  facet normal 0 1 0
    outer loop
      vertex -13.5676 -2.379 6.56355
      vertex -13.614 -2.379 6.11
      vertex -13.5899 -2.379 6.53967
    endloop
  endfacet
  facet normal 0 1 0
    outer loop
      vertex -13.5899 -2.379 6.53967
      vertex -13.614 -2.379 6.11
      vertex -13.6107 -2.379 6.51438
    endloop
  endfacet
  facet normal 0 1 0
    outer loop
      vertex -13.6107 -2.379 6.51438
      vertex -13.614 -2.379 6.11
      vertex -13.6297 -2.379 6.48778
    endloop
  endfacet
  facet normal 0 1 0
    outer loop
      vertex -13.6297 -2.379 6.48778
      vertex -13.614 -2.379 6.11
      vertex -13.647 -2.379 6.46
    endloop
  endfacet
  facet normal 0 1 0
    outer loop
      vertex -13.647 -2.379 6.46
      vertex -13.614 -2.379 6.11
      vertex -13.6624 -2.379 6.43114
    endloop
  endfacet
  facet normal 0 1 0
    outer loop
      vertex -13.6624 -2.379 6.43114
      vertex -13.614 -2.379 6.11
      vertex -13.6759 -2.379 6.40134
    endloop
  endfacet
  facet normal 0 1 0
    outer loop
      vertex -13.6759 -2.379 6.40134
      vertex -13.614 -2.379 6.11
      vertex -13.6875 -2.379 6.37072
    endloop
  endfacet
  facet normal 0 1 0
    outer loop
      vertex -13.6875 -2.379 6.37072
      vertex -13.614 -2.379 6.11
      vertex -13.697 -2.379 6.33941
    endloop
  endfacet
  facet normal 0 1 0
    outer loop
      vertex -13.697 -2.379 6.33941
      vertex -13.614 -2.379 6.11
      vertex -13.7044 -2.379 6.30754
    endloop
  endfacet
  facet normal 0 1 0
    outer loop
      vertex -13.7044 -2.379 6.30754
      vertex -13.614 -2.379 6.11
      vertex -13.7097 -2.379 6.27526
    endloop
  endfacet
  facet normal 0 1 0
    outer loop
      vertex -13.7097 -2.379 6.27526
      vertex -13.614 -2.379 6.11
      vertex -13.7129 -2.379 6.2427
    endloop
  endfacet
  facet normal 0 1 0
    outer loop
      vertex -13.7129 -2.379 6.2427
      vertex -13.614 -2.379 6.11
      vertex -13.714 -2.379 6.21
    endloop
  endfacet
  facet normal 0 1 0
    outer loop
      vertex -13.714 -2.379 6.21
      vertex -13.614 -2.379 6.11
      vertex -13.7129 -2.379 6.1773
    endloop
  endfacet
  facet normal 0 1 0
    outer loop
      vertex -13.7129 -2.379 6.1773
      vertex -13.614 -2.379 6.11
      vertex -13.7097 -2.379 6.14474
    endloop
  endfacet
  facet normal 0 1 0
    outer loop
      vertex -13.7097 -2.379 6.14474
      vertex -13.614 -2.379 6.11
      vertex -13.7044 -2.379 6.11245
    endloop
  endfacet
  facet normal 0 1 -0
    outer loop
      vertex -13.464 -2.379 5.77699
      vertex -13.614 -2.379 6.11
      vertex -13.464 -2.379 6.64301
    endloop
  endfacet
  facet normal -0 1 -0
    outer loop
      vertex -13.6107 -2.379 5.90562
      vertex -13.614 -2.379 6.11
      vertex -13.5899 -2.379 5.88033
    endloop
  endfacet
  facet normal 0 1 0
    outer loop
      vertex -13.614 -2.379 6.11
      vertex -13.6107 -2.379 5.90562
      vertex -13.614 -2.379 5.91026
    endloop
  endfacet
  facet normal 0 1 0
    outer loop
      vertex -13.614 -2.379 6.11
      vertex -13.5676 -2.379 5.85645
      vertex -13.5899 -2.379 5.88033
    endloop
  endfacet
  facet normal 0 1 0
    outer loop
      vertex -13.614 -2.379 6.11
      vertex -13.5437 -2.379 5.83408
      vertex -13.5676 -2.379 5.85645
    endloop
  endfacet
  facet normal 0 1 0
    outer loop
      vertex -13.614 -2.379 6.11
      vertex -13.5184 -2.379 5.81332
      vertex -13.5437 -2.379 5.83408
    endloop
  endfacet
  facet normal 0 1 0
    outer loop
      vertex -13.614 -2.379 6.11
      vertex -13.4918 -2.379 5.79426
      vertex -13.5184 -2.379 5.81332
    endloop
  endfacet
  facet normal 0 1 0
    outer loop
      vertex -13.614 -2.379 6.11
      vertex -13.464 -2.379 5.77699
      vertex -13.4918 -2.379 5.79426
    endloop
  endfacet
  facet normal 0 1 0
    outer loop
      vertex -13.7044 -2.379 6.11245
      vertex -13.614 -2.379 6.11
      vertex -13.7038 -2.379 6.11
    endloop
  endfacet
  facet normal -0.971297 0 -0.237869
    outer loop
      vertex -13.7038 -5.379 6.11
      vertex -13.7044 -2.379 6.11245
      vertex -13.7038 -2.379 6.11
    endloop
  endfacet
  facet normal -0.971297 -0 -0.237869
    outer loop
      vertex -13.7044 -2.379 6.11245
      vertex -13.7038 -5.379 6.11
      vertex -13.7044 -5.379 6.11245
    endloop
  endfacet
  facet normal -0.814918 0 -0.579576
    outer loop
      vertex -13.6107 -5.379 5.90562
      vertex -13.614 -2.379 5.91026
      vertex -13.6107 -2.379 5.90562
    endloop
  endfacet
  facet normal -0.814918 -0 -0.579576
    outer loop
      vertex -13.614 -2.379 5.91026
      vertex -13.6107 -5.379 5.90562
      vertex -13.614 -5.379 5.91026
    endloop
  endfacet
  facet normal -0.0979924 0 -0.995187
    outer loop
      vertex -13.2793 -5.379 5.71428
      vertex -13.2467 -2.379 5.71107
      vertex -13.2467 -5.379 5.71107
    endloop
  endfacet
  facet normal -0.0979924 0 -0.995187
    outer loop
      vertex -13.2467 -2.379 5.71107
      vertex -13.2793 -5.379 5.71428
      vertex -13.2793 -2.379 5.71428
    endloop
  endfacet
  facet normal -0.52769 0 -0.849437
    outer loop
      vertex -13.4918 -5.379 5.79426
      vertex -13.464 -2.379 5.77699
      vertex -13.464 -5.379 5.77699
    endloop
  endfacet
  facet normal -0.52769 0 -0.849437
    outer loop
      vertex -13.464 -2.379 5.77699
      vertex -13.4918 -5.379 5.79426
      vertex -13.4918 -2.379 5.79426
    endloop
  endfacet
  facet normal -0.683352 0 -0.730089
    outer loop
      vertex -13.5676 -5.379 5.85645
      vertex -13.5437 -2.379 5.83408
      vertex -13.5437 -5.379 5.83408
    endloop
  endfacet
  facet normal -0.683352 0 -0.730089
    outer loop
      vertex -13.5437 -2.379 5.83408
      vertex -13.5676 -5.379 5.85645
      vertex -13.5676 -2.379 5.85645
    endloop
  endfacet
  facet normal 0.999435 0 -0.0336201
    outer loop
      vertex -12.714 -5.379 6.21
      vertex -12.7151 -2.379 6.1773
      vertex -12.714 -2.379 6.21
    endloop
  endfacet
  facet normal 0.999435 0 -0.0336201
    outer loop
      vertex -12.7151 -2.379 6.1773
      vertex -12.714 -5.379 6.21
      vertex -12.7151 -5.379 6.1773
    endloop
  endfacet
  facet normal 0.956922 -0 0.290347
    outer loop
      vertex -12.7405 -5.379 6.37072
      vertex -12.731 -2.379 6.33941
      vertex -12.7405 -2.379 6.37072
    endloop
  endfacet
  facet normal 0.956922 0 0.290347
    outer loop
      vertex -12.731 -2.379 6.33941
      vertex -12.7405 -5.379 6.37072
      vertex -12.731 -5.379 6.33941
    endloop
  endfacet
  facet normal -0.974086 0 0.226176
    outer loop
      vertex -13.7044 -5.379 6.30754
      vertex -13.697 -2.379 6.33941
      vertex -13.7044 -2.379 6.30754
    endloop
  endfacet
  facet normal -0.974086 0 0.226176
    outer loop
      vertex -13.697 -2.379 6.33941
      vertex -13.7044 -5.379 6.30754
      vertex -13.697 -5.379 6.33941
    endloop
  endfacet
  facet normal -0.910889 0 0.412651
    outer loop
      vertex -13.6759 -5.379 6.40134
      vertex -13.6624 -2.379 6.43114
      vertex -13.6759 -2.379 6.40134
    endloop
  endfacet
  facet normal -0.910889 0 0.412651
    outer loop
      vertex -13.6624 -2.379 6.43114
      vertex -13.6759 -5.379 6.40134
      vertex -13.6624 -5.379 6.43114
    endloop
  endfacet
  facet normal 0.986796 0 -0.16197
    outer loop
      vertex -12.7183 -5.379 6.14474
      vertex -12.7236 -2.379 6.11245
      vertex -12.7183 -2.379 6.14474
    endloop
  endfacet
  facet normal 0.986796 0 -0.16197
    outer loop
      vertex -12.7236 -2.379 6.11245
      vertex -12.7183 -5.379 6.14474
      vertex -12.7236 -5.379 6.11245
    endloop
  endfacet
  facet normal 0.911371 0 -0.411587
    outer loop
      vertex -12.7521 -5.379 6.01866
      vertex -12.764 -2.379 5.99231
      vertex -12.7521 -2.379 6.01866
    endloop
  endfacet
  facet normal 0.911371 0 -0.411587
    outer loop
      vertex -12.764 -2.379 5.99231
      vertex -12.7521 -5.379 6.01866
      vertex -12.764 -5.379 5.99231
    endloop
  endfacet
  facet normal 0.974071 0 -0.226244
    outer loop
      vertex -12.7236 -5.379 6.11245
      vertex -12.731 -2.379 6.08059
      vertex -12.7236 -2.379 6.11245
    endloop
  endfacet
  facet normal 0.974071 0 -0.226244
    outer loop
      vertex -12.731 -2.379 6.08059
      vertex -12.7236 -5.379 6.11245
      vertex -12.731 -5.379 6.08059
    endloop
  endfacet
  facet normal 0.0979924 0 -0.995187
    outer loop
      vertex -13.1813 -5.379 5.71107
      vertex -13.1487 -2.379 5.71428
      vertex -13.1487 -5.379 5.71428
    endloop
  endfacet
  facet normal 0.0979924 0 -0.995187
    outer loop
      vertex -13.1487 -2.379 5.71428
      vertex -13.1813 -5.379 5.71107
      vertex -13.1813 -2.379 5.71107
    endloop
  endfacet
  facet normal 0.290152 0 -0.956981
    outer loop
      vertex -13.0846 -5.379 5.72704
      vertex -13.0533 -2.379 5.73653
      vertex -13.0533 -5.379 5.73653
    endloop
  endfacet
  facet normal 0.290152 0 -0.956981
    outer loop
      vertex -13.0533 -2.379 5.73653
      vertex -13.0846 -5.379 5.72704
      vertex -13.0846 -2.379 5.72704
    endloop
  endfacet
  facet normal -0.986796 0 -0.16197
    outer loop
      vertex -13.7044 -5.379 6.11245
      vertex -13.7097 -2.379 6.14474
      vertex -13.7044 -2.379 6.11245
    endloop
  endfacet
  facet normal -0.986796 -0 -0.16197
    outer loop
      vertex -13.7097 -2.379 6.14474
      vertex -13.7044 -5.379 6.11245
      vertex -13.7097 -5.379 6.14474
    endloop
  endfacet
  facet normal -0.995205 0 -0.0978089
    outer loop
      vertex -13.7097 -5.379 6.14474
      vertex -13.7129 -2.379 6.1773
      vertex -13.7097 -2.379 6.14474
    endloop
  endfacet
  facet normal -0.995205 -0 -0.0978089
    outer loop
      vertex -13.7129 -2.379 6.1773
      vertex -13.7097 -5.379 6.14474
      vertex -13.7129 -5.379 6.1773
    endloop
  endfacet
  facet normal -0.772336 0 -0.635215
    outer loop
      vertex -13.5899 -5.379 5.88033
      vertex -13.6107 -2.379 5.90562
      vertex -13.5899 -2.379 5.88033
    endloop
  endfacet
  facet normal -0.772336 -0 -0.635215
    outer loop
      vertex -13.6107 -2.379 5.90562
      vertex -13.5899 -5.379 5.88033
      vertex -13.6107 -5.379 5.90562
    endloop
  endfacet
  facet normal -0.226844 0 -0.973931
    outer loop
      vertex -13.3434 -5.379 5.72704
      vertex -13.3115 -2.379 5.71961
      vertex -13.3115 -5.379 5.71961
    endloop
  endfacet
  facet normal -0.226844 0 -0.973931
    outer loop
      vertex -13.3115 -2.379 5.71961
      vertex -13.3434 -5.379 5.72704
      vertex -13.3434 -2.379 5.72704
    endloop
  endfacet
  facet normal -0.290152 0 -0.956981
    outer loop
      vertex -13.3747 -5.379 5.73653
      vertex -13.3434 -2.379 5.72704
      vertex -13.3434 -5.379 5.72704
    endloop
  endfacet
  facet normal -0.290152 0 -0.956981
    outer loop
      vertex -13.3434 -2.379 5.72704
      vertex -13.3747 -5.379 5.73653
      vertex -13.3747 -2.379 5.73653
    endloop
  endfacet
  facet normal -0.0327042 0 -0.999465
    outer loop
      vertex -13.2467 -5.379 5.71107
      vertex -13.214 -2.379 5.71
      vertex -13.214 -5.379 5.71
    endloop
  endfacet
  facet normal -0.0327042 0 -0.999465
    outer loop
      vertex -13.214 -2.379 5.71
      vertex -13.2467 -5.379 5.71107
      vertex -13.2467 -2.379 5.71107
    endloop
  endfacet
  facet normal -0.412086 0 -0.911145
    outer loop
      vertex -13.4317 -5.379 5.76
      vertex -13.4053 -2.379 5.74806
      vertex -13.4053 -5.379 5.74806
    endloop
  endfacet
  facet normal -0.412086 0 -0.911145
    outer loop
      vertex -13.4053 -2.379 5.74806
      vertex -13.4317 -5.379 5.76
      vertex -13.4317 -2.379 5.76
    endloop
  endfacet
  facet normal -0.634335 0 -0.773058
    outer loop
      vertex -13.5437 -5.379 5.83408
      vertex -13.5184 -2.379 5.81332
      vertex -13.5184 -5.379 5.81332
    endloop
  endfacet
  facet normal -0.634335 0 -0.773058
    outer loop
      vertex -13.5184 -2.379 5.81332
      vertex -13.5437 -5.379 5.83408
      vertex -13.5437 -2.379 5.83408
    endloop
  endfacet
  facet normal -0.582452 0 -0.812865
    outer loop
      vertex -13.5184 -5.379 5.81332
      vertex -13.4918 -2.379 5.79426
      vertex -13.4918 -5.379 5.79426
    endloop
  endfacet
  facet normal -0.582452 0 -0.812865
    outer loop
      vertex -13.4918 -2.379 5.79426
      vertex -13.5184 -5.379 5.81332
      vertex -13.5184 -2.379 5.81332
    endloop
  endfacet
  facet normal 0.995205 -0 0.0978089
    outer loop
      vertex -12.7183 -5.379 6.27526
      vertex -12.7151 -2.379 6.2427
      vertex -12.7183 -2.379 6.27526
    endloop
  endfacet
  facet normal 0.995205 0 0.0978089
    outer loop
      vertex -12.7151 -2.379 6.2427
      vertex -12.7183 -5.379 6.27526
      vertex -12.7151 -5.379 6.2427
    endloop
  endfacet
  facet normal 0.935144 -0 0.354268
    outer loop
      vertex -12.7521 -5.379 6.40134
      vertex -12.7405 -2.379 6.37072
      vertex -12.7521 -2.379 6.40134
    endloop
  endfacet
  facet normal 0.935144 0 0.354268
    outer loop
      vertex -12.7405 -2.379 6.37072
      vertex -12.7521 -5.379 6.40134
      vertex -12.7405 -5.379 6.37072
    endloop
  endfacet
  facet normal -0.999435 0 0.0336201
    outer loop
      vertex -13.714 -5.379 6.21
      vertex -13.7129 -2.379 6.2427
      vertex -13.714 -2.379 6.21
    endloop
  endfacet
  facet normal -0.999435 0 0.0336201
    outer loop
      vertex -13.7129 -2.379 6.2427
      vertex -13.714 -5.379 6.21
      vertex -13.7129 -5.379 6.2427
    endloop
  endfacet
  facet normal -0.935144 0 0.354268
    outer loop
      vertex -13.6875 -5.379 6.37072
      vertex -13.6759 -2.379 6.40134
      vertex -13.6875 -2.379 6.37072
    endloop
  endfacet
  facet normal -0.935144 0 0.354268
    outer loop
      vertex -13.6759 -2.379 6.40134
      vertex -13.6875 -5.379 6.37072
      vertex -13.6759 -5.379 6.40134
    endloop
  endfacet
  facet normal 0 -1 0
    outer loop
      vertex -13.4053 -5.379 5.74806
      vertex -12.9963 -5.379 5.76
      vertex -13.4317 -5.379 5.76
    endloop
  endfacet
  facet normal 0 -1 0
    outer loop
      vertex -13.4053 -5.379 5.74806
      vertex -13.0227 -5.379 5.74806
      vertex -12.9963 -5.379 5.76
    endloop
  endfacet
  facet normal 0 -1 0
    outer loop
      vertex -13.3747 -5.379 5.73653
      vertex -13.0227 -5.379 5.74806
      vertex -13.4053 -5.379 5.74806
    endloop
  endfacet
  facet normal 0 -1 0
    outer loop
      vertex -13.3747 -5.379 5.73653
      vertex -13.0533 -5.379 5.73653
      vertex -13.0227 -5.379 5.74806
    endloop
  endfacet
  facet normal 0 -1 0
    outer loop
      vertex -13.3434 -5.379 5.72704
      vertex -13.0533 -5.379 5.73653
      vertex -13.3747 -5.379 5.73653
    endloop
  endfacet
  facet normal 0 -1 0
    outer loop
      vertex -13.3434 -5.379 5.72704
      vertex -13.0846 -5.379 5.72704
      vertex -13.0533 -5.379 5.73653
    endloop
  endfacet
  facet normal 0 -1 0
    outer loop
      vertex -13.3115 -5.379 5.71961
      vertex -13.0846 -5.379 5.72704
      vertex -13.3434 -5.379 5.72704
    endloop
  endfacet
  facet normal 0 -1 0
    outer loop
      vertex -13.3115 -5.379 5.71961
      vertex -13.1165 -5.379 5.71961
      vertex -13.0846 -5.379 5.72704
    endloop
  endfacet
  facet normal 0 -1 0
    outer loop
      vertex -13.2793 -5.379 5.71428
      vertex -13.1165 -5.379 5.71961
      vertex -13.3115 -5.379 5.71961
    endloop
  endfacet
  facet normal 0 -1 0
    outer loop
      vertex -13.2793 -5.379 5.71428
      vertex -13.1487 -5.379 5.71428
      vertex -13.1165 -5.379 5.71961
    endloop
  endfacet
  facet normal 0 -1 0
    outer loop
      vertex -13.2467 -5.379 5.71107
      vertex -13.1487 -5.379 5.71428
      vertex -13.2793 -5.379 5.71428
    endloop
  endfacet
  facet normal 0 -1 0
    outer loop
      vertex -13.2467 -5.379 5.71107
      vertex -13.1813 -5.379 5.71107
      vertex -13.1487 -5.379 5.71428
    endloop
  endfacet
  facet normal -0 -1 0
    outer loop
      vertex -13.1813 -5.379 5.71107
      vertex -13.2467 -5.379 5.71107
      vertex -13.214 -5.379 5.71
    endloop
  endfacet
  facet normal 0 -1 0
    outer loop
      vertex -12.764 -5.379 6.42769
      vertex -12.7405 -5.379 6.37072
      vertex -12.7521 -5.379 6.40134
    endloop
  endfacet
  facet normal 0 -1 0
    outer loop
      vertex -12.764 -5.379 6.42769
      vertex -12.731 -5.379 6.33941
      vertex -12.7405 -5.379 6.37072
    endloop
  endfacet
  facet normal 0 -1 0
    outer loop
      vertex -12.764 -5.379 6.42769
      vertex -12.7236 -5.379 6.30754
      vertex -12.731 -5.379 6.33941
    endloop
  endfacet
  facet normal 0 -1 0
    outer loop
      vertex -12.764 -5.379 6.42769
      vertex -12.7183 -5.379 6.27526
      vertex -12.7236 -5.379 6.30754
    endloop
  endfacet
  facet normal 0 -1 0
    outer loop
      vertex -12.764 -5.379 6.42769
      vertex -12.7151 -5.379 6.2427
      vertex -12.7183 -5.379 6.27526
    endloop
  endfacet
  facet normal 0 -1 0
    outer loop
      vertex -12.764 -5.379 6.42769
      vertex -12.714 -5.379 6.21
      vertex -12.7151 -5.379 6.2427
    endloop
  endfacet
  facet normal 0 -1 0
    outer loop
      vertex -12.764 -5.379 6.42769
      vertex -12.7151 -5.379 6.1773
      vertex -12.714 -5.379 6.21
    endloop
  endfacet
  facet normal 0 -1 0
    outer loop
      vertex -12.764 -5.379 6.42769
      vertex -12.7183 -5.379 6.14474
      vertex -12.7151 -5.379 6.1773
    endloop
  endfacet
  facet normal 0 -1 0
    outer loop
      vertex -12.764 -5.379 6.42769
      vertex -12.7236 -5.379 6.11245
      vertex -12.7183 -5.379 6.14474
    endloop
  endfacet
  facet normal 0 -1 0
    outer loop
      vertex -12.764 -5.379 6.42769
      vertex -12.731 -5.379 6.08059
      vertex -12.7236 -5.379 6.11245
    endloop
  endfacet
  facet normal 0 -1 0
    outer loop
      vertex -12.764 -5.379 6.42769
      vertex -12.7405 -5.379 6.04928
      vertex -12.731 -5.379 6.08059
    endloop
  endfacet
  facet normal 0 -1 0
    outer loop
      vertex -12.764 -5.379 6.42769
      vertex -12.7521 -5.379 6.01866
      vertex -12.7405 -5.379 6.04928
    endloop
  endfacet
  facet normal -0 -1 0
    outer loop
      vertex -12.7521 -5.379 6.01866
      vertex -12.764 -5.379 6.42769
      vertex -12.764 -5.379 5.99231
    endloop
  endfacet
  facet normal 0 -1 0
    outer loop
      vertex -13.614 -5.379 6.11
      vertex -13.4918 -5.379 6.62573
      vertex -13.5184 -5.379 6.60668
    endloop
  endfacet
  facet normal 0 -1 0
    outer loop
      vertex -13.614 -5.379 6.11
      vertex -13.5184 -5.379 6.60668
      vertex -13.5437 -5.379 6.58592
    endloop
  endfacet
  facet normal 0 -1 0
    outer loop
      vertex -13.614 -5.379 6.11
      vertex -13.5437 -5.379 6.58592
      vertex -13.5676 -5.379 6.56355
    endloop
  endfacet
  facet normal 0 -1 0
    outer loop
      vertex -13.614 -5.379 6.11
      vertex -13.5676 -5.379 6.56355
      vertex -13.5899 -5.379 6.53967
    endloop
  endfacet
  facet normal 0 -1 0
    outer loop
      vertex -13.614 -5.379 6.11
      vertex -13.5899 -5.379 6.53967
      vertex -13.6107 -5.379 6.51438
    endloop
  endfacet
  facet normal 0 -1 0
    outer loop
      vertex -13.614 -5.379 6.11
      vertex -13.6107 -5.379 6.51438
      vertex -13.6297 -5.379 6.48778
    endloop
  endfacet
  facet normal 0 -1 0
    outer loop
      vertex -13.614 -5.379 6.11
      vertex -13.6297 -5.379 6.48778
      vertex -13.647 -5.379 6.46
    endloop
  endfacet
  facet normal 0 -1 0
    outer loop
      vertex -13.614 -5.379 6.11
      vertex -13.647 -5.379 6.46
      vertex -13.6624 -5.379 6.43114
    endloop
  endfacet
  facet normal 0 -1 0
    outer loop
      vertex -13.614 -5.379 6.11
      vertex -13.6624 -5.379 6.43114
      vertex -13.6759 -5.379 6.40134
    endloop
  endfacet
  facet normal 0 -1 0
    outer loop
      vertex -13.614 -5.379 6.11
      vertex -13.6759 -5.379 6.40134
      vertex -13.6875 -5.379 6.37072
    endloop
  endfacet
  facet normal 0 -1 0
    outer loop
      vertex -13.614 -5.379 6.11
      vertex -13.6875 -5.379 6.37072
      vertex -13.697 -5.379 6.33941
    endloop
  endfacet
  facet normal 0 -1 0
    outer loop
      vertex -13.614 -5.379 6.11
      vertex -13.697 -5.379 6.33941
      vertex -13.7044 -5.379 6.30754
    endloop
  endfacet
  facet normal 0 -1 0
    outer loop
      vertex -13.614 -5.379 6.11
      vertex -13.7044 -5.379 6.30754
      vertex -13.7097 -5.379 6.27526
    endloop
  endfacet
  facet normal 0 -1 0
    outer loop
      vertex -13.614 -5.379 6.11
      vertex -13.7097 -5.379 6.27526
      vertex -13.7129 -5.379 6.2427
    endloop
  endfacet
  facet normal 0 -1 0
    outer loop
      vertex -13.614 -5.379 6.11
      vertex -13.7129 -5.379 6.2427
      vertex -13.714 -5.379 6.21
    endloop
  endfacet
  facet normal 0 -1 0
    outer loop
      vertex -13.614 -5.379 6.11
      vertex -13.714 -5.379 6.21
      vertex -13.7129 -5.379 6.1773
    endloop
  endfacet
  facet normal 0 -1 0
    outer loop
      vertex -13.614 -5.379 6.11
      vertex -13.7129 -5.379 6.1773
      vertex -13.7097 -5.379 6.14474
    endloop
  endfacet
  facet normal 0 -1 0
    outer loop
      vertex -13.614 -5.379 6.11
      vertex -13.7097 -5.379 6.14474
      vertex -13.7044 -5.379 6.11245
    endloop
  endfacet
  facet normal 0 -1 0
    outer loop
      vertex -13.614 -5.379 6.11
      vertex -13.7044 -5.379 6.11245
      vertex -13.7038 -5.379 6.11
    endloop
  endfacet
  facet normal 0 -1 -0
    outer loop
      vertex -13.4918 -5.379 6.62573
      vertex -13.614 -5.379 6.11
      vertex -13.464 -5.379 6.64301
    endloop
  endfacet
  facet normal 0 -1 0
    outer loop
      vertex -13.6107 -5.379 5.90562
      vertex -13.614 -5.379 6.11
      vertex -13.614 -5.379 5.91026
    endloop
  endfacet
  facet normal 0 -1 0
    outer loop
      vertex -13.614 -5.379 6.11
      vertex -13.6107 -5.379 5.90562
      vertex -13.5899 -5.379 5.88033
    endloop
  endfacet
  facet normal 0 -1 0
    outer loop
      vertex -13.5676 -5.379 5.85645
      vertex -13.614 -5.379 6.11
      vertex -13.5899 -5.379 5.88033
    endloop
  endfacet
  facet normal 0 -1 0
    outer loop
      vertex -13.5437 -5.379 5.83408
      vertex -13.614 -5.379 6.11
      vertex -13.5676 -5.379 5.85645
    endloop
  endfacet
  facet normal 0 -1 0
    outer loop
      vertex -13.5184 -5.379 5.81332
      vertex -13.614 -5.379 6.11
      vertex -13.5437 -5.379 5.83408
    endloop
  endfacet
  facet normal 0 -1 0
    outer loop
      vertex -13.4918 -5.379 5.79426
      vertex -13.614 -5.379 6.11
      vertex -13.5184 -5.379 5.81332
    endloop
  endfacet
  facet normal 0 -1 0
    outer loop
      vertex -13.464 -5.379 5.77699
      vertex -13.614 -5.379 6.11
      vertex -13.4918 -5.379 5.79426
    endloop
  endfacet
  facet normal 0 -1 0
    outer loop
      vertex -13.614 -5.379 6.11
      vertex -13.464 -5.379 5.77699
      vertex -13.464 -5.379 6.64301
    endloop
  endfacet
  facet normal 0.956922 0 -0.290347
    outer loop
      vertex -12.731 -5.379 6.08059
      vertex -12.7405 -2.379 6.04928
      vertex -12.731 -2.379 6.08059
    endloop
  endfacet
  facet normal 0.956922 0 -0.290347
    outer loop
      vertex -12.7405 -2.379 6.04928
      vertex -12.731 -5.379 6.08059
      vertex -12.7405 -5.379 6.04928
    endloop
  endfacet
  facet normal 0.995205 0 -0.0978089
    outer loop
      vertex -12.7151 -5.379 6.1773
      vertex -12.7183 -2.379 6.14474
      vertex -12.7151 -2.379 6.1773
    endloop
  endfacet
  facet normal 0.995205 0 -0.0978089
    outer loop
      vertex -12.7183 -2.379 6.14474
      vertex -12.7151 -5.379 6.1773
      vertex -12.7183 -5.379 6.14474
    endloop
  endfacet
  facet normal 0.974086 -0 0.226176
    outer loop
      vertex -12.731 -5.379 6.33941
      vertex -12.7236 -2.379 6.30754
      vertex -12.731 -2.379 6.33941
    endloop
  endfacet
  facet normal 0.974086 0 0.226176
    outer loop
      vertex -12.7236 -2.379 6.30754
      vertex -12.731 -5.379 6.33941
      vertex -12.7236 -5.379 6.30754
    endloop
  endfacet
  facet normal 0.911371 -0 0.411587
    outer loop
      vertex -12.764 -5.379 6.42769
      vertex -12.7521 -2.379 6.40134
      vertex -12.764 -2.379 6.42769
    endloop
  endfacet
  facet normal 0.911371 0 0.411587
    outer loop
      vertex -12.7521 -2.379 6.40134
      vertex -12.764 -5.379 6.42769
      vertex -12.7521 -5.379 6.40134
    endloop
  endfacet
  facet normal -0.52791 0 0.8493
    outer loop
      vertex -13.4918 -2.379 6.62573
      vertex -13.464 -5.379 6.64301
      vertex -13.464 -2.379 6.64301
    endloop
  endfacet
  facet normal -0.52791 0 0.8493
    outer loop
      vertex -13.464 -5.379 6.64301
      vertex -13.4918 -2.379 6.62573
      vertex -13.4918 -5.379 6.62573
    endloop
  endfacet
  facet normal -0.986788 0 0.162019
    outer loop
      vertex -13.7097 -5.379 6.27526
      vertex -13.7044 -2.379 6.30754
      vertex -13.7097 -2.379 6.27526
    endloop
  endfacet
  facet normal -0.986788 0 0.162019
    outer loop
      vertex -13.7044 -2.379 6.30754
      vertex -13.7097 -5.379 6.27526
      vertex -13.7044 -5.379 6.30754
    endloop
  endfacet
  facet normal -0.995205 0 0.0978089
    outer loop
      vertex -13.7129 -5.379 6.2427
      vertex -13.7097 -2.379 6.27526
      vertex -13.7129 -2.379 6.2427
    endloop
  endfacet
  facet normal -0.995205 0 0.0978089
    outer loop
      vertex -13.7097 -2.379 6.27526
      vertex -13.7129 -5.379 6.2427
      vertex -13.7097 -5.379 6.27526
    endloop
  endfacet
  facet normal 0.986788 -0 0.162019
    outer loop
      vertex -12.7236 -5.379 6.30754
      vertex -12.7183 -2.379 6.27526
      vertex -12.7236 -2.379 6.30754
    endloop
  endfacet
  facet normal 0.986788 0 0.162019
    outer loop
      vertex -12.7183 -2.379 6.27526
      vertex -12.7236 -5.379 6.30754
      vertex -12.7183 -5.379 6.27526
    endloop
  endfacet
  facet normal -0.882251 0 0.470779
    outer loop
      vertex -13.6624 -5.379 6.43114
      vertex -13.647 -2.379 6.46
      vertex -13.6624 -2.379 6.43114
    endloop
  endfacet
  facet normal -0.882251 0 0.470779
    outer loop
      vertex -13.647 -2.379 6.46
      vertex -13.6624 -5.379 6.43114
      vertex -13.647 -5.379 6.46
    endloop
  endfacet
  facet normal -0.730872 0 0.682515
    outer loop
      vertex -13.5899 -5.379 6.53967
      vertex -13.5676 -2.379 6.56355
      vertex -13.5899 -2.379 6.53967
    endloop
  endfacet
  facet normal -0.730872 0 0.682515
    outer loop
      vertex -13.5676 -2.379 6.56355
      vertex -13.5899 -5.379 6.53967
      vertex -13.5676 -5.379 6.56355
    endloop
  endfacet
  facet normal -0.813733 0 0.581238
    outer loop
      vertex -13.6297 -5.379 6.48778
      vertex -13.6107 -2.379 6.51438
      vertex -13.6297 -2.379 6.48778
    endloop
  endfacet
  facet normal -0.813733 0 0.581238
    outer loop
      vertex -13.6107 -2.379 6.51438
      vertex -13.6297 -5.379 6.48778
      vertex -13.6107 -5.379 6.51438
    endloop
  endfacet
  facet normal -0.683352 0 0.730089
    outer loop
      vertex -13.5676 -2.379 6.56355
      vertex -13.5437 -5.379 6.58592
      vertex -13.5437 -2.379 6.58592
    endloop
  endfacet
  facet normal -0.683352 0 0.730089
    outer loop
      vertex -13.5437 -5.379 6.58592
      vertex -13.5676 -2.379 6.56355
      vertex -13.5676 -5.379 6.56355
    endloop
  endfacet
  facet normal -0.956922 0 0.290347
    outer loop
      vertex -13.697 -5.379 6.33941
      vertex -13.6875 -2.379 6.37072
      vertex -13.697 -2.379 6.33941
    endloop
  endfacet
  facet normal -0.956922 0 0.290347
    outer loop
      vertex -13.6875 -2.379 6.37072
      vertex -13.697 -5.379 6.33941
      vertex -13.6875 -5.379 6.37072
    endloop
  endfacet
  facet normal -0.58225 0 0.81301
    outer loop
      vertex -13.5184 -2.379 6.60668
      vertex -13.4918 -5.379 6.62573
      vertex -13.4918 -2.379 6.62573
    endloop
  endfacet
  facet normal -0.58225 0 0.81301
    outer loop
      vertex -13.4918 -5.379 6.62573
      vertex -13.5184 -2.379 6.60668
      vertex -13.5184 -5.379 6.60668
    endloop
  endfacet
  facet normal -0.634335 0 0.773058
    outer loop
      vertex -13.5437 -2.379 6.58592
      vertex -13.5184 -5.379 6.60668
      vertex -13.5184 -2.379 6.60668
    endloop
  endfacet
  facet normal -0.634335 0 0.773058
    outer loop
      vertex -13.5184 -5.379 6.60668
      vertex -13.5437 -2.379 6.58592
      vertex -13.5437 -5.379 6.58592
    endloop
  endfacet
  facet normal -0.848856 0 0.528625
    outer loop
      vertex -13.647 -5.379 6.46
      vertex -13.6297 -2.379 6.48778
      vertex -13.647 -2.379 6.46
    endloop
  endfacet
  facet normal -0.848856 0 0.528625
    outer loop
      vertex -13.6297 -2.379 6.48778
      vertex -13.647 -5.379 6.46
      vertex -13.6297 -5.379 6.48778
    endloop
  endfacet
  facet normal -0.772336 0 0.635215
    outer loop
      vertex -13.6107 -5.379 6.51438
      vertex -13.5899 -2.379 6.53967
      vertex -13.6107 -2.379 6.51438
    endloop
  endfacet
  facet normal -0.772336 0 0.635215
    outer loop
      vertex -13.5899 -2.379 6.53967
      vertex -13.6107 -5.379 6.51438
      vertex -13.5899 -5.379 6.53967
    endloop
  endfacet
  facet normal 0.999435 0 -0.0336201
    outer loop
      vertex 10.711 17.195 6.21
      vertex 10.7099 20.195 6.1773
      vertex 10.711 20.195 6.21
    endloop
  endfacet
  facet normal 0.999435 0 -0.0336201
    outer loop
      vertex 10.7099 20.195 6.1773
      vertex 10.711 17.195 6.21
      vertex 10.7099 17.195 6.1773
    endloop
  endfacet
  facet normal -0.0327042 0 -0.999465
    outer loop
      vertex 10.1783 17.195 5.71107
      vertex 10.211 20.195 5.71
      vertex 10.211 17.195 5.71
    endloop
  endfacet
  facet normal -0.0327042 0 -0.999465
    outer loop
      vertex 10.211 20.195 5.71
      vertex 10.1783 17.195 5.71107
      vertex 10.1783 20.195 5.71107
    endloop
  endfacet
  facet normal 0.683352 0 -0.730089
    outer loop
      vertex 10.5407 17.195 5.83408
      vertex 10.5646 20.195 5.85645
      vertex 10.5646 17.195 5.85645
    endloop
  endfacet
  facet normal 0.683352 0 -0.730089
    outer loop
      vertex 10.5646 20.195 5.85645
      vertex 10.5407 17.195 5.83408
      vertex 10.5407 20.195 5.83408
    endloop
  endfacet
  facet normal 0.730872 0 -0.682515
    outer loop
      vertex 10.5869 17.195 5.88033
      vertex 10.5646 20.195 5.85645
      vertex 10.5869 20.195 5.88033
    endloop
  endfacet
  facet normal 0.730872 0 -0.682515
    outer loop
      vertex 10.5646 20.195 5.85645
      vertex 10.5869 17.195 5.88033
      vertex 10.5646 17.195 5.85645
    endloop
  endfacet
  facet normal 0.412086 0 -0.911145
    outer loop
      vertex 10.4023 17.195 5.74806
      vertex 10.4287 20.195 5.76
      vertex 10.4287 17.195 5.76
    endloop
  endfacet
  facet normal 0.412086 0 -0.911145
    outer loop
      vertex 10.4287 20.195 5.76
      vertex 10.4023 17.195 5.74806
      vertex 10.4023 20.195 5.74806
    endloop
  endfacet
  facet normal -0.163306 0 -0.986575
    outer loop
      vertex 10.1135 17.195 5.71961
      vertex 10.1457 20.195 5.71428
      vertex 10.1457 17.195 5.71428
    endloop
  endfacet
  facet normal -0.163306 0 -0.986575
    outer loop
      vertex 10.1457 20.195 5.71428
      vertex 10.1135 17.195 5.71961
      vertex 10.1135 20.195 5.71961
    endloop
  endfacet
  facet normal 0.882251 -0 0.470779
    outer loop
      vertex 10.644 17.195 6.46
      vertex 10.6594 20.195 6.43114
      vertex 10.644 20.195 6.46
    endloop
  endfacet
  facet normal 0.882251 0 0.470779
    outer loop
      vertex 10.6594 20.195 6.43114
      vertex 10.644 17.195 6.46
      vertex 10.6594 17.195 6.43114
    endloop
  endfacet
  facet normal 0.730872 -0 0.682515
    outer loop
      vertex 10.5646 17.195 6.56355
      vertex 10.5869 20.195 6.53967
      vertex 10.5646 20.195 6.56355
    endloop
  endfacet
  facet normal 0.730872 0 0.682515
    outer loop
      vertex 10.5869 20.195 6.53967
      vertex 10.5646 17.195 6.56355
      vertex 10.5869 17.195 6.53967
    endloop
  endfacet
  facet normal -0.973884 0 0.227046
    outer loop
      vertex 9.72061 17.195 6.30754
      vertex 9.72804 20.195 6.33941
      vertex 9.72061 20.195 6.30754
    endloop
  endfacet
  facet normal -0.973884 0 0.227046
    outer loop
      vertex 9.72804 20.195 6.33941
      vertex 9.72061 17.195 6.30754
      vertex 9.72804 17.195 6.33941
    endloop
  endfacet
  facet normal 0.995205 0 -0.0978089
    outer loop
      vertex 10.7099 17.195 6.1773
      vertex 10.7067 20.195 6.14474
      vertex 10.7099 20.195 6.1773
    endloop
  endfacet
  facet normal 0.995205 0 -0.0978089
    outer loop
      vertex 10.7067 20.195 6.14474
      vertex 10.7099 17.195 6.1773
      vertex 10.7067 17.195 6.14474
    endloop
  endfacet
  facet normal 0.163306 0 -0.986575
    outer loop
      vertex 10.2763 17.195 5.71428
      vertex 10.3085 20.195 5.71961
      vertex 10.3085 17.195 5.71961
    endloop
  endfacet
  facet normal 0.163306 0 -0.986575
    outer loop
      vertex 10.3085 20.195 5.71961
      vertex 10.2763 17.195 5.71428
      vertex 10.2763 20.195 5.71428
    endloop
  endfacet
  facet normal 0.290152 0 -0.956981
    outer loop
      vertex 10.3404 17.195 5.72704
      vertex 10.3717 20.195 5.73653
      vertex 10.3717 17.195 5.73653
    endloop
  endfacet
  facet normal 0.290152 0 -0.956981
    outer loop
      vertex 10.3717 20.195 5.73653
      vertex 10.3404 17.195 5.72704
      vertex 10.3404 20.195 5.72704
    endloop
  endfacet
  facet normal 0.52769 0 -0.849437
    outer loop
      vertex 10.461 17.195 5.77699
      vertex 10.4888 20.195 5.79426
      vertex 10.4888 17.195 5.79426
    endloop
  endfacet
  facet normal 0.52769 0 -0.849437
    outer loop
      vertex 10.4888 20.195 5.79426
      vertex 10.461 17.195 5.77699
      vertex 10.461 20.195 5.77699
    endloop
  endfacet
  facet normal -0.986649 0 -0.162863
    outer loop
      vertex 9.72061 17.195 6.11245
      vertex 9.71528 20.195 6.14474
      vertex 9.72061 20.195 6.11245
    endloop
  endfacet
  facet normal -0.986649 -0 -0.162863
    outer loop
      vertex 9.71528 20.195 6.14474
      vertex 9.72061 17.195 6.11245
      vertex 9.71528 17.195 6.14474
    endloop
  endfacet
  facet normal 0 -1 0
    outer loop
      vertex 10.611 17.195 6.11
      vertex 10.4888 17.195 6.62573
      vertex 10.461 17.195 6.64301
    endloop
  endfacet
  facet normal 0 -1 0
    outer loop
      vertex 10.4888 17.195 6.62573
      vertex 10.611 17.195 6.11
      vertex 10.5154 17.195 6.60668
    endloop
  endfacet
  facet normal 0 -1 0
    outer loop
      vertex 10.5154 17.195 6.60668
      vertex 10.611 17.195 6.11
      vertex 10.5407 17.195 6.58592
    endloop
  endfacet
  facet normal 0 -1 0
    outer loop
      vertex 10.5407 17.195 6.58592
      vertex 10.611 17.195 6.11
      vertex 10.5646 17.195 6.56355
    endloop
  endfacet
  facet normal 0 -1 0
    outer loop
      vertex 10.5646 17.195 6.56355
      vertex 10.611 17.195 6.11
      vertex 10.5869 17.195 6.53967
    endloop
  endfacet
  facet normal 0 -1 0
    outer loop
      vertex 10.5869 17.195 6.53967
      vertex 10.611 17.195 6.11
      vertex 10.6077 17.195 6.51438
    endloop
  endfacet
  facet normal 0 -1 0
    outer loop
      vertex 10.6077 17.195 6.51438
      vertex 10.611 17.195 6.11
      vertex 10.6267 17.195 6.48778
    endloop
  endfacet
  facet normal 0 -1 -0
    outer loop
      vertex 10.6267 17.195 6.48778
      vertex 10.611 17.195 6.11
      vertex 10.644 17.195 6.46
    endloop
  endfacet
  facet normal 0 -1 -0
    outer loop
      vertex 10.644 17.195 6.46
      vertex 10.611 17.195 6.11
      vertex 10.6594 17.195 6.43114
    endloop
  endfacet
  facet normal 0 -1 -0
    outer loop
      vertex 10.6594 17.195 6.43114
      vertex 10.611 17.195 6.11
      vertex 10.6729 17.195 6.40134
    endloop
  endfacet
  facet normal 0 -1 -0
    outer loop
      vertex 10.6729 17.195 6.40134
      vertex 10.611 17.195 6.11
      vertex 10.6845 17.195 6.37072
    endloop
  endfacet
  facet normal 0 -1 -0
    outer loop
      vertex 10.6845 17.195 6.37072
      vertex 10.611 17.195 6.11
      vertex 10.694 17.195 6.33941
    endloop
  endfacet
  facet normal 0 -1 -0
    outer loop
      vertex 10.694 17.195 6.33941
      vertex 10.611 17.195 6.11
      vertex 10.7014 17.195 6.30754
    endloop
  endfacet
  facet normal 0 -1 -0
    outer loop
      vertex 10.7014 17.195 6.30754
      vertex 10.611 17.195 6.11
      vertex 10.7067 17.195 6.27526
    endloop
  endfacet
  facet normal 0 -1 -0
    outer loop
      vertex 10.7067 17.195 6.27526
      vertex 10.611 17.195 6.11
      vertex 10.7099 17.195 6.2427
    endloop
  endfacet
  facet normal 0 -1 -0
    outer loop
      vertex 10.7099 17.195 6.2427
      vertex 10.611 17.195 6.11
      vertex 10.711 17.195 6.21
    endloop
  endfacet
  facet normal 0 -1 0
    outer loop
      vertex 10.711 17.195 6.21
      vertex 10.611 17.195 6.11
      vertex 10.7099 17.195 6.1773
    endloop
  endfacet
  facet normal 0 -1 0
    outer loop
      vertex 10.7099 17.195 6.1773
      vertex 10.611 17.195 6.11
      vertex 10.7067 17.195 6.14474
    endloop
  endfacet
  facet normal 0 -1 0
    outer loop
      vertex 10.7067 17.195 6.14474
      vertex 10.611 17.195 6.11
      vertex 10.7014 17.195 6.11245
    endloop
  endfacet
  facet normal 0 -1 0
    outer loop
      vertex 10.461 17.195 5.77699
      vertex 10.611 17.195 6.11
      vertex 10.461 17.195 6.64301
    endloop
  endfacet
  facet normal -0 -1 0
    outer loop
      vertex 10.6077 17.195 5.90562
      vertex 10.611 17.195 6.11
      vertex 10.5869 17.195 5.88033
    endloop
  endfacet
  facet normal 0 -1 -0
    outer loop
      vertex 10.611 17.195 6.11
      vertex 10.6077 17.195 5.90562
      vertex 10.611 17.195 5.91026
    endloop
  endfacet
  facet normal 0 -1 0
    outer loop
      vertex 10.611 17.195 6.11
      vertex 10.5646 17.195 5.85645
      vertex 10.5869 17.195 5.88033
    endloop
  endfacet
  facet normal 0 -1 0
    outer loop
      vertex 10.611 17.195 6.11
      vertex 10.5407 17.195 5.83408
      vertex 10.5646 17.195 5.85645
    endloop
  endfacet
  facet normal 0 -1 0
    outer loop
      vertex 10.611 17.195 6.11
      vertex 10.5154 17.195 5.81332
      vertex 10.5407 17.195 5.83408
    endloop
  endfacet
  facet normal 0 -1 0
    outer loop
      vertex 10.611 17.195 6.11
      vertex 10.4888 17.195 5.79426
      vertex 10.5154 17.195 5.81332
    endloop
  endfacet
  facet normal 0 -1 0
    outer loop
      vertex 10.611 17.195 6.11
      vertex 10.461 17.195 5.77699
      vertex 10.4888 17.195 5.79426
    endloop
  endfacet
  facet normal 0 -1 0
    outer loop
      vertex 10.7014 17.195 6.11245
      vertex 10.611 17.195 6.11
      vertex 10.7008 17.195 6.11
    endloop
  endfacet
  facet normal 0 -1 0
    outer loop
      vertex 9.73753 17.195 6.37072
      vertex 9.761 17.195 6.42769
      vertex 9.74906 17.195 6.40134
    endloop
  endfacet
  facet normal 0 -1 0
    outer loop
      vertex 9.72804 17.195 6.33941
      vertex 9.761 17.195 6.42769
      vertex 9.73753 17.195 6.37072
    endloop
  endfacet
  facet normal 0 -1 0
    outer loop
      vertex 9.72061 17.195 6.30754
      vertex 9.761 17.195 6.42769
      vertex 9.72804 17.195 6.33941
    endloop
  endfacet
  facet normal 0 -1 0
    outer loop
      vertex 9.71528 17.195 6.27526
      vertex 9.761 17.195 6.42769
      vertex 9.72061 17.195 6.30754
    endloop
  endfacet
  facet normal 0 -1 0
    outer loop
      vertex 9.71207 17.195 6.2427
      vertex 9.761 17.195 6.42769
      vertex 9.71528 17.195 6.27526
    endloop
  endfacet
  facet normal 0 -1 0
    outer loop
      vertex 9.711 17.195 6.21
      vertex 9.761 17.195 6.42769
      vertex 9.71207 17.195 6.2427
    endloop
  endfacet
  facet normal 0 -1 0
    outer loop
      vertex 9.71207 17.195 6.1773
      vertex 9.761 17.195 6.42769
      vertex 9.711 17.195 6.21
    endloop
  endfacet
  facet normal 0 -1 0
    outer loop
      vertex 9.71528 17.195 6.14474
      vertex 9.761 17.195 6.42769
      vertex 9.71207 17.195 6.1773
    endloop
  endfacet
  facet normal 0 -1 0
    outer loop
      vertex 9.72061 17.195 6.11245
      vertex 9.761 17.195 6.42769
      vertex 9.71528 17.195 6.14474
    endloop
  endfacet
  facet normal 0 -1 0
    outer loop
      vertex 9.72804 17.195 6.08059
      vertex 9.761 17.195 6.42769
      vertex 9.72061 17.195 6.11245
    endloop
  endfacet
  facet normal 0 -1 0
    outer loop
      vertex 9.73753 17.195 6.04928
      vertex 9.761 17.195 6.42769
      vertex 9.72804 17.195 6.08059
    endloop
  endfacet
  facet normal 0 -1 0
    outer loop
      vertex 9.74906 17.195 6.01866
      vertex 9.761 17.195 6.42769
      vertex 9.73753 17.195 6.04928
    endloop
  endfacet
  facet normal 0 -1 -0
    outer loop
      vertex 9.761 17.195 6.42769
      vertex 9.74906 17.195 6.01866
      vertex 9.761 17.195 5.99231
    endloop
  endfacet
  facet normal 0 -1 0
    outer loop
      vertex 10.0197 17.195 5.74806
      vertex 10.4287 17.195 5.76
      vertex 9.99331 17.195 5.76
    endloop
  endfacet
  facet normal 0 -1 0
    outer loop
      vertex 10.0197 17.195 5.74806
      vertex 10.4023 17.195 5.74806
      vertex 10.4287 17.195 5.76
    endloop
  endfacet
  facet normal 0 -1 0
    outer loop
      vertex 10.0503 17.195 5.73653
      vertex 10.4023 17.195 5.74806
      vertex 10.0197 17.195 5.74806
    endloop
  endfacet
  facet normal 0 -1 0
    outer loop
      vertex 10.0503 17.195 5.73653
      vertex 10.3717 17.195 5.73653
      vertex 10.4023 17.195 5.74806
    endloop
  endfacet
  facet normal 0 -1 0
    outer loop
      vertex 10.0816 17.195 5.72704
      vertex 10.3717 17.195 5.73653
      vertex 10.0503 17.195 5.73653
    endloop
  endfacet
  facet normal 0 -1 0
    outer loop
      vertex 10.0816 17.195 5.72704
      vertex 10.3404 17.195 5.72704
      vertex 10.3717 17.195 5.73653
    endloop
  endfacet
  facet normal 0 -1 0
    outer loop
      vertex 10.1135 17.195 5.71961
      vertex 10.3404 17.195 5.72704
      vertex 10.0816 17.195 5.72704
    endloop
  endfacet
  facet normal 0 -1 0
    outer loop
      vertex 10.1135 17.195 5.71961
      vertex 10.3085 17.195 5.71961
      vertex 10.3404 17.195 5.72704
    endloop
  endfacet
  facet normal 0 -1 0
    outer loop
      vertex 10.1457 17.195 5.71428
      vertex 10.3085 17.195 5.71961
      vertex 10.1135 17.195 5.71961
    endloop
  endfacet
  facet normal 0 -1 0
    outer loop
      vertex 10.1457 17.195 5.71428
      vertex 10.2763 17.195 5.71428
      vertex 10.3085 17.195 5.71961
    endloop
  endfacet
  facet normal 0 -1 0
    outer loop
      vertex 10.1783 17.195 5.71107
      vertex 10.2763 17.195 5.71428
      vertex 10.1457 17.195 5.71428
    endloop
  endfacet
  facet normal 0 -1 0
    outer loop
      vertex 10.1783 17.195 5.71107
      vertex 10.2437 17.195 5.71107
      vertex 10.2763 17.195 5.71428
    endloop
  endfacet
  facet normal -0 -1 0
    outer loop
      vertex 10.2437 17.195 5.71107
      vertex 10.1783 17.195 5.71107
      vertex 10.211 17.195 5.71
    endloop
  endfacet
  facet normal -0.935851 0 -0.352396
    outer loop
      vertex 9.74906 17.195 6.01866
      vertex 9.73753 20.195 6.04928
      vertex 9.74906 20.195 6.01866
    endloop
  endfacet
  facet normal -0.935851 -0 -0.352396
    outer loop
      vertex 9.73753 20.195 6.04928
      vertex 9.74906 17.195 6.01866
      vertex 9.73753 17.195 6.04928
    endloop
  endfacet
  facet normal 0 1 0
    outer loop
      vertex 10.611 20.195 6.11
      vertex 10.4888 20.195 6.62573
      vertex 10.5154 20.195 6.60668
    endloop
  endfacet
  facet normal 0 1 0
    outer loop
      vertex 10.611 20.195 6.11
      vertex 10.5154 20.195 6.60668
      vertex 10.5407 20.195 6.58592
    endloop
  endfacet
  facet normal 0 1 0
    outer loop
      vertex 10.611 20.195 6.11
      vertex 10.5407 20.195 6.58592
      vertex 10.5646 20.195 6.56355
    endloop
  endfacet
  facet normal 0 1 0
    outer loop
      vertex 10.611 20.195 6.11
      vertex 10.5646 20.195 6.56355
      vertex 10.5869 20.195 6.53967
    endloop
  endfacet
  facet normal 0 1 0
    outer loop
      vertex 10.611 20.195 6.11
      vertex 10.5869 20.195 6.53967
      vertex 10.6077 20.195 6.51438
    endloop
  endfacet
  facet normal 0 1 -0
    outer loop
      vertex 10.611 20.195 6.11
      vertex 10.6077 20.195 6.51438
      vertex 10.6267 20.195 6.48778
    endloop
  endfacet
  facet normal 0 1 0
    outer loop
      vertex 10.611 20.195 6.11
      vertex 10.6267 20.195 6.48778
      vertex 10.644 20.195 6.46
    endloop
  endfacet
  facet normal 0 1 0
    outer loop
      vertex 10.611 20.195 6.11
      vertex 10.644 20.195 6.46
      vertex 10.6594 20.195 6.43114
    endloop
  endfacet
  facet normal 0 1 0
    outer loop
      vertex 10.611 20.195 6.11
      vertex 10.6594 20.195 6.43114
      vertex 10.6729 20.195 6.40134
    endloop
  endfacet
  facet normal 0 1 0
    outer loop
      vertex 10.611 20.195 6.11
      vertex 10.6729 20.195 6.40134
      vertex 10.6845 20.195 6.37072
    endloop
  endfacet
  facet normal 0 1 0
    outer loop
      vertex 10.611 20.195 6.11
      vertex 10.6845 20.195 6.37072
      vertex 10.694 20.195 6.33941
    endloop
  endfacet
  facet normal 0 1 0
    outer loop
      vertex 10.611 20.195 6.11
      vertex 10.694 20.195 6.33941
      vertex 10.7014 20.195 6.30754
    endloop
  endfacet
  facet normal 0 1 0
    outer loop
      vertex 10.611 20.195 6.11
      vertex 10.7014 20.195 6.30754
      vertex 10.7067 20.195 6.27526
    endloop
  endfacet
  facet normal 0 1 0
    outer loop
      vertex 10.611 20.195 6.11
      vertex 10.7067 20.195 6.27526
      vertex 10.7099 20.195 6.2427
    endloop
  endfacet
  facet normal 0 1 0
    outer loop
      vertex 10.611 20.195 6.11
      vertex 10.7099 20.195 6.2427
      vertex 10.711 20.195 6.21
    endloop
  endfacet
  facet normal 0 1 0
    outer loop
      vertex 10.611 20.195 6.11
      vertex 10.711 20.195 6.21
      vertex 10.7099 20.195 6.1773
    endloop
  endfacet
  facet normal 0 1 0
    outer loop
      vertex 10.611 20.195 6.11
      vertex 10.7099 20.195 6.1773
      vertex 10.7067 20.195 6.14474
    endloop
  endfacet
  facet normal 0 1 0
    outer loop
      vertex 10.611 20.195 6.11
      vertex 10.7067 20.195 6.14474
      vertex 10.7014 20.195 6.11245
    endloop
  endfacet
  facet normal 0 1 0
    outer loop
      vertex 10.611 20.195 6.11
      vertex 10.7014 20.195 6.11245
      vertex 10.7008 20.195 6.11
    endloop
  endfacet
  facet normal 0 1 0
    outer loop
      vertex 10.4888 20.195 6.62573
      vertex 10.611 20.195 6.11
      vertex 10.461 20.195 6.64301
    endloop
  endfacet
  facet normal 0 1 0
    outer loop
      vertex 10.6077 20.195 5.90562
      vertex 10.611 20.195 6.11
      vertex 10.611 20.195 5.91026
    endloop
  endfacet
  facet normal 0 1 0
    outer loop
      vertex 10.611 20.195 6.11
      vertex 10.6077 20.195 5.90562
      vertex 10.5869 20.195 5.88033
    endloop
  endfacet
  facet normal 0 1 0
    outer loop
      vertex 10.5646 20.195 5.85645
      vertex 10.611 20.195 6.11
      vertex 10.5869 20.195 5.88033
    endloop
  endfacet
  facet normal 0 1 0
    outer loop
      vertex 10.5407 20.195 5.83408
      vertex 10.611 20.195 6.11
      vertex 10.5646 20.195 5.85645
    endloop
  endfacet
  facet normal 0 1 0
    outer loop
      vertex 10.5154 20.195 5.81332
      vertex 10.611 20.195 6.11
      vertex 10.5407 20.195 5.83408
    endloop
  endfacet
  facet normal 0 1 0
    outer loop
      vertex 10.4888 20.195 5.79426
      vertex 10.611 20.195 6.11
      vertex 10.5154 20.195 5.81332
    endloop
  endfacet
  facet normal 0 1 0
    outer loop
      vertex 10.461 20.195 5.77699
      vertex 10.611 20.195 6.11
      vertex 10.4888 20.195 5.79426
    endloop
  endfacet
  facet normal 0 1 0
    outer loop
      vertex 10.611 20.195 6.11
      vertex 10.461 20.195 5.77699
      vertex 10.461 20.195 6.64301
    endloop
  endfacet
  facet normal 0 1 -0
    outer loop
      vertex 10.4023 20.195 5.74806
      vertex 9.99331 20.195 5.76
      vertex 10.4287 20.195 5.76
    endloop
  endfacet
  facet normal 0 1 0
    outer loop
      vertex 10.4023 20.195 5.74806
      vertex 10.0197 20.195 5.74806
      vertex 9.99331 20.195 5.76
    endloop
  endfacet
  facet normal 0 1 -0
    outer loop
      vertex 10.3717 20.195 5.73653
      vertex 10.0197 20.195 5.74806
      vertex 10.4023 20.195 5.74806
    endloop
  endfacet
  facet normal 0 1 0
    outer loop
      vertex 10.3717 20.195 5.73653
      vertex 10.0503 20.195 5.73653
      vertex 10.0197 20.195 5.74806
    endloop
  endfacet
  facet normal 0 1 -0
    outer loop
      vertex 10.3404 20.195 5.72704
      vertex 10.0503 20.195 5.73653
      vertex 10.3717 20.195 5.73653
    endloop
  endfacet
  facet normal 0 1 0
    outer loop
      vertex 10.3404 20.195 5.72704
      vertex 10.0816 20.195 5.72704
      vertex 10.0503 20.195 5.73653
    endloop
  endfacet
  facet normal 0 1 -0
    outer loop
      vertex 10.3085 20.195 5.71961
      vertex 10.0816 20.195 5.72704
      vertex 10.3404 20.195 5.72704
    endloop
  endfacet
  facet normal 0 1 0
    outer loop
      vertex 10.3085 20.195 5.71961
      vertex 10.1135 20.195 5.71961
      vertex 10.0816 20.195 5.72704
    endloop
  endfacet
  facet normal 0 1 -0
    outer loop
      vertex 10.2763 20.195 5.71428
      vertex 10.1135 20.195 5.71961
      vertex 10.3085 20.195 5.71961
    endloop
  endfacet
  facet normal 0 1 0
    outer loop
      vertex 10.2763 20.195 5.71428
      vertex 10.1457 20.195 5.71428
      vertex 10.1135 20.195 5.71961
    endloop
  endfacet
  facet normal 0 1 -0
    outer loop
      vertex 10.2437 20.195 5.71107
      vertex 10.1457 20.195 5.71428
      vertex 10.2763 20.195 5.71428
    endloop
  endfacet
  facet normal 0 1 0
    outer loop
      vertex 10.2437 20.195 5.71107
      vertex 10.1783 20.195 5.71107
      vertex 10.1457 20.195 5.71428
    endloop
  endfacet
  facet normal -0 1 0
    outer loop
      vertex 10.1783 20.195 5.71107
      vertex 10.2437 20.195 5.71107
      vertex 10.211 20.195 5.71
    endloop
  endfacet
  facet normal 0 1 0
    outer loop
      vertex 9.761 20.195 6.42769
      vertex 9.73753 20.195 6.37072
      vertex 9.74906 20.195 6.40134
    endloop
  endfacet
  facet normal 0 1 0
    outer loop
      vertex 9.761 20.195 6.42769
      vertex 9.72804 20.195 6.33941
      vertex 9.73753 20.195 6.37072
    endloop
  endfacet
  facet normal 0 1 0
    outer loop
      vertex 9.761 20.195 6.42769
      vertex 9.72061 20.195 6.30754
      vertex 9.72804 20.195 6.33941
    endloop
  endfacet
  facet normal 0 1 0
    outer loop
      vertex 9.761 20.195 6.42769
      vertex 9.71528 20.195 6.27526
      vertex 9.72061 20.195 6.30754
    endloop
  endfacet
  facet normal 0 1 0
    outer loop
      vertex 9.761 20.195 6.42769
      vertex 9.71207 20.195 6.2427
      vertex 9.71528 20.195 6.27526
    endloop
  endfacet
  facet normal 0 1 0
    outer loop
      vertex 9.761 20.195 6.42769
      vertex 9.711 20.195 6.21
      vertex 9.71207 20.195 6.2427
    endloop
  endfacet
  facet normal 0 1 0
    outer loop
      vertex 9.761 20.195 6.42769
      vertex 9.71207 20.195 6.1773
      vertex 9.711 20.195 6.21
    endloop
  endfacet
  facet normal 0 1 0
    outer loop
      vertex 9.761 20.195 6.42769
      vertex 9.71528 20.195 6.14474
      vertex 9.71207 20.195 6.1773
    endloop
  endfacet
  facet normal 0 1 0
    outer loop
      vertex 9.761 20.195 6.42769
      vertex 9.72061 20.195 6.11245
      vertex 9.71528 20.195 6.14474
    endloop
  endfacet
  facet normal 0 1 0
    outer loop
      vertex 9.761 20.195 6.42769
      vertex 9.72804 20.195 6.08059
      vertex 9.72061 20.195 6.11245
    endloop
  endfacet
  facet normal 0 1 0
    outer loop
      vertex 9.761 20.195 6.42769
      vertex 9.73753 20.195 6.04928
      vertex 9.72804 20.195 6.08059
    endloop
  endfacet
  facet normal 0 1 0
    outer loop
      vertex 9.761 20.195 6.42769
      vertex 9.74906 20.195 6.01866
      vertex 9.73753 20.195 6.04928
    endloop
  endfacet
  facet normal -0 1 0
    outer loop
      vertex 9.74906 20.195 6.01866
      vertex 9.761 20.195 6.42769
      vertex 9.761 20.195 5.99231
    endloop
  endfacet
  facet normal -0.290152 0 -0.956981
    outer loop
      vertex 10.0503 17.195 5.73653
      vertex 10.0816 20.195 5.72704
      vertex 10.0816 17.195 5.72704
    endloop
  endfacet
  facet normal -0.290152 0 -0.956981
    outer loop
      vertex 10.0816 20.195 5.72704
      vertex 10.0503 17.195 5.73653
      vertex 10.0503 20.195 5.73653
    endloop
  endfacet
  facet normal -0.352598 0 -0.935775
    outer loop
      vertex 10.0197 17.195 5.74806
      vertex 10.0503 20.195 5.73653
      vertex 10.0503 17.195 5.73653
    endloop
  endfacet
  facet normal -0.352598 0 -0.935775
    outer loop
      vertex 10.0503 20.195 5.73653
      vertex 10.0197 17.195 5.74806
      vertex 10.0197 20.195 5.74806
    endloop
  endfacet
  facet normal -0.0979924 0 -0.995187
    outer loop
      vertex 10.1457 17.195 5.71428
      vertex 10.1783 20.195 5.71107
      vertex 10.1783 17.195 5.71107
    endloop
  endfacet
  facet normal -0.0979924 0 -0.995187
    outer loop
      vertex 10.1783 20.195 5.71107
      vertex 10.1457 17.195 5.71428
      vertex 10.1457 20.195 5.71428
    endloop
  endfacet
  facet normal 0.848856 -0 0.528625
    outer loop
      vertex 10.6267 17.195 6.48778
      vertex 10.644 20.195 6.46
      vertex 10.6267 20.195 6.48778
    endloop
  endfacet
  facet normal 0.848856 0 0.528625
    outer loop
      vertex 10.644 20.195 6.46
      vertex 10.6267 17.195 6.48778
      vertex 10.644 17.195 6.46
    endloop
  endfacet
  facet normal 0.986788 -0 0.162019
    outer loop
      vertex 10.7014 17.195 6.30754
      vertex 10.7067 20.195 6.27526
      vertex 10.7014 20.195 6.30754
    endloop
  endfacet
  facet normal 0.986788 0 0.162019
    outer loop
      vertex 10.7067 20.195 6.27526
      vertex 10.7014 17.195 6.30754
      vertex 10.7067 17.195 6.27526
    endloop
  endfacet
  facet normal 0.995205 -0 0.0978089
    outer loop
      vertex 10.7067 17.195 6.27526
      vertex 10.7099 20.195 6.2427
      vertex 10.7067 20.195 6.27526
    endloop
  endfacet
  facet normal 0.995205 0 0.0978089
    outer loop
      vertex 10.7099 20.195 6.2427
      vertex 10.7067 17.195 6.27526
      vertex 10.7099 17.195 6.2427
    endloop
  endfacet
  facet normal -0.995175 0 0.0981116
    outer loop
      vertex 9.71207 17.195 6.2427
      vertex 9.71528 20.195 6.27526
      vertex 9.71207 20.195 6.2427
    endloop
  endfacet
  facet normal -0.995175 0 0.0981116
    outer loop
      vertex 9.71528 20.195 6.27526
      vertex 9.71207 17.195 6.2427
      vertex 9.71528 17.195 6.27526
    endloop
  endfacet
  facet normal 0.971297 0 -0.237869
    outer loop
      vertex 10.7014 17.195 6.11245
      vertex 10.7008 20.195 6.11
      vertex 10.7014 20.195 6.11245
    endloop
  endfacet
  facet normal 0.971297 0 -0.237869
    outer loop
      vertex 10.7008 20.195 6.11
      vertex 10.7014 17.195 6.11245
      vertex 10.7008 17.195 6.11
    endloop
  endfacet
  facet normal 0.986796 0 -0.16197
    outer loop
      vertex 10.7067 17.195 6.14474
      vertex 10.7014 20.195 6.11245
      vertex 10.7067 20.195 6.14474
    endloop
  endfacet
  facet normal 0.986796 0 -0.16197
    outer loop
      vertex 10.7014 20.195 6.11245
      vertex 10.7067 17.195 6.14474
      vertex 10.7014 17.195 6.11245
    endloop
  endfacet
  facet normal 0.772336 0 -0.635215
    outer loop
      vertex 10.6077 17.195 5.90562
      vertex 10.5869 20.195 5.88033
      vertex 10.6077 20.195 5.90562
    endloop
  endfacet
  facet normal 0.772336 0 -0.635215
    outer loop
      vertex 10.5869 20.195 5.88033
      vertex 10.6077 17.195 5.90562
      vertex 10.5869 17.195 5.88033
    endloop
  endfacet
  facet normal 0.814918 0 -0.579576
    outer loop
      vertex 10.611 17.195 5.91026
      vertex 10.6077 20.195 5.90562
      vertex 10.611 20.195 5.91026
    endloop
  endfacet
  facet normal 0.814918 0 -0.579576
    outer loop
      vertex 10.6077 20.195 5.90562
      vertex 10.611 17.195 5.91026
      vertex 10.6077 17.195 5.90562
    endloop
  endfacet
  facet normal 0.226844 0 -0.973931
    outer loop
      vertex 10.3085 17.195 5.71961
      vertex 10.3404 20.195 5.72704
      vertex 10.3404 17.195 5.72704
    endloop
  endfacet
  facet normal 0.226844 0 -0.973931
    outer loop
      vertex 10.3404 20.195 5.72704
      vertex 10.3085 17.195 5.71961
      vertex 10.3085 20.195 5.71961
    endloop
  endfacet
  facet normal 0.0979924 0 -0.995187
    outer loop
      vertex 10.2437 17.195 5.71107
      vertex 10.2763 20.195 5.71428
      vertex 10.2763 17.195 5.71428
    endloop
  endfacet
  facet normal 0.0979924 0 -0.995187
    outer loop
      vertex 10.2763 20.195 5.71428
      vertex 10.2437 17.195 5.71107
      vertex 10.2437 20.195 5.71107
    endloop
  endfacet
  facet normal 0.0327042 0 -0.999465
    outer loop
      vertex 10.211 17.195 5.71
      vertex 10.2437 20.195 5.71107
      vertex 10.2437 17.195 5.71107
    endloop
  endfacet
  facet normal 0.0327042 0 -0.999465
    outer loop
      vertex 10.2437 20.195 5.71107
      vertex 10.211 17.195 5.71
      vertex 10.211 20.195 5.71
    endloop
  endfacet
  facet normal 0.352598 0 -0.935775
    outer loop
      vertex 10.3717 17.195 5.73653
      vertex 10.4023 20.195 5.74806
      vertex 10.4023 17.195 5.74806
    endloop
  endfacet
  facet normal 0.352598 0 -0.935775
    outer loop
      vertex 10.4023 20.195 5.74806
      vertex 10.3717 17.195 5.73653
      vertex 10.3717 20.195 5.73653
    endloop
  endfacet
  facet normal 0.582452 0 -0.812865
    outer loop
      vertex 10.4888 17.195 5.79426
      vertex 10.5154 20.195 5.81332
      vertex 10.5154 17.195 5.81332
    endloop
  endfacet
  facet normal 0.582452 0 -0.812865
    outer loop
      vertex 10.5154 20.195 5.81332
      vertex 10.4888 17.195 5.79426
      vertex 10.4888 20.195 5.79426
    endloop
  endfacet
  facet normal 0.634335 0 -0.773058
    outer loop
      vertex 10.5154 17.195 5.81332
      vertex 10.5407 20.195 5.83408
      vertex 10.5407 17.195 5.83408
    endloop
  endfacet
  facet normal 0.634335 0 -0.773058
    outer loop
      vertex 10.5407 20.195 5.83408
      vertex 10.5154 17.195 5.81332
      vertex 10.5154 20.195 5.81332
    endloop
  endfacet
  facet normal -0.910851 0 -0.412735
    outer loop
      vertex 9.761 17.195 5.99231
      vertex 9.74906 20.195 6.01866
      vertex 9.761 20.195 5.99231
    endloop
  endfacet
  facet normal -0.910851 -0 -0.412735
    outer loop
      vertex 9.74906 20.195 6.01866
      vertex 9.761 17.195 5.99231
      vertex 9.74906 17.195 6.01866
    endloop
  endfacet
  facet normal -0.957006 0 -0.290067
    outer loop
      vertex 9.73753 17.195 6.04928
      vertex 9.72804 20.195 6.08059
      vertex 9.73753 20.195 6.04928
    endloop
  endfacet
  facet normal -0.957006 -0 -0.290067
    outer loop
      vertex 9.72804 20.195 6.08059
      vertex 9.73753 17.195 6.04928
      vertex 9.72804 17.195 6.08059
    endloop
  endfacet
  facet normal -0.973868 0 -0.227114
    outer loop
      vertex 9.72804 17.195 6.08059
      vertex 9.72061 20.195 6.11245
      vertex 9.72804 20.195 6.08059
    endloop
  endfacet
  facet normal -0.973868 -0 -0.227114
    outer loop
      vertex 9.72061 20.195 6.11245
      vertex 9.72804 17.195 6.08059
      vertex 9.72061 17.195 6.11245
    endloop
  endfacet
  facet normal -0.995175 0 -0.0981116
    outer loop
      vertex 9.71528 17.195 6.14474
      vertex 9.71207 20.195 6.1773
      vertex 9.71528 20.195 6.14474
    endloop
  endfacet
  facet normal -0.995175 -0 -0.0981116
    outer loop
      vertex 9.71207 20.195 6.1773
      vertex 9.71528 17.195 6.14474
      vertex 9.71207 17.195 6.1773
    endloop
  endfacet
  facet normal -0.999465 0 -0.0327042
    outer loop
      vertex 9.71207 17.195 6.1773
      vertex 9.711 20.195 6.21
      vertex 9.71207 20.195 6.1773
    endloop
  endfacet
  facet normal -0.999465 -0 -0.0327042
    outer loop
      vertex 9.711 20.195 6.21
      vertex 9.71207 17.195 6.1773
      vertex 9.711 17.195 6.21
    endloop
  endfacet
  facet normal -0.999465 0 0.0327042
    outer loop
      vertex 9.711 17.195 6.21
      vertex 9.71207 20.195 6.2427
      vertex 9.711 20.195 6.21
    endloop
  endfacet
  facet normal -0.999465 0 0.0327042
    outer loop
      vertex 9.71207 20.195 6.2427
      vertex 9.711 17.195 6.21
      vertex 9.71207 17.195 6.2427
    endloop
  endfacet
  facet normal -0.412216 0 -0.911086
    outer loop
      vertex 9.99331 17.195 5.76
      vertex 10.0197 20.195 5.74806
      vertex 10.0197 17.195 5.74806
    endloop
  endfacet
  facet normal -0.412216 0 -0.911086
    outer loop
      vertex 10.0197 20.195 5.74806
      vertex 9.99331 17.195 5.76
      vertex 9.99331 20.195 5.76
    endloop
  endfacet
  facet normal -0.226844 0 -0.973931
    outer loop
      vertex 10.0816 17.195 5.72704
      vertex 10.1135 20.195 5.71961
      vertex 10.1135 17.195 5.71961
    endloop
  endfacet
  facet normal -0.226844 0 -0.973931
    outer loop
      vertex 10.1135 20.195 5.71961
      vertex 10.0816 17.195 5.72704
      vertex 10.0816 20.195 5.72704
    endloop
  endfacet
  facet normal 0.634335 0 0.773058
    outer loop
      vertex 10.5154 20.195 6.60668
      vertex 10.5407 17.195 6.58592
      vertex 10.5407 20.195 6.58592
    endloop
  endfacet
  facet normal 0.634335 0 0.773058
    outer loop
      vertex 10.5407 17.195 6.58592
      vertex 10.5154 20.195 6.60668
      vertex 10.5154 17.195 6.60668
    endloop
  endfacet
  facet normal 0.58225 0 0.81301
    outer loop
      vertex 10.4888 20.195 6.62573
      vertex 10.5154 17.195 6.60668
      vertex 10.5154 20.195 6.60668
    endloop
  endfacet
  facet normal 0.58225 0 0.81301
    outer loop
      vertex 10.5154 17.195 6.60668
      vertex 10.4888 20.195 6.62573
      vertex 10.4888 17.195 6.62573
    endloop
  endfacet
  facet normal 0.772336 -0 0.635215
    outer loop
      vertex 10.5869 17.195 6.53967
      vertex 10.6077 20.195 6.51438
      vertex 10.5869 20.195 6.53967
    endloop
  endfacet
  facet normal 0.772336 0 0.635215
    outer loop
      vertex 10.6077 20.195 6.51438
      vertex 10.5869 17.195 6.53967
      vertex 10.6077 17.195 6.51438
    endloop
  endfacet
  facet normal 0.910889 -0 0.412651
    outer loop
      vertex 10.6594 17.195 6.43114
      vertex 10.6729 20.195 6.40134
      vertex 10.6594 20.195 6.43114
    endloop
  endfacet
  facet normal 0.910889 0 0.412651
    outer loop
      vertex 10.6729 20.195 6.40134
      vertex 10.6594 17.195 6.43114
      vertex 10.6729 17.195 6.40134
    endloop
  endfacet
  facet normal 0.956922 -0 0.290347
    outer loop
      vertex 10.6845 17.195 6.37072
      vertex 10.694 20.195 6.33941
      vertex 10.6845 20.195 6.37072
    endloop
  endfacet
  facet normal 0.956922 0 0.290347
    outer loop
      vertex 10.694 20.195 6.33941
      vertex 10.6845 17.195 6.37072
      vertex 10.694 17.195 6.33941
    endloop
  endfacet
  facet normal -0.957006 0 0.290067
    outer loop
      vertex 9.72804 17.195 6.33941
      vertex 9.73753 20.195 6.37072
      vertex 9.72804 20.195 6.33941
    endloop
  endfacet
  facet normal -0.957006 0 0.290067
    outer loop
      vertex 9.73753 20.195 6.37072
      vertex 9.72804 17.195 6.33941
      vertex 9.73753 17.195 6.37072
    endloop
  endfacet
  facet normal -0.910851 0 0.412735
    outer loop
      vertex 9.74906 17.195 6.40134
      vertex 9.761 20.195 6.42769
      vertex 9.74906 20.195 6.40134
    endloop
  endfacet
  facet normal -0.910851 0 0.412735
    outer loop
      vertex 9.761 20.195 6.42769
      vertex 9.74906 17.195 6.40134
      vertex 9.761 17.195 6.42769
    endloop
  endfacet
  facet normal -0.986641 0 0.162912
    outer loop
      vertex 9.71528 17.195 6.27526
      vertex 9.72061 20.195 6.30754
      vertex 9.71528 20.195 6.27526
    endloop
  endfacet
  facet normal -0.986641 0 0.162912
    outer loop
      vertex 9.72061 20.195 6.30754
      vertex 9.71528 17.195 6.27526
      vertex 9.72061 17.195 6.30754
    endloop
  endfacet
  facet normal 0.999435 -0 0.0336201
    outer loop
      vertex 10.7099 17.195 6.2427
      vertex 10.711 20.195 6.21
      vertex 10.7099 20.195 6.2427
    endloop
  endfacet
  facet normal 0.999435 0 0.0336201
    outer loop
      vertex 10.711 20.195 6.21
      vertex 10.7099 17.195 6.2427
      vertex 10.711 17.195 6.21
    endloop
  endfacet
  facet normal 0.683352 0 0.730089
    outer loop
      vertex 10.5407 20.195 6.58592
      vertex 10.5646 17.195 6.56355
      vertex 10.5646 20.195 6.56355
    endloop
  endfacet
  facet normal 0.683352 0 0.730089
    outer loop
      vertex 10.5646 17.195 6.56355
      vertex 10.5407 20.195 6.58592
      vertex 10.5407 17.195 6.58592
    endloop
  endfacet
  facet normal 0.52791 0 0.8493
    outer loop
      vertex 10.461 20.195 6.64301
      vertex 10.4888 17.195 6.62573
      vertex 10.4888 20.195 6.62573
    endloop
  endfacet
  facet normal 0.52791 0 0.8493
    outer loop
      vertex 10.4888 17.195 6.62573
      vertex 10.461 20.195 6.64301
      vertex 10.461 17.195 6.64301
    endloop
  endfacet
  facet normal 0.813733 -0 0.581238
    outer loop
      vertex 10.6077 17.195 6.51438
      vertex 10.6267 20.195 6.48778
      vertex 10.6077 20.195 6.51438
    endloop
  endfacet
  facet normal 0.813733 0 0.581238
    outer loop
      vertex 10.6267 20.195 6.48778
      vertex 10.6077 17.195 6.51438
      vertex 10.6267 17.195 6.48778
    endloop
  endfacet
  facet normal 0.935144 -0 0.354268
    outer loop
      vertex 10.6729 17.195 6.40134
      vertex 10.6845 20.195 6.37072
      vertex 10.6729 20.195 6.40134
    endloop
  endfacet
  facet normal 0.935144 0 0.354268
    outer loop
      vertex 10.6845 20.195 6.37072
      vertex 10.6729 17.195 6.40134
      vertex 10.6845 17.195 6.37072
    endloop
  endfacet
  facet normal 0.974086 -0 0.226176
    outer loop
      vertex 10.694 17.195 6.33941
      vertex 10.7014 20.195 6.30754
      vertex 10.694 20.195 6.33941
    endloop
  endfacet
  facet normal 0.974086 0 0.226176
    outer loop
      vertex 10.7014 20.195 6.30754
      vertex 10.694 17.195 6.33941
      vertex 10.7014 17.195 6.30754
    endloop
  endfacet
  facet normal -0.935851 0 0.352396
    outer loop
      vertex 9.73753 17.195 6.37072
      vertex 9.74906 20.195 6.40134
      vertex 9.73753 20.195 6.37072
    endloop
  endfacet
  facet normal -0.935851 0 0.352396
    outer loop
      vertex 9.74906 20.195 6.40134
      vertex 9.73753 17.195 6.37072
      vertex 9.74906 17.195 6.40134
    endloop
  endfacet
  facet normal 0.412086 0 -0.911145
    outer loop
      vertex -13.0227 17.195 5.74806
      vertex -12.9963 20.195 5.76
      vertex -12.9963 17.195 5.76
    endloop
  endfacet
  facet normal 0.412086 0 -0.911145
    outer loop
      vertex -12.9963 20.195 5.76
      vertex -13.0227 17.195 5.74806
      vertex -13.0227 20.195 5.74806
    endloop
  endfacet
  facet normal -0.352598 0 -0.935775
    outer loop
      vertex -13.4053 17.195 5.74806
      vertex -13.3747 20.195 5.73653
      vertex -13.3747 17.195 5.73653
    endloop
  endfacet
  facet normal -0.352598 0 -0.935775
    outer loop
      vertex -13.3747 20.195 5.73653
      vertex -13.4053 17.195 5.74806
      vertex -13.4053 20.195 5.74806
    endloop
  endfacet
  facet normal 0.999435 -0 0.0336201
    outer loop
      vertex -12.7151 17.195 6.2427
      vertex -12.714 20.195 6.21
      vertex -12.7151 20.195 6.2427
    endloop
  endfacet
  facet normal 0.999435 0 0.0336201
    outer loop
      vertex -12.714 20.195 6.21
      vertex -12.7151 17.195 6.2427
      vertex -12.714 17.195 6.21
    endloop
  endfacet
  facet normal 0.163306 0 -0.986575
    outer loop
      vertex -13.1487 17.195 5.71428
      vertex -13.1165 20.195 5.71961
      vertex -13.1165 17.195 5.71961
    endloop
  endfacet
  facet normal 0.163306 0 -0.986575
    outer loop
      vertex -13.1165 20.195 5.71961
      vertex -13.1487 17.195 5.71428
      vertex -13.1487 20.195 5.71428
    endloop
  endfacet
  facet normal -0.730872 0 -0.682515
    outer loop
      vertex -13.5676 17.195 5.85645
      vertex -13.5899 20.195 5.88033
      vertex -13.5676 20.195 5.85645
    endloop
  endfacet
  facet normal -0.730872 -0 -0.682515
    outer loop
      vertex -13.5899 20.195 5.88033
      vertex -13.5676 17.195 5.85645
      vertex -13.5899 17.195 5.88033
    endloop
  endfacet
  facet normal -0.163306 0 -0.986575
    outer loop
      vertex -13.3115 17.195 5.71961
      vertex -13.2793 20.195 5.71428
      vertex -13.2793 17.195 5.71428
    endloop
  endfacet
  facet normal -0.163306 0 -0.986575
    outer loop
      vertex -13.2793 20.195 5.71428
      vertex -13.3115 17.195 5.71961
      vertex -13.3115 20.195 5.71961
    endloop
  endfacet
  facet normal 0.995205 0 -0.0978089
    outer loop
      vertex -12.7151 17.195 6.1773
      vertex -12.7183 20.195 6.14474
      vertex -12.7151 20.195 6.1773
    endloop
  endfacet
  facet normal 0.995205 0 -0.0978089
    outer loop
      vertex -12.7183 20.195 6.14474
      vertex -12.7151 17.195 6.1773
      vertex -12.7183 17.195 6.14474
    endloop
  endfacet
  facet normal 0.935144 0 -0.354268
    outer loop
      vertex -12.7405 17.195 6.04928
      vertex -12.7521 20.195 6.01866
      vertex -12.7405 20.195 6.04928
    endloop
  endfacet
  facet normal 0.935144 0 -0.354268
    outer loop
      vertex -12.7521 20.195 6.01866
      vertex -12.7405 17.195 6.04928
      vertex -12.7521 17.195 6.01866
    endloop
  endfacet
  facet normal 0.0327042 0 -0.999465
    outer loop
      vertex -13.214 17.195 5.71
      vertex -13.1813 20.195 5.71107
      vertex -13.1813 17.195 5.71107
    endloop
  endfacet
  facet normal 0.0327042 0 -0.999465
    outer loop
      vertex -13.1813 20.195 5.71107
      vertex -13.214 17.195 5.71
      vertex -13.214 20.195 5.71
    endloop
  endfacet
  facet normal 0.352598 0 -0.935775
    outer loop
      vertex -13.0533 17.195 5.73653
      vertex -13.0227 20.195 5.74806
      vertex -13.0227 17.195 5.74806
    endloop
  endfacet
  facet normal 0.352598 0 -0.935775
    outer loop
      vertex -13.0227 20.195 5.74806
      vertex -13.0533 17.195 5.73653
      vertex -13.0533 20.195 5.73653
    endloop
  endfacet
  facet normal 0.226844 0 -0.973931
    outer loop
      vertex -13.1165 17.195 5.71961
      vertex -13.0846 20.195 5.72704
      vertex -13.0846 17.195 5.72704
    endloop
  endfacet
  facet normal 0.226844 0 -0.973931
    outer loop
      vertex -13.0846 20.195 5.72704
      vertex -13.1165 17.195 5.71961
      vertex -13.1165 20.195 5.71961
    endloop
  endfacet
  facet normal -0.999435 0 -0.0336201
    outer loop
      vertex -13.7129 17.195 6.1773
      vertex -13.714 20.195 6.21
      vertex -13.7129 20.195 6.1773
    endloop
  endfacet
  facet normal -0.999435 -0 -0.0336201
    outer loop
      vertex -13.714 20.195 6.21
      vertex -13.7129 17.195 6.1773
      vertex -13.714 17.195 6.21
    endloop
  endfacet
  facet normal 0 1 0
    outer loop
      vertex -12.7405 20.195 6.37072
      vertex -12.764 20.195 6.42769
      vertex -12.7521 20.195 6.40134
    endloop
  endfacet
  facet normal 0 1 0
    outer loop
      vertex -12.731 20.195 6.33941
      vertex -12.764 20.195 6.42769
      vertex -12.7405 20.195 6.37072
    endloop
  endfacet
  facet normal 0 1 0
    outer loop
      vertex -12.7236 20.195 6.30754
      vertex -12.764 20.195 6.42769
      vertex -12.731 20.195 6.33941
    endloop
  endfacet
  facet normal 0 1 0
    outer loop
      vertex -12.7183 20.195 6.27526
      vertex -12.764 20.195 6.42769
      vertex -12.7236 20.195 6.30754
    endloop
  endfacet
  facet normal 0 1 0
    outer loop
      vertex -12.7151 20.195 6.2427
      vertex -12.764 20.195 6.42769
      vertex -12.7183 20.195 6.27526
    endloop
  endfacet
  facet normal 0 1 0
    outer loop
      vertex -12.714 20.195 6.21
      vertex -12.764 20.195 6.42769
      vertex -12.7151 20.195 6.2427
    endloop
  endfacet
  facet normal 0 1 -0
    outer loop
      vertex -12.7151 20.195 6.1773
      vertex -12.764 20.195 6.42769
      vertex -12.714 20.195 6.21
    endloop
  endfacet
  facet normal 0 1 -0
    outer loop
      vertex -12.7183 20.195 6.14474
      vertex -12.764 20.195 6.42769
      vertex -12.7151 20.195 6.1773
    endloop
  endfacet
  facet normal 0 1 -0
    outer loop
      vertex -12.7236 20.195 6.11245
      vertex -12.764 20.195 6.42769
      vertex -12.7183 20.195 6.14474
    endloop
  endfacet
  facet normal 0 1 -0
    outer loop
      vertex -12.731 20.195 6.08059
      vertex -12.764 20.195 6.42769
      vertex -12.7236 20.195 6.11245
    endloop
  endfacet
  facet normal 0 1 -0
    outer loop
      vertex -12.7405 20.195 6.04928
      vertex -12.764 20.195 6.42769
      vertex -12.731 20.195 6.08059
    endloop
  endfacet
  facet normal 0 1 -0
    outer loop
      vertex -12.7521 20.195 6.01866
      vertex -12.764 20.195 6.42769
      vertex -12.7405 20.195 6.04928
    endloop
  endfacet
  facet normal 0 1 0
    outer loop
      vertex -12.764 20.195 6.42769
      vertex -12.7521 20.195 6.01866
      vertex -12.764 20.195 5.99231
    endloop
  endfacet
  facet normal 0 1 -0
    outer loop
      vertex -13.0227 20.195 5.74806
      vertex -13.4317 20.195 5.76
      vertex -12.9963 20.195 5.76
    endloop
  endfacet
  facet normal 0 1 0
    outer loop
      vertex -13.0227 20.195 5.74806
      vertex -13.4053 20.195 5.74806
      vertex -13.4317 20.195 5.76
    endloop
  endfacet
  facet normal 0 1 -0
    outer loop
      vertex -13.0533 20.195 5.73653
      vertex -13.4053 20.195 5.74806
      vertex -13.0227 20.195 5.74806
    endloop
  endfacet
  facet normal 0 1 0
    outer loop
      vertex -13.0533 20.195 5.73653
      vertex -13.3747 20.195 5.73653
      vertex -13.4053 20.195 5.74806
    endloop
  endfacet
  facet normal 0 1 -0
    outer loop
      vertex -13.0846 20.195 5.72704
      vertex -13.3747 20.195 5.73653
      vertex -13.0533 20.195 5.73653
    endloop
  endfacet
  facet normal 0 1 0
    outer loop
      vertex -13.0846 20.195 5.72704
      vertex -13.3434 20.195 5.72704
      vertex -13.3747 20.195 5.73653
    endloop
  endfacet
  facet normal 0 1 -0
    outer loop
      vertex -13.1165 20.195 5.71961
      vertex -13.3434 20.195 5.72704
      vertex -13.0846 20.195 5.72704
    endloop
  endfacet
  facet normal 0 1 0
    outer loop
      vertex -13.1165 20.195 5.71961
      vertex -13.3115 20.195 5.71961
      vertex -13.3434 20.195 5.72704
    endloop
  endfacet
  facet normal 0 1 -0
    outer loop
      vertex -13.1487 20.195 5.71428
      vertex -13.3115 20.195 5.71961
      vertex -13.1165 20.195 5.71961
    endloop
  endfacet
  facet normal 0 1 0
    outer loop
      vertex -13.1487 20.195 5.71428
      vertex -13.2793 20.195 5.71428
      vertex -13.3115 20.195 5.71961
    endloop
  endfacet
  facet normal 0 1 -0
    outer loop
      vertex -13.1813 20.195 5.71107
      vertex -13.2793 20.195 5.71428
      vertex -13.1487 20.195 5.71428
    endloop
  endfacet
  facet normal 0 1 0
    outer loop
      vertex -13.1813 20.195 5.71107
      vertex -13.2467 20.195 5.71107
      vertex -13.2793 20.195 5.71428
    endloop
  endfacet
  facet normal -0 1 0
    outer loop
      vertex -13.2467 20.195 5.71107
      vertex -13.1813 20.195 5.71107
      vertex -13.214 20.195 5.71
    endloop
  endfacet
  facet normal 0 1 0
    outer loop
      vertex -13.614 20.195 6.11
      vertex -13.4918 20.195 6.62573
      vertex -13.464 20.195 6.64301
    endloop
  endfacet
  facet normal 0 1 0
    outer loop
      vertex -13.4918 20.195 6.62573
      vertex -13.614 20.195 6.11
      vertex -13.5184 20.195 6.60668
    endloop
  endfacet
  facet normal 0 1 0
    outer loop
      vertex -13.5184 20.195 6.60668
      vertex -13.614 20.195 6.11
      vertex -13.5437 20.195 6.58592
    endloop
  endfacet
  facet normal 0 1 0
    outer loop
      vertex -13.5437 20.195 6.58592
      vertex -13.614 20.195 6.11
      vertex -13.5676 20.195 6.56355
    endloop
  endfacet
  facet normal 0 1 0
    outer loop
      vertex -13.5676 20.195 6.56355
      vertex -13.614 20.195 6.11
      vertex -13.5899 20.195 6.53967
    endloop
  endfacet
  facet normal 0 1 0
    outer loop
      vertex -13.5899 20.195 6.53967
      vertex -13.614 20.195 6.11
      vertex -13.6107 20.195 6.51438
    endloop
  endfacet
  facet normal 0 1 0
    outer loop
      vertex -13.6107 20.195 6.51438
      vertex -13.614 20.195 6.11
      vertex -13.6297 20.195 6.48778
    endloop
  endfacet
  facet normal 0 1 0
    outer loop
      vertex -13.6297 20.195 6.48778
      vertex -13.614 20.195 6.11
      vertex -13.647 20.195 6.46
    endloop
  endfacet
  facet normal 0 1 0
    outer loop
      vertex -13.647 20.195 6.46
      vertex -13.614 20.195 6.11
      vertex -13.6624 20.195 6.43114
    endloop
  endfacet
  facet normal 0 1 0
    outer loop
      vertex -13.6624 20.195 6.43114
      vertex -13.614 20.195 6.11
      vertex -13.6759 20.195 6.40134
    endloop
  endfacet
  facet normal 0 1 0
    outer loop
      vertex -13.6759 20.195 6.40134
      vertex -13.614 20.195 6.11
      vertex -13.6875 20.195 6.37072
    endloop
  endfacet
  facet normal 0 1 0
    outer loop
      vertex -13.6875 20.195 6.37072
      vertex -13.614 20.195 6.11
      vertex -13.697 20.195 6.33941
    endloop
  endfacet
  facet normal 0 1 0
    outer loop
      vertex -13.697 20.195 6.33941
      vertex -13.614 20.195 6.11
      vertex -13.7044 20.195 6.30754
    endloop
  endfacet
  facet normal 0 1 0
    outer loop
      vertex -13.7044 20.195 6.30754
      vertex -13.614 20.195 6.11
      vertex -13.7097 20.195 6.27526
    endloop
  endfacet
  facet normal 0 1 0
    outer loop
      vertex -13.7097 20.195 6.27526
      vertex -13.614 20.195 6.11
      vertex -13.7129 20.195 6.2427
    endloop
  endfacet
  facet normal 0 1 0
    outer loop
      vertex -13.7129 20.195 6.2427
      vertex -13.614 20.195 6.11
      vertex -13.714 20.195 6.21
    endloop
  endfacet
  facet normal 0 1 0
    outer loop
      vertex -13.714 20.195 6.21
      vertex -13.614 20.195 6.11
      vertex -13.7129 20.195 6.1773
    endloop
  endfacet
  facet normal 0 1 0
    outer loop
      vertex -13.7129 20.195 6.1773
      vertex -13.614 20.195 6.11
      vertex -13.7097 20.195 6.14474
    endloop
  endfacet
  facet normal 0 1 0
    outer loop
      vertex -13.7097 20.195 6.14474
      vertex -13.614 20.195 6.11
      vertex -13.7044 20.195 6.11245
    endloop
  endfacet
  facet normal 0 1 -0
    outer loop
      vertex -13.464 20.195 5.77699
      vertex -13.614 20.195 6.11
      vertex -13.464 20.195 6.64301
    endloop
  endfacet
  facet normal -0 1 -0
    outer loop
      vertex -13.6107 20.195 5.90562
      vertex -13.614 20.195 6.11
      vertex -13.5899 20.195 5.88033
    endloop
  endfacet
  facet normal 0 1 0
    outer loop
      vertex -13.614 20.195 6.11
      vertex -13.6107 20.195 5.90562
      vertex -13.614 20.195 5.91026
    endloop
  endfacet
  facet normal 0 1 0
    outer loop
      vertex -13.614 20.195 6.11
      vertex -13.5676 20.195 5.85645
      vertex -13.5899 20.195 5.88033
    endloop
  endfacet
  facet normal 0 1 0
    outer loop
      vertex -13.614 20.195 6.11
      vertex -13.5437 20.195 5.83408
      vertex -13.5676 20.195 5.85645
    endloop
  endfacet
  facet normal 0 1 0
    outer loop
      vertex -13.614 20.195 6.11
      vertex -13.5184 20.195 5.81332
      vertex -13.5437 20.195 5.83408
    endloop
  endfacet
  facet normal 0 1 0
    outer loop
      vertex -13.614 20.195 6.11
      vertex -13.4918 20.195 5.79426
      vertex -13.5184 20.195 5.81332
    endloop
  endfacet
  facet normal 0 1 0
    outer loop
      vertex -13.614 20.195 6.11
      vertex -13.464 20.195 5.77699
      vertex -13.4918 20.195 5.79426
    endloop
  endfacet
  facet normal 0 1 0
    outer loop
      vertex -13.7044 20.195 6.11245
      vertex -13.614 20.195 6.11
      vertex -13.7038 20.195 6.11
    endloop
  endfacet
  facet normal -0.971297 0 -0.237869
    outer loop
      vertex -13.7038 17.195 6.11
      vertex -13.7044 20.195 6.11245
      vertex -13.7038 20.195 6.11
    endloop
  endfacet
  facet normal -0.971297 -0 -0.237869
    outer loop
      vertex -13.7044 20.195 6.11245
      vertex -13.7038 17.195 6.11
      vertex -13.7044 17.195 6.11245
    endloop
  endfacet
  facet normal -0.814918 0 -0.579576
    outer loop
      vertex -13.6107 17.195 5.90562
      vertex -13.614 20.195 5.91026
      vertex -13.6107 20.195 5.90562
    endloop
  endfacet
  facet normal -0.814918 -0 -0.579576
    outer loop
      vertex -13.614 20.195 5.91026
      vertex -13.6107 17.195 5.90562
      vertex -13.614 17.195 5.91026
    endloop
  endfacet
  facet normal -0.0979924 0 -0.995187
    outer loop
      vertex -13.2793 17.195 5.71428
      vertex -13.2467 20.195 5.71107
      vertex -13.2467 17.195 5.71107
    endloop
  endfacet
  facet normal -0.0979924 0 -0.995187
    outer loop
      vertex -13.2467 20.195 5.71107
      vertex -13.2793 17.195 5.71428
      vertex -13.2793 20.195 5.71428
    endloop
  endfacet
  facet normal -0.52769 0 -0.849437
    outer loop
      vertex -13.4918 17.195 5.79426
      vertex -13.464 20.195 5.77699
      vertex -13.464 17.195 5.77699
    endloop
  endfacet
  facet normal -0.52769 0 -0.849437
    outer loop
      vertex -13.464 20.195 5.77699
      vertex -13.4918 17.195 5.79426
      vertex -13.4918 20.195 5.79426
    endloop
  endfacet
  facet normal -0.683352 0 -0.730089
    outer loop
      vertex -13.5676 17.195 5.85645
      vertex -13.5437 20.195 5.83408
      vertex -13.5437 17.195 5.83408
    endloop
  endfacet
  facet normal -0.683352 0 -0.730089
    outer loop
      vertex -13.5437 20.195 5.83408
      vertex -13.5676 17.195 5.85645
      vertex -13.5676 20.195 5.85645
    endloop
  endfacet
  facet normal 0.999435 0 -0.0336201
    outer loop
      vertex -12.714 17.195 6.21
      vertex -12.7151 20.195 6.1773
      vertex -12.714 20.195 6.21
    endloop
  endfacet
  facet normal 0.999435 0 -0.0336201
    outer loop
      vertex -12.7151 20.195 6.1773
      vertex -12.714 17.195 6.21
      vertex -12.7151 17.195 6.1773
    endloop
  endfacet
  facet normal 0.956922 -0 0.290347
    outer loop
      vertex -12.7405 17.195 6.37072
      vertex -12.731 20.195 6.33941
      vertex -12.7405 20.195 6.37072
    endloop
  endfacet
  facet normal 0.956922 0 0.290347
    outer loop
      vertex -12.731 20.195 6.33941
      vertex -12.7405 17.195 6.37072
      vertex -12.731 17.195 6.33941
    endloop
  endfacet
  facet normal -0.974086 0 0.226176
    outer loop
      vertex -13.7044 17.195 6.30754
      vertex -13.697 20.195 6.33941
      vertex -13.7044 20.195 6.30754
    endloop
  endfacet
  facet normal -0.974086 0 0.226176
    outer loop
      vertex -13.697 20.195 6.33941
      vertex -13.7044 17.195 6.30754
      vertex -13.697 17.195 6.33941
    endloop
  endfacet
  facet normal -0.910889 0 0.412651
    outer loop
      vertex -13.6759 17.195 6.40134
      vertex -13.6624 20.195 6.43114
      vertex -13.6759 20.195 6.40134
    endloop
  endfacet
  facet normal -0.910889 0 0.412651
    outer loop
      vertex -13.6624 20.195 6.43114
      vertex -13.6759 17.195 6.40134
      vertex -13.6624 17.195 6.43114
    endloop
  endfacet
  facet normal 0.986796 0 -0.16197
    outer loop
      vertex -12.7183 17.195 6.14474
      vertex -12.7236 20.195 6.11245
      vertex -12.7183 20.195 6.14474
    endloop
  endfacet
  facet normal 0.986796 0 -0.16197
    outer loop
      vertex -12.7236 20.195 6.11245
      vertex -12.7183 17.195 6.14474
      vertex -12.7236 17.195 6.11245
    endloop
  endfacet
  facet normal 0.911371 0 -0.411587
    outer loop
      vertex -12.7521 17.195 6.01866
      vertex -12.764 20.195 5.99231
      vertex -12.7521 20.195 6.01866
    endloop
  endfacet
  facet normal 0.911371 0 -0.411587
    outer loop
      vertex -12.764 20.195 5.99231
      vertex -12.7521 17.195 6.01866
      vertex -12.764 17.195 5.99231
    endloop
  endfacet
  facet normal 0.974071 0 -0.226244
    outer loop
      vertex -12.7236 17.195 6.11245
      vertex -12.731 20.195 6.08059
      vertex -12.7236 20.195 6.11245
    endloop
  endfacet
  facet normal 0.974071 0 -0.226244
    outer loop
      vertex -12.731 20.195 6.08059
      vertex -12.7236 17.195 6.11245
      vertex -12.731 17.195 6.08059
    endloop
  endfacet
  facet normal 0.0979924 0 -0.995187
    outer loop
      vertex -13.1813 17.195 5.71107
      vertex -13.1487 20.195 5.71428
      vertex -13.1487 17.195 5.71428
    endloop
  endfacet
  facet normal 0.0979924 0 -0.995187
    outer loop
      vertex -13.1487 20.195 5.71428
      vertex -13.1813 17.195 5.71107
      vertex -13.1813 20.195 5.71107
    endloop
  endfacet
  facet normal 0.290152 0 -0.956981
    outer loop
      vertex -13.0846 17.195 5.72704
      vertex -13.0533 20.195 5.73653
      vertex -13.0533 17.195 5.73653
    endloop
  endfacet
  facet normal 0.290152 0 -0.956981
    outer loop
      vertex -13.0533 20.195 5.73653
      vertex -13.0846 17.195 5.72704
      vertex -13.0846 20.195 5.72704
    endloop
  endfacet
  facet normal -0.986796 0 -0.16197
    outer loop
      vertex -13.7044 17.195 6.11245
      vertex -13.7097 20.195 6.14474
      vertex -13.7044 20.195 6.11245
    endloop
  endfacet
  facet normal -0.986796 -0 -0.16197
    outer loop
      vertex -13.7097 20.195 6.14474
      vertex -13.7044 17.195 6.11245
      vertex -13.7097 17.195 6.14474
    endloop
  endfacet
  facet normal -0.995205 0 -0.0978089
    outer loop
      vertex -13.7097 17.195 6.14474
      vertex -13.7129 20.195 6.1773
      vertex -13.7097 20.195 6.14474
    endloop
  endfacet
  facet normal -0.995205 -0 -0.0978089
    outer loop
      vertex -13.7129 20.195 6.1773
      vertex -13.7097 17.195 6.14474
      vertex -13.7129 17.195 6.1773
    endloop
  endfacet
  facet normal -0.772336 0 -0.635215
    outer loop
      vertex -13.5899 17.195 5.88033
      vertex -13.6107 20.195 5.90562
      vertex -13.5899 20.195 5.88033
    endloop
  endfacet
  facet normal -0.772336 -0 -0.635215
    outer loop
      vertex -13.6107 20.195 5.90562
      vertex -13.5899 17.195 5.88033
      vertex -13.6107 17.195 5.90562
    endloop
  endfacet
  facet normal -0.226844 0 -0.973931
    outer loop
      vertex -13.3434 17.195 5.72704
      vertex -13.3115 20.195 5.71961
      vertex -13.3115 17.195 5.71961
    endloop
  endfacet
  facet normal -0.226844 0 -0.973931
    outer loop
      vertex -13.3115 20.195 5.71961
      vertex -13.3434 17.195 5.72704
      vertex -13.3434 20.195 5.72704
    endloop
  endfacet
  facet normal -0.290152 0 -0.956981
    outer loop
      vertex -13.3747 17.195 5.73653
      vertex -13.3434 20.195 5.72704
      vertex -13.3434 17.195 5.72704
    endloop
  endfacet
  facet normal -0.290152 0 -0.956981
    outer loop
      vertex -13.3434 20.195 5.72704
      vertex -13.3747 17.195 5.73653
      vertex -13.3747 20.195 5.73653
    endloop
  endfacet
  facet normal -0.0327042 0 -0.999465
    outer loop
      vertex -13.2467 17.195 5.71107
      vertex -13.214 20.195 5.71
      vertex -13.214 17.195 5.71
    endloop
  endfacet
  facet normal -0.0327042 0 -0.999465
    outer loop
      vertex -13.214 20.195 5.71
      vertex -13.2467 17.195 5.71107
      vertex -13.2467 20.195 5.71107
    endloop
  endfacet
  facet normal -0.412086 0 -0.911145
    outer loop
      vertex -13.4317 17.195 5.76
      vertex -13.4053 20.195 5.74806
      vertex -13.4053 17.195 5.74806
    endloop
  endfacet
  facet normal -0.412086 0 -0.911145
    outer loop
      vertex -13.4053 20.195 5.74806
      vertex -13.4317 17.195 5.76
      vertex -13.4317 20.195 5.76
    endloop
  endfacet
  facet normal -0.634335 0 -0.773058
    outer loop
      vertex -13.5437 17.195 5.83408
      vertex -13.5184 20.195 5.81332
      vertex -13.5184 17.195 5.81332
    endloop
  endfacet
  facet normal -0.634335 0 -0.773058
    outer loop
      vertex -13.5184 20.195 5.81332
      vertex -13.5437 17.195 5.83408
      vertex -13.5437 20.195 5.83408
    endloop
  endfacet
  facet normal -0.582452 0 -0.812865
    outer loop
      vertex -13.5184 17.195 5.81332
      vertex -13.4918 20.195 5.79426
      vertex -13.4918 17.195 5.79426
    endloop
  endfacet
  facet normal -0.582452 0 -0.812865
    outer loop
      vertex -13.4918 20.195 5.79426
      vertex -13.5184 17.195 5.81332
      vertex -13.5184 20.195 5.81332
    endloop
  endfacet
  facet normal 0.995205 -0 0.0978089
    outer loop
      vertex -12.7183 17.195 6.27526
      vertex -12.7151 20.195 6.2427
      vertex -12.7183 20.195 6.27526
    endloop
  endfacet
  facet normal 0.995205 0 0.0978089
    outer loop
      vertex -12.7151 20.195 6.2427
      vertex -12.7183 17.195 6.27526
      vertex -12.7151 17.195 6.2427
    endloop
  endfacet
  facet normal 0.935144 -0 0.354268
    outer loop
      vertex -12.7521 17.195 6.40134
      vertex -12.7405 20.195 6.37072
      vertex -12.7521 20.195 6.40134
    endloop
  endfacet
  facet normal 0.935144 0 0.354268
    outer loop
      vertex -12.7405 20.195 6.37072
      vertex -12.7521 17.195 6.40134
      vertex -12.7405 17.195 6.37072
    endloop
  endfacet
  facet normal -0.935144 0 0.354268
    outer loop
      vertex -13.6875 17.195 6.37072
      vertex -13.6759 20.195 6.40134
      vertex -13.6875 20.195 6.37072
    endloop
  endfacet
  facet normal -0.935144 0 0.354268
    outer loop
      vertex -13.6759 20.195 6.40134
      vertex -13.6875 17.195 6.37072
      vertex -13.6759 17.195 6.40134
    endloop
  endfacet
  facet normal 0 -1 0
    outer loop
      vertex -13.4053 17.195 5.74806
      vertex -12.9963 17.195 5.76
      vertex -13.4317 17.195 5.76
    endloop
  endfacet
  facet normal 0 -1 0
    outer loop
      vertex -13.4053 17.195 5.74806
      vertex -13.0227 17.195 5.74806
      vertex -12.9963 17.195 5.76
    endloop
  endfacet
  facet normal 0 -1 0
    outer loop
      vertex -13.3747 17.195 5.73653
      vertex -13.0227 17.195 5.74806
      vertex -13.4053 17.195 5.74806
    endloop
  endfacet
  facet normal 0 -1 0
    outer loop
      vertex -13.3747 17.195 5.73653
      vertex -13.0533 17.195 5.73653
      vertex -13.0227 17.195 5.74806
    endloop
  endfacet
  facet normal 0 -1 0
    outer loop
      vertex -13.3434 17.195 5.72704
      vertex -13.0533 17.195 5.73653
      vertex -13.3747 17.195 5.73653
    endloop
  endfacet
  facet normal 0 -1 0
    outer loop
      vertex -13.3434 17.195 5.72704
      vertex -13.0846 17.195 5.72704
      vertex -13.0533 17.195 5.73653
    endloop
  endfacet
  facet normal 0 -1 0
    outer loop
      vertex -13.3115 17.195 5.71961
      vertex -13.0846 17.195 5.72704
      vertex -13.3434 17.195 5.72704
    endloop
  endfacet
  facet normal 0 -1 0
    outer loop
      vertex -13.3115 17.195 5.71961
      vertex -13.1165 17.195 5.71961
      vertex -13.0846 17.195 5.72704
    endloop
  endfacet
  facet normal 0 -1 0
    outer loop
      vertex -13.2793 17.195 5.71428
      vertex -13.1165 17.195 5.71961
      vertex -13.3115 17.195 5.71961
    endloop
  endfacet
  facet normal 0 -1 0
    outer loop
      vertex -13.2793 17.195 5.71428
      vertex -13.1487 17.195 5.71428
      vertex -13.1165 17.195 5.71961
    endloop
  endfacet
  facet normal 0 -1 0
    outer loop
      vertex -13.2467 17.195 5.71107
      vertex -13.1487 17.195 5.71428
      vertex -13.2793 17.195 5.71428
    endloop
  endfacet
  facet normal 0 -1 0
    outer loop
      vertex -13.2467 17.195 5.71107
      vertex -13.1813 17.195 5.71107
      vertex -13.1487 17.195 5.71428
    endloop
  endfacet
  facet normal -0 -1 0
    outer loop
      vertex -13.1813 17.195 5.71107
      vertex -13.2467 17.195 5.71107
      vertex -13.214 17.195 5.71
    endloop
  endfacet
  facet normal 0 -1 0
    outer loop
      vertex -13.614 17.195 6.11
      vertex -13.4918 17.195 6.62573
      vertex -13.5184 17.195 6.60668
    endloop
  endfacet
  facet normal 0 -1 0
    outer loop
      vertex -13.614 17.195 6.11
      vertex -13.5184 17.195 6.60668
      vertex -13.5437 17.195 6.58592
    endloop
  endfacet
  facet normal 0 -1 0
    outer loop
      vertex -13.614 17.195 6.11
      vertex -13.5437 17.195 6.58592
      vertex -13.5676 17.195 6.56355
    endloop
  endfacet
  facet normal 0 -1 0
    outer loop
      vertex -13.614 17.195 6.11
      vertex -13.5676 17.195 6.56355
      vertex -13.5899 17.195 6.53967
    endloop
  endfacet
  facet normal 0 -1 0
    outer loop
      vertex -13.614 17.195 6.11
      vertex -13.5899 17.195 6.53967
      vertex -13.6107 17.195 6.51438
    endloop
  endfacet
  facet normal 0 -1 0
    outer loop
      vertex -13.614 17.195 6.11
      vertex -13.6107 17.195 6.51438
      vertex -13.6297 17.195 6.48778
    endloop
  endfacet
  facet normal 0 -1 0
    outer loop
      vertex -13.614 17.195 6.11
      vertex -13.6297 17.195 6.48778
      vertex -13.647 17.195 6.46
    endloop
  endfacet
  facet normal 0 -1 0
    outer loop
      vertex -13.614 17.195 6.11
      vertex -13.647 17.195 6.46
      vertex -13.6624 17.195 6.43114
    endloop
  endfacet
  facet normal 0 -1 0
    outer loop
      vertex -13.614 17.195 6.11
      vertex -13.6624 17.195 6.43114
      vertex -13.6759 17.195 6.40134
    endloop
  endfacet
  facet normal 0 -1 0
    outer loop
      vertex -13.614 17.195 6.11
      vertex -13.6759 17.195 6.40134
      vertex -13.6875 17.195 6.37072
    endloop
  endfacet
  facet normal 0 -1 0
    outer loop
      vertex -13.614 17.195 6.11
      vertex -13.6875 17.195 6.37072
      vertex -13.697 17.195 6.33941
    endloop
  endfacet
  facet normal 0 -1 0
    outer loop
      vertex -13.614 17.195 6.11
      vertex -13.697 17.195 6.33941
      vertex -13.7044 17.195 6.30754
    endloop
  endfacet
  facet normal 0 -1 0
    outer loop
      vertex -13.614 17.195 6.11
      vertex -13.7044 17.195 6.30754
      vertex -13.7097 17.195 6.27526
    endloop
  endfacet
  facet normal 0 -1 0
    outer loop
      vertex -13.614 17.195 6.11
      vertex -13.7097 17.195 6.27526
      vertex -13.7129 17.195 6.2427
    endloop
  endfacet
  facet normal 0 -1 0
    outer loop
      vertex -13.614 17.195 6.11
      vertex -13.7129 17.195 6.2427
      vertex -13.714 17.195 6.21
    endloop
  endfacet
  facet normal 0 -1 0
    outer loop
      vertex -13.614 17.195 6.11
      vertex -13.714 17.195 6.21
      vertex -13.7129 17.195 6.1773
    endloop
  endfacet
  facet normal 0 -1 0
    outer loop
      vertex -13.614 17.195 6.11
      vertex -13.7129 17.195 6.1773
      vertex -13.7097 17.195 6.14474
    endloop
  endfacet
  facet normal 0 -1 0
    outer loop
      vertex -13.614 17.195 6.11
      vertex -13.7097 17.195 6.14474
      vertex -13.7044 17.195 6.11245
    endloop
  endfacet
  facet normal 0 -1 0
    outer loop
      vertex -13.614 17.195 6.11
      vertex -13.7044 17.195 6.11245
      vertex -13.7038 17.195 6.11
    endloop
  endfacet
  facet normal 0 -1 -0
    outer loop
      vertex -13.4918 17.195 6.62573
      vertex -13.614 17.195 6.11
      vertex -13.464 17.195 6.64301
    endloop
  endfacet
  facet normal 0 -1 0
    outer loop
      vertex -13.6107 17.195 5.90562
      vertex -13.614 17.195 6.11
      vertex -13.614 17.195 5.91026
    endloop
  endfacet
  facet normal 0 -1 0
    outer loop
      vertex -13.614 17.195 6.11
      vertex -13.6107 17.195 5.90562
      vertex -13.5899 17.195 5.88033
    endloop
  endfacet
  facet normal 0 -1 0
    outer loop
      vertex -13.5676 17.195 5.85645
      vertex -13.614 17.195 6.11
      vertex -13.5899 17.195 5.88033
    endloop
  endfacet
  facet normal 0 -1 0
    outer loop
      vertex -13.5437 17.195 5.83408
      vertex -13.614 17.195 6.11
      vertex -13.5676 17.195 5.85645
    endloop
  endfacet
  facet normal 0 -1 0
    outer loop
      vertex -13.5184 17.195 5.81332
      vertex -13.614 17.195 6.11
      vertex -13.5437 17.195 5.83408
    endloop
  endfacet
  facet normal 0 -1 0
    outer loop
      vertex -13.4918 17.195 5.79426
      vertex -13.614 17.195 6.11
      vertex -13.5184 17.195 5.81332
    endloop
  endfacet
  facet normal 0 -1 0
    outer loop
      vertex -13.464 17.195 5.77699
      vertex -13.614 17.195 6.11
      vertex -13.4918 17.195 5.79426
    endloop
  endfacet
  facet normal 0 -1 0
    outer loop
      vertex -13.614 17.195 6.11
      vertex -13.464 17.195 5.77699
      vertex -13.464 17.195 6.64301
    endloop
  endfacet
  facet normal 0 -1 0
    outer loop
      vertex -12.764 17.195 6.42769
      vertex -12.7405 17.195 6.37072
      vertex -12.7521 17.195 6.40134
    endloop
  endfacet
  facet normal 0 -1 0
    outer loop
      vertex -12.764 17.195 6.42769
      vertex -12.731 17.195 6.33941
      vertex -12.7405 17.195 6.37072
    endloop
  endfacet
  facet normal 0 -1 0
    outer loop
      vertex -12.764 17.195 6.42769
      vertex -12.7236 17.195 6.30754
      vertex -12.731 17.195 6.33941
    endloop
  endfacet
  facet normal 0 -1 0
    outer loop
      vertex -12.764 17.195 6.42769
      vertex -12.7183 17.195 6.27526
      vertex -12.7236 17.195 6.30754
    endloop
  endfacet
  facet normal 0 -1 0
    outer loop
      vertex -12.764 17.195 6.42769
      vertex -12.7151 17.195 6.2427
      vertex -12.7183 17.195 6.27526
    endloop
  endfacet
  facet normal 0 -1 0
    outer loop
      vertex -12.764 17.195 6.42769
      vertex -12.714 17.195 6.21
      vertex -12.7151 17.195 6.2427
    endloop
  endfacet
  facet normal 0 -1 0
    outer loop
      vertex -12.764 17.195 6.42769
      vertex -12.7151 17.195 6.1773
      vertex -12.714 17.195 6.21
    endloop
  endfacet
  facet normal 0 -1 0
    outer loop
      vertex -12.764 17.195 6.42769
      vertex -12.7183 17.195 6.14474
      vertex -12.7151 17.195 6.1773
    endloop
  endfacet
  facet normal 0 -1 0
    outer loop
      vertex -12.764 17.195 6.42769
      vertex -12.7236 17.195 6.11245
      vertex -12.7183 17.195 6.14474
    endloop
  endfacet
  facet normal 0 -1 0
    outer loop
      vertex -12.764 17.195 6.42769
      vertex -12.731 17.195 6.08059
      vertex -12.7236 17.195 6.11245
    endloop
  endfacet
  facet normal 0 -1 0
    outer loop
      vertex -12.764 17.195 6.42769
      vertex -12.7405 17.195 6.04928
      vertex -12.731 17.195 6.08059
    endloop
  endfacet
  facet normal 0 -1 0
    outer loop
      vertex -12.764 17.195 6.42769
      vertex -12.7521 17.195 6.01866
      vertex -12.7405 17.195 6.04928
    endloop
  endfacet
  facet normal -0 -1 0
    outer loop
      vertex -12.7521 17.195 6.01866
      vertex -12.764 17.195 6.42769
      vertex -12.764 17.195 5.99231
    endloop
  endfacet
  facet normal 0.956922 0 -0.290347
    outer loop
      vertex -12.731 17.195 6.08059
      vertex -12.7405 20.195 6.04928
      vertex -12.731 20.195 6.08059
    endloop
  endfacet
  facet normal 0.956922 0 -0.290347
    outer loop
      vertex -12.7405 20.195 6.04928
      vertex -12.731 17.195 6.08059
      vertex -12.7405 17.195 6.04928
    endloop
  endfacet
  facet normal 0.974086 -0 0.226176
    outer loop
      vertex -12.731 17.195 6.33941
      vertex -12.7236 20.195 6.30754
      vertex -12.731 20.195 6.33941
    endloop
  endfacet
  facet normal 0.974086 0 0.226176
    outer loop
      vertex -12.7236 20.195 6.30754
      vertex -12.731 17.195 6.33941
      vertex -12.7236 17.195 6.30754
    endloop
  endfacet
  facet normal 0.911371 -0 0.411587
    outer loop
      vertex -12.764 17.195 6.42769
      vertex -12.7521 20.195 6.40134
      vertex -12.764 20.195 6.42769
    endloop
  endfacet
  facet normal 0.911371 0 0.411587
    outer loop
      vertex -12.7521 20.195 6.40134
      vertex -12.764 17.195 6.42769
      vertex -12.7521 17.195 6.40134
    endloop
  endfacet
  facet normal -0.986788 0 0.162019
    outer loop
      vertex -13.7097 17.195 6.27526
      vertex -13.7044 20.195 6.30754
      vertex -13.7097 20.195 6.27526
    endloop
  endfacet
  facet normal -0.986788 0 0.162019
    outer loop
      vertex -13.7044 20.195 6.30754
      vertex -13.7097 17.195 6.27526
      vertex -13.7044 17.195 6.30754
    endloop
  endfacet
  facet normal -0.995205 0 0.0978089
    outer loop
      vertex -13.7129 17.195 6.2427
      vertex -13.7097 20.195 6.27526
      vertex -13.7129 20.195 6.2427
    endloop
  endfacet
  facet normal -0.995205 0 0.0978089
    outer loop
      vertex -13.7097 20.195 6.27526
      vertex -13.7129 17.195 6.2427
      vertex -13.7097 17.195 6.27526
    endloop
  endfacet
  facet normal -0.999435 0 0.0336201
    outer loop
      vertex -13.714 17.195 6.21
      vertex -13.7129 20.195 6.2427
      vertex -13.714 20.195 6.21
    endloop
  endfacet
  facet normal -0.999435 0 0.0336201
    outer loop
      vertex -13.7129 20.195 6.2427
      vertex -13.714 17.195 6.21
      vertex -13.7129 17.195 6.2427
    endloop
  endfacet
  facet normal 0.986788 -0 0.162019
    outer loop
      vertex -12.7236 17.195 6.30754
      vertex -12.7183 20.195 6.27526
      vertex -12.7236 20.195 6.30754
    endloop
  endfacet
  facet normal 0.986788 0 0.162019
    outer loop
      vertex -12.7183 20.195 6.27526
      vertex -12.7236 17.195 6.30754
      vertex -12.7183 17.195 6.27526
    endloop
  endfacet
  facet normal -0.882251 0 0.470779
    outer loop
      vertex -13.6624 17.195 6.43114
      vertex -13.647 20.195 6.46
      vertex -13.6624 20.195 6.43114
    endloop
  endfacet
  facet normal -0.882251 0 0.470779
    outer loop
      vertex -13.647 20.195 6.46
      vertex -13.6624 17.195 6.43114
      vertex -13.647 17.195 6.46
    endloop
  endfacet
  facet normal -0.730872 0 0.682515
    outer loop
      vertex -13.5899 17.195 6.53967
      vertex -13.5676 20.195 6.56355
      vertex -13.5899 20.195 6.53967
    endloop
  endfacet
  facet normal -0.730872 0 0.682515
    outer loop
      vertex -13.5676 20.195 6.56355
      vertex -13.5899 17.195 6.53967
      vertex -13.5676 17.195 6.56355
    endloop
  endfacet
  facet normal -0.813733 0 0.581238
    outer loop
      vertex -13.6297 17.195 6.48778
      vertex -13.6107 20.195 6.51438
      vertex -13.6297 20.195 6.48778
    endloop
  endfacet
  facet normal -0.813733 0 0.581238
    outer loop
      vertex -13.6107 20.195 6.51438
      vertex -13.6297 17.195 6.48778
      vertex -13.6107 17.195 6.51438
    endloop
  endfacet
  facet normal -0.683352 0 0.730089
    outer loop
      vertex -13.5676 20.195 6.56355
      vertex -13.5437 17.195 6.58592
      vertex -13.5437 20.195 6.58592
    endloop
  endfacet
  facet normal -0.683352 0 0.730089
    outer loop
      vertex -13.5437 17.195 6.58592
      vertex -13.5676 20.195 6.56355
      vertex -13.5676 17.195 6.56355
    endloop
  endfacet
  facet normal -0.956922 0 0.290347
    outer loop
      vertex -13.697 17.195 6.33941
      vertex -13.6875 20.195 6.37072
      vertex -13.697 20.195 6.33941
    endloop
  endfacet
  facet normal -0.956922 0 0.290347
    outer loop
      vertex -13.6875 20.195 6.37072
      vertex -13.697 17.195 6.33941
      vertex -13.6875 17.195 6.37072
    endloop
  endfacet
  facet normal -0.52791 0 0.8493
    outer loop
      vertex -13.4918 20.195 6.62573
      vertex -13.464 17.195 6.64301
      vertex -13.464 20.195 6.64301
    endloop
  endfacet
  facet normal -0.52791 0 0.8493
    outer loop
      vertex -13.464 17.195 6.64301
      vertex -13.4918 20.195 6.62573
      vertex -13.4918 17.195 6.62573
    endloop
  endfacet
  facet normal -0.58225 0 0.81301
    outer loop
      vertex -13.5184 20.195 6.60668
      vertex -13.4918 17.195 6.62573
      vertex -13.4918 20.195 6.62573
    endloop
  endfacet
  facet normal -0.58225 0 0.81301
    outer loop
      vertex -13.4918 17.195 6.62573
      vertex -13.5184 20.195 6.60668
      vertex -13.5184 17.195 6.60668
    endloop
  endfacet
  facet normal -0.634335 0 0.773058
    outer loop
      vertex -13.5437 20.195 6.58592
      vertex -13.5184 17.195 6.60668
      vertex -13.5184 20.195 6.60668
    endloop
  endfacet
  facet normal -0.634335 0 0.773058
    outer loop
      vertex -13.5184 17.195 6.60668
      vertex -13.5437 20.195 6.58592
      vertex -13.5437 17.195 6.58592
    endloop
  endfacet
  facet normal -0.848856 0 0.528625
    outer loop
      vertex -13.647 17.195 6.46
      vertex -13.6297 20.195 6.48778
      vertex -13.647 20.195 6.46
    endloop
  endfacet
  facet normal -0.848856 0 0.528625
    outer loop
      vertex -13.6297 20.195 6.48778
      vertex -13.647 17.195 6.46
      vertex -13.6297 17.195 6.48778
    endloop
  endfacet
  facet normal -0.772336 0 0.635215
    outer loop
      vertex -13.6107 17.195 6.51438
      vertex -13.5899 20.195 6.53967
      vertex -13.6107 20.195 6.51438
    endloop
  endfacet
  facet normal -0.772336 0 0.635215
    outer loop
      vertex -13.5899 20.195 6.53967
      vertex -13.6107 17.195 6.51438
      vertex -13.5899 17.195 6.53967
    endloop
  endfacet
  facet normal -1 0 0
    outer loop
      vertex 7.8 24.1 1.7
      vertex 7.8 25.7 6.96
      vertex 7.8 25.7 1.7
    endloop
  endfacet
  facet normal -1 -0 0
    outer loop
      vertex 7.8 25.7 6.96
      vertex 7.8 24.1 1.7
      vertex 7.8 24.1 6.96
    endloop
  endfacet
  facet normal 1 -0 0
    outer loop
      vertex 9.4 24.1 6.96
      vertex 9.4 25.7 1.7
      vertex 9.4 25.7 6.96
    endloop
  endfacet
  facet normal 1 0 0
    outer loop
      vertex 9.4 25.7 1.7
      vertex 9.4 24.1 6.96
      vertex 9.4 24.1 1.7
    endloop
  endfacet
  facet normal 0 1 -0
    outer loop
      vertex 9.4 25.7 1.7
      vertex 7.8 25.7 6.96
      vertex 9.4 25.7 6.96
    endloop
  endfacet
  facet normal 0 1 0
    outer loop
      vertex 7.8 25.7 6.96
      vertex 9.4 25.7 1.7
      vertex 7.8 25.7 1.7
    endloop
  endfacet
  facet normal 0 0 -1
    outer loop
      vertex 7.8 24.1 1.7
      vertex 9.4 25.7 1.7
      vertex 9.4 24.1 1.7
    endloop
  endfacet
  facet normal -0 0 -1
    outer loop
      vertex 9.4 25.7 1.7
      vertex 7.8 24.1 1.7
      vertex 7.8 25.7 1.7
    endloop
  endfacet
  facet normal 0 -1 0
    outer loop
      vertex 7.8 24.1 1.7
      vertex 9.4 24.1 6.96
      vertex 7.8 24.1 6.96
    endloop
  endfacet
  facet normal 0 -1 -0
    outer loop
      vertex 9.4 24.1 6.96
      vertex 7.8 24.1 1.7
      vertex 9.4 24.1 1.7
    endloop
  endfacet
  facet normal -1 0 0
    outer loop
      vertex 7.8 -11.1 1.7
      vertex 7.8 -9.5 6.96
      vertex 7.8 -9.5 1.7
    endloop
  endfacet
  facet normal -1 -0 0
    outer loop
      vertex 7.8 -9.5 6.96
      vertex 7.8 -11.1 1.7
      vertex 7.8 -11.1 6.96
    endloop
  endfacet
  facet normal 1 -0 0
    outer loop
      vertex 9.4 -11.1 6.96
      vertex 9.4 -9.5 1.7
      vertex 9.4 -9.5 6.96
    endloop
  endfacet
  facet normal 1 0 0
    outer loop
      vertex 9.4 -9.5 1.7
      vertex 9.4 -11.1 6.96
      vertex 9.4 -11.1 1.7
    endloop
  endfacet
  facet normal 0 1 -0
    outer loop
      vertex 9.4 -9.5 1.7
      vertex 7.8 -9.5 6.96
      vertex 9.4 -9.5 6.96
    endloop
  endfacet
  facet normal 0 1 0
    outer loop
      vertex 7.8 -9.5 6.96
      vertex 9.4 -9.5 1.7
      vertex 7.8 -9.5 1.7
    endloop
  endfacet
  facet normal 0 0 -1
    outer loop
      vertex 7.8 -11.1 1.7
      vertex 9.4 -9.5 1.7
      vertex 9.4 -11.1 1.7
    endloop
  endfacet
  facet normal -0 0 -1
    outer loop
      vertex 9.4 -9.5 1.7
      vertex 7.8 -11.1 1.7
      vertex 7.8 -9.5 1.7
    endloop
  endfacet
  facet normal 0 -1 0
    outer loop
      vertex 7.8 -11.1 1.7
      vertex 9.4 -11.1 6.96
      vertex 7.8 -11.1 6.96
    endloop
  endfacet
  facet normal 0 -1 -0
    outer loop
      vertex 9.4 -11.1 6.96
      vertex 7.8 -11.1 1.7
      vertex 9.4 -11.1 1.7
    endloop
  endfacet
  facet normal -1 0 0
    outer loop
      vertex -13 24.1 1.7
      vertex -13 25.7 5.76
      vertex -13 25.7 1.7
    endloop
  endfacet
  facet normal -1 -0 0
    outer loop
      vertex -13 25.7 5.76
      vertex -13 24.1 1.7
      vertex -13 24.1 5.76
    endloop
  endfacet
  facet normal 1 -0 0
    outer loop
      vertex -11.4 24.1 6.96
      vertex -11.4 25.7 1.7
      vertex -11.4 25.7 6.96
    endloop
  endfacet
  facet normal 1 0 0
    outer loop
      vertex -11.4 25.7 1.7
      vertex -11.4 24.1 6.96
      vertex -11.4 24.1 1.7
    endloop
  endfacet
  facet normal 0 1 0
    outer loop
      vertex -11.4 25.7 6.96
      vertex -12.764 25.7 5.76
      vertex -12.764 25.7 6.96
    endloop
  endfacet
  facet normal 0 1 -0
    outer loop
      vertex -11.4 25.7 1.7
      vertex -12.764 25.7 5.76
      vertex -11.4 25.7 6.96
    endloop
  endfacet
  facet normal 0 1 0
    outer loop
      vertex -13 25.7 1.7
      vertex -12.764 25.7 5.76
      vertex -11.4 25.7 1.7
    endloop
  endfacet
  facet normal 0 1 0
    outer loop
      vertex -12.764 25.7 5.76
      vertex -13 25.7 1.7
      vertex -13 25.7 5.76
    endloop
  endfacet
  facet normal 0 0 -1
    outer loop
      vertex -13 24.1 1.7
      vertex -11.4 25.7 1.7
      vertex -11.4 24.1 1.7
    endloop
  endfacet
  facet normal -0 0 -1
    outer loop
      vertex -11.4 25.7 1.7
      vertex -13 24.1 1.7
      vertex -13 25.7 1.7
    endloop
  endfacet
  facet normal 0 -1 0
    outer loop
      vertex -13 24.1 5.76
      vertex -13 24.1 1.7
      vertex -12.764 24.1 5.76
    endloop
  endfacet
  facet normal 0 -1 0
    outer loop
      vertex -12.764 24.1 5.76
      vertex -11.4 24.1 6.96
      vertex -12.764 24.1 6.96
    endloop
  endfacet
  facet normal 0 -1 0
    outer loop
      vertex -11.4 24.1 1.7
      vertex -12.764 24.1 5.76
      vertex -13 24.1 1.7
    endloop
  endfacet
  facet normal 0 -1 0
    outer loop
      vertex -12.764 24.1 5.76
      vertex -11.4 24.1 1.7
      vertex -11.4 24.1 6.96
    endloop
  endfacet
  facet normal 0 0 1
    outer loop
      vertex 8.14 13.45 8.96
      vertex 12.211 28.295 8.96
      vertex 8.14 18 8.96
    endloop
  endfacet
  facet normal 0 0 1
    outer loop
      vertex 12.211 28.295 8.96
      vertex 8.13797 18.0621 8.96
      vertex 8.14 18 8.96
    endloop
  endfacet
  facet normal 0 0 1
    outer loop
      vertex 12.211 28.295 8.96
      vertex 8.13187 18.124 8.96
      vertex 8.13797 18.0621 8.96
    endloop
  endfacet
  facet normal 0 0 1
    outer loop
      vertex 12.211 28.295 8.96
      vertex 8.12175 18.1853 8.96
      vertex 8.13187 18.124 8.96
    endloop
  endfacet
  facet normal 0 0 1
    outer loop
      vertex 12.211 28.295 8.96
      vertex 8.10763 18.2459 8.96
      vertex 8.12175 18.1853 8.96
    endloop
  endfacet
  facet normal 0 0 1
    outer loop
      vertex 12.211 28.295 8.96
      vertex 8.08958 18.3054 8.96
      vertex 8.10763 18.2459 8.96
    endloop
  endfacet
  facet normal 0 0 1
    outer loop
      vertex 12.211 28.295 8.96
      vertex 8.06769 18.3635 8.96
      vertex 8.08958 18.3054 8.96
    endloop
  endfacet
  facet normal 0 0 1
    outer loop
      vertex 12.211 28.295 8.96
      vertex 8.04203 18.4202 8.96
      vertex 8.06769 18.3635 8.96
    endloop
  endfacet
  facet normal 0 0 1
    outer loop
      vertex 12.211 28.295 8.96
      vertex 8.01272 18.475 8.96
      vertex 8.04203 18.4202 8.96
    endloop
  endfacet
  facet normal 0 0 1
    outer loop
      vertex 12.211 28.295 8.96
      vertex 7.9799 18.5278 8.96
      vertex 8.01272 18.475 8.96
    endloop
  endfacet
  facet normal 0 0 1
    outer loop
      vertex 12.211 28.295 8.96
      vertex 7.94369 18.5783 8.96
      vertex 7.9799 18.5278 8.96
    endloop
  endfacet
  facet normal 0 0 1
    outer loop
      vertex 12.211 28.295 8.96
      vertex 7.90425 18.6264 8.96
      vertex 7.94369 18.5783 8.96
    endloop
  endfacet
  facet normal 0 0 1
    outer loop
      vertex 12.211 28.295 8.96
      vertex 7.86175 18.6718 8.96
      vertex 7.90425 18.6264 8.96
    endloop
  endfacet
  facet normal 0 0 1
    outer loop
      vertex 12.211 28.295 8.96
      vertex 7.81638 18.7142 8.96
      vertex 7.86175 18.6718 8.96
    endloop
  endfacet
  facet normal 0 0 1
    outer loop
      vertex 12.211 28.295 8.96
      vertex 7.76832 18.7537 8.96
      vertex 7.81638 18.7142 8.96
    endloop
  endfacet
  facet normal 0 0 1
    outer loop
      vertex 12.211 28.295 8.96
      vertex 7.71779 18.7899 8.96
      vertex 7.76832 18.7537 8.96
    endloop
  endfacet
  facet normal 0 0 1
    outer loop
      vertex 12.211 28.295 8.96
      vertex 7.665 18.8227 8.96
      vertex 7.71779 18.7899 8.96
    endloop
  endfacet
  facet normal 0 0 1
    outer loop
      vertex 12.211 28.295 8.96
      vertex 7.61017 18.852 8.96
      vertex 7.665 18.8227 8.96
    endloop
  endfacet
  facet normal 0 0 1
    outer loop
      vertex 12.211 28.295 8.96
      vertex 7.55355 18.8777 8.96
      vertex 7.61017 18.852 8.96
    endloop
  endfacet
  facet normal 0 0 1
    outer loop
      vertex 12.211 28.295 8.96
      vertex 7.49537 18.8996 8.96
      vertex 7.55355 18.8777 8.96
    endloop
  endfacet
  facet normal 0 0 1
    outer loop
      vertex 12.211 28.295 8.96
      vertex 7.43588 18.9176 8.96
      vertex 7.49537 18.8996 8.96
    endloop
  endfacet
  facet normal 0 0 1
    outer loop
      vertex 12.211 28.295 8.96
      vertex 7.37534 18.9317 8.96
      vertex 7.43588 18.9176 8.96
    endloop
  endfacet
  facet normal 0 0 1
    outer loop
      vertex 12.211 28.295 8.96
      vertex 7.314 18.9419 8.96
      vertex 7.37534 18.9317 8.96
    endloop
  endfacet
  facet normal 0 0 1
    outer loop
      vertex 12.211 28.295 8.96
      vertex 7.25213 18.948 8.96
      vertex 7.314 18.9419 8.96
    endloop
  endfacet
  facet normal 0 0 1
    outer loop
      vertex 12.211 28.295 8.96
      vertex 7.19 18.95 8.96
      vertex 7.25213 18.948 8.96
    endloop
  endfacet
  facet normal 0 0 1
    outer loop
      vertex 12.211 28.295 8.96
      vertex 7.12787 18.948 8.96
      vertex 7.19 18.95 8.96
    endloop
  endfacet
  facet normal 0 0 1
    outer loop
      vertex 12.211 28.295 8.96
      vertex 7.066 18.9419 8.96
      vertex 7.12787 18.948 8.96
    endloop
  endfacet
  facet normal 0 0 1
    outer loop
      vertex 12.211 28.295 8.96
      vertex 7.00466 18.9317 8.96
      vertex 7.066 18.9419 8.96
    endloop
  endfacet
  facet normal 0 0 1
    outer loop
      vertex 12.211 28.295 8.96
      vertex 6.94412 18.9176 8.96
      vertex 7.00466 18.9317 8.96
    endloop
  endfacet
  facet normal 0 0 1
    outer loop
      vertex 12.211 28.295 8.96
      vertex 6.88463 18.8996 8.96
      vertex 6.94412 18.9176 8.96
    endloop
  endfacet
  facet normal 0 0 1
    outer loop
      vertex 12.211 28.295 8.96
      vertex 6.82645 18.8777 8.96
      vertex 6.88463 18.8996 8.96
    endloop
  endfacet
  facet normal 0 0 1
    outer loop
      vertex 12.211 28.295 8.96
      vertex 6.76982 18.852 8.96
      vertex 6.82645 18.8777 8.96
    endloop
  endfacet
  facet normal 0 0 1
    outer loop
      vertex 12.211 28.295 8.96
      vertex 6.715 18.8227 8.96
      vertex 6.76982 18.852 8.96
    endloop
  endfacet
  facet normal 0 0 1
    outer loop
      vertex 12.211 28.295 8.96
      vertex 6.66221 18.7899 8.96
      vertex 6.715 18.8227 8.96
    endloop
  endfacet
  facet normal 0 0 1
    outer loop
      vertex 12.211 28.295 8.96
      vertex 6.61168 18.7537 8.96
      vertex 6.66221 18.7899 8.96
    endloop
  endfacet
  facet normal -0 0 1
    outer loop
      vertex -15.214 28.295 8.96
      vertex 6.61168 18.7537 8.96
      vertex 12.211 28.295 8.96
    endloop
  endfacet
  facet normal 0 0 1
    outer loop
      vertex 6.61168 18.7537 8.96
      vertex -15.214 28.295 8.96
      vertex 6.56362 18.7142 8.96
    endloop
  endfacet
  facet normal 0 0 1
    outer loop
      vertex 6.56362 18.7142 8.96
      vertex -15.214 28.295 8.96
      vertex 6.51825 18.6718 8.96
    endloop
  endfacet
  facet normal 0 0 1
    outer loop
      vertex 6.51825 18.6718 8.96
      vertex -15.214 28.295 8.96
      vertex 6.47575 18.6264 8.96
    endloop
  endfacet
  facet normal 0 0 1
    outer loop
      vertex 6.47575 18.6264 8.96
      vertex -15.214 28.295 8.96
      vertex 6.43631 18.5783 8.96
    endloop
  endfacet
  facet normal 0 0 1
    outer loop
      vertex 6.43631 18.5783 8.96
      vertex -15.214 28.295 8.96
      vertex 6.4001 18.5278 8.96
    endloop
  endfacet
  facet normal 0 0 1
    outer loop
      vertex -10.5 5 8.96
      vertex 6.24 13.45 8.96
      vertex 6.24 18 8.96
    endloop
  endfacet
  facet normal 0 0 1
    outer loop
      vertex -15.214 28.295 8.96
      vertex 6.24 18 8.96
      vertex 6.24203 18.0621 8.96
    endloop
  endfacet
  facet normal 0 0 1
    outer loop
      vertex -15.214 28.295 8.96
      vertex 6.24203 18.0621 8.96
      vertex 6.24813 18.124 8.96
    endloop
  endfacet
  facet normal 0 0 1
    outer loop
      vertex -15.214 28.295 8.96
      vertex 6.24813 18.124 8.96
      vertex 6.25825 18.1853 8.96
    endloop
  endfacet
  facet normal 0 0 1
    outer loop
      vertex 6.24 13.45 8.96
      vertex -10.5 5 8.96
      vertex 3.5 5 8.96
    endloop
  endfacet
  facet normal 0 0 1
    outer loop
      vertex -15.214 28.295 8.96
      vertex 6.25825 18.1853 8.96
      vertex 6.27237 18.2459 8.96
    endloop
  endfacet
  facet normal 0 0 1
    outer loop
      vertex -15.214 28.295 8.96
      vertex 6.27237 18.2459 8.96
      vertex 6.29042 18.3054 8.96
    endloop
  endfacet
  facet normal 0 0 1
    outer loop
      vertex -15.214 28.295 8.96
      vertex 6.29042 18.3054 8.96
      vertex 6.31231 18.3635 8.96
    endloop
  endfacet
  facet normal 0 0 1
    outer loop
      vertex -15.214 28.295 8.96
      vertex 6.31231 18.3635 8.96
      vertex 6.33797 18.4202 8.96
    endloop
  endfacet
  facet normal 0 0 1
    outer loop
      vertex -15.214 28.295 8.96
      vertex 6.33797 18.4202 8.96
      vertex 6.36728 18.475 8.96
    endloop
  endfacet
  facet normal 0 0 1
    outer loop
      vertex 6.4001 18.5278 8.96
      vertex -15.214 28.295 8.96
      vertex 6.36728 18.475 8.96
    endloop
  endfacet
  facet normal 0 0 1
    outer loop
      vertex -15.214 -13.479 8.96
      vertex -10.5 5 8.96
      vertex -15.214 28.295 8.96
    endloop
  endfacet
  facet normal 0 0 1
    outer loop
      vertex 6.24 18 8.96
      vertex -15.214 28.295 8.96
      vertex -10.5 5 8.96
    endloop
  endfacet
  facet normal 0 0 1
    outer loop
      vertex 8.13797 13.3879 8.96
      vertex 12.211 28.295 8.96
      vertex 8.14 13.45 8.96
    endloop
  endfacet
  facet normal 0 0 1
    outer loop
      vertex 8.13187 13.326 8.96
      vertex 12.211 28.295 8.96
      vertex 8.13797 13.3879 8.96
    endloop
  endfacet
  facet normal 0 0 1
    outer loop
      vertex 12.211 28.295 8.96
      vertex 8.13187 13.326 8.96
      vertex 12.211 -13.479 8.96
    endloop
  endfacet
  facet normal -0 0 1
    outer loop
      vertex 8.12175 13.2647 8.96
      vertex 12.211 -13.479 8.96
      vertex 8.13187 13.326 8.96
    endloop
  endfacet
  facet normal -0 0 1
    outer loop
      vertex 8.10763 13.2041 8.96
      vertex 12.211 -13.479 8.96
      vertex 8.12175 13.2647 8.96
    endloop
  endfacet
  facet normal -0 0 1
    outer loop
      vertex 8.08958 13.1446 8.96
      vertex 12.211 -13.479 8.96
      vertex 8.10763 13.2041 8.96
    endloop
  endfacet
  facet normal -0 0 1
    outer loop
      vertex 8.06769 13.0865 8.96
      vertex 12.211 -13.479 8.96
      vertex 8.08958 13.1446 8.96
    endloop
  endfacet
  facet normal -0 0 1
    outer loop
      vertex 8.04203 13.0298 8.96
      vertex 12.211 -13.479 8.96
      vertex 8.06769 13.0865 8.96
    endloop
  endfacet
  facet normal -0 0 1
    outer loop
      vertex 8.01272 12.975 8.96
      vertex 12.211 -13.479 8.96
      vertex 8.04203 13.0298 8.96
    endloop
  endfacet
  facet normal -0 0 1
    outer loop
      vertex 7.9799 12.9222 8.96
      vertex 12.211 -13.479 8.96
      vertex 8.01272 12.975 8.96
    endloop
  endfacet
  facet normal -0 0 1
    outer loop
      vertex 7.94369 12.8717 8.96
      vertex 12.211 -13.479 8.96
      vertex 7.9799 12.9222 8.96
    endloop
  endfacet
  facet normal -0 0 1
    outer loop
      vertex 7.90425 12.8236 8.96
      vertex 12.211 -13.479 8.96
      vertex 7.94369 12.8717 8.96
    endloop
  endfacet
  facet normal -0 0 1
    outer loop
      vertex 7.86175 12.7782 8.96
      vertex 12.211 -13.479 8.96
      vertex 7.90425 12.8236 8.96
    endloop
  endfacet
  facet normal 0 0 1
    outer loop
      vertex 3.5 5 8.96
      vertex 7.86175 12.7782 8.96
      vertex 7.81638 12.7358 8.96
    endloop
  endfacet
  facet normal 0 0 1
    outer loop
      vertex 3.5 5 8.96
      vertex 7.81638 12.7358 8.96
      vertex 7.76832 12.6963 8.96
    endloop
  endfacet
  facet normal 0 0 1
    outer loop
      vertex 3.5 5 8.96
      vertex 7.76832 12.6963 8.96
      vertex 7.71779 12.6601 8.96
    endloop
  endfacet
  facet normal 0 0 1
    outer loop
      vertex 3.5 5 8.96
      vertex 7.71779 12.6601 8.96
      vertex 7.665 12.6273 8.96
    endloop
  endfacet
  facet normal 0 0 1
    outer loop
      vertex 3.5 5 8.96
      vertex 7.665 12.6273 8.96
      vertex 7.61017 12.598 8.96
    endloop
  endfacet
  facet normal 0 0 1
    outer loop
      vertex 3.5 5 8.96
      vertex 7.61017 12.598 8.96
      vertex 7.55355 12.5723 8.96
    endloop
  endfacet
  facet normal 0 0 1
    outer loop
      vertex 3.5 5 8.96
      vertex 7.55355 12.5723 8.96
      vertex 7.49537 12.5504 8.96
    endloop
  endfacet
  facet normal 0 0 1
    outer loop
      vertex 3.5 5 8.96
      vertex 7.49537 12.5504 8.96
      vertex 7.43588 12.5324 8.96
    endloop
  endfacet
  facet normal 0 0 1
    outer loop
      vertex 3.5 5 8.96
      vertex 7.43588 12.5324 8.96
      vertex 7.37534 12.5183 8.96
    endloop
  endfacet
  facet normal 0 0 1
    outer loop
      vertex 3.5 5 8.96
      vertex 7.37534 12.5183 8.96
      vertex 7.314 12.5081 8.96
    endloop
  endfacet
  facet normal 0 0 1
    outer loop
      vertex 3.5 5 8.96
      vertex 7.314 12.5081 8.96
      vertex 7.25213 12.502 8.96
    endloop
  endfacet
  facet normal 0 0 1
    outer loop
      vertex 3.5 5 8.96
      vertex 7.25213 12.502 8.96
      vertex 7.19 12.5 8.96
    endloop
  endfacet
  facet normal 0 0 1
    outer loop
      vertex 3.5 5 8.96
      vertex 7.19 12.5 8.96
      vertex 7.12787 12.502 8.96
    endloop
  endfacet
  facet normal 0 0 1
    outer loop
      vertex 3.5 5 8.96
      vertex 7.12787 12.502 8.96
      vertex 7.066 12.5081 8.96
    endloop
  endfacet
  facet normal 0 0 1
    outer loop
      vertex 3.5 5 8.96
      vertex 7.066 12.5081 8.96
      vertex 7.00466 12.5183 8.96
    endloop
  endfacet
  facet normal 0 0 1
    outer loop
      vertex 3.5 5 8.96
      vertex 7.00466 12.5183 8.96
      vertex 6.94412 12.5324 8.96
    endloop
  endfacet
  facet normal 0 0 1
    outer loop
      vertex 3.5 5 8.96
      vertex 6.94412 12.5324 8.96
      vertex 6.88463 12.5504 8.96
    endloop
  endfacet
  facet normal 0 0 1
    outer loop
      vertex 3.5 5 8.96
      vertex 6.88463 12.5504 8.96
      vertex 6.82645 12.5723 8.96
    endloop
  endfacet
  facet normal 0 0 1
    outer loop
      vertex 3.5 5 8.96
      vertex 6.82645 12.5723 8.96
      vertex 6.76982 12.598 8.96
    endloop
  endfacet
  facet normal 0 0 1
    outer loop
      vertex 3.5 5 8.96
      vertex 6.76982 12.598 8.96
      vertex 6.715 12.6273 8.96
    endloop
  endfacet
  facet normal 0 0 1
    outer loop
      vertex 3.5 5 8.96
      vertex 6.715 12.6273 8.96
      vertex 6.66221 12.6601 8.96
    endloop
  endfacet
  facet normal 0 0 1
    outer loop
      vertex 3.5 5 8.96
      vertex 6.66221 12.6601 8.96
      vertex 6.61168 12.6963 8.96
    endloop
  endfacet
  facet normal 0 0 1
    outer loop
      vertex 3.5 5 8.96
      vertex 6.61168 12.6963 8.96
      vertex 6.56362 12.7358 8.96
    endloop
  endfacet
  facet normal 0 0 1
    outer loop
      vertex 3.5 5 8.96
      vertex 6.56362 12.7358 8.96
      vertex 6.51825 12.7782 8.96
    endloop
  endfacet
  facet normal 0 0 1
    outer loop
      vertex 3.5 5 8.96
      vertex 6.51825 12.7782 8.96
      vertex 6.47575 12.8236 8.96
    endloop
  endfacet
  facet normal 0 0 1
    outer loop
      vertex 3.5 5 8.96
      vertex 6.47575 12.8236 8.96
      vertex 6.43631 12.8717 8.96
    endloop
  endfacet
  facet normal 0 0 1
    outer loop
      vertex 3.5 5 8.96
      vertex 6.43631 12.8717 8.96
      vertex 6.4001 12.9222 8.96
    endloop
  endfacet
  facet normal 0 0 1
    outer loop
      vertex 3.5 5 8.96
      vertex 6.4001 12.9222 8.96
      vertex 6.36728 12.975 8.96
    endloop
  endfacet
  facet normal 0 0 1
    outer loop
      vertex 3.5 5 8.96
      vertex 6.36728 12.975 8.96
      vertex 6.33797 13.0298 8.96
    endloop
  endfacet
  facet normal 0 0 1
    outer loop
      vertex 3.5 5 8.96
      vertex 6.33797 13.0298 8.96
      vertex 6.31231 13.0865 8.96
    endloop
  endfacet
  facet normal 0 0 1
    outer loop
      vertex 3.5 5 8.96
      vertex 6.31231 13.0865 8.96
      vertex 6.29042 13.1446 8.96
    endloop
  endfacet
  facet normal 0 0 1
    outer loop
      vertex 3.5 5 8.96
      vertex 6.29042 13.1446 8.96
      vertex 6.27237 13.2041 8.96
    endloop
  endfacet
  facet normal 0 0 1
    outer loop
      vertex 3.5 5 8.96
      vertex 6.27237 13.2041 8.96
      vertex 6.25825 13.2647 8.96
    endloop
  endfacet
  facet normal 0 0 1
    outer loop
      vertex 3.5 5 8.96
      vertex 6.24203 13.3879 8.96
      vertex 6.24 13.45 8.96
    endloop
  endfacet
  facet normal 0 0 1
    outer loop
      vertex 3.5 5 8.96
      vertex 6.24813 13.326 8.96
      vertex 6.24203 13.3879 8.96
    endloop
  endfacet
  facet normal 0 0 1
    outer loop
      vertex 3.5 5 8.96
      vertex 6.25825 13.2647 8.96
      vertex 6.24813 13.326 8.96
    endloop
  endfacet
  facet normal 0 0 1
    outer loop
      vertex 7.86175 12.7782 8.96
      vertex 3.5 5 8.96
      vertex 12.211 -13.479 8.96
    endloop
  endfacet
  facet normal -0 0 1
    outer loop
      vertex 3.5 -2.5 8.96
      vertex 12.211 -13.479 8.96
      vertex 3.5 5 8.96
    endloop
  endfacet
  facet normal 0 0 1
    outer loop
      vertex -15.214 -13.479 8.96
      vertex 3.5 -2.5 8.96
      vertex -10.5 -2.5 8.96
    endloop
  endfacet
  facet normal 0 0 1
    outer loop
      vertex 3.5 -2.5 8.96
      vertex -15.214 -13.479 8.96
      vertex 12.211 -13.479 8.96
    endloop
  endfacet
  facet normal 0 0 1
    outer loop
      vertex -10.5 5 8.96
      vertex -15.214 -13.479 8.96
      vertex -10.5 -2.5 8.96
    endloop
  endfacet
  facet normal -1 0 0
    outer loop
      vertex 9.761 20.195 6.42769
      vertex 9.761 25.845 5.76
      vertex 9.761 20.195 5.99231
    endloop
  endfacet
  facet normal -1 0 0
    outer loop
      vertex 9.761 25.845 5.76
      vertex 9.761 17.195 5.99231
      vertex 9.761 20.195 5.99231
    endloop
  endfacet
  facet normal -1 0 0
    outer loop
      vertex 9.761 17.195 5.99231
      vertex 9.761 -2.379 5.99231
      vertex 9.761 17.195 6.42769
    endloop
  endfacet
  facet normal -1 0 0
    outer loop
      vertex 9.761 25.845 5.76
      vertex 9.761 -2.379 5.99231
      vertex 9.761 17.195 5.99231
    endloop
  endfacet
  facet normal -1 0 0
    outer loop
      vertex 9.761 -11.879 5.76
      vertex 9.761 -2.379 5.99231
      vertex 9.761 25.845 5.76
    endloop
  endfacet
  facet normal -1 0 0
    outer loop
      vertex 9.761 -11.879 6.11
      vertex 9.761 -5.379 5.99231
      vertex 9.761 -11.879 5.76
    endloop
  endfacet
  facet normal -1 -0 0
    outer loop
      vertex 9.761 -2.379 5.99231
      vertex 9.761 -11.879 5.76
      vertex 9.761 -5.379 5.99231
    endloop
  endfacet
  facet normal -1 0 0
    outer loop
      vertex 9.761 25.845 5.76
      vertex 9.761 20.195 6.42769
      vertex 9.761 25.845 6.96
    endloop
  endfacet
  facet normal -1 0 0
    outer loop
      vertex 9.761 17.195 6.42769
      vertex 9.761 25.845 6.96
      vertex 9.761 20.195 6.42769
    endloop
  endfacet
  facet normal -1 0 0
    outer loop
      vertex 9.761 -2.379 6.42769
      vertex 9.761 17.195 6.42769
      vertex 9.761 -2.379 5.99231
    endloop
  endfacet
  facet normal -1 0 0
    outer loop
      vertex 9.761 17.195 6.42769
      vertex 9.761 -2.379 6.42769
      vertex 9.761 25.845 6.96
    endloop
  endfacet
  facet normal -1 0 0
    outer loop
      vertex 9.761 -11.879 6.96
      vertex 9.761 -2.379 6.42769
      vertex 9.761 -5.379 6.42769
    endloop
  endfacet
  facet normal -1 0 0
    outer loop
      vertex 9.761 -5.379 5.99231
      vertex 9.761 -11.879 6.11
      vertex 9.761 -5.379 6.42769
    endloop
  endfacet
  facet normal -1 0 0
    outer loop
      vertex 9.761 -11.879 6.71
      vertex 9.761 -5.379 6.42769
      vertex 9.761 -11.879 6.11
    endloop
  endfacet
  facet normal -1 0 0
    outer loop
      vertex 9.761 -11.879 6.96
      vertex 9.761 -5.379 6.42769
      vertex 9.761 -11.879 6.71
    endloop
  endfacet
  facet normal -1 0 0
    outer loop
      vertex 9.761 -2.379 6.42769
      vertex 9.761 -11.879 6.96
      vertex 9.761 25.845 6.96
    endloop
  endfacet
  facet normal -1 0 0
    outer loop
      vertex 9.761 26.545 5.76
      vertex 9.761 26.695 6.11
      vertex 9.761 26.695 5.76
    endloop
  endfacet
  facet normal -1 0 0
    outer loop
      vertex 9.761 26.545 6.96
      vertex 9.761 26.695 6.11
      vertex 9.761 26.545 5.76
    endloop
  endfacet
  facet normal -1 0 0
    outer loop
      vertex 9.761 26.695 6.11
      vertex 9.761 26.545 6.96
      vertex 9.761 26.695 6.71
    endloop
  endfacet
  facet normal -1 0 0
    outer loop
      vertex 9.761 26.695 6.71
      vertex 9.761 26.545 6.96
      vertex 9.761 26.695 6.96
    endloop
  endfacet
  facet normal 1 0 0
    outer loop
      vertex 10.461 26.695 6.96
      vertex 10.461 20.195 6.64301
      vertex 10.461 26.695 5.76
    endloop
  endfacet
  facet normal 1 0 0
    outer loop
      vertex 10.461 26.695 6.96
      vertex 10.461 17.195 6.64301
      vertex 10.461 20.195 6.64301
    endloop
  endfacet
  facet normal 1 0 0
    outer loop
      vertex 10.461 17.195 6.64301
      vertex 10.461 -2.379 6.64301
      vertex 10.461 17.195 5.77699
    endloop
  endfacet
  facet normal 1 0 0
    outer loop
      vertex 10.461 26.695 6.96
      vertex 10.461 -2.379 6.64301
      vertex 10.461 17.195 6.64301
    endloop
  endfacet
  facet normal 1 -0 0
    outer loop
      vertex 10.461 -11.879 6.96
      vertex 10.461 -2.379 6.64301
      vertex 10.461 26.695 6.96
    endloop
  endfacet
  facet normal 1 0 0
    outer loop
      vertex 10.461 -11.879 5.76
      vertex 10.461 -5.379 6.64301
      vertex 10.461 -11.879 6.96
    endloop
  endfacet
  facet normal 1 0 0
    outer loop
      vertex 10.461 -2.379 6.64301
      vertex 10.461 -11.879 6.96
      vertex 10.461 -5.379 6.64301
    endloop
  endfacet
  facet normal 1 -0 0
    outer loop
      vertex 10.461 20.195 5.77699
      vertex 10.461 26.695 5.76
      vertex 10.461 20.195 6.64301
    endloop
  endfacet
  facet normal 1 -0 0
    outer loop
      vertex 10.461 17.195 5.77699
      vertex 10.461 26.695 5.76
      vertex 10.461 20.195 5.77699
    endloop
  endfacet
  facet normal 1 0 0
    outer loop
      vertex 10.461 -2.379 5.77699
      vertex 10.461 17.195 5.77699
      vertex 10.461 -2.379 6.64301
    endloop
  endfacet
  facet normal 1 -0 0
    outer loop
      vertex 10.461 -2.379 5.77699
      vertex 10.461 26.695 5.76
      vertex 10.461 17.195 5.77699
    endloop
  endfacet
  facet normal 1 -0 0
    outer loop
      vertex 10.461 -5.379 5.77699
      vertex 10.461 26.695 5.76
      vertex 10.461 -2.379 5.77699
    endloop
  endfacet
  facet normal 1 0 0
    outer loop
      vertex 10.461 -5.379 5.77699
      vertex 10.461 -11.879 5.76
      vertex 10.461 26.695 5.76
    endloop
  endfacet
  facet normal 1 0 0
    outer loop
      vertex 10.461 -5.379 6.64301
      vertex 10.461 -11.879 5.76
      vertex 10.461 -5.379 5.77699
    endloop
  endfacet
  facet normal 0 0 -1
    outer loop
      vertex -13.4317 -2.379 5.76
      vertex -12.9963 17.195 5.76
      vertex -12.9963 -2.379 5.76
    endloop
  endfacet
  facet normal -0 0 -1
    outer loop
      vertex -12.9963 17.195 5.76
      vertex -13.4317 -2.379 5.76
      vertex -13.4317 17.195 5.76
    endloop
  endfacet
  facet normal 0 0 -1
    outer loop
      vertex -12.9963 -2.379 5.76
      vertex -12.764 -11.879 5.76
      vertex -12.9963 -5.379 5.76
    endloop
  endfacet
  facet normal 0 0 -1
    outer loop
      vertex -13.464 -11.879 5.76
      vertex -12.9963 -5.379 5.76
      vertex -12.764 -11.879 5.76
    endloop
  endfacet
  facet normal 0 0 0
    outer loop
      vertex -13.4317 -5.379 5.76
      vertex -13.4317 17.195 5.76
      vertex -13.4317 -2.379 5.76
    endloop
  endfacet
  facet normal 0 0 0
    outer loop
      vertex -13.4317 -5.379 5.76
      vertex -13.4317 20.195 5.76
      vertex -13.4317 17.195 5.76
    endloop
  endfacet
  facet normal -0 0 -1
    outer loop
      vertex -13.4317 -5.379 5.76
      vertex -13.464 -11.879 5.76
      vertex -13.4317 20.195 5.76
    endloop
  endfacet
  facet normal -0 0 -1
    outer loop
      vertex -12.9963 -5.379 5.76
      vertex -13.464 -11.879 5.76
      vertex -13.4317 -5.379 5.76
    endloop
  endfacet
  facet normal 0 0 -1
    outer loop
      vertex -12.764 -11.879 5.76
      vertex -12.9963 -2.379 5.76
      vertex -12.764 24.1 5.76
    endloop
  endfacet
  facet normal 0 0 -1
    outer loop
      vertex -12.9963 17.195 5.76
      vertex -12.764 24.1 5.76
      vertex -12.9963 -2.379 5.76
    endloop
  endfacet
  facet normal 0 0 -1
    outer loop
      vertex -12.9963 20.195 5.76
      vertex -12.764 24.1 5.76
      vertex -12.9963 17.195 5.76
    endloop
  endfacet
  facet normal 0 0 -1
    outer loop
      vertex -12.9963 20.195 5.76
      vertex -13 24.1 5.76
      vertex -12.764 24.1 5.76
    endloop
  endfacet
  facet normal 0 0 -1
    outer loop
      vertex -13.464 26.695 5.76
      vertex -13 24.1 5.76
      vertex -13.4317 20.195 5.76
    endloop
  endfacet
  facet normal 0 0 -1
    outer loop
      vertex -13.4317 20.195 5.76
      vertex -13 24.1 5.76
      vertex -12.9963 20.195 5.76
    endloop
  endfacet
  facet normal 0 0 -1
    outer loop
      vertex -13 25.7 5.76
      vertex -12.764 25.845 5.76
      vertex -12.764 25.7 5.76
    endloop
  endfacet
  facet normal -0 0 -1
    outer loop
      vertex -12.764 25.845 5.76
      vertex -13 25.7 5.76
      vertex -12.764 26.545 5.76
    endloop
  endfacet
  facet normal 0 0 -1
    outer loop
      vertex -13.464 26.695 5.76
      vertex -12.764 26.545 5.76
      vertex -13 25.7 5.76
    endloop
  endfacet
  facet normal 0 0 -1
    outer loop
      vertex -12.764 26.545 5.76
      vertex -13.464 26.695 5.76
      vertex -12.764 26.695 5.76
    endloop
  endfacet
  facet normal 0 0 -1
    outer loop
      vertex -13 24.1 5.76
      vertex -13.464 26.695 5.76
      vertex -13 25.7 5.76
    endloop
  endfacet
  facet normal 0 0 -1
    outer loop
      vertex -13.464 26.695 5.76
      vertex -13.4317 20.195 5.76
      vertex -13.464 -11.879 5.76
    endloop
  endfacet
  facet normal 0 0 -1
    outer loop
      vertex -12.764 25.845 5.76
      vertex 9.761 26.545 5.76
      vertex 9.761 25.845 5.76
    endloop
  endfacet
  facet normal -0 0 -1
    outer loop
      vertex 9.761 26.545 5.76
      vertex -12.764 25.845 5.76
      vertex -12.764 26.545 5.76
    endloop
  endfacet
  facet normal 0 0 -1
    outer loop
      vertex 9.99331 -2.379 5.76
      vertex 10.4287 17.195 5.76
      vertex 10.4287 -2.379 5.76
    endloop
  endfacet
  facet normal -0 0 -1
    outer loop
      vertex 10.4287 17.195 5.76
      vertex 9.99331 -2.379 5.76
      vertex 9.99331 17.195 5.76
    endloop
  endfacet
  facet normal 0 0 -1
    outer loop
      vertex 10.461 -11.879 5.76
      vertex 10.4287 -5.379 5.76
      vertex 10.461 26.695 5.76
    endloop
  endfacet
  facet normal 0 0 -1
    outer loop
      vertex 10.461 -11.879 5.76
      vertex 9.99331 -5.379 5.76
      vertex 10.4287 -5.379 5.76
    endloop
  endfacet
  facet normal 0 0 -1
    outer loop
      vertex 9.761 -11.879 5.76
      vertex 9.99331 -2.379 5.76
      vertex 9.99331 -5.379 5.76
    endloop
  endfacet
  facet normal -0 0 -1
    outer loop
      vertex 9.99331 -2.379 5.76
      vertex 9.761 -11.879 5.76
      vertex 9.99331 17.195 5.76
    endloop
  endfacet
  facet normal 0 0 -1
    outer loop
      vertex 9.761 25.845 5.76
      vertex 9.99331 17.195 5.76
      vertex 9.761 -11.879 5.76
    endloop
  endfacet
  facet normal 0 0 -1
    outer loop
      vertex 9.761 -11.879 5.76
      vertex 9.99331 -5.379 5.76
      vertex 10.461 -11.879 5.76
    endloop
  endfacet
  facet normal 0 0 -1
    outer loop
      vertex 10.4287 -2.379 5.76
      vertex 10.461 26.695 5.76
      vertex 10.4287 -5.379 5.76
    endloop
  endfacet
  facet normal 0 0 -1
    outer loop
      vertex 10.4287 17.195 5.76
      vertex 10.461 26.695 5.76
      vertex 10.4287 -2.379 5.76
    endloop
  endfacet
  facet normal 0 0 -1
    outer loop
      vertex 10.4287 20.195 5.76
      vertex 10.461 26.695 5.76
      vertex 10.4287 17.195 5.76
    endloop
  endfacet
  facet normal 0 0 -1
    outer loop
      vertex 9.761 25.845 5.76
      vertex 10.4287 20.195 5.76
      vertex 9.99331 20.195 5.76
    endloop
  endfacet
  facet normal 0 0 -1
    outer loop
      vertex 9.99331 17.195 5.76
      vertex 9.761 25.845 5.76
      vertex 9.99331 20.195 5.76
    endloop
  endfacet
  facet normal 0 0 -1
    outer loop
      vertex 10.4287 20.195 5.76
      vertex 9.761 25.845 5.76
      vertex 10.461 26.695 5.76
    endloop
  endfacet
  facet normal 0 0 -1
    outer loop
      vertex 9.761 26.545 5.76
      vertex 10.461 26.695 5.76
      vertex 9.761 25.845 5.76
    endloop
  endfacet
  facet normal -0 0 -1
    outer loop
      vertex 10.461 26.695 5.76
      vertex 9.761 26.545 5.76
      vertex 9.761 26.695 5.76
    endloop
  endfacet
  facet normal -1 0 0
    outer loop
      vertex -13.464 20.195 6.64301
      vertex -13.464 26.695 5.76
      vertex -13.464 20.195 5.77699
    endloop
  endfacet
  facet normal -1 0 0
    outer loop
      vertex -13.464 26.695 5.76
      vertex -13.464 17.195 5.77699
      vertex -13.464 20.195 5.77699
    endloop
  endfacet
  facet normal -1 0 0
    outer loop
      vertex -13.464 17.195 5.77699
      vertex -13.464 -2.379 5.77699
      vertex -13.464 17.195 6.64301
    endloop
  endfacet
  facet normal -1 0 0
    outer loop
      vertex -13.464 26.695 5.76
      vertex -13.464 -2.379 5.77699
      vertex -13.464 17.195 5.77699
    endloop
  endfacet
  facet normal -1 0 0
    outer loop
      vertex -13.464 26.695 5.76
      vertex -13.464 -5.379 5.77699
      vertex -13.464 -2.379 5.77699
    endloop
  endfacet
  facet normal -1 -0 0
    outer loop
      vertex -13.464 -5.379 5.77699
      vertex -13.464 -11.879 5.76
      vertex -13.464 -5.379 6.64301
    endloop
  endfacet
  facet normal -1 0 0
    outer loop
      vertex -13.464 -11.879 5.76
      vertex -13.464 -5.379 5.77699
      vertex -13.464 26.695 5.76
    endloop
  endfacet
  facet normal -1 0 0
    outer loop
      vertex -13.464 26.695 5.76
      vertex -13.464 20.195 6.64301
      vertex -13.464 26.695 6.96
    endloop
  endfacet
  facet normal -1 0 0
    outer loop
      vertex -13.464 17.195 6.64301
      vertex -13.464 26.695 6.96
      vertex -13.464 20.195 6.64301
    endloop
  endfacet
  facet normal -1 0 0
    outer loop
      vertex -13.464 -2.379 6.64301
      vertex -13.464 17.195 6.64301
      vertex -13.464 -2.379 5.77699
    endloop
  endfacet
  facet normal -1 0 0
    outer loop
      vertex -13.464 -2.379 6.64301
      vertex -13.464 26.695 6.96
      vertex -13.464 17.195 6.64301
    endloop
  endfacet
  facet normal -1 0 0
    outer loop
      vertex -13.464 -11.879 6.96
      vertex -13.464 -2.379 6.64301
      vertex -13.464 -5.379 6.64301
    endloop
  endfacet
  facet normal -1 0 0
    outer loop
      vertex -13.464 -2.379 6.64301
      vertex -13.464 -11.879 6.96
      vertex -13.464 26.695 6.96
    endloop
  endfacet
  facet normal -1 0 0
    outer loop
      vertex -13.464 -11.879 6.96
      vertex -13.464 -5.379 6.64301
      vertex -13.464 -11.879 5.76
    endloop
  endfacet
  facet normal 1 -0 0
    outer loop
      vertex -12.764 25.7 6.96
      vertex -12.764 25.845 5.76
      vertex -12.764 25.845 6.96
    endloop
  endfacet
  facet normal 1 0 0
    outer loop
      vertex -12.764 25.845 5.76
      vertex -12.764 25.7 6.96
      vertex -12.764 25.7 5.76
    endloop
  endfacet
  facet normal 1 -0 0
    outer loop
      vertex -12.764 26.545 6.96
      vertex -12.764 26.695 6.71
      vertex -12.764 26.695 6.96
    endloop
  endfacet
  facet normal 1 0 0
    outer loop
      vertex -12.764 26.695 6.71
      vertex -12.764 26.545 6.96
      vertex -12.764 26.695 6.11
    endloop
  endfacet
  facet normal 1 0 0
    outer loop
      vertex -12.764 26.545 5.76
      vertex -12.764 26.695 6.11
      vertex -12.764 26.545 6.96
    endloop
  endfacet
  facet normal 1 0 0
    outer loop
      vertex -12.764 26.695 6.11
      vertex -12.764 26.545 5.76
      vertex -12.764 26.695 5.76
    endloop
  endfacet
  facet normal 1 0 0
    outer loop
      vertex -12.764 24.1 6.96
      vertex -12.764 20.195 6.42769
      vertex -12.764 24.1 5.76
    endloop
  endfacet
  facet normal 1 0 0
    outer loop
      vertex -12.764 24.1 6.96
      vertex -12.764 17.195 6.42769
      vertex -12.764 20.195 6.42769
    endloop
  endfacet
  facet normal 1 0 0
    outer loop
      vertex -12.764 17.195 6.42769
      vertex -12.764 -2.379 6.42769
      vertex -12.764 17.195 5.99231
    endloop
  endfacet
  facet normal 1 0 0
    outer loop
      vertex -12.764 24.1 6.96
      vertex -12.764 -2.379 6.42769
      vertex -12.764 17.195 6.42769
    endloop
  endfacet
  facet normal 1 -0 0
    outer loop
      vertex -12.764 -11.879 6.96
      vertex -12.764 -2.379 6.42769
      vertex -12.764 24.1 6.96
    endloop
  endfacet
  facet normal 1 -0 0
    outer loop
      vertex -12.764 -11.879 6.71
      vertex -12.764 -5.379 6.42769
      vertex -12.764 -11.879 6.96
    endloop
  endfacet
  facet normal 1 0 0
    outer loop
      vertex -12.764 -2.379 6.42769
      vertex -12.764 -11.879 6.96
      vertex -12.764 -5.379 6.42769
    endloop
  endfacet
  facet normal 1 -0 0
    outer loop
      vertex -12.764 20.195 5.99231
      vertex -12.764 24.1 5.76
      vertex -12.764 20.195 6.42769
    endloop
  endfacet
  facet normal 1 -0 0
    outer loop
      vertex -12.764 17.195 5.99231
      vertex -12.764 24.1 5.76
      vertex -12.764 20.195 5.99231
    endloop
  endfacet
  facet normal 1 0 0
    outer loop
      vertex -12.764 -2.379 5.99231
      vertex -12.764 17.195 5.99231
      vertex -12.764 -2.379 6.42769
    endloop
  endfacet
  facet normal 1 0 0
    outer loop
      vertex -12.764 17.195 5.99231
      vertex -12.764 -2.379 5.99231
      vertex -12.764 24.1 5.76
    endloop
  endfacet
  facet normal 1 0 0
    outer loop
      vertex -12.764 -11.879 5.76
      vertex -12.764 -2.379 5.99231
      vertex -12.764 -5.379 5.99231
    endloop
  endfacet
  facet normal 1 0 0
    outer loop
      vertex -12.764 -11.879 6.11
      vertex -12.764 -5.379 6.42769
      vertex -12.764 -11.879 6.71
    endloop
  endfacet
  facet normal 1 0 0
    outer loop
      vertex -12.764 -5.379 6.42769
      vertex -12.764 -11.879 6.11
      vertex -12.764 -5.379 5.99231
    endloop
  endfacet
  facet normal 1 0 0
    outer loop
      vertex -12.764 -2.379 5.99231
      vertex -12.764 -11.879 5.76
      vertex -12.764 24.1 5.76
    endloop
  endfacet
  facet normal 1 0 0
    outer loop
      vertex -12.764 -11.879 5.76
      vertex -12.764 -5.379 5.99231
      vertex -12.764 -11.879 6.11
    endloop
  endfacet
  facet normal 0 1 -0
    outer loop
      vertex 9.761 26.545 5.76
      vertex -12.764 26.545 6.96
      vertex 9.761 26.545 6.96
    endloop
  endfacet
  facet normal 0 1 0
    outer loop
      vertex -12.764 26.545 6.96
      vertex 9.761 26.545 5.76
      vertex -12.764 26.545 5.76
    endloop
  endfacet
  facet normal 0 -1 0
    outer loop
      vertex -12.764 25.845 5.76
      vertex 9.761 25.845 6.96
      vertex -12.764 25.845 6.96
    endloop
  endfacet
  facet normal 0 -1 -0
    outer loop
      vertex 9.761 25.845 6.96
      vertex -12.764 25.845 5.76
      vertex 9.761 25.845 5.76
    endloop
  endfacet
  facet normal 0.707107 0 -0.707107
    outer loop
      vertex 6.24 13.45 8.18
      vertex 5.04 18 6.98
      vertex 6.24 18 8.18
    endloop
  endfacet
  facet normal 0.707107 0 -0.707107
    outer loop
      vertex 5.04 18 6.98
      vertex 6.24 13.45 8.18
      vertex 5.04 13.45 6.98
    endloop
  endfacet
  facet normal -0.160439 0.688866 -0.706911
    outer loop
      vertex 7.43588 12.5324 8.18
      vertex 7.74646 11.3733 6.98
      vertex 7.37534 12.5183 8.18
    endloop
  endfacet
  facet normal -0.706918 -0.0231282 -0.706918
    outer loop
      vertex 9.3354 18.1406 6.98
      vertex 9.34 18 6.98
      vertex 8.14 18 8.18
    endloop
  endfacet
  facet normal 0.995184 0.0980256 0
    outer loop
      vertex 5.05839 13.1694 6.98
      vertex 5.0446 13.3094 6.96
      vertex 5.0446 13.3094 6.98
    endloop
  endfacet
  facet normal 0.995184 0.0980256 0
    outer loop
      vertex 5.0446 13.3094 6.96
      vertex 5.05839 13.1694 6.98
      vertex 5.05839 13.1694 6.96
    endloop
  endfacet
  facet normal 0.022757 -0.706945 -0.706902
    outer loop
      vertex 7.19 18.95 8.18
      vertex 7.12787 18.948 8.18
      vertex 7.04938 20.1454 6.98
    endloop
  endfacet
  facet normal -0.160439 -0.688866 -0.706911
    outer loop
      vertex 7.74646 20.0767 6.98
      vertex 7.43588 18.9176 8.18
      vertex 7.37534 18.9317 8.18
    endloop
  endfacet
  facet normal 0.706918 -0.0231282 -0.706918
    outer loop
      vertex 5.0446 18.1406 6.98
      vertex 6.24 18 8.18
      vertex 5.04 18 6.98
    endloop
  endfacet
  facet normal 0.773149 -0.634224 0
    outer loop
      vertex 5.48429 19.3088 6.98
      vertex 5.57354 19.4176 6.96
      vertex 5.57354 19.4176 6.98
    endloop
  endfacet
  facet normal 0.773149 -0.634224 0
    outer loop
      vertex 5.57354 19.4176 6.96
      vertex 5.48429 19.3088 6.98
      vertex 5.48429 19.3088 6.96
    endloop
  endfacet
  facet normal 0.483545 -0.516166 -0.706935
    outer loop
      vertex 5.77241 19.6165 6.98
      vertex 6.56362 18.7142 8.18
      vertex 5.66972 19.5203 6.98
    endloop
  endfacet
  facet normal -0.706918 0.0231282 -0.706918
    outer loop
      vertex 9.34 13.45 6.98
      vertex 9.3354 13.3094 6.98
      vertex 8.14 13.45 8.18
    endloop
  endfacet
  facet normal -0.688839 -0.160528 -0.706917
    outer loop
      vertex 9.26674 18.5565 6.98
      vertex 9.29869 18.4194 6.98
      vertex 8.10763 18.2459 8.18
    endloop
  endfacet
  facet normal -0.292329 -0.644034 -0.70694
    outer loop
      vertex 8.14092 19.9283 6.98
      vertex 7.61017 18.852 8.18
      vertex 7.55355 18.8777 8.18
    endloop
  endfacet
  facet normal -0.676827 0.205361 -0.706917
    outer loop
      vertex 9.26674 12.8935 6.98
      vertex 9.2259 12.7589 6.98
      vertex 8.08958 13.1446 8.18
    endloop
  endfacet
  facet normal -0.849266 0.527966 0
    outer loop
      vertex 8.97766 12.2555 6.96
      vertex 9.05195 12.375 6.98
      vertex 9.05195 12.375 6.96
    endloop
  endfacet
  facet normal -0.849266 0.527966 0
    outer loop
      vertex 9.05195 12.375 6.98
      vertex 8.97766 12.2555 6.96
      vertex 8.97766 12.2555 6.98
    endloop
  endfacet
  facet normal -0.973904 0.22696 0
    outer loop
      vertex 9.26674 12.8935 6.96
      vertex 9.29869 13.0306 6.98
      vertex 9.29869 13.0306 6.96
    endloop
  endfacet
  facet normal -0.973904 0.22696 0
    outer loop
      vertex 9.29869 13.0306 6.98
      vertex 9.26674 12.8935 6.96
      vertex 9.26674 12.8935 6.98
    endloop
  endfacet
  facet normal -0.707107 0 -0.707107
    outer loop
      vertex 9.34 13.45 6.98
      vertex 8.14 18 8.18
      vertex 9.34 18 6.98
    endloop
  endfacet
  facet normal -0.707107 -0 -0.707107
    outer loop
      vertex 8.14 18 8.18
      vertex 9.34 13.45 6.98
      vertex 8.14 13.45 8.18
    endloop
  endfacet
  facet normal 0.676827 0.205361 -0.706917
    outer loop
      vertex 6.29042 13.1446 8.18
      vertex 5.1541 12.7589 6.98
      vertex 5.11326 12.8935 6.98
    endloop
  endfacet
  facet normal 0.333392 0.623773 -0.706935
    outer loop
      vertex 6.715 12.6273 8.18
      vertex 6.76982 12.598 8.18
      vertex 6.115 11.588 6.98
    endloop
  endfacet
  facet normal 0.69785 -0.115208 -0.706918
    outer loop
      vertex 6.25825 18.1853 8.18
      vertex 6.24813 18.124 8.18
      vertex 5.05839 18.2806 6.98
    endloop
  endfacet
  facet normal 1 -0 0
    outer loop
      vertex 5.04 13.45 6.98
      vertex 5.04 18 6.96
      vertex 5.04 18 6.98
    endloop
  endfacet
  facet normal 1 0 0
    outer loop
      vertex 5.04 18 6.96
      vertex 5.04 13.45 6.98
      vertex 5.04 13.45 6.96
    endloop
  endfacet
  facet normal -0.676836 -0.205326 -0.706918
    outer loop
      vertex 9.26674 18.5565 6.98
      vertex 8.10763 18.2459 8.18
      vertex 8.08958 18.3054 8.18
    endloop
  endfacet
  facet normal -0.333323 -0.623812 -0.706933
    outer loop
      vertex 8.14092 19.9283 6.98
      vertex 8.265 19.862 6.98
      vertex 7.61017 18.852 8.18
    endloop
  endfacet
  facet normal -0.449107 -0.546433 -0.706905
    outer loop
      vertex 8.49884 19.7057 6.98
      vertex 7.81638 18.7142 8.18
      vertex 7.76832 18.7537 8.18
    endloop
  endfacet
  facet normal -0.661883 0.249374 -0.706912
    outer loop
      vertex 8.08958 13.1446 8.18
      vertex 9.2259 12.7589 6.98
      vertex 8.06769 13.0865 8.18
    endloop
  endfacet
  facet normal 0.706918 0.0231282 -0.706918
    outer loop
      vertex 6.24 13.45 8.18
      vertex 5.0446 13.3094 6.98
      vertex 5.04 13.45 6.98
    endloop
  endfacet
  facet normal -0.333323 0.623812 -0.706933
    outer loop
      vertex 8.265 11.588 6.98
      vertex 8.14092 11.5217 6.98
      vertex 7.61017 12.598 8.18
    endloop
  endfacet
  facet normal 0.0227563 0.706924 -0.706924
    outer loop
      vertex 7.19 12.5 8.18
      vertex 7.19 11.3 6.98
      vertex 7.12787 12.502 8.18
    endloop
  endfacet
  facet normal 0.411918 0.574978 -0.706911
    outer loop
      vertex 6.61168 12.6963 8.18
      vertex 6.66221 12.6601 8.18
      vertex 5.88116 11.7443 6.98
    endloop
  endfacet
  facet normal 0.683669 0.729792 -0
    outer loop
      vertex 5.77241 11.8335 6.96
      vertex 5.66972 11.9297 6.98
      vertex 5.77241 11.8335 6.98
    endloop
  endfacet
  facet normal 0.683669 0.729792 0
    outer loop
      vertex 5.66972 11.9297 6.98
      vertex 5.77241 11.8335 6.96
      vertex 5.66972 11.9297 6.96
    endloop
  endfacet
  facet normal 0.688838 0.160528 -0.706918
    outer loop
      vertex 6.25825 13.2647 8.18
      vertex 5.11326 12.8935 6.98
      vertex 5.08131 13.0306 6.98
    endloop
  endfacet
  facet normal 0.697846 -0.115235 -0.706917
    outer loop
      vertex 5.08131 18.4194 6.98
      vertex 6.25825 18.1853 8.18
      vertex 5.05839 18.2806 6.98
    endloop
  endfacet
  facet normal 0.703887 -0.0693653 -0.706917
    outer loop
      vertex 6.24813 18.124 8.18
      vertex 6.24203 18.0621 8.18
      vertex 5.0446 18.1406 6.98
    endloop
  endfacet
  facet normal 0.986639 -0.162923 0
    outer loop
      vertex 5.05839 18.2806 6.98
      vertex 5.08131 18.4194 6.96
      vertex 5.08131 18.4194 6.98
    endloop
  endfacet
  facet normal 0.986639 -0.162923 0
    outer loop
      vertex 5.08131 18.4194 6.96
      vertex 5.05839 18.2806 6.98
      vertex 5.05839 18.2806 6.96
    endloop
  endfacet
  facet normal 0.688838 -0.160528 -0.706918
    outer loop
      vertex 5.11326 18.5565 6.98
      vertex 6.25825 18.1853 8.18
      vertex 5.08131 18.4194 6.98
    endloop
  endfacet
  facet normal 0.227423 -0.973796 0
    outer loop
      vertex 6.63354 20.0767 6.96
      vertex 6.77056 20.1087 6.98
      vertex 6.63354 20.0767 6.98
    endloop
  endfacet
  facet normal 0.227423 -0.973796 0
    outer loop
      vertex 6.77056 20.1087 6.98
      vertex 6.63354 20.0767 6.96
      vertex 6.77056 20.1087 6.96
    endloop
  endfacet
  facet normal -0.227423 -0.973796 0
    outer loop
      vertex 7.60944 20.1087 6.96
      vertex 7.74646 20.0767 6.98
      vertex 7.60944 20.1087 6.98
    endloop
  endfacet
  facet normal -0.227423 -0.973796 -0
    outer loop
      vertex 7.74646 20.0767 6.98
      vertex 7.60944 20.1087 6.96
      vertex 7.74646 20.0767 6.96
    endloop
  endfacet
  facet normal 0.249338 -0.661903 -0.706905
    outer loop
      vertex 6.4989 20.0359 6.98
      vertex 6.82645 18.8777 8.18
      vertex 6.36723 19.9863 6.98
    endloop
  endfacet
  facet normal 0.528081 -0.849194 0
    outer loop
      vertex 5.99552 19.7877 6.96
      vertex 6.115 19.862 6.98
      vertex 5.99552 19.7877 6.98
    endloop
  endfacet
  facet normal 0.528081 -0.849194 0
    outer loop
      vertex 6.115 19.862 6.98
      vertex 5.99552 19.7877 6.96
      vertex 6.115 19.862 6.96
    endloop
  endfacet
  facet normal 0.482946 -0.516775 -0.706899
    outer loop
      vertex 6.56362 18.7142 8.18
      vertex 6.51825 18.6718 8.18
      vertex 5.66972 19.5203 6.98
    endloop
  endfacet
  facet normal -0.703887 -0.0693653 -0.706917
    outer loop
      vertex 9.3354 18.1406 6.98
      vertex 8.13797 18.0621 8.18
      vertex 8.13187 18.124 8.18
    endloop
  endfacet
  facet normal -0.574819 -0.41213 -0.706917
    outer loop
      vertex 8.89571 19.3088 6.98
      vertex 8.97766 19.1945 6.98
      vertex 7.94369 18.5783 8.18
    endloop
  endfacet
  facet normal -0.249322 -0.661909 -0.706905
    outer loop
      vertex 7.88109 20.0359 6.98
      vertex 8.01277 19.9863 6.98
      vertex 7.55355 18.8777 8.18
    endloop
  endfacet
  facet normal -0.412149 -0.574797 -0.706924
    outer loop
      vertex 8.38448 19.7877 6.98
      vertex 8.49884 19.7057 6.98
      vertex 7.71779 18.7899 8.18
    endloop
  endfacet
  facet normal -0.411918 -0.574978 -0.706911
    outer loop
      vertex 8.49884 19.7057 6.98
      vertex 7.76832 18.7537 8.18
      vertex 7.71779 18.7899 8.18
    endloop
  endfacet
  facet normal -0.411918 0.574978 -0.706911
    outer loop
      vertex 7.76832 12.6963 8.18
      vertex 8.49884 11.7443 6.98
      vertex 7.71779 12.6601 8.18
    endloop
  endfacet
  facet normal -0.623786 0.333406 -0.706917
    outer loop
      vertex 9.11828 12.4991 6.98
      vertex 9.05195 12.375 6.98
      vertex 8.01272 12.975 8.18
    endloop
  endfacet
  facet normal -0.88193 0.471381 0
    outer loop
      vertex 9.05195 12.375 6.96
      vertex 9.11828 12.4991 6.98
      vertex 9.11828 12.4991 6.96
    endloop
  endfacet
  facet normal -0.88193 0.471381 0
    outer loop
      vertex 9.11828 12.4991 6.98
      vertex 9.05195 12.375 6.96
      vertex 9.05195 12.375 6.98
    endloop
  endfacet
  facet normal -0.706919 0.0231086 -0.706917
    outer loop
      vertex 8.14 13.45 8.18
      vertex 9.3354 13.3094 6.98
      vertex 8.13797 13.3879 8.18
    endloop
  endfacet
  facet normal -0.661971 0.249106 -0.706924
    outer loop
      vertex 9.2259 12.7589 6.98
      vertex 9.17634 12.6272 6.98
      vertex 8.06769 13.0865 8.18
    endloop
  endfacet
  facet normal -0.999465 -0.0326994 0
    outer loop
      vertex 9.34 18 6.96
      vertex 9.3354 18.1406 6.98
      vertex 9.3354 18.1406 6.96
    endloop
  endfacet
  facet normal -0.999465 -0.0326994 0
    outer loop
      vertex 9.3354 18.1406 6.98
      vertex 9.34 18 6.96
      vertex 9.34 18 6.98
    endloop
  endfacet
  facet normal 0.69785 0.115208 -0.706918
    outer loop
      vertex 6.24813 13.326 8.18
      vertex 6.25825 13.2647 8.18
      vertex 5.05839 13.1694 6.98
    endloop
  endfacet
  facet normal 0.703887 0.0693653 -0.706917
    outer loop
      vertex 6.24203 13.3879 8.18
      vertex 6.24813 13.326 8.18
      vertex 5.0446 13.3094 6.98
    endloop
  endfacet
  facet normal 0.290007 0.957024 -0
    outer loop
      vertex 6.63354 11.3733 6.96
      vertex 6.4989 11.4141 6.98
      vertex 6.63354 11.3733 6.98
    endloop
  endfacet
  facet normal 0.290007 0.957024 0
    outer loop
      vertex 6.4989 11.4141 6.98
      vertex 6.63354 11.3733 6.96
      vertex 6.4989 11.4141 6.96
    endloop
  endfacet
  facet normal 0.546846 0.448585 -0.706916
    outer loop
      vertex 6.43631 12.8717 8.18
      vertex 5.57354 12.0324 6.98
      vertex 5.48429 12.1412 6.98
    endloop
  endfacet
  facet normal 0.773149 0.634224 0
    outer loop
      vertex 5.57354 12.0324 6.98
      vertex 5.48429 12.1412 6.96
      vertex 5.48429 12.1412 6.98
    endloop
  endfacet
  facet normal 0.773149 0.634224 0
    outer loop
      vertex 5.48429 12.1412 6.96
      vertex 5.57354 12.0324 6.98
      vertex 5.57354 12.0324 6.96
    endloop
  endfacet
  facet normal 0.849234 0.528017 0
    outer loop
      vertex 5.40234 12.2555 6.98
      vertex 5.32804 12.375 6.96
      vertex 5.32804 12.375 6.98
    endloop
  endfacet
  facet normal 0.849234 0.528017 0
    outer loop
      vertex 5.32804 12.375 6.96
      vertex 5.40234 12.2555 6.98
      vertex 5.40234 12.2555 6.96
    endloop
  endfacet
  facet normal 0.973904 0.22696 0
    outer loop
      vertex 5.11326 12.8935 6.98
      vertex 5.08131 13.0306 6.96
      vertex 5.08131 13.0306 6.98
    endloop
  endfacet
  facet normal 0.973904 0.22696 0
    outer loop
      vertex 5.08131 13.0306 6.96
      vertex 5.11326 12.8935 6.98
      vertex 5.11326 12.8935 6.96
    endloop
  endfacet
  facet normal 0.661978 0.249109 -0.706916
    outer loop
      vertex 6.29042 13.1446 8.18
      vertex 5.20366 12.6272 6.98
      vertex 5.1541 12.7589 6.98
    endloop
  endfacet
  facet normal 0.644368 0.291614 -0.706931
    outer loop
      vertex 6.31231 13.0865 8.18
      vertex 6.33797 13.0298 8.18
      vertex 5.20366 12.6272 6.98
    endloop
  endfacet
  facet normal 0.676836 0.205326 -0.706918
    outer loop
      vertex 6.27237 13.2041 8.18
      vertex 6.29042 13.1446 8.18
      vertex 5.11326 12.8935 6.98
    endloop
  endfacet
  facet normal 0.688845 0.160503 -0.706916
    outer loop
      vertex 6.25825 13.2647 8.18
      vertex 6.27237 13.2041 8.18
      vertex 5.11326 12.8935 6.98
    endloop
  endfacet
  facet normal 0.703889 -0.069333 -0.706918
    outer loop
      vertex 5.05839 18.2806 6.98
      vertex 6.24813 18.124 8.18
      vertex 5.0446 18.1406 6.98
    endloop
  endfacet
  facet normal 0.706919 -0.0231086 -0.706917
    outer loop
      vertex 6.24203 18.0621 8.18
      vertex 6.24 18 8.18
      vertex 5.0446 18.1406 6.98
    endloop
  endfacet
  facet normal 0.999465 -0.0326994 0
    outer loop
      vertex 5.04 18 6.98
      vertex 5.0446 18.1406 6.96
      vertex 5.0446 18.1406 6.98
    endloop
  endfacet
  facet normal 0.999465 -0.0326994 0
    outer loop
      vertex 5.0446 18.1406 6.96
      vertex 5.04 18 6.98
      vertex 5.04 18 6.96
    endloop
  endfacet
  facet normal 0.995184 -0.0980256 0
    outer loop
      vertex 5.0446 18.1406 6.98
      vertex 5.05839 18.2806 6.96
      vertex 5.05839 18.2806 6.98
    endloop
  endfacet
  facet normal 0.995184 -0.0980256 0
    outer loop
      vertex 5.05839 18.2806 6.96
      vertex 5.0446 18.1406 6.98
      vertex 5.0446 18.1406 6.96
    endloop
  endfacet
  facet normal 0.661978 -0.249109 -0.706916
    outer loop
      vertex 5.20366 18.8228 6.98
      vertex 6.29042 18.3054 8.18
      vertex 5.1541 18.6911 6.98
    endloop
  endfacet
  facet normal 0.881959 -0.471326 0
    outer loop
      vertex 5.26172 18.9509 6.98
      vertex 5.32804 19.075 6.96
      vertex 5.32804 19.075 6.98
    endloop
  endfacet
  facet normal 0.881959 -0.471326 0
    outer loop
      vertex 5.32804 19.075 6.96
      vertex 5.26172 18.9509 6.98
      vertex 5.26172 18.9509 6.96
    endloop
  endfacet
  facet normal 0.574819 -0.41213 -0.706917
    outer loop
      vertex 5.48429 19.3088 6.98
      vertex 6.43631 18.5783 8.18
      vertex 5.40234 19.1945 6.98
    endloop
  endfacet
  facet normal 0.160853 -0.688751 -0.706929
    outer loop
      vertex 6.77056 20.1087 6.98
      vertex 7.00466 18.9317 8.18
      vertex 6.63354 20.0767 6.98
    endloop
  endfacet
  facet normal 0.574805 -0.412152 -0.706916
    outer loop
      vertex 6.43631 18.5783 8.18
      vertex 6.4001 18.5278 8.18
      vertex 5.40234 19.1945 6.98
    endloop
  endfacet
  facet normal 0.448546 -0.546855 -0.706934
    outer loop
      vertex 5.88116 19.7057 6.98
      vertex 6.56362 18.7142 8.18
      vertex 5.77241 19.6165 6.98
    endloop
  endfacet
  facet normal 0.546846 -0.448585 -0.706916
    outer loop
      vertex 5.57354 19.4176 6.98
      vertex 6.43631 18.5783 8.18
      vertex 5.48429 19.3088 6.98
    endloop
  endfacet
  facet normal 0.516353 -0.48337 -0.706918
    outer loop
      vertex 6.51825 18.6718 8.18
      vertex 6.47575 18.6264 8.18
      vertex 5.57354 19.4176 6.98
    endloop
  endfacet
  facet normal 0.373504 -0.600623 -0.706928
    outer loop
      vertex 6.115 19.862 6.98
      vertex 6.66221 18.7899 8.18
      vertex 5.99552 19.7877 6.98
    endloop
  endfacet
  facet normal -0.973904 -0.22696 0
    outer loop
      vertex 9.29869 18.4194 6.96
      vertex 9.26674 18.5565 6.98
      vertex 9.26674 18.5565 6.96
    endloop
  endfacet
  facet normal -0.973904 -0.22696 0
    outer loop
      vertex 9.26674 18.5565 6.98
      vertex 9.29869 18.4194 6.96
      vertex 9.29869 18.4194 6.98
    endloop
  endfacet
  facet normal -0.910814 -0.412817 0
    outer loop
      vertex 9.17634 18.8228 6.96
      vertex 9.11828 18.9509 6.98
      vertex 9.11828 18.9509 6.96
    endloop
  endfacet
  facet normal -0.910814 -0.412817 0
    outer loop
      vertex 9.11828 18.9509 6.98
      vertex 9.17634 18.8228 6.96
      vertex 9.17634 18.8228 6.98
    endloop
  endfacet
  facet normal -0.956922 -0.290347 0
    outer loop
      vertex 9.26674 18.5565 6.96
      vertex 9.2259 18.6911 6.98
      vertex 9.2259 18.6911 6.96
    endloop
  endfacet
  facet normal -0.956922 -0.290347 0
    outer loop
      vertex 9.2259 18.6911 6.98
      vertex 9.26674 18.5565 6.96
      vertex 9.26674 18.5565 6.98
    endloop
  endfacet
  facet normal -0.688844 -0.160503 -0.706918
    outer loop
      vertex 9.29869 18.4194 6.98
      vertex 8.12175 18.1853 8.18
      vertex 8.10763 18.2459 8.18
    endloop
  endfacet
  facet normal -0.644209 -0.291981 -0.706924
    outer loop
      vertex 9.11828 18.9509 6.98
      vertex 9.17634 18.8228 6.98
      vertex 8.06769 18.3635 8.18
    endloop
  endfacet
  facet normal -0.448546 -0.546855 -0.706934
    outer loop
      vertex 8.49884 19.7057 6.98
      vertex 8.60759 19.6165 6.98
      vertex 7.81638 18.7142 8.18
    endloop
  endfacet
  facet normal -0.483545 -0.516166 -0.706935
    outer loop
      vertex 8.60759 19.6165 6.98
      vertex 8.71028 19.5203 6.98
      vertex 7.81638 18.7142 8.18
    endloop
  endfacet
  facet normal -0.546939 -0.448467 -0.706919
    outer loop
      vertex 8.89571 19.3088 6.98
      vertex 7.94369 18.5783 8.18
      vertex 7.90425 18.6264 8.18
    endloop
  endfacet
  facet normal -0.683669 -0.729792 0
    outer loop
      vertex 8.60759 19.6165 6.96
      vertex 8.71028 19.5203 6.98
      vertex 8.60759 19.6165 6.98
    endloop
  endfacet
  facet normal -0.683669 -0.729792 -0
    outer loop
      vertex 8.71028 19.5203 6.98
      vertex 8.60759 19.6165 6.96
      vertex 8.71028 19.5203 6.96
    endloop
  endfacet
  facet normal -0.204841 -0.676999 -0.706904
    outer loop
      vertex 7.88109 20.0359 6.98
      vertex 7.49537 18.8996 8.18
      vertex 7.43588 18.9176 8.18
    endloop
  endfacet
  facet normal -0.546822 0.448615 -0.706916
    outer loop
      vertex 8.89571 12.1412 6.98
      vertex 8.80645 12.0324 6.98
      vertex 7.94369 12.8717 8.18
    endloop
  endfacet
  facet normal -0.448558 0.546869 -0.706916
    outer loop
      vertex 8.60759 11.8335 6.98
      vertex 8.49884 11.7443 6.98
      vertex 7.76832 12.6963 8.18
    endloop
  endfacet
  facet normal -0.688844 0.160503 -0.706918
    outer loop
      vertex 8.12175 13.2647 8.18
      vertex 9.29869 13.0306 6.98
      vertex 8.10763 13.2041 8.18
    endloop
  endfacet
  facet normal -1 0 0
    outer loop
      vertex 9.34 13.45 6.96
      vertex 9.34 18 6.98
      vertex 9.34 18 6.96
    endloop
  endfacet
  facet normal -1 -0 0
    outer loop
      vertex 9.34 18 6.98
      vertex 9.34 13.45 6.96
      vertex 9.34 13.45 6.98
    endloop
  endfacet
  facet normal -0.600681 0.373428 -0.706919
    outer loop
      vertex 9.05195 12.375 6.98
      vertex 8.97766 12.2555 6.98
      vertex 8.01272 12.975 8.18
    endloop
  endfacet
  facet normal -0.910814 0.412817 0
    outer loop
      vertex 9.11828 12.4991 6.96
      vertex 9.17634 12.6272 6.98
      vertex 9.17634 12.6272 6.96
    endloop
  endfacet
  facet normal -0.910814 0.412817 0
    outer loop
      vertex 9.17634 12.6272 6.98
      vertex 9.11828 12.4991 6.96
      vertex 9.11828 12.4991 6.98
    endloop
  endfacet
  facet normal -0.623698 0.333588 -0.706909
    outer loop
      vertex 8.04203 13.0298 8.18
      vertex 9.11828 12.4991 6.98
      vertex 8.01272 12.975 8.18
    endloop
  endfacet
  facet normal -0.644209 0.291981 -0.706924
    outer loop
      vertex 9.17634 12.6272 6.98
      vertex 9.11828 12.4991 6.98
      vertex 8.06769 13.0865 8.18
    endloop
  endfacet
  facet normal 0.703889 0.069333 -0.706918
    outer loop
      vertex 6.24813 13.326 8.18
      vertex 5.05839 13.1694 6.98
      vertex 5.0446 13.3094 6.98
    endloop
  endfacet
  facet normal 0.986639 0.162923 0
    outer loop
      vertex 5.08131 13.0306 6.98
      vertex 5.05839 13.1694 6.96
      vertex 5.05839 13.1694 6.98
    endloop
  endfacet
  facet normal 0.986639 0.162923 0
    outer loop
      vertex 5.05839 13.1694 6.96
      vertex 5.08131 13.0306 6.98
      vertex 5.08131 13.0306 6.96
    endloop
  endfacet
  facet normal 0.697846 0.115235 -0.706917
    outer loop
      vertex 6.25825 13.2647 8.18
      vertex 5.08131 13.0306 6.98
      vertex 5.05839 13.1694 6.98
    endloop
  endfacet
  facet normal -0.0980891 0.995178 0
    outer loop
      vertex 7.47063 11.3184 6.96
      vertex 7.33062 11.3046 6.98
      vertex 7.47063 11.3184 6.98
    endloop
  endfacet
  facet normal -0.0980891 0.995178 0
    outer loop
      vertex 7.33062 11.3046 6.98
      vertex 7.47063 11.3184 6.96
      vertex 7.33062 11.3046 6.96
    endloop
  endfacet
  facet normal -0.0326948 0.999465 0
    outer loop
      vertex 7.33062 11.3046 6.96
      vertex 7.19 11.3 6.98
      vertex 7.33062 11.3046 6.98
    endloop
  endfacet
  facet normal -0.0326948 0.999465 0
    outer loop
      vertex 7.19 11.3 6.98
      vertex 7.33062 11.3046 6.96
      vertex 7.19 11.3 6.96
    endloop
  endfacet
  facet normal -0.471274 0.881987 0
    outer loop
      vertex 8.265 11.588 6.96
      vertex 8.14092 11.5217 6.98
      vertex 8.265 11.588 6.98
    endloop
  endfacet
  facet normal -0.471274 0.881987 0
    outer loop
      vertex 8.14092 11.5217 6.98
      vertex 8.265 11.588 6.96
      vertex 8.14092 11.5217 6.96
    endloop
  endfacet
  facet normal 0.574819 0.41213 -0.706917
    outer loop
      vertex 6.43631 12.8717 8.18
      vertex 5.48429 12.1412 6.98
      vertex 5.40234 12.2555 6.98
    endloop
  endfacet
  facet normal 0.412329 0.911035 -0
    outer loop
      vertex 6.36723 11.4637 6.96
      vertex 6.23908 11.5217 6.98
      vertex 6.36723 11.4637 6.98
    endloop
  endfacet
  facet normal 0.412329 0.911035 0
    outer loop
      vertex 6.23908 11.5217 6.98
      vertex 6.36723 11.4637 6.96
      vertex 6.23908 11.5217 6.96
    endloop
  endfacet
  facet normal 0.069379 0.703895 -0.706908
    outer loop
      vertex 7.12787 12.502 8.18
      vertex 7.04938 11.3046 6.98
      vertex 6.90937 11.3184 6.98
    endloop
  endfacet
  facet normal 0.0980891 0.995178 -0
    outer loop
      vertex 7.04938 11.3046 6.96
      vertex 6.90937 11.3184 6.98
      vertex 7.04938 11.3046 6.98
    endloop
  endfacet
  facet normal 0.0980891 0.995178 0
    outer loop
      vertex 6.90937 11.3184 6.98
      vertex 7.04938 11.3046 6.96
      vertex 6.90937 11.3184 6.96
    endloop
  endfacet
  facet normal 0.634186 0.773181 -0
    outer loop
      vertex 5.88116 11.7443 6.96
      vertex 5.77241 11.8335 6.98
      vertex 5.88116 11.7443 6.98
    endloop
  endfacet
  facet normal 0.634186 0.773181 0
    outer loop
      vertex 5.77241 11.8335 6.98
      vertex 5.88116 11.7443 6.96
      vertex 5.77241 11.8335 6.96
    endloop
  endfacet
  facet normal 0.600705 0.373393 -0.706917
    outer loop
      vertex 6.36728 12.975 8.18
      vertex 6.4001 12.9222 8.18
      vertex 5.40234 12.2555 6.98
    endloop
  endfacet
  facet normal 0.910814 0.412817 0
    outer loop
      vertex 5.26172 12.4991 6.98
      vertex 5.20366 12.6272 6.96
      vertex 5.20366 12.6272 6.98
    endloop
  endfacet
  facet normal 0.910814 0.412817 0
    outer loop
      vertex 5.20366 12.6272 6.96
      vertex 5.26172 12.4991 6.98
      vertex 5.26172 12.4991 6.96
    endloop
  endfacet
  facet normal 0.881959 0.471326 0
    outer loop
      vertex 5.32804 12.375 6.98
      vertex 5.26172 12.4991 6.96
      vertex 5.26172 12.4991 6.98
    endloop
  endfacet
  facet normal 0.881959 0.471326 0
    outer loop
      vertex 5.26172 12.4991 6.96
      vertex 5.32804 12.375 6.98
      vertex 5.32804 12.375 6.96
    endloop
  endfacet
  facet normal 0.661867 0.249368 -0.706928
    outer loop
      vertex 6.29042 13.1446 8.18
      vertex 6.31231 13.0865 8.18
      vertex 5.20366 12.6272 6.98
    endloop
  endfacet
  facet normal 0.956922 0.290347 0
    outer loop
      vertex 5.1541 12.7589 6.98
      vertex 5.11326 12.8935 6.96
      vertex 5.11326 12.8935 6.98
    endloop
  endfacet
  facet normal 0.956922 0.290347 0
    outer loop
      vertex 5.11326 12.8935 6.96
      vertex 5.1541 12.7589 6.98
      vertex 5.1541 12.7589 6.96
    endloop
  endfacet
  facet normal 0.935926 0.352198 0
    outer loop
      vertex 5.20366 12.6272 6.98
      vertex 5.1541 12.7589 6.96
      vertex 5.1541 12.7589 6.98
    endloop
  endfacet
  facet normal 0.935926 0.352198 0
    outer loop
      vertex 5.1541 12.7589 6.96
      vertex 5.20366 12.6272 6.98
      vertex 5.20366 12.6272 6.96
    endloop
  endfacet
  facet normal 0.973904 -0.22696 0
    outer loop
      vertex 5.08131 18.4194 6.98
      vertex 5.11326 18.5565 6.96
      vertex 5.11326 18.5565 6.98
    endloop
  endfacet
  facet normal 0.973904 -0.22696 0
    outer loop
      vertex 5.11326 18.5565 6.96
      vertex 5.08131 18.4194 6.98
      vertex 5.08131 18.4194 6.96
    endloop
  endfacet
  facet normal 0.956922 -0.290347 0
    outer loop
      vertex 5.11326 18.5565 6.98
      vertex 5.1541 18.6911 6.96
      vertex 5.1541 18.6911 6.98
    endloop
  endfacet
  facet normal 0.956922 -0.290347 0
    outer loop
      vertex 5.1541 18.6911 6.96
      vertex 5.11326 18.5565 6.98
      vertex 5.11326 18.5565 6.96
    endloop
  endfacet
  facet normal 0.935926 -0.352198 0
    outer loop
      vertex 5.1541 18.6911 6.98
      vertex 5.20366 18.8228 6.96
      vertex 5.20366 18.8228 6.98
    endloop
  endfacet
  facet normal 0.935926 -0.352198 0
    outer loop
      vertex 5.20366 18.8228 6.96
      vertex 5.1541 18.6911 6.98
      vertex 5.1541 18.6911 6.96
    endloop
  endfacet
  facet normal 0.910814 -0.412817 0
    outer loop
      vertex 5.20366 18.8228 6.98
      vertex 5.26172 18.9509 6.96
      vertex 5.26172 18.9509 6.98
    endloop
  endfacet
  facet normal 0.910814 -0.412817 0
    outer loop
      vertex 5.26172 18.9509 6.96
      vertex 5.20366 18.8228 6.98
      vertex 5.20366 18.8228 6.96
    endloop
  endfacet
  facet normal 0.849234 -0.528017 0
    outer loop
      vertex 5.32804 19.075 6.98
      vertex 5.40234 19.1945 6.96
      vertex 5.40234 19.1945 6.98
    endloop
  endfacet
  facet normal 0.849234 -0.528017 0
    outer loop
      vertex 5.40234 19.1945 6.96
      vertex 5.32804 19.075 6.98
      vertex 5.32804 19.075 6.96
    endloop
  endfacet
  facet normal 0.812699 -0.582683 0
    outer loop
      vertex 5.40234 19.1945 6.98
      vertex 5.48429 19.3088 6.96
      vertex 5.48429 19.3088 6.98
    endloop
  endfacet
  facet normal 0.812699 -0.582683 0
    outer loop
      vertex 5.48429 19.3088 6.96
      vertex 5.40234 19.1945 6.98
      vertex 5.40234 19.1945 6.96
    endloop
  endfacet
  facet normal -0.162774 -0.986663 0
    outer loop
      vertex 7.47063 20.1316 6.96
      vertex 7.60944 20.1087 6.98
      vertex 7.47063 20.1316 6.98
    endloop
  endfacet
  facet normal -0.162774 -0.986663 -0
    outer loop
      vertex 7.60944 20.1087 6.98
      vertex 7.47063 20.1316 6.96
      vertex 7.60944 20.1087 6.96
    endloop
  endfacet
  facet normal -0.0693995 -0.703893 -0.706907
    outer loop
      vertex 7.33062 20.1454 6.98
      vertex 7.314 18.9419 8.18
      vertex 7.25213 18.948 8.18
    endloop
  endfacet
  facet normal -0.0693789 -0.703894 -0.706908
    outer loop
      vertex 7.33062 20.1454 6.98
      vertex 7.47063 20.1316 6.98
      vertex 7.314 18.9419 8.18
    endloop
  endfacet
  facet normal 0.471274 -0.881987 0
    outer loop
      vertex 6.115 19.862 6.96
      vertex 6.23908 19.9283 6.98
      vertex 6.115 19.862 6.98
    endloop
  endfacet
  facet normal 0.471274 -0.881987 0
    outer loop
      vertex 6.23908 19.9283 6.98
      vertex 6.115 19.862 6.96
      vertex 6.23908 19.9283 6.96
    endloop
  endfacet
  facet normal 0.333324 -0.623813 -0.706932
    outer loop
      vertex 6.23908 19.9283 6.98
      vertex 6.76982 18.852 8.18
      vertex 6.115 19.862 6.98
    endloop
  endfacet
  facet normal 0.292287 -0.644055 -0.706938
    outer loop
      vertex 6.82645 18.8777 8.18
      vertex 6.76982 18.852 8.18
      vertex 6.23908 19.9283 6.98
    endloop
  endfacet
  facet normal 0.20484 -0.676998 -0.706905
    outer loop
      vertex 6.94412 18.9176 8.18
      vertex 6.88463 18.8996 8.18
      vertex 6.4989 20.0359 6.98
    endloop
  endfacet
  facet normal 0.249173 -0.661957 -0.706913
    outer loop
      vertex 6.88463 18.8996 8.18
      vertex 6.82645 18.8777 8.18
      vertex 6.4989 20.0359 6.98
    endloop
  endfacet
  facet normal 0.0693995 -0.703893 -0.706907
    outer loop
      vertex 7.12787 18.948 8.18
      vertex 7.066 18.9419 8.18
      vertex 7.04938 20.1454 6.98
    endloop
  endfacet
  facet normal 0.449107 -0.546433 -0.706905
    outer loop
      vertex 6.61168 18.7537 8.18
      vertex 6.56362 18.7142 8.18
      vertex 5.88116 19.7057 6.98
    endloop
  endfacet
  facet normal 0.516257 -0.483482 -0.706912
    outer loop
      vertex 5.66972 19.5203 6.98
      vertex 6.51825 18.6718 8.18
      vertex 5.57354 19.4176 6.98
    endloop
  endfacet
  facet normal 0.546946 -0.448473 -0.70691
    outer loop
      vertex 6.47575 18.6264 8.18
      vertex 6.43631 18.5783 8.18
      vertex 5.57354 19.4176 6.98
    endloop
  endfacet
  facet normal 0.729896 -0.683558 0
    outer loop
      vertex 5.57354 19.4176 6.98
      vertex 5.66972 19.5203 6.96
      vertex 5.66972 19.5203 6.98
    endloop
  endfacet
  facet normal 0.729896 -0.683558 0
    outer loop
      vertex 5.66972 19.5203 6.96
      vertex 5.57354 19.4176 6.98
      vertex 5.57354 19.4176 6.96
    endloop
  endfacet
  facet normal 0.411918 -0.574978 -0.706911
    outer loop
      vertex 6.66221 18.7899 8.18
      vertex 6.61168 18.7537 8.18
      vertex 5.88116 19.7057 6.98
    endloop
  endfacet
  facet normal 0.412149 -0.574797 -0.706924
    outer loop
      vertex 5.99552 19.7877 6.98
      vertex 6.66221 18.7899 8.18
      vertex 5.88116 19.7057 6.98
    endloop
  endfacet
  facet normal -0.986639 -0.162923 0
    outer loop
      vertex 9.32161 18.2806 6.96
      vertex 9.29869 18.4194 6.98
      vertex 9.29869 18.4194 6.96
    endloop
  endfacet
  facet normal -0.986639 -0.162923 0
    outer loop
      vertex 9.29869 18.4194 6.98
      vertex 9.32161 18.2806 6.96
      vertex 9.32161 18.2806 6.98
    endloop
  endfacet
  facet normal -0.995184 -0.0980256 0
    outer loop
      vertex 9.3354 18.1406 6.96
      vertex 9.32161 18.2806 6.98
      vertex 9.32161 18.2806 6.96
    endloop
  endfacet
  facet normal -0.995184 -0.0980256 0
    outer loop
      vertex 9.32161 18.2806 6.98
      vertex 9.3354 18.1406 6.96
      vertex 9.3354 18.1406 6.98
    endloop
  endfacet
  facet normal -0.661883 -0.249374 -0.706912
    outer loop
      vertex 9.2259 18.6911 6.98
      vertex 8.08958 18.3054 8.18
      vertex 8.06769 18.3635 8.18
    endloop
  endfacet
  facet normal -0.676827 -0.205361 -0.706917
    outer loop
      vertex 9.2259 18.6911 6.98
      vertex 9.26674 18.5565 6.98
      vertex 8.08958 18.3054 8.18
    endloop
  endfacet
  facet normal -0.703889 -0.069333 -0.706918
    outer loop
      vertex 9.32161 18.2806 6.98
      vertex 9.3354 18.1406 6.98
      vertex 8.13187 18.124 8.18
    endloop
  endfacet
  facet normal -0.697846 -0.115235 -0.706917
    outer loop
      vertex 9.29869 18.4194 6.98
      vertex 9.32161 18.2806 6.98
      vertex 8.13187 18.124 8.18
    endloop
  endfacet
  facet normal -0.935926 -0.352198 0
    outer loop
      vertex 9.2259 18.6911 6.96
      vertex 9.17634 18.8228 6.98
      vertex 9.17634 18.8228 6.96
    endloop
  endfacet
  facet normal -0.935926 -0.352198 0
    outer loop
      vertex 9.17634 18.8228 6.98
      vertex 9.2259 18.6911 6.96
      vertex 9.2259 18.6911 6.98
    endloop
  endfacet
  facet normal -0.623698 -0.333588 -0.706909
    outer loop
      vertex 9.11828 18.9509 6.98
      vertex 8.04203 18.4202 8.18
      vertex 8.01272 18.475 8.18
    endloop
  endfacet
  facet normal -0.574805 -0.412152 -0.706916
    outer loop
      vertex 8.97766 19.1945 6.98
      vertex 7.9799 18.5278 8.18
      vertex 7.94369 18.5783 8.18
    endloop
  endfacet
  facet normal -0.290027 -0.957018 0
    outer loop
      vertex 7.74646 20.0767 6.96
      vertex 7.88109 20.0359 6.98
      vertex 7.74646 20.0767 6.98
    endloop
  endfacet
  facet normal -0.290027 -0.957018 -0
    outer loop
      vertex 7.88109 20.0359 6.98
      vertex 7.74646 20.0767 6.96
      vertex 7.88109 20.0359 6.96
    endloop
  endfacet
  facet normal -0.291643 -0.644381 -0.706907
    outer loop
      vertex 8.01277 19.9863 6.98
      vertex 8.14092 19.9283 6.98
      vertex 7.55355 18.8777 8.18
    endloop
  endfacet
  facet normal -0.249173 -0.661958 -0.706912
    outer loop
      vertex 7.88109 20.0359 6.98
      vertex 7.55355 18.8777 8.18
      vertex 7.49537 18.8996 8.18
    endloop
  endfacet
  facet normal -0.471274 -0.881987 0
    outer loop
      vertex 8.14092 19.9283 6.96
      vertex 8.265 19.862 6.98
      vertex 8.14092 19.9283 6.98
    endloop
  endfacet
  facet normal -0.471274 -0.881987 -0
    outer loop
      vertex 8.265 19.862 6.98
      vertex 8.14092 19.9283 6.96
      vertex 8.265 19.862 6.96
    endloop
  endfacet
  facet normal -0.373504 -0.600623 -0.706928
    outer loop
      vertex 8.265 19.862 6.98
      vertex 8.38448 19.7877 6.98
      vertex 7.71779 18.7899 8.18
    endloop
  endfacet
  facet normal -0.482946 -0.516775 -0.706899
    outer loop
      vertex 8.71028 19.5203 6.98
      vertex 7.86175 18.6718 8.18
      vertex 7.81638 18.7142 8.18
    endloop
  endfacet
  facet normal -0.773114 -0.634267 0
    outer loop
      vertex 8.89571 19.3088 6.96
      vertex 8.80645 19.4176 6.98
      vertex 8.80645 19.4176 6.96
    endloop
  endfacet
  facet normal -0.773114 -0.634267 0
    outer loop
      vertex 8.80645 19.4176 6.98
      vertex 8.89571 19.3088 6.96
      vertex 8.89571 19.3088 6.98
    endloop
  endfacet
  facet normal -0.516359 -0.483376 -0.706909
    outer loop
      vertex 8.71028 19.5203 6.98
      vertex 7.90425 18.6264 8.18
      vertex 7.86175 18.6718 8.18
    endloop
  endfacet
  facet normal -0.956922 0.290347 0
    outer loop
      vertex 9.2259 12.7589 6.96
      vertex 9.26674 12.8935 6.98
      vertex 9.26674 12.8935 6.96
    endloop
  endfacet
  facet normal -0.956922 0.290347 0
    outer loop
      vertex 9.26674 12.8935 6.98
      vertex 9.2259 12.7589 6.96
      vertex 9.2259 12.7589 6.98
    endloop
  endfacet
  facet normal -0.703889 0.069333 -0.706918
    outer loop
      vertex 9.3354 13.3094 6.98
      vertex 9.32161 13.1694 6.98
      vertex 8.13187 13.326 8.18
    endloop
  endfacet
  facet normal -0.688839 0.160528 -0.706917
    outer loop
      vertex 9.29869 13.0306 6.98
      vertex 9.26674 12.8935 6.98
      vertex 8.10763 13.2041 8.18
    endloop
  endfacet
  facet normal -0.697846 0.115235 -0.706917
    outer loop
      vertex 9.32161 13.1694 6.98
      vertex 9.29869 13.0306 6.98
      vertex 8.13187 13.326 8.18
    endloop
  endfacet
  facet normal -0.64439 0.291623 -0.706907
    outer loop
      vertex 8.06769 13.0865 8.18
      vertex 9.11828 12.4991 6.98
      vertex 8.04203 13.0298 8.18
    endloop
  endfacet
  facet normal -0.291635 0.644362 -0.706927
    outer loop
      vertex 8.14092 11.5217 6.98
      vertex 8.01277 11.4637 6.98
      vertex 7.61017 12.598 8.18
    endloop
  endfacet
  facet normal -0.729932 0.68352 0
    outer loop
      vertex 8.71028 11.9297 6.96
      vertex 8.80645 12.0324 6.98
      vertex 8.80645 12.0324 6.96
    endloop
  endfacet
  facet normal -0.729932 0.68352 0
    outer loop
      vertex 8.80645 12.0324 6.98
      vertex 8.71028 11.9297 6.96
      vertex 8.71028 11.9297 6.98
    endloop
  endfacet
  facet normal -0.412149 0.574797 -0.706924
    outer loop
      vertex 8.49884 11.7443 6.98
      vertex 8.38448 11.6623 6.98
      vertex 7.71779 12.6601 8.18
    endloop
  endfacet
  facet normal 0.706919 0.0231086 -0.706917
    outer loop
      vertex 6.24 13.45 8.18
      vertex 6.24203 13.3879 8.18
      vertex 5.0446 13.3094 6.98
    endloop
  endfacet
  facet normal 0.999465 0.0326994 0
    outer loop
      vertex 5.0446 13.3094 6.98
      vertex 5.04 13.45 6.96
      vertex 5.04 13.45 6.98
    endloop
  endfacet
  facet normal 0.999465 0.0326994 0
    outer loop
      vertex 5.04 13.45 6.96
      vertex 5.0446 13.3094 6.98
      vertex 5.0446 13.3094 6.96
    endloop
  endfacet
  facet normal -0.162774 0.986663 0
    outer loop
      vertex 7.60944 11.3413 6.96
      vertex 7.47063 11.3184 6.98
      vertex 7.60944 11.3413 6.98
    endloop
  endfacet
  facet normal -0.162774 0.986663 0
    outer loop
      vertex 7.47063 11.3184 6.98
      vertex 7.60944 11.3413 6.96
      vertex 7.47063 11.3184 6.96
    endloop
  endfacet
  facet normal -0.290027 0.957018 0
    outer loop
      vertex 7.88109 11.4141 6.96
      vertex 7.74646 11.3733 6.98
      vertex 7.88109 11.4141 6.98
    endloop
  endfacet
  facet normal -0.290027 0.957018 0
    outer loop
      vertex 7.74646 11.3733 6.98
      vertex 7.88109 11.4141 6.96
      vertex 7.74646 11.3733 6.96
    endloop
  endfacet
  facet normal -0.204841 0.676999 -0.706904
    outer loop
      vertex 7.49537 12.5504 8.18
      vertex 7.88109 11.4141 6.98
      vertex 7.43588 12.5324 8.18
    endloop
  endfacet
  facet normal -0.352494 0.935814 0
    outer loop
      vertex 8.01277 11.4637 6.96
      vertex 7.88109 11.4141 6.98
      vertex 8.01277 11.4637 6.98
    endloop
  endfacet
  facet normal -0.352494 0.935814 0
    outer loop
      vertex 7.88109 11.4141 6.98
      vertex 8.01277 11.4637 6.96
      vertex 7.88109 11.4141 6.96
    endloop
  endfacet
  facet normal 0.729896 0.683558 0
    outer loop
      vertex 5.66972 11.9297 6.98
      vertex 5.57354 12.0324 6.96
      vertex 5.57354 12.0324 6.98
    endloop
  endfacet
  facet normal 0.729896 0.683558 0
    outer loop
      vertex 5.57354 12.0324 6.96
      vertex 5.66972 11.9297 6.98
      vertex 5.66972 11.9297 6.96
    endloop
  endfacet
  facet normal 0.448558 0.546869 -0.706916
    outer loop
      vertex 6.61168 12.6963 8.18
      vertex 5.88116 11.7443 6.98
      vertex 5.77241 11.8335 6.98
    endloop
  endfacet
  facet normal 0.546946 0.448473 -0.70691
    outer loop
      vertex 6.43631 12.8717 8.18
      vertex 6.47575 12.8236 8.18
      vertex 5.57354 12.0324 6.98
    endloop
  endfacet
  facet normal 0.812699 0.582683 0
    outer loop
      vertex 5.48429 12.1412 6.98
      vertex 5.40234 12.2555 6.96
      vertex 5.40234 12.2555 6.98
    endloop
  endfacet
  facet normal 0.812699 0.582683 0
    outer loop
      vertex 5.40234 12.2555 6.96
      vertex 5.48429 12.1412 6.98
      vertex 5.48429 12.1412 6.96
    endloop
  endfacet
  facet normal 0.333324 0.623813 -0.706932
    outer loop
      vertex 6.76982 12.598 8.18
      vertex 6.23908 11.5217 6.98
      vertex 6.115 11.588 6.98
    endloop
  endfacet
  facet normal 0.291635 0.644364 -0.706926
    outer loop
      vertex 6.76982 12.598 8.18
      vertex 6.36723 11.4637 6.98
      vertex 6.23908 11.5217 6.98
    endloop
  endfacet
  facet normal 0.0326948 0.999465 -0
    outer loop
      vertex 7.19 11.3 6.96
      vertex 7.04938 11.3046 6.98
      vertex 7.19 11.3 6.98
    endloop
  endfacet
  facet normal 0.0326948 0.999465 0
    outer loop
      vertex 7.04938 11.3046 6.98
      vertex 7.19 11.3 6.96
      vertex 7.04938 11.3046 6.96
    endloop
  endfacet
  facet normal 0.162774 0.986663 -0
    outer loop
      vertex 6.90937 11.3184 6.96
      vertex 6.77056 11.3413 6.98
      vertex 6.90937 11.3184 6.98
    endloop
  endfacet
  facet normal 0.162774 0.986663 0
    outer loop
      vertex 6.77056 11.3413 6.98
      vertex 6.90937 11.3184 6.96
      vertex 6.77056 11.3413 6.96
    endloop
  endfacet
  facet normal 0.0231252 0.706927 -0.706908
    outer loop
      vertex 7.12787 12.502 8.18
      vertex 7.19 11.3 6.98
      vertex 7.04938 11.3046 6.98
    endloop
  endfacet
  facet normal 0.160439 0.688866 -0.706911
    outer loop
      vertex 6.94412 12.5324 8.18
      vertex 7.00466 12.5183 8.18
      vertex 6.63354 11.3733 6.98
    endloop
  endfacet
  facet normal 0.115127 0.697848 -0.706932
    outer loop
      vertex 7.00466 12.5183 8.18
      vertex 6.90937 11.3184 6.98
      vertex 6.77056 11.3413 6.98
    endloop
  endfacet
  facet normal 0.160853 0.688751 -0.706929
    outer loop
      vertex 7.00466 12.5183 8.18
      vertex 6.77056 11.3413 6.98
      vertex 6.63354 11.3733 6.98
    endloop
  endfacet
  facet normal 0.116024 0.697739 -0.706894
    outer loop
      vertex 7.00466 12.5183 8.18
      vertex 7.066 12.5081 8.18
      vertex 6.90937 11.3184 6.98
    endloop
  endfacet
  facet normal 0.0693994 0.703892 -0.706909
    outer loop
      vertex 7.066 12.5081 8.18
      vertex 7.12787 12.502 8.18
      vertex 6.90937 11.3184 6.98
    endloop
  endfacet
  facet normal 0.623698 0.333588 -0.706909
    outer loop
      vertex 6.33797 13.0298 8.18
      vertex 6.36728 12.975 8.18
      vertex 5.26172 12.4991 6.98
    endloop
  endfacet
  facet normal 0.644218 0.291985 -0.706914
    outer loop
      vertex 6.33797 13.0298 8.18
      vertex 5.26172 12.4991 6.98
      vertex 5.20366 12.6272 6.98
    endloop
  endfacet
  facet normal 0.623805 0.333366 -0.706919
    outer loop
      vertex 6.36728 12.975 8.18
      vertex 5.32804 12.375 6.98
      vertex 5.26172 12.4991 6.98
    endloop
  endfacet
  facet normal 0.600657 0.373463 -0.70692
    outer loop
      vertex 6.36728 12.975 8.18
      vertex 5.40234 12.2555 6.98
      vertex 5.32804 12.375 6.98
    endloop
  endfacet
  facet normal 0.623805 -0.333366 -0.706919
    outer loop
      vertex 5.32804 19.075 6.98
      vertex 6.36728 18.475 8.18
      vertex 5.26172 18.9509 6.98
    endloop
  endfacet
  facet normal -0.11513 -0.697872 -0.706909
    outer loop
      vertex 7.47063 20.1316 6.98
      vertex 7.60944 20.1087 6.98
      vertex 7.314 18.9419 8.18
    endloop
  endfacet
  facet normal 0.0980891 -0.995178 0
    outer loop
      vertex 6.90937 20.1316 6.96
      vertex 7.04938 20.1454 6.98
      vertex 6.90937 20.1316 6.98
    endloop
  endfacet
  facet normal 0.0980891 -0.995178 0
    outer loop
      vertex 7.04938 20.1454 6.98
      vertex 6.90937 20.1316 6.96
      vertex 7.04938 20.1454 6.96
    endloop
  endfacet
  facet normal 0.160439 -0.688866 -0.706911
    outer loop
      vertex 7.00466 18.9317 8.18
      vertex 6.94412 18.9176 8.18
      vertex 6.63354 20.0767 6.98
    endloop
  endfacet
  facet normal 0.291643 -0.644381 -0.706907
    outer loop
      vertex 6.36723 19.9863 6.98
      vertex 6.82645 18.8777 8.18
      vertex 6.23908 19.9283 6.98
    endloop
  endfacet
  facet normal 0.683669 -0.729792 0
    outer loop
      vertex 5.66972 19.5203 6.96
      vertex 5.77241 19.6165 6.98
      vertex 5.66972 19.5203 6.98
    endloop
  endfacet
  facet normal 0.683669 -0.729792 0
    outer loop
      vertex 5.77241 19.6165 6.98
      vertex 5.66972 19.5203 6.96
      vertex 5.77241 19.6165 6.96
    endloop
  endfacet
  facet normal 0.634186 -0.773181 0
    outer loop
      vertex 5.77241 19.6165 6.96
      vertex 5.88116 19.7057 6.98
      vertex 5.77241 19.6165 6.98
    endloop
  endfacet
  facet normal 0.634186 -0.773181 0
    outer loop
      vertex 5.88116 19.7057 6.98
      vertex 5.77241 19.6165 6.96
      vertex 5.88116 19.7057 6.96
    endloop
  endfacet
  facet normal 0.582716 -0.812676 0
    outer loop
      vertex 5.88116 19.7057 6.96
      vertex 5.99552 19.7877 6.98
      vertex 5.88116 19.7057 6.98
    endloop
  endfacet
  facet normal 0.582716 -0.812676 0
    outer loop
      vertex 5.99552 19.7877 6.98
      vertex 5.88116 19.7057 6.96
      vertex 5.99552 19.7877 6.96
    endloop
  endfacet
  facet normal -0.661971 -0.249106 -0.706924
    outer loop
      vertex 9.17634 18.8228 6.98
      vertex 9.2259 18.6911 6.98
      vertex 8.06769 18.3635 8.18
    endloop
  endfacet
  facet normal -0.697851 -0.115208 -0.706916
    outer loop
      vertex 9.29869 18.4194 6.98
      vertex 8.13187 18.124 8.18
      vertex 8.12175 18.1853 8.18
    endloop
  endfacet
  facet normal -0.706919 -0.0231086 -0.706917
    outer loop
      vertex 9.3354 18.1406 6.98
      vertex 8.14 18 8.18
      vertex 8.13797 18.0621 8.18
    endloop
  endfacet
  facet normal -0.64439 -0.291623 -0.706907
    outer loop
      vertex 9.11828 18.9509 6.98
      vertex 8.06769 18.3635 8.18
      vertex 8.04203 18.4202 8.18
    endloop
  endfacet
  facet normal -0.600681 -0.373428 -0.706919
    outer loop
      vertex 8.97766 19.1945 6.98
      vertex 9.05195 19.075 6.98
      vertex 8.01272 18.475 8.18
    endloop
  endfacet
  facet normal -0.412329 -0.911035 0
    outer loop
      vertex 8.01277 19.9863 6.96
      vertex 8.14092 19.9283 6.98
      vertex 8.01277 19.9863 6.98
    endloop
  endfacet
  facet normal -0.412329 -0.911035 -0
    outer loop
      vertex 8.14092 19.9283 6.98
      vertex 8.01277 19.9863 6.96
      vertex 8.14092 19.9283 6.96
    endloop
  endfacet
  facet normal -0.205135 -0.676896 -0.706917
    outer loop
      vertex 7.74646 20.0767 6.98
      vertex 7.88109 20.0359 6.98
      vertex 7.43588 18.9176 8.18
    endloop
  endfacet
  facet normal -0.812699 -0.582683 0
    outer loop
      vertex 8.97766 19.1945 6.96
      vertex 8.89571 19.3088 6.98
      vertex 8.89571 19.3088 6.96
    endloop
  endfacet
  facet normal -0.812699 -0.582683 0
    outer loop
      vertex 8.89571 19.3088 6.98
      vertex 8.97766 19.1945 6.96
      vertex 8.97766 19.1945 6.98
    endloop
  endfacet
  facet normal -0.729932 -0.68352 0
    outer loop
      vertex 8.80645 19.4176 6.96
      vertex 8.71028 19.5203 6.98
      vertex 8.71028 19.5203 6.96
    endloop
  endfacet
  facet normal -0.729932 -0.68352 0
    outer loop
      vertex 8.71028 19.5203 6.98
      vertex 8.80645 19.4176 6.96
      vertex 8.80645 19.4176 6.98
    endloop
  endfacet
  facet normal -0.528081 -0.849194 0
    outer loop
      vertex 8.265 19.862 6.96
      vertex 8.38448 19.7877 6.98
      vertex 8.265 19.862 6.98
    endloop
  endfacet
  facet normal -0.528081 -0.849194 -0
    outer loop
      vertex 8.38448 19.7877 6.98
      vertex 8.265 19.862 6.96
      vertex 8.38448 19.7877 6.96
    endloop
  endfacet
  facet normal -0.582716 -0.812676 0
    outer loop
      vertex 8.38448 19.7877 6.96
      vertex 8.49884 19.7057 6.98
      vertex 8.38448 19.7877 6.98
    endloop
  endfacet
  facet normal -0.582716 -0.812676 -0
    outer loop
      vertex 8.49884 19.7057 6.98
      vertex 8.38448 19.7877 6.96
      vertex 8.49884 19.7057 6.96
    endloop
  endfacet
  facet normal -0.634186 -0.773181 0
    outer loop
      vertex 8.49884 19.7057 6.96
      vertex 8.60759 19.6165 6.98
      vertex 8.49884 19.7057 6.98
    endloop
  endfacet
  facet normal -0.634186 -0.773181 -0
    outer loop
      vertex 8.60759 19.6165 6.98
      vertex 8.49884 19.7057 6.96
      vertex 8.60759 19.6165 6.96
    endloop
  endfacet
  facet normal -0.773114 0.634267 0
    outer loop
      vertex 8.80645 12.0324 6.96
      vertex 8.89571 12.1412 6.98
      vertex 8.89571 12.1412 6.96
    endloop
  endfacet
  facet normal -0.773114 0.634267 0
    outer loop
      vertex 8.89571 12.1412 6.98
      vertex 8.80645 12.0324 6.96
      vertex 8.80645 12.0324 6.98
    endloop
  endfacet
  facet normal -0.600705 0.373393 -0.706917
    outer loop
      vertex 8.01272 12.975 8.18
      vertex 8.97766 12.2555 6.98
      vertex 7.9799 12.9222 8.18
    endloop
  endfacet
  facet normal -0.574805 0.412152 -0.706916
    outer loop
      vertex 7.9799 12.9222 8.18
      vertex 8.97766 12.2555 6.98
      vertex 7.94369 12.8717 8.18
    endloop
  endfacet
  facet normal -0.935926 0.352198 0
    outer loop
      vertex 9.17634 12.6272 6.96
      vertex 9.2259 12.7589 6.98
      vertex 9.2259 12.7589 6.96
    endloop
  endfacet
  facet normal -0.935926 0.352198 0
    outer loop
      vertex 9.2259 12.7589 6.98
      vertex 9.17634 12.6272 6.96
      vertex 9.17634 12.6272 6.98
    endloop
  endfacet
  facet normal -0.999465 0.0326994 0
    outer loop
      vertex 9.3354 13.3094 6.96
      vertex 9.34 13.45 6.98
      vertex 9.34 13.45 6.96
    endloop
  endfacet
  facet normal -0.999465 0.0326994 0
    outer loop
      vertex 9.34 13.45 6.98
      vertex 9.3354 13.3094 6.96
      vertex 9.3354 13.3094 6.98
    endloop
  endfacet
  facet normal -0.995184 0.0980256 0
    outer loop
      vertex 9.32161 13.1694 6.96
      vertex 9.3354 13.3094 6.98
      vertex 9.3354 13.3094 6.96
    endloop
  endfacet
  facet normal -0.995184 0.0980256 0
    outer loop
      vertex 9.3354 13.3094 6.98
      vertex 9.32161 13.1694 6.96
      vertex 9.32161 13.1694 6.98
    endloop
  endfacet
  facet normal -0.986639 0.162923 0
    outer loop
      vertex 9.29869 13.0306 6.96
      vertex 9.32161 13.1694 6.98
      vertex 9.32161 13.1694 6.96
    endloop
  endfacet
  facet normal -0.986639 0.162923 0
    outer loop
      vertex 9.32161 13.1694 6.98
      vertex 9.29869 13.0306 6.96
      vertex 9.29869 13.0306 6.98
    endloop
  endfacet
  facet normal -0.703887 0.0693653 -0.706917
    outer loop
      vertex 8.13797 13.3879 8.18
      vertex 9.3354 13.3094 6.98
      vertex 8.13187 13.326 8.18
    endloop
  endfacet
  facet normal -0.676836 0.205326 -0.706918
    outer loop
      vertex 8.10763 13.2041 8.18
      vertex 9.26674 12.8935 6.98
      vertex 8.08958 13.1446 8.18
    endloop
  endfacet
  facet normal -0.516359 0.483376 -0.706909
    outer loop
      vertex 7.90425 12.8236 8.18
      vertex 8.71028 11.9297 6.98
      vertex 7.86175 12.7782 8.18
    endloop
  endfacet
  facet normal -0.683669 0.729792 0
    outer loop
      vertex 8.71028 11.9297 6.96
      vertex 8.60759 11.8335 6.98
      vertex 8.71028 11.9297 6.98
    endloop
  endfacet
  facet normal -0.683669 0.729792 0
    outer loop
      vertex 8.60759 11.8335 6.98
      vertex 8.71028 11.9297 6.96
      vertex 8.60759 11.8335 6.96
    endloop
  endfacet
  facet normal -0.51628 0.483454 -0.706914
    outer loop
      vertex 8.80645 12.0324 6.98
      vertex 8.71028 11.9297 6.98
      vertex 7.90425 12.8236 8.18
    endloop
  endfacet
  facet normal -0.546948 0.448475 -0.706908
    outer loop
      vertex 7.94369 12.8717 8.18
      vertex 8.80645 12.0324 6.98
      vertex 7.90425 12.8236 8.18
    endloop
  endfacet
  facet normal -0.528081 0.849194 0
    outer loop
      vertex 8.38448 11.6623 6.96
      vertex 8.265 11.588 6.98
      vertex 8.38448 11.6623 6.98
    endloop
  endfacet
  facet normal -0.528081 0.849194 0
    outer loop
      vertex 8.265 11.588 6.98
      vertex 8.38448 11.6623 6.96
      vertex 8.265 11.588 6.96
    endloop
  endfacet
  facet normal -0.333345 0.623799 -0.706934
    outer loop
      vertex 7.665 12.6273 8.18
      vertex 8.265 11.588 6.98
      vertex 7.61017 12.598 8.18
    endloop
  endfacet
  facet normal -0.634186 0.773181 0
    outer loop
      vertex 8.60759 11.8335 6.96
      vertex 8.49884 11.7443 6.98
      vertex 8.60759 11.8335 6.98
    endloop
  endfacet
  facet normal -0.634186 0.773181 0
    outer loop
      vertex 8.49884 11.7443 6.98
      vertex 8.60759 11.8335 6.96
      vertex 8.49884 11.7443 6.96
    endloop
  endfacet
  facet normal -0.582716 0.812676 0
    outer loop
      vertex 8.49884 11.7443 6.96
      vertex 8.38448 11.6623 6.98
      vertex 8.49884 11.7443 6.98
    endloop
  endfacet
  facet normal -0.582716 0.812676 0
    outer loop
      vertex 8.38448 11.6623 6.98
      vertex 8.49884 11.7443 6.96
      vertex 8.38448 11.6623 6.96
    endloop
  endfacet
  facet normal -0.115127 0.697848 -0.706932
    outer loop
      vertex 7.60944 11.3413 6.98
      vertex 7.47063 11.3184 6.98
      vertex 7.37534 12.5183 8.18
    endloop
  endfacet
  facet normal -0.160853 0.688751 -0.706929
    outer loop
      vertex 7.74646 11.3733 6.98
      vertex 7.60944 11.3413 6.98
      vertex 7.37534 12.5183 8.18
    endloop
  endfacet
  facet normal -0.0227563 0.706924 -0.706924
    outer loop
      vertex 7.19 12.5 8.18
      vertex 7.25213 12.502 8.18
      vertex 7.19 11.3 6.98
    endloop
  endfacet
  facet normal -0.069379 0.703895 -0.706908
    outer loop
      vertex 7.47063 11.3184 6.98
      vertex 7.33062 11.3046 6.98
      vertex 7.25213 12.502 8.18
    endloop
  endfacet
  facet normal -0.0231252 0.706927 -0.706908
    outer loop
      vertex 7.25213 12.502 8.18
      vertex 7.33062 11.3046 6.98
      vertex 7.19 11.3 6.98
    endloop
  endfacet
  facet normal -0.227423 0.973796 0
    outer loop
      vertex 7.74646 11.3733 6.96
      vertex 7.60944 11.3413 6.98
      vertex 7.74646 11.3733 6.98
    endloop
  endfacet
  facet normal -0.227423 0.973796 0
    outer loop
      vertex 7.60944 11.3413 6.98
      vertex 7.74646 11.3733 6.96
      vertex 7.60944 11.3413 6.96
    endloop
  endfacet
  facet normal -0.24932 0.661905 -0.706909
    outer loop
      vertex 8.01277 11.4637 6.98
      vertex 7.88109 11.4141 6.98
      vertex 7.49537 12.5504 8.18
    endloop
  endfacet
  facet normal -0.205135 0.676896 -0.706917
    outer loop
      vertex 7.88109 11.4141 6.98
      vertex 7.74646 11.3733 6.98
      vertex 7.43588 12.5324 8.18
    endloop
  endfacet
  facet normal -0.412329 0.911035 0
    outer loop
      vertex 8.14092 11.5217 6.96
      vertex 8.01277 11.4637 6.98
      vertex 8.14092 11.5217 6.98
    endloop
  endfacet
  facet normal -0.412329 0.911035 0
    outer loop
      vertex 8.01277 11.4637 6.98
      vertex 8.14092 11.5217 6.96
      vertex 8.01277 11.4637 6.96
    endloop
  endfacet
  facet normal -0.249176 0.661967 -0.706903
    outer loop
      vertex 7.55355 12.5723 8.18
      vertex 8.01277 11.4637 6.98
      vertex 7.49537 12.5504 8.18
    endloop
  endfacet
  facet normal 0.582716 0.812676 -0
    outer loop
      vertex 5.99552 11.6623 6.96
      vertex 5.88116 11.7443 6.98
      vertex 5.99552 11.6623 6.98
    endloop
  endfacet
  facet normal 0.582716 0.812676 0
    outer loop
      vertex 5.88116 11.7443 6.98
      vertex 5.99552 11.6623 6.96
      vertex 5.88116 11.7443 6.96
    endloop
  endfacet
  facet normal 0.412149 0.574797 -0.706924
    outer loop
      vertex 6.66221 12.6601 8.18
      vertex 5.99552 11.6623 6.98
      vertex 5.88116 11.7443 6.98
    endloop
  endfacet
  facet normal 0.48356 0.516182 -0.706913
    outer loop
      vertex 6.51825 12.7782 8.18
      vertex 5.77241 11.8335 6.98
      vertex 5.66972 11.9297 6.98
    endloop
  endfacet
  facet normal 0.482912 0.516739 -0.706949
    outer loop
      vertex 6.51825 12.7782 8.18
      vertex 6.56362 12.7358 8.18
      vertex 5.77241 11.8335 6.98
    endloop
  endfacet
  facet normal 0.449081 0.546401 -0.706946
    outer loop
      vertex 6.56362 12.7358 8.18
      vertex 6.61168 12.6963 8.18
      vertex 5.77241 11.8335 6.98
    endloop
  endfacet
  facet normal 0.574805 0.412152 -0.706916
    outer loop
      vertex 6.4001 12.9222 8.18
      vertex 6.43631 12.8717 8.18
      vertex 5.40234 12.2555 6.98
    endloop
  endfacet
  facet normal 0.373276 0.60077 -0.706923
    outer loop
      vertex 6.66221 12.6601 8.18
      vertex 6.715 12.6273 8.18
      vertex 5.99552 11.6623 6.98
    endloop
  endfacet
  facet normal 0.249337 0.661898 -0.70691
    outer loop
      vertex 6.88463 12.5504 8.18
      vertex 6.4989 11.4141 6.98
      vertex 6.36723 11.4637 6.98
    endloop
  endfacet
  facet normal 0.373501 0.600617 -0.706935
    outer loop
      vertex 6.715 12.6273 8.18
      vertex 6.115 11.588 6.98
      vertex 5.99552 11.6623 6.98
    endloop
  endfacet
  facet normal 0.227423 0.973796 -0
    outer loop
      vertex 6.77056 11.3413 6.96
      vertex 6.63354 11.3733 6.98
      vertex 6.77056 11.3413 6.98
    endloop
  endfacet
  facet normal 0.227423 0.973796 0
    outer loop
      vertex 6.63354 11.3733 6.98
      vertex 6.77056 11.3413 6.96
      vertex 6.63354 11.3733 6.96
    endloop
  endfacet
  facet normal 0.676827 -0.205361 -0.706917
    outer loop
      vertex 5.1541 18.6911 6.98
      vertex 6.29042 18.3054 8.18
      vertex 5.11326 18.5565 6.98
    endloop
  endfacet
  facet normal 0.64439 -0.291623 -0.706907
    outer loop
      vertex 6.33797 18.4202 8.18
      vertex 6.31231 18.3635 8.18
      vertex 5.26172 18.9509 6.98
    endloop
  endfacet
  facet normal 0.623698 -0.333588 -0.706909
    outer loop
      vertex 6.36728 18.475 8.18
      vertex 6.33797 18.4202 8.18
      vertex 5.26172 18.9509 6.98
    endloop
  endfacet
  facet normal 0.600705 -0.373393 -0.706917
    outer loop
      vertex 6.4001 18.5278 8.18
      vertex 6.36728 18.475 8.18
      vertex 5.40234 19.1945 6.98
    endloop
  endfacet
  facet normal 0.600657 -0.373463 -0.70692
    outer loop
      vertex 5.40234 19.1945 6.98
      vertex 6.36728 18.475 8.18
      vertex 5.32804 19.075 6.98
    endloop
  endfacet
  facet normal -0.0231249 -0.706918 -0.706918
    outer loop
      vertex 7.19 20.15 6.98
      vertex 7.33062 20.1454 6.98
      vertex 7.19 18.95 8.18
    endloop
  endfacet
  facet normal 0.0231249 -0.706918 -0.706918
    outer loop
      vertex 7.19 20.15 6.98
      vertex 7.19 18.95 8.18
      vertex 7.04938 20.1454 6.98
    endloop
  endfacet
  facet normal -0.0980891 -0.995178 0
    outer loop
      vertex 7.33062 20.1454 6.96
      vertex 7.47063 20.1316 6.98
      vertex 7.33062 20.1454 6.98
    endloop
  endfacet
  facet normal -0.0980891 -0.995178 -0
    outer loop
      vertex 7.47063 20.1316 6.98
      vertex 7.33062 20.1454 6.96
      vertex 7.47063 20.1316 6.96
    endloop
  endfacet
  facet normal -0.116016 -0.697686 -0.706947
    outer loop
      vertex 7.60944 20.1087 6.98
      vertex 7.37534 18.9317 8.18
      vertex 7.314 18.9419 8.18
    endloop
  endfacet
  facet normal -0.160853 -0.688751 -0.706929
    outer loop
      vertex 7.60944 20.1087 6.98
      vertex 7.74646 20.0767 6.98
      vertex 7.37534 18.9317 8.18
    endloop
  endfacet
  facet normal 0.162774 -0.986663 0
    outer loop
      vertex 6.77056 20.1087 6.96
      vertex 6.90937 20.1316 6.98
      vertex 6.77056 20.1087 6.98
    endloop
  endfacet
  facet normal 0.162774 -0.986663 0
    outer loop
      vertex 6.90937 20.1316 6.98
      vertex 6.77056 20.1087 6.96
      vertex 6.90937 20.1316 6.96
    endloop
  endfacet
  facet normal 0.412329 -0.911035 0
    outer loop
      vertex 6.23908 19.9283 6.96
      vertex 6.36723 19.9863 6.98
      vertex 6.23908 19.9283 6.98
    endloop
  endfacet
  facet normal 0.412329 -0.911035 0
    outer loop
      vertex 6.36723 19.9863 6.98
      vertex 6.23908 19.9283 6.96
      vertex 6.36723 19.9863 6.96
    endloop
  endfacet
  facet normal 0.290007 -0.957024 0
    outer loop
      vertex 6.4989 20.0359 6.96
      vertex 6.63354 20.0767 6.98
      vertex 6.4989 20.0359 6.98
    endloop
  endfacet
  facet normal 0.290007 -0.957024 0
    outer loop
      vertex 6.63354 20.0767 6.98
      vertex 6.4989 20.0359 6.96
      vertex 6.63354 20.0767 6.96
    endloop
  endfacet
  facet normal 0.116016 -0.697686 -0.706947
    outer loop
      vertex 7.066 18.9419 8.18
      vertex 7.00466 18.9317 8.18
      vertex 6.77056 20.1087 6.98
    endloop
  endfacet
  facet normal 0.333392 -0.623773 -0.706935
    outer loop
      vertex 6.76982 18.852 8.18
      vertex 6.715 18.8227 8.18
      vertex 6.115 19.862 6.98
    endloop
  endfacet
  facet normal 0.373268 -0.600756 -0.706939
    outer loop
      vertex 6.715 18.8227 8.18
      vertex 6.66221 18.7899 8.18
      vertex 6.115 19.862 6.98
    endloop
  endfacet
  facet normal -0.623786 -0.333406 -0.706917
    outer loop
      vertex 9.05195 19.075 6.98
      vertex 9.11828 18.9509 6.98
      vertex 8.01272 18.475 8.18
    endloop
  endfacet
  facet normal -0.352494 -0.935814 0
    outer loop
      vertex 7.88109 20.0359 6.96
      vertex 8.01277 19.9863 6.98
      vertex 7.88109 20.0359 6.98
    endloop
  endfacet
  facet normal -0.352494 -0.935814 -0
    outer loop
      vertex 8.01277 19.9863 6.98
      vertex 7.88109 20.0359 6.96
      vertex 8.01277 19.9863 6.96
    endloop
  endfacet
  facet normal -0.373268 -0.600756 -0.706939
    outer loop
      vertex 8.265 19.862 6.98
      vertex 7.71779 18.7899 8.18
      vertex 7.665 18.8227 8.18
    endloop
  endfacet
  facet normal -0.333345 -0.623799 -0.706934
    outer loop
      vertex 8.265 19.862 6.98
      vertex 7.665 18.8227 8.18
      vertex 7.61017 18.852 8.18
    endloop
  endfacet
  facet normal -0.849266 -0.527966 0
    outer loop
      vertex 9.05195 19.075 6.96
      vertex 8.97766 19.1945 6.98
      vertex 8.97766 19.1945 6.96
    endloop
  endfacet
  facet normal -0.849266 -0.527966 0
    outer loop
      vertex 8.97766 19.1945 6.98
      vertex 9.05195 19.075 6.96
      vertex 9.05195 19.075 6.98
    endloop
  endfacet
  facet normal -0.88193 -0.471381 0
    outer loop
      vertex 9.11828 18.9509 6.96
      vertex 9.05195 19.075 6.98
      vertex 9.05195 19.075 6.96
    endloop
  endfacet
  facet normal -0.88193 -0.471381 0
    outer loop
      vertex 9.05195 19.075 6.98
      vertex 9.11828 18.9509 6.96
      vertex 9.11828 18.9509 6.98
    endloop
  endfacet
  facet normal -0.51628 -0.483454 -0.706914
    outer loop
      vertex 8.71028 19.5203 6.98
      vertex 8.80645 19.4176 6.98
      vertex 7.90425 18.6264 8.18
    endloop
  endfacet
  facet normal -0.546826 -0.448618 -0.706911
    outer loop
      vertex 8.80645 19.4176 6.98
      vertex 8.89571 19.3088 6.98
      vertex 7.90425 18.6264 8.18
    endloop
  endfacet
  facet normal -0.812699 0.582683 0
    outer loop
      vertex 8.89571 12.1412 6.96
      vertex 8.97766 12.2555 6.98
      vertex 8.97766 12.2555 6.96
    endloop
  endfacet
  facet normal -0.812699 0.582683 0
    outer loop
      vertex 8.97766 12.2555 6.98
      vertex 8.89571 12.1412 6.96
      vertex 8.89571 12.1412 6.98
    endloop
  endfacet
  facet normal -0.574819 0.41213 -0.706917
    outer loop
      vertex 8.97766 12.2555 6.98
      vertex 8.89571 12.1412 6.98
      vertex 7.94369 12.8717 8.18
    endloop
  endfacet
  facet normal -0.697851 0.115208 -0.706916
    outer loop
      vertex 8.13187 13.326 8.18
      vertex 9.29869 13.0306 6.98
      vertex 8.12175 13.2647 8.18
    endloop
  endfacet
  facet normal -0.48356 0.516182 -0.706913
    outer loop
      vertex 8.71028 11.9297 6.98
      vertex 8.60759 11.8335 6.98
      vertex 7.86175 12.7782 8.18
    endloop
  endfacet
  facet normal -0.449081 0.546401 -0.706946
    outer loop
      vertex 7.81638 12.7358 8.18
      vertex 8.60759 11.8335 6.98
      vertex 7.76832 12.6963 8.18
    endloop
  endfacet
  facet normal -0.373501 0.600617 -0.706935
    outer loop
      vertex 8.38448 11.6623 6.98
      vertex 8.265 11.588 6.98
      vertex 7.665 12.6273 8.18
    endloop
  endfacet
  facet normal -0.373276 0.60077 -0.706923
    outer loop
      vertex 7.71779 12.6601 8.18
      vertex 8.38448 11.6623 6.98
      vertex 7.665 12.6273 8.18
    endloop
  endfacet
  facet normal -0.0693994 0.703892 -0.706909
    outer loop
      vertex 7.314 12.5081 8.18
      vertex 7.47063 11.3184 6.98
      vertex 7.25213 12.502 8.18
    endloop
  endfacet
  facet normal -0.116024 0.697739 -0.706894
    outer loop
      vertex 7.37534 12.5183 8.18
      vertex 7.47063 11.3184 6.98
      vertex 7.314 12.5081 8.18
    endloop
  endfacet
  facet normal -0.292348 0.644075 -0.706895
    outer loop
      vertex 7.61017 12.598 8.18
      vertex 8.01277 11.4637 6.98
      vertex 7.55355 12.5723 8.18
    endloop
  endfacet
  facet normal 0.516353 0.48337 -0.706918
    outer loop
      vertex 6.47575 12.8236 8.18
      vertex 6.51825 12.7782 8.18
      vertex 5.57354 12.0324 6.98
    endloop
  endfacet
  facet normal 0.516257 0.483482 -0.706912
    outer loop
      vertex 6.51825 12.7782 8.18
      vertex 5.66972 11.9297 6.98
      vertex 5.57354 12.0324 6.98
    endloop
  endfacet
  facet normal 0.292305 0.644094 -0.706895
    outer loop
      vertex 6.76982 12.598 8.18
      vertex 6.82645 12.5723 8.18
      vertex 6.36723 11.4637 6.98
    endloop
  endfacet
  facet normal 0.249176 0.661967 -0.706903
    outer loop
      vertex 6.82645 12.5723 8.18
      vertex 6.88463 12.5504 8.18
      vertex 6.36723 11.4637 6.98
    endloop
  endfacet
  facet normal 0.205121 0.6769 -0.706917
    outer loop
      vertex 6.94412 12.5324 8.18
      vertex 6.63354 11.3733 6.98
      vertex 6.4989 11.4141 6.98
    endloop
  endfacet
  facet normal 0.20484 0.676998 -0.706905
    outer loop
      vertex 6.88463 12.5504 8.18
      vertex 6.94412 12.5324 8.18
      vertex 6.4989 11.4141 6.98
    endloop
  endfacet
  facet normal 0.352517 0.935805 -0
    outer loop
      vertex 6.4989 11.4141 6.96
      vertex 6.36723 11.4637 6.98
      vertex 6.4989 11.4141 6.98
    endloop
  endfacet
  facet normal 0.352517 0.935805 0
    outer loop
      vertex 6.36723 11.4637 6.98
      vertex 6.4989 11.4141 6.96
      vertex 6.36723 11.4637 6.96
    endloop
  endfacet
  facet normal 0.471274 0.881987 -0
    outer loop
      vertex 6.23908 11.5217 6.96
      vertex 6.115 11.588 6.98
      vertex 6.23908 11.5217 6.98
    endloop
  endfacet
  facet normal 0.471274 0.881987 0
    outer loop
      vertex 6.115 11.588 6.98
      vertex 6.23908 11.5217 6.96
      vertex 6.115 11.588 6.96
    endloop
  endfacet
  facet normal 0.528081 0.849194 -0
    outer loop
      vertex 6.115 11.588 6.96
      vertex 5.99552 11.6623 6.98
      vertex 6.115 11.588 6.98
    endloop
  endfacet
  facet normal 0.528081 0.849194 0
    outer loop
      vertex 5.99552 11.6623 6.98
      vertex 6.115 11.588 6.96
      vertex 5.99552 11.6623 6.96
    endloop
  endfacet
  facet normal 0.644209 -0.291981 -0.706924
    outer loop
      vertex 5.26172 18.9509 6.98
      vertex 6.31231 18.3635 8.18
      vertex 5.20366 18.8228 6.98
    endloop
  endfacet
  facet normal 0.661867 -0.249368 -0.706928
    outer loop
      vertex 6.31231 18.3635 8.18
      vertex 6.29042 18.3054 8.18
      vertex 5.20366 18.8228 6.98
    endloop
  endfacet
  facet normal 0.676836 -0.205326 -0.706918
    outer loop
      vertex 6.29042 18.3054 8.18
      vertex 6.27237 18.2459 8.18
      vertex 5.11326 18.5565 6.98
    endloop
  endfacet
  facet normal 0.688845 -0.160503 -0.706916
    outer loop
      vertex 6.27237 18.2459 8.18
      vertex 6.25825 18.1853 8.18
      vertex 5.11326 18.5565 6.98
    endloop
  endfacet
  facet normal -0.022757 -0.706945 -0.706902
    outer loop
      vertex 7.33062 20.1454 6.98
      vertex 7.25213 18.948 8.18
      vertex 7.19 18.95 8.18
    endloop
  endfacet
  facet normal 0.0326948 -0.999465 0
    outer loop
      vertex 7.04938 20.1454 6.96
      vertex 7.19 20.15 6.98
      vertex 7.04938 20.1454 6.98
    endloop
  endfacet
  facet normal 0.0326948 -0.999465 0
    outer loop
      vertex 7.19 20.15 6.98
      vertex 7.04938 20.1454 6.96
      vertex 7.19 20.15 6.96
    endloop
  endfacet
  facet normal -0.0326948 -0.999465 0
    outer loop
      vertex 7.19 20.15 6.96
      vertex 7.33062 20.1454 6.98
      vertex 7.19 20.15 6.98
    endloop
  endfacet
  facet normal -0.0326948 -0.999465 -0
    outer loop
      vertex 7.33062 20.1454 6.98
      vertex 7.19 20.15 6.96
      vertex 7.33062 20.1454 6.96
    endloop
  endfacet
  facet normal 0.11513 -0.697872 -0.706909
    outer loop
      vertex 6.90937 20.1316 6.98
      vertex 7.066 18.9419 8.18
      vertex 6.77056 20.1087 6.98
    endloop
  endfacet
  facet normal 0.0693789 -0.703894 -0.706908
    outer loop
      vertex 7.04938 20.1454 6.98
      vertex 7.066 18.9419 8.18
      vertex 6.90937 20.1316 6.98
    endloop
  endfacet
  facet normal 0.352517 -0.935805 0
    outer loop
      vertex 6.36723 19.9863 6.96
      vertex 6.4989 20.0359 6.98
      vertex 6.36723 19.9863 6.98
    endloop
  endfacet
  facet normal 0.352517 -0.935805 0
    outer loop
      vertex 6.4989 20.0359 6.98
      vertex 6.36723 19.9863 6.96
      vertex 6.4989 20.0359 6.96
    endloop
  endfacet
  facet normal 0.205121 -0.6769 -0.706917
    outer loop
      vertex 6.63354 20.0767 6.98
      vertex 6.94412 18.9176 8.18
      vertex 6.4989 20.0359 6.98
    endloop
  endfacet
  facet normal -0.600705 -0.373393 -0.706917
    outer loop
      vertex 8.97766 19.1945 6.98
      vertex 8.01272 18.475 8.18
      vertex 7.9799 18.5278 8.18
    endloop
  endfacet
  facet normal -0.482912 0.516739 -0.706949
    outer loop
      vertex 7.86175 12.7782 8.18
      vertex 8.60759 11.8335 6.98
      vertex 7.81638 12.7358 8.18
    endloop
  endfacet
  facet normal 0.773284 0.63406 0
    outer loop
      vertex 6.47575 12.8236 8.96
      vertex 6.43631 12.8717 8.18
      vertex 6.43631 12.8717 8.96
    endloop
  endfacet
  facet normal 0.773284 0.63406 0
    outer loop
      vertex 6.43631 12.8717 8.18
      vertex 6.47575 12.8236 8.96
      vertex 6.47575 12.8236 8.18
    endloop
  endfacet
  facet normal 0.226833 0.973934 -0
    outer loop
      vertex 7.00466 12.5183 8.18
      vertex 6.94412 12.5324 8.96
      vertex 7.00466 12.5183 8.96
    endloop
  endfacet
  facet normal 0.226833 0.973934 0
    outer loop
      vertex 6.94412 12.5324 8.96
      vertex 7.00466 12.5183 8.18
      vertex 6.94412 12.5324 8.18
    endloop
  endfacet
  facet normal 0.527755 -0.849396 0
    outer loop
      vertex 6.66221 18.7899 8.18
      vertex 6.715 18.8227 8.96
      vertex 6.66221 18.7899 8.96
    endloop
  endfacet
  facet normal 0.527755 -0.849396 0
    outer loop
      vertex 6.715 18.8227 8.96
      vertex 6.66221 18.7899 8.18
      vertex 6.715 18.8227 8.18
    endloop
  endfacet
  facet normal 0.999466 -0.0326718 0
    outer loop
      vertex 6.24 18 8.96
      vertex 6.24203 18.0621 8.18
      vertex 6.24203 18.0621 8.96
    endloop
  endfacet
  facet normal 0.999466 -0.0326718 0
    outer loop
      vertex 6.24203 18.0621 8.18
      vertex 6.24 18 8.96
      vertex 6.24 18 8.18
    endloop
  endfacet
  facet normal -0.973912 0.226925 0
    outer loop
      vertex 8.10763 13.2041 8.18
      vertex 8.12175 13.2647 8.96
      vertex 8.12175 13.2647 8.18
    endloop
  endfacet
  facet normal -0.973912 0.226925 0
    outer loop
      vertex 8.12175 13.2647 8.96
      vertex 8.10763 13.2041 8.18
      vertex 8.10763 13.2041 8.96
    endloop
  endfacet
  facet normal -0.986645 0.162885 0
    outer loop
      vertex 8.12175 13.2647 8.18
      vertex 8.13187 13.326 8.96
      vertex 8.13187 13.326 8.18
    endloop
  endfacet
  facet normal -0.986645 0.162885 0
    outer loop
      vertex 8.13187 13.326 8.96
      vertex 8.12175 13.2647 8.18
      vertex 8.12175 13.2647 8.96
    endloop
  endfacet
  facet normal 0.986645 0.162885 0
    outer loop
      vertex 6.25825 13.2647 8.96
      vertex 6.24813 13.326 8.18
      vertex 6.24813 13.326 8.96
    endloop
  endfacet
  facet normal 0.986645 0.162885 0
    outer loop
      vertex 6.24813 13.326 8.18
      vertex 6.25825 13.2647 8.96
      vertex 6.25825 13.2647 8.18
    endloop
  endfacet
  facet normal 0.999466 0.0326718 0
    outer loop
      vertex 6.24203 13.3879 8.96
      vertex 6.24 13.45 8.18
      vertex 6.24 13.45 8.96
    endloop
  endfacet
  facet normal 0.999466 0.0326718 0
    outer loop
      vertex 6.24 13.45 8.18
      vertex 6.24203 13.3879 8.96
      vertex 6.24203 13.3879 8.18
    endloop
  endfacet
  facet normal -0.999466 0.0326718 0
    outer loop
      vertex 8.13797 13.3879 8.18
      vertex 8.14 13.45 8.96
      vertex 8.14 13.45 8.18
    endloop
  endfacet
  facet normal -0.999466 0.0326718 0
    outer loop
      vertex 8.14 13.45 8.96
      vertex 8.13797 13.3879 8.18
      vertex 8.13797 13.3879 8.96
    endloop
  endfacet
  facet normal -0.995179 0.098071 0
    outer loop
      vertex 8.13187 13.326 8.18
      vertex 8.13797 13.3879 8.96
      vertex 8.13797 13.3879 8.18
    endloop
  endfacet
  facet normal -0.995179 0.098071 0
    outer loop
      vertex 8.13797 13.3879 8.96
      vertex 8.13187 13.326 8.18
      vertex 8.13187 13.326 8.96
    endloop
  endfacet
  facet normal -1 0 0
    outer loop
      vertex 8.14 13.45 8.18
      vertex 8.14 18 8.96
      vertex 8.14 18 8.18
    endloop
  endfacet
  facet normal -1 -0 0
    outer loop
      vertex 8.14 18 8.96
      vertex 8.14 13.45 8.18
      vertex 8.14 13.45 8.96
    endloop
  endfacet
  facet normal -0.812677 0.582714 0
    outer loop
      vertex 7.94369 12.8717 8.18
      vertex 7.9799 12.9222 8.96
      vertex 7.9799 12.9222 8.18
    endloop
  endfacet
  facet normal -0.812677 0.582714 0
    outer loop
      vertex 7.9799 12.9222 8.96
      vertex 7.94369 12.8717 8.18
      vertex 7.94369 12.8717 8.96
    endloop
  endfacet
  facet normal 0.682789 0.730616 -0
    outer loop
      vertex 6.56362 12.7358 8.18
      vertex 6.51825 12.7782 8.96
      vertex 6.56362 12.7358 8.96
    endloop
  endfacet
  facet normal 0.682789 0.730616 0
    outer loop
      vertex 6.51825 12.7782 8.96
      vertex 6.56362 12.7358 8.18
      vertex 6.51825 12.7782 8.18
    endloop
  endfacet
  facet normal 0.995179 0.098071 0
    outer loop
      vertex 6.24813 13.326 8.96
      vertex 6.24203 13.3879 8.18
      vertex 6.24203 13.3879 8.96
    endloop
  endfacet
  facet normal 0.995179 0.098071 0
    outer loop
      vertex 6.24203 13.3879 8.18
      vertex 6.24813 13.326 8.96
      vertex 6.24813 13.326 8.18
    endloop
  endfacet
  facet normal 0.730038 0.683406 0
    outer loop
      vertex 6.51825 12.7782 8.96
      vertex 6.47575 12.8236 8.18
      vertex 6.47575 12.8236 8.96
    endloop
  endfacet
  facet normal 0.730038 0.683406 0
    outer loop
      vertex 6.47575 12.8236 8.18
      vertex 6.51825 12.7782 8.96
      vertex 6.51825 12.7782 8.18
    endloop
  endfacet
  facet normal 0.881796 0.471632 0
    outer loop
      vertex 6.36728 12.975 8.96
      vertex 6.33797 13.0298 8.18
      vertex 6.33797 13.0298 8.96
    endloop
  endfacet
  facet normal 0.881796 0.471632 0
    outer loop
      vertex 6.33797 13.0298 8.18
      vertex 6.36728 12.975 8.96
      vertex 6.36728 12.975 8.18
    endloop
  endfacet
  facet normal 0.911048 0.412301 0
    outer loop
      vertex 6.33797 13.0298 8.96
      vertex 6.31231 13.0865 8.18
      vertex 6.31231 13.0865 8.96
    endloop
  endfacet
  facet normal 0.911048 0.412301 0
    outer loop
      vertex 6.31231 13.0865 8.18
      vertex 6.33797 13.0298 8.96
      vertex 6.33797 13.0298 8.18
    endloop
  endfacet
  facet normal 1 -0 0
    outer loop
      vertex 6.24 13.45 8.96
      vertex 6.24 18 8.18
      vertex 6.24 18 8.96
    endloop
  endfacet
  facet normal 1 0 0
    outer loop
      vertex 6.24 18 8.18
      vertex 6.24 13.45 8.96
      vertex 6.24 13.45 8.18
    endloop
  endfacet
  facet normal 0.634952 0.772552 -0
    outer loop
      vertex 6.61168 12.6963 8.18
      vertex 6.56362 12.7358 8.96
      vertex 6.61168 12.6963 8.96
    endloop
  endfacet
  facet normal 0.634952 0.772552 0
    outer loop
      vertex 6.56362 12.7358 8.96
      vertex 6.61168 12.6963 8.18
      vertex 6.56362 12.7358 8.18
    endloop
  endfacet
  facet normal 0.471373 0.881934 -0
    outer loop
      vertex 6.76982 12.598 8.18
      vertex 6.715 12.6273 8.96
      vertex 6.76982 12.598 8.96
    endloop
  endfacet
  facet normal 0.471373 0.881934 0
    outer loop
      vertex 6.715 12.6273 8.96
      vertex 6.76982 12.598 8.18
      vertex 6.715 12.6273 8.18
    endloop
  endfacet
  facet normal 0.849297 0.527915 0
    outer loop
      vertex 6.4001 12.9222 8.96
      vertex 6.36728 12.975 8.18
      vertex 6.36728 12.975 8.96
    endloop
  endfacet
  facet normal 0.849297 0.527915 0
    outer loop
      vertex 6.36728 12.975 8.18
      vertex 6.4001 12.9222 8.96
      vertex 6.4001 12.9222 8.18
    endloop
  endfacet
  facet normal 0.935785 0.35257 0
    outer loop
      vertex 6.31231 13.0865 8.96
      vertex 6.29042 13.1446 8.18
      vertex 6.29042 13.1446 8.96
    endloop
  endfacet
  facet normal 0.935785 0.35257 0
    outer loop
      vertex 6.29042 13.1446 8.18
      vertex 6.31231 13.0865 8.96
      vertex 6.31231 13.0865 8.18
    endloop
  endfacet
  facet normal -0.773284 -0.63406 0
    outer loop
      vertex 7.94369 18.5783 8.18
      vertex 7.90425 18.6264 8.96
      vertex 7.90425 18.6264 8.18
    endloop
  endfacet
  facet normal -0.773284 -0.63406 0
    outer loop
      vertex 7.90425 18.6264 8.96
      vertex 7.94369 18.5783 8.18
      vertex 7.94369 18.5783 8.96
    endloop
  endfacet
  facet normal 0.995179 -0.098071 0
    outer loop
      vertex 6.24203 18.0621 8.96
      vertex 6.24813 18.124 8.18
      vertex 6.24813 18.124 8.96
    endloop
  endfacet
  facet normal 0.995179 -0.098071 0
    outer loop
      vertex 6.24813 18.124 8.18
      vertex 6.24203 18.0621 8.96
      vertex 6.24203 18.0621 8.18
    endloop
  endfacet
  facet normal -0.956936 0.290298 0
    outer loop
      vertex 8.08958 13.1446 8.18
      vertex 8.10763 13.2041 8.96
      vertex 8.10763 13.2041 8.18
    endloop
  endfacet
  facet normal -0.956936 0.290298 0
    outer loop
      vertex 8.10763 13.2041 8.96
      vertex 8.08958 13.1446 8.18
      vertex 8.08958 13.1446 8.96
    endloop
  endfacet
  facet normal -0.471306 0.88197 0
    outer loop
      vertex 7.665 12.6273 8.18
      vertex 7.61017 12.598 8.96
      vertex 7.665 12.6273 8.96
    endloop
  endfacet
  facet normal -0.471306 0.88197 0
    outer loop
      vertex 7.61017 12.598 8.96
      vertex 7.665 12.6273 8.18
      vertex 7.61017 12.598 8.18
    endloop
  endfacet
  facet normal -0.164034 0.986455 0
    outer loop
      vertex 7.37534 12.5183 8.18
      vertex 7.314 12.5081 8.96
      vertex 7.37534 12.5183 8.96
    endloop
  endfacet
  facet normal -0.164034 0.986455 0
    outer loop
      vertex 7.314 12.5081 8.96
      vertex 7.37534 12.5183 8.18
      vertex 7.314 12.5081 8.18
    endloop
  endfacet
  facet normal 0.0981181 0.995175 -0
    outer loop
      vertex 7.12787 12.502 8.18
      vertex 7.066 12.5081 8.96
      vertex 7.12787 12.502 8.96
    endloop
  endfacet
  facet normal 0.0981181 0.995175 0
    outer loop
      vertex 7.066 12.5081 8.96
      vertex 7.12787 12.502 8.18
      vertex 7.066 12.5081 8.18
    endloop
  endfacet
  facet normal 0.0321739 0.999482 -0
    outer loop
      vertex 7.19 12.5 8.18
      vertex 7.12787 12.502 8.96
      vertex 7.19 12.5 8.96
    endloop
  endfacet
  facet normal 0.0321739 0.999482 0
    outer loop
      vertex 7.12787 12.502 8.96
      vertex 7.19 12.5 8.18
      vertex 7.12787 12.502 8.18
    endloop
  endfacet
  facet normal 0.413258 0.910614 -0
    outer loop
      vertex 6.82645 12.5723 8.18
      vertex 6.76982 12.598 8.96
      vertex 6.82645 12.5723 8.96
    endloop
  endfacet
  facet normal 0.413258 0.910614 0
    outer loop
      vertex 6.76982 12.598 8.96
      vertex 6.82645 12.5723 8.18
      vertex 6.76982 12.598 8.18
    endloop
  endfacet
  facet normal 0.812677 0.582714 0
    outer loop
      vertex 6.43631 12.8717 8.96
      vertex 6.4001 12.9222 8.18
      vertex 6.4001 12.9222 8.96
    endloop
  endfacet
  facet normal 0.812677 0.582714 0
    outer loop
      vertex 6.4001 12.9222 8.18
      vertex 6.43631 12.8717 8.96
      vertex 6.43631 12.8717 8.18
    endloop
  endfacet
  facet normal 0.973912 0.226925 0
    outer loop
      vertex 6.27237 13.2041 8.96
      vertex 6.25825 13.2647 8.18
      vertex 6.25825 13.2647 8.96
    endloop
  endfacet
  facet normal 0.973912 0.226925 0
    outer loop
      vertex 6.25825 13.2647 8.18
      vertex 6.27237 13.2041 8.96
      vertex 6.27237 13.2041 8.18
    endloop
  endfacet
  facet normal -0.164034 -0.986455 0
    outer loop
      vertex 7.314 18.9419 8.18
      vertex 7.37534 18.9317 8.96
      vertex 7.314 18.9419 8.96
    endloop
  endfacet
  facet normal -0.164034 -0.986455 -0
    outer loop
      vertex 7.37534 18.9317 8.96
      vertex 7.314 18.9419 8.18
      vertex 7.37534 18.9317 8.18
    endloop
  endfacet
  facet normal -0.911048 -0.412301 0
    outer loop
      vertex 8.06769 18.3635 8.18
      vertex 8.04203 18.4202 8.96
      vertex 8.04203 18.4202 8.18
    endloop
  endfacet
  facet normal -0.911048 -0.412301 0
    outer loop
      vertex 8.04203 18.4202 8.96
      vertex 8.06769 18.3635 8.18
      vertex 8.06769 18.3635 8.96
    endloop
  endfacet
  facet normal -0.973912 -0.226925 0
    outer loop
      vertex 8.12175 18.1853 8.18
      vertex 8.10763 18.2459 8.96
      vertex 8.10763 18.2459 8.18
    endloop
  endfacet
  facet normal -0.973912 -0.226925 0
    outer loop
      vertex 8.10763 18.2459 8.96
      vertex 8.12175 18.1853 8.18
      vertex 8.12175 18.1853 8.96
    endloop
  endfacet
  facet normal 0.973912 -0.226925 0
    outer loop
      vertex 6.25825 18.1853 8.96
      vertex 6.27237 18.2459 8.18
      vertex 6.27237 18.2459 8.96
    endloop
  endfacet
  facet normal 0.973912 -0.226925 0
    outer loop
      vertex 6.27237 18.2459 8.18
      vertex 6.25825 18.1853 8.96
      vertex 6.25825 18.1853 8.18
    endloop
  endfacet
  facet normal 0.986645 -0.162885 0
    outer loop
      vertex 6.24813 18.124 8.96
      vertex 6.25825 18.1853 8.18
      vertex 6.25825 18.1853 8.96
    endloop
  endfacet
  facet normal 0.986645 -0.162885 0
    outer loop
      vertex 6.25825 18.1853 8.18
      vertex 6.24813 18.124 8.96
      vertex 6.24813 18.124 8.18
    endloop
  endfacet
  facet normal 0.682789 -0.730616 0
    outer loop
      vertex 6.51825 18.6718 8.18
      vertex 6.56362 18.7142 8.96
      vertex 6.51825 18.6718 8.96
    endloop
  endfacet
  facet normal 0.682789 -0.730616 0
    outer loop
      vertex 6.56362 18.7142 8.96
      vertex 6.51825 18.6718 8.18
      vertex 6.56362 18.7142 8.18
    endloop
  endfacet
  facet normal -0.935785 0.35257 0
    outer loop
      vertex 8.06769 13.0865 8.18
      vertex 8.08958 13.1446 8.96
      vertex 8.08958 13.1446 8.18
    endloop
  endfacet
  facet normal -0.935785 0.35257 0
    outer loop
      vertex 8.08958 13.1446 8.96
      vertex 8.06769 13.0865 8.18
      vertex 8.06769 13.0865 8.96
    endloop
  endfacet
  facet normal -0.881796 0.471632 0
    outer loop
      vertex 8.01272 12.975 8.18
      vertex 8.04203 13.0298 8.96
      vertex 8.04203 13.0298 8.18
    endloop
  endfacet
  facet normal -0.881796 0.471632 0
    outer loop
      vertex 8.04203 13.0298 8.96
      vertex 8.01272 12.975 8.18
      vertex 8.01272 12.975 8.96
    endloop
  endfacet
  facet normal -0.413318 0.910587 0
    outer loop
      vertex 7.61017 12.598 8.18
      vertex 7.55355 12.5723 8.96
      vertex 7.61017 12.598 8.96
    endloop
  endfacet
  facet normal -0.413318 0.910587 0
    outer loop
      vertex 7.55355 12.5723 8.96
      vertex 7.61017 12.598 8.18
      vertex 7.55355 12.5723 8.18
    endloop
  endfacet
  facet normal -0.527755 0.849396 0
    outer loop
      vertex 7.71779 12.6601 8.18
      vertex 7.665 12.6273 8.96
      vertex 7.71779 12.6601 8.96
    endloop
  endfacet
  facet normal -0.527755 0.849396 0
    outer loop
      vertex 7.665 12.6273 8.96
      vertex 7.71779 12.6601 8.18
      vertex 7.665 12.6273 8.18
    endloop
  endfacet
  facet normal 0.164034 0.986455 -0
    outer loop
      vertex 7.066 12.5081 8.18
      vertex 7.00466 12.5183 8.96
      vertex 7.066 12.5081 8.96
    endloop
  endfacet
  facet normal 0.164034 0.986455 0
    outer loop
      vertex 7.00466 12.5183 8.96
      vertex 7.066 12.5081 8.18
      vertex 7.00466 12.5183 8.18
    endloop
  endfacet
  facet normal 0.527755 0.849396 -0
    outer loop
      vertex 6.715 12.6273 8.18
      vertex 6.66221 12.6601 8.96
      vertex 6.715 12.6273 8.96
    endloop
  endfacet
  facet normal 0.527755 0.849396 0
    outer loop
      vertex 6.66221 12.6601 8.96
      vertex 6.715 12.6273 8.18
      vertex 6.66221 12.6601 8.18
    endloop
  endfacet
  facet normal 0.582379 0.812917 -0
    outer loop
      vertex 6.66221 12.6601 8.18
      vertex 6.61168 12.6963 8.96
      vertex 6.66221 12.6601 8.96
    endloop
  endfacet
  facet normal 0.582379 0.812917 0
    outer loop
      vertex 6.61168 12.6963 8.96
      vertex 6.66221 12.6601 8.18
      vertex 6.61168 12.6963 8.18
    endloop
  endfacet
  facet normal 0.289605 0.957146 -0
    outer loop
      vertex 6.94412 12.5324 8.18
      vertex 6.88463 12.5504 8.96
      vertex 6.94412 12.5324 8.96
    endloop
  endfacet
  facet normal 0.289605 0.957146 0
    outer loop
      vertex 6.88463 12.5504 8.96
      vertex 6.94412 12.5324 8.18
      vertex 6.88463 12.5504 8.18
    endloop
  endfacet
  facet normal 0.352287 0.935892 -0
    outer loop
      vertex 6.88463 12.5504 8.18
      vertex 6.82645 12.5723 8.96
      vertex 6.88463 12.5504 8.96
    endloop
  endfacet
  facet normal 0.352287 0.935892 0
    outer loop
      vertex 6.82645 12.5723 8.96
      vertex 6.88463 12.5504 8.18
      vertex 6.82645 12.5723 8.18
    endloop
  endfacet
  facet normal 0.956936 0.290298 0
    outer loop
      vertex 6.29042 13.1446 8.96
      vertex 6.27237 13.2041 8.18
      vertex 6.27237 13.2041 8.96
    endloop
  endfacet
  facet normal 0.956936 0.290298 0
    outer loop
      vertex 6.27237 13.2041 8.18
      vertex 6.29042 13.1446 8.96
      vertex 6.29042 13.1446 8.18
    endloop
  endfacet
  facet normal 0.413258 -0.910614 0
    outer loop
      vertex 6.76982 18.852 8.18
      vertex 6.82645 18.8777 8.96
      vertex 6.76982 18.852 8.96
    endloop
  endfacet
  facet normal 0.413258 -0.910614 0
    outer loop
      vertex 6.82645 18.8777 8.96
      vertex 6.76982 18.852 8.18
      vertex 6.82645 18.8777 8.18
    endloop
  endfacet
  facet normal 0.352287 -0.935892 0
    outer loop
      vertex 6.82645 18.8777 8.18
      vertex 6.88463 18.8996 8.96
      vertex 6.82645 18.8777 8.96
    endloop
  endfacet
  facet normal 0.352287 -0.935892 0
    outer loop
      vertex 6.88463 18.8996 8.96
      vertex 6.82645 18.8777 8.18
      vertex 6.88463 18.8996 8.18
    endloop
  endfacet
  facet normal 0.0321739 -0.999482 0
    outer loop
      vertex 7.12787 18.948 8.18
      vertex 7.19 18.95 8.96
      vertex 7.12787 18.948 8.96
    endloop
  endfacet
  facet normal 0.0321739 -0.999482 0
    outer loop
      vertex 7.19 18.95 8.96
      vertex 7.12787 18.948 8.18
      vertex 7.19 18.95 8.18
    endloop
  endfacet
  facet normal -0.527755 -0.849396 0
    outer loop
      vertex 7.665 18.8227 8.18
      vertex 7.71779 18.7899 8.96
      vertex 7.665 18.8227 8.96
    endloop
  endfacet
  facet normal -0.527755 -0.849396 -0
    outer loop
      vertex 7.71779 18.7899 8.96
      vertex 7.665 18.8227 8.18
      vertex 7.71779 18.7899 8.18
    endloop
  endfacet
  facet normal -0.682789 -0.730616 0
    outer loop
      vertex 7.81638 18.7142 8.18
      vertex 7.86175 18.6718 8.96
      vertex 7.81638 18.7142 8.96
    endloop
  endfacet
  facet normal -0.682789 -0.730616 -0
    outer loop
      vertex 7.86175 18.6718 8.96
      vertex 7.81638 18.7142 8.18
      vertex 7.86175 18.6718 8.18
    endloop
  endfacet
  facet normal -0.812677 -0.582714 0
    outer loop
      vertex 7.9799 18.5278 8.18
      vertex 7.94369 18.5783 8.96
      vertex 7.94369 18.5783 8.18
    endloop
  endfacet
  facet normal -0.812677 -0.582714 0
    outer loop
      vertex 7.94369 18.5783 8.96
      vertex 7.9799 18.5278 8.18
      vertex 7.9799 18.5278 8.96
    endloop
  endfacet
  facet normal -0.995179 -0.098071 0
    outer loop
      vertex 8.13797 18.0621 8.18
      vertex 8.13187 18.124 8.96
      vertex 8.13187 18.124 8.18
    endloop
  endfacet
  facet normal -0.995179 -0.098071 0
    outer loop
      vertex 8.13187 18.124 8.96
      vertex 8.13797 18.0621 8.18
      vertex 8.13797 18.0621 8.96
    endloop
  endfacet
  facet normal -0.999466 -0.0326718 0
    outer loop
      vertex 8.14 18 8.18
      vertex 8.13797 18.0621 8.96
      vertex 8.13797 18.0621 8.18
    endloop
  endfacet
  facet normal -0.999466 -0.0326718 0
    outer loop
      vertex 8.13797 18.0621 8.96
      vertex 8.14 18 8.18
      vertex 8.14 18 8.96
    endloop
  endfacet
  facet normal -0.986645 -0.162885 0
    outer loop
      vertex 8.13187 18.124 8.18
      vertex 8.12175 18.1853 8.96
      vertex 8.12175 18.1853 8.18
    endloop
  endfacet
  facet normal -0.986645 -0.162885 0
    outer loop
      vertex 8.12175 18.1853 8.96
      vertex 8.13187 18.124 8.18
      vertex 8.13187 18.124 8.96
    endloop
  endfacet
  facet normal 0.935785 -0.35257 0
    outer loop
      vertex 6.29042 18.3054 8.96
      vertex 6.31231 18.3635 8.18
      vertex 6.31231 18.3635 8.96
    endloop
  endfacet
  facet normal 0.935785 -0.35257 0
    outer loop
      vertex 6.31231 18.3635 8.18
      vertex 6.29042 18.3054 8.96
      vertex 6.29042 18.3054 8.18
    endloop
  endfacet
  facet normal 0.956936 -0.290298 0
    outer loop
      vertex 6.27237 18.2459 8.96
      vertex 6.29042 18.3054 8.18
      vertex 6.29042 18.3054 8.96
    endloop
  endfacet
  facet normal 0.956936 -0.290298 0
    outer loop
      vertex 6.29042 18.3054 8.18
      vertex 6.27237 18.2459 8.96
      vertex 6.27237 18.2459 8.18
    endloop
  endfacet
  facet normal 0.730038 -0.683406 0
    outer loop
      vertex 6.47575 18.6264 8.96
      vertex 6.51825 18.6718 8.18
      vertex 6.51825 18.6718 8.96
    endloop
  endfacet
  facet normal 0.730038 -0.683406 0
    outer loop
      vertex 6.51825 18.6718 8.18
      vertex 6.47575 18.6264 8.96
      vertex 6.47575 18.6264 8.18
    endloop
  endfacet
  facet normal 0.849297 -0.527915 0
    outer loop
      vertex 6.36728 18.475 8.96
      vertex 6.4001 18.5278 8.18
      vertex 6.4001 18.5278 8.96
    endloop
  endfacet
  facet normal 0.849297 -0.527915 0
    outer loop
      vertex 6.4001 18.5278 8.18
      vertex 6.36728 18.475 8.96
      vertex 6.36728 18.475 8.18
    endloop
  endfacet
  facet normal -0.352287 0.935892 0
    outer loop
      vertex 7.55355 12.5723 8.18
      vertex 7.49537 12.5504 8.96
      vertex 7.55355 12.5723 8.96
    endloop
  endfacet
  facet normal -0.352287 0.935892 0
    outer loop
      vertex 7.49537 12.5504 8.96
      vertex 7.55355 12.5723 8.18
      vertex 7.49537 12.5504 8.18
    endloop
  endfacet
  facet normal -0.289605 0.957146 0
    outer loop
      vertex 7.49537 12.5504 8.18
      vertex 7.43588 12.5324 8.96
      vertex 7.49537 12.5504 8.96
    endloop
  endfacet
  facet normal -0.289605 0.957146 0
    outer loop
      vertex 7.43588 12.5324 8.96
      vertex 7.49537 12.5504 8.18
      vertex 7.43588 12.5324 8.18
    endloop
  endfacet
  facet normal -0.582379 0.812917 0
    outer loop
      vertex 7.76832 12.6963 8.18
      vertex 7.71779 12.6601 8.96
      vertex 7.76832 12.6963 8.96
    endloop
  endfacet
  facet normal -0.582379 0.812917 0
    outer loop
      vertex 7.71779 12.6601 8.96
      vertex 7.76832 12.6963 8.18
      vertex 7.71779 12.6601 8.18
    endloop
  endfacet
  facet normal -0.682789 0.730616 0
    outer loop
      vertex 7.86175 12.7782 8.18
      vertex 7.81638 12.7358 8.96
      vertex 7.86175 12.7782 8.96
    endloop
  endfacet
  facet normal -0.682789 0.730616 0
    outer loop
      vertex 7.81638 12.7358 8.96
      vertex 7.86175 12.7782 8.18
      vertex 7.81638 12.7358 8.18
    endloop
  endfacet
  facet normal -0.773284 0.63406 0
    outer loop
      vertex 7.90425 12.8236 8.18
      vertex 7.94369 12.8717 8.96
      vertex 7.94369 12.8717 8.18
    endloop
  endfacet
  facet normal -0.773284 0.63406 0
    outer loop
      vertex 7.94369 12.8717 8.96
      vertex 7.90425 12.8236 8.18
      vertex 7.90425 12.8236 8.96
    endloop
  endfacet
  facet normal -0.730038 0.683406 0
    outer loop
      vertex 7.86175 12.7782 8.18
      vertex 7.90425 12.8236 8.96
      vertex 7.90425 12.8236 8.18
    endloop
  endfacet
  facet normal -0.730038 0.683406 0
    outer loop
      vertex 7.90425 12.8236 8.96
      vertex 7.86175 12.7782 8.18
      vertex 7.86175 12.7782 8.96
    endloop
  endfacet
  facet normal -0.0321739 0.999482 0
    outer loop
      vertex 7.25213 12.502 8.18
      vertex 7.19 12.5 8.96
      vertex 7.25213 12.502 8.96
    endloop
  endfacet
  facet normal -0.0321739 0.999482 0
    outer loop
      vertex 7.19 12.5 8.96
      vertex 7.25213 12.502 8.18
      vertex 7.19 12.5 8.18
    endloop
  endfacet
  facet normal -0.0981181 0.995175 0
    outer loop
      vertex 7.314 12.5081 8.18
      vertex 7.25213 12.502 8.96
      vertex 7.314 12.5081 8.96
    endloop
  endfacet
  facet normal -0.0981181 0.995175 0
    outer loop
      vertex 7.25213 12.502 8.96
      vertex 7.314 12.5081 8.18
      vertex 7.25213 12.502 8.18
    endloop
  endfacet
  facet normal -0.226833 0.973934 0
    outer loop
      vertex 7.43588 12.5324 8.18
      vertex 7.37534 12.5183 8.96
      vertex 7.43588 12.5324 8.96
    endloop
  endfacet
  facet normal -0.226833 0.973934 0
    outer loop
      vertex 7.37534 12.5183 8.96
      vertex 7.43588 12.5324 8.18
      vertex 7.37534 12.5183 8.18
    endloop
  endfacet
  facet normal -0.849297 0.527915 0
    outer loop
      vertex 7.9799 12.9222 8.18
      vertex 8.01272 12.975 8.96
      vertex 8.01272 12.975 8.18
    endloop
  endfacet
  facet normal -0.849297 0.527915 0
    outer loop
      vertex 8.01272 12.975 8.96
      vertex 7.9799 12.9222 8.18
      vertex 7.9799 12.9222 8.96
    endloop
  endfacet
  facet normal 0.471373 -0.881934 0
    outer loop
      vertex 6.715 18.8227 8.18
      vertex 6.76982 18.852 8.96
      vertex 6.715 18.8227 8.96
    endloop
  endfacet
  facet normal 0.471373 -0.881934 0
    outer loop
      vertex 6.76982 18.852 8.96
      vertex 6.715 18.8227 8.18
      vertex 6.76982 18.852 8.18
    endloop
  endfacet
  facet normal 0.289605 -0.957146 0
    outer loop
      vertex 6.88463 18.8996 8.18
      vertex 6.94412 18.9176 8.96
      vertex 6.88463 18.8996 8.96
    endloop
  endfacet
  facet normal 0.289605 -0.957146 0
    outer loop
      vertex 6.94412 18.9176 8.96
      vertex 6.88463 18.8996 8.18
      vertex 6.94412 18.9176 8.18
    endloop
  endfacet
  facet normal -0.413318 -0.910587 0
    outer loop
      vertex 7.55355 18.8777 8.18
      vertex 7.61017 18.852 8.96
      vertex 7.55355 18.8777 8.96
    endloop
  endfacet
  facet normal -0.413318 -0.910587 -0
    outer loop
      vertex 7.61017 18.852 8.96
      vertex 7.55355 18.8777 8.18
      vertex 7.61017 18.852 8.18
    endloop
  endfacet
  facet normal 0.0981181 -0.995175 0
    outer loop
      vertex 7.066 18.9419 8.18
      vertex 7.12787 18.948 8.96
      vertex 7.066 18.9419 8.96
    endloop
  endfacet
  facet normal 0.0981181 -0.995175 0
    outer loop
      vertex 7.12787 18.948 8.96
      vertex 7.066 18.9419 8.18
      vertex 7.12787 18.948 8.18
    endloop
  endfacet
  facet normal -0.471306 -0.88197 0
    outer loop
      vertex 7.61017 18.852 8.18
      vertex 7.665 18.8227 8.96
      vertex 7.61017 18.852 8.96
    endloop
  endfacet
  facet normal -0.471306 -0.88197 -0
    outer loop
      vertex 7.665 18.8227 8.96
      vertex 7.61017 18.852 8.18
      vertex 7.665 18.8227 8.18
    endloop
  endfacet
  facet normal -0.730038 -0.683406 0
    outer loop
      vertex 7.90425 18.6264 8.18
      vertex 7.86175 18.6718 8.96
      vertex 7.86175 18.6718 8.18
    endloop
  endfacet
  facet normal -0.730038 -0.683406 0
    outer loop
      vertex 7.86175 18.6718 8.96
      vertex 7.90425 18.6264 8.18
      vertex 7.90425 18.6264 8.96
    endloop
  endfacet
  facet normal -0.881796 -0.471632 0
    outer loop
      vertex 8.04203 18.4202 8.18
      vertex 8.01272 18.475 8.96
      vertex 8.01272 18.475 8.18
    endloop
  endfacet
  facet normal -0.881796 -0.471632 0
    outer loop
      vertex 8.01272 18.475 8.96
      vertex 8.04203 18.4202 8.18
      vertex 8.04203 18.4202 8.96
    endloop
  endfacet
  facet normal -0.935785 -0.35257 0
    outer loop
      vertex 8.08958 18.3054 8.18
      vertex 8.06769 18.3635 8.96
      vertex 8.06769 18.3635 8.18
    endloop
  endfacet
  facet normal -0.935785 -0.35257 0
    outer loop
      vertex 8.06769 18.3635 8.96
      vertex 8.08958 18.3054 8.18
      vertex 8.08958 18.3054 8.96
    endloop
  endfacet
  facet normal -0.956936 -0.290298 0
    outer loop
      vertex 8.10763 18.2459 8.18
      vertex 8.08958 18.3054 8.96
      vertex 8.08958 18.3054 8.18
    endloop
  endfacet
  facet normal -0.956936 -0.290298 0
    outer loop
      vertex 8.08958 18.3054 8.96
      vertex 8.10763 18.2459 8.18
      vertex 8.10763 18.2459 8.96
    endloop
  endfacet
  facet normal 0.911048 -0.412301 0
    outer loop
      vertex 6.31231 18.3635 8.96
      vertex 6.33797 18.4202 8.18
      vertex 6.33797 18.4202 8.96
    endloop
  endfacet
  facet normal 0.911048 -0.412301 0
    outer loop
      vertex 6.33797 18.4202 8.18
      vertex 6.31231 18.3635 8.96
      vertex 6.31231 18.3635 8.18
    endloop
  endfacet
  facet normal 0.881796 -0.471632 0
    outer loop
      vertex 6.33797 18.4202 8.96
      vertex 6.36728 18.475 8.18
      vertex 6.36728 18.475 8.96
    endloop
  endfacet
  facet normal 0.881796 -0.471632 0
    outer loop
      vertex 6.36728 18.475 8.18
      vertex 6.33797 18.4202 8.96
      vertex 6.33797 18.4202 8.18
    endloop
  endfacet
  facet normal 0.773284 -0.63406 0
    outer loop
      vertex 6.43631 18.5783 8.96
      vertex 6.47575 18.6264 8.18
      vertex 6.47575 18.6264 8.96
    endloop
  endfacet
  facet normal 0.773284 -0.63406 0
    outer loop
      vertex 6.47575 18.6264 8.18
      vertex 6.43631 18.5783 8.96
      vertex 6.43631 18.5783 8.18
    endloop
  endfacet
  facet normal 0.634952 -0.772552 0
    outer loop
      vertex 6.56362 18.7142 8.18
      vertex 6.61168 18.7537 8.96
      vertex 6.56362 18.7142 8.96
    endloop
  endfacet
  facet normal 0.634952 -0.772552 0
    outer loop
      vertex 6.61168 18.7537 8.96
      vertex 6.56362 18.7142 8.18
      vertex 6.61168 18.7537 8.18
    endloop
  endfacet
  facet normal 0.582379 -0.812917 0
    outer loop
      vertex 6.61168 18.7537 8.18
      vertex 6.66221 18.7899 8.96
      vertex 6.61168 18.7537 8.96
    endloop
  endfacet
  facet normal 0.582379 -0.812917 0
    outer loop
      vertex 6.66221 18.7899 8.96
      vertex 6.61168 18.7537 8.18
      vertex 6.66221 18.7899 8.18
    endloop
  endfacet
  facet normal 0.812677 -0.582714 0
    outer loop
      vertex 6.4001 18.5278 8.96
      vertex 6.43631 18.5783 8.18
      vertex 6.43631 18.5783 8.96
    endloop
  endfacet
  facet normal 0.812677 -0.582714 0
    outer loop
      vertex 6.43631 18.5783 8.18
      vertex 6.4001 18.5278 8.96
      vertex 6.4001 18.5278 8.18
    endloop
  endfacet
  facet normal -0.911048 0.412301 0
    outer loop
      vertex 8.04203 13.0298 8.18
      vertex 8.06769 13.0865 8.96
      vertex 8.06769 13.0865 8.18
    endloop
  endfacet
  facet normal -0.911048 0.412301 0
    outer loop
      vertex 8.06769 13.0865 8.96
      vertex 8.04203 13.0298 8.18
      vertex 8.04203 13.0298 8.96
    endloop
  endfacet
  facet normal -0.634952 0.772552 0
    outer loop
      vertex 7.81638 12.7358 8.18
      vertex 7.76832 12.6963 8.96
      vertex 7.81638 12.7358 8.96
    endloop
  endfacet
  facet normal -0.634952 0.772552 0
    outer loop
      vertex 7.76832 12.6963 8.96
      vertex 7.81638 12.7358 8.18
      vertex 7.76832 12.6963 8.18
    endloop
  endfacet
  facet normal 0.226833 -0.973934 0
    outer loop
      vertex 6.94412 18.9176 8.18
      vertex 7.00466 18.9317 8.96
      vertex 6.94412 18.9176 8.96
    endloop
  endfacet
  facet normal 0.226833 -0.973934 0
    outer loop
      vertex 7.00466 18.9317 8.96
      vertex 6.94412 18.9176 8.18
      vertex 7.00466 18.9317 8.18
    endloop
  endfacet
  facet normal 0.164034 -0.986455 0
    outer loop
      vertex 7.00466 18.9317 8.18
      vertex 7.066 18.9419 8.96
      vertex 7.00466 18.9317 8.96
    endloop
  endfacet
  facet normal 0.164034 -0.986455 0
    outer loop
      vertex 7.066 18.9419 8.96
      vertex 7.00466 18.9317 8.18
      vertex 7.066 18.9419 8.18
    endloop
  endfacet
  facet normal -0.226833 -0.973934 0
    outer loop
      vertex 7.37534 18.9317 8.18
      vertex 7.43588 18.9176 8.96
      vertex 7.37534 18.9317 8.96
    endloop
  endfacet
  facet normal -0.226833 -0.973934 -0
    outer loop
      vertex 7.43588 18.9176 8.96
      vertex 7.37534 18.9317 8.18
      vertex 7.43588 18.9176 8.18
    endloop
  endfacet
  facet normal -0.0981181 -0.995175 0
    outer loop
      vertex 7.25213 18.948 8.18
      vertex 7.314 18.9419 8.96
      vertex 7.25213 18.948 8.96
    endloop
  endfacet
  facet normal -0.0981181 -0.995175 -0
    outer loop
      vertex 7.314 18.9419 8.96
      vertex 7.25213 18.948 8.18
      vertex 7.314 18.9419 8.18
    endloop
  endfacet
  facet normal -0.634952 -0.772552 0
    outer loop
      vertex 7.76832 18.7537 8.18
      vertex 7.81638 18.7142 8.96
      vertex 7.76832 18.7537 8.96
    endloop
  endfacet
  facet normal -0.634952 -0.772552 -0
    outer loop
      vertex 7.81638 18.7142 8.96
      vertex 7.76832 18.7537 8.18
      vertex 7.81638 18.7142 8.18
    endloop
  endfacet
  facet normal -0.849297 -0.527915 0
    outer loop
      vertex 8.01272 18.475 8.18
      vertex 7.9799 18.5278 8.96
      vertex 7.9799 18.5278 8.18
    endloop
  endfacet
  facet normal -0.849297 -0.527915 0
    outer loop
      vertex 7.9799 18.5278 8.96
      vertex 8.01272 18.475 8.18
      vertex 8.01272 18.475 8.96
    endloop
  endfacet
  facet normal -0.289605 -0.957146 0
    outer loop
      vertex 7.43588 18.9176 8.18
      vertex 7.49537 18.8996 8.96
      vertex 7.43588 18.9176 8.96
    endloop
  endfacet
  facet normal -0.289605 -0.957146 -0
    outer loop
      vertex 7.49537 18.8996 8.96
      vertex 7.43588 18.9176 8.18
      vertex 7.49537 18.8996 8.18
    endloop
  endfacet
  facet normal -0.352287 -0.935892 0
    outer loop
      vertex 7.49537 18.8996 8.18
      vertex 7.55355 18.8777 8.96
      vertex 7.49537 18.8996 8.96
    endloop
  endfacet
  facet normal -0.352287 -0.935892 -0
    outer loop
      vertex 7.55355 18.8777 8.96
      vertex 7.49537 18.8996 8.18
      vertex 7.55355 18.8777 8.18
    endloop
  endfacet
  facet normal -0.0321739 -0.999482 0
    outer loop
      vertex 7.19 18.95 8.18
      vertex 7.25213 18.948 8.96
      vertex 7.19 18.95 8.96
    endloop
  endfacet
  facet normal -0.0321739 -0.999482 -0
    outer loop
      vertex 7.25213 18.948 8.96
      vertex 7.19 18.95 8.18
      vertex 7.25213 18.948 8.18
    endloop
  endfacet
  facet normal -0.582379 -0.812917 0
    outer loop
      vertex 7.71779 18.7899 8.18
      vertex 7.76832 18.7537 8.96
      vertex 7.71779 18.7899 8.96
    endloop
  endfacet
  facet normal -0.582379 -0.812917 -0
    outer loop
      vertex 7.76832 18.7537 8.96
      vertex 7.71779 18.7899 8.18
      vertex 7.76832 18.7537 8.18
    endloop
  endfacet
  facet normal 1 -0 0
    outer loop
      vertex -10.5 -2.5 8.96
      vertex -10.5 5 8.16
      vertex -10.5 5 8.96
    endloop
  endfacet
  facet normal 1 0 0
    outer loop
      vertex -10.5 5 8.16
      vertex -10.5 -2.5 8.96
      vertex -10.5 -2.5 8.16
    endloop
  endfacet
  facet normal -1 0 0
    outer loop
      vertex 3.5 -2.5 8.16
      vertex 3.5 5 8.96
      vertex 3.5 5 8.16
    endloop
  endfacet
  facet normal -1 -0 0
    outer loop
      vertex 3.5 5 8.96
      vertex 3.5 -2.5 8.16
      vertex 3.5 -2.5 8.96
    endloop
  endfacet
  facet normal 0 -1 0
    outer loop
      vertex -10.5 5 8.16
      vertex 3.5 5 8.96
      vertex -10.5 5 8.96
    endloop
  endfacet
  facet normal 0 -1 -0
    outer loop
      vertex 3.5 5 8.96
      vertex -10.5 5 8.16
      vertex 3.5 5 8.16
    endloop
  endfacet
  facet normal -0 0 1
    outer loop
      vertex -10.5 5 8.16
      vertex 3.5 -2.5 8.16
      vertex 3.5 5 8.16
    endloop
  endfacet
  facet normal 0 0 1
    outer loop
      vertex 3.5 -2.5 8.16
      vertex -10.5 5 8.16
      vertex -10.5 -2.5 8.16
    endloop
  endfacet
  facet normal 0 1 -0
    outer loop
      vertex 3.5 -2.5 8.16
      vertex -10.5 -2.5 8.96
      vertex 3.5 -2.5 8.96
    endloop
  endfacet
  facet normal 0 1 0
    outer loop
      vertex -10.5 -2.5 8.96
      vertex 3.5 -2.5 8.16
      vertex -10.5 -2.5 8.16
    endloop
  endfacet
  facet normal -1 0 0
    outer loop
      vertex -11.5015 -9.092 -11.47
      vertex -11.5015 23.908 -1.6
      vertex -11.5015 23.908 -11.47
    endloop
  endfacet
  facet normal -1 -0 0
    outer loop
      vertex -11.5015 23.908 -1.6
      vertex -11.5015 -9.092 -11.47
      vertex -11.5015 -9.092 -1.6
    endloop
  endfacet
  facet normal -0 0 1
    outer loop
      vertex -11.5015 23.908 -1.6
      vertex 8.4985 -9.092 -1.6
      vertex 8.4985 23.908 -1.6
    endloop
  endfacet
  facet normal 0 0 1
    outer loop
      vertex 8.4985 -9.092 -1.6
      vertex -11.5015 23.908 -1.6
      vertex -11.5015 -9.092 -1.6
    endloop
  endfacet
  facet normal 1 -0 0
    outer loop
      vertex 8.4985 -9.092 -1.6
      vertex 8.4985 23.908 -11.47
      vertex 8.4985 23.908 -1.6
    endloop
  endfacet
  facet normal 1 0 0
    outer loop
      vertex 8.4985 23.908 -11.47
      vertex 8.4985 -9.092 -1.6
      vertex 8.4985 -9.092 -11.47
    endloop
  endfacet
  facet normal 0 0 -1
    outer loop
      vertex -11.5015 -9.092 -11.47
      vertex 8.4985 23.908 -11.47
      vertex 8.4985 -9.092 -11.47
    endloop
  endfacet
  facet normal -0 0 -1
    outer loop
      vertex 8.4985 23.908 -11.47
      vertex -11.5015 -9.092 -11.47
      vertex -11.5015 23.908 -11.47
    endloop
  endfacet
  facet normal 0 -1 0
    outer loop
      vertex -11.5015 -9.092 -11.47
      vertex 8.4985 -9.092 -1.6
      vertex -11.5015 -9.092 -1.6
    endloop
  endfacet
  facet normal 0 -1 -0
    outer loop
      vertex 8.4985 -9.092 -1.6
      vertex -11.5015 -9.092 -11.47
      vertex 8.4985 -9.092 -11.47
    endloop
  endfacet
  facet normal 0 1 -0
    outer loop
      vertex 8.4985 23.908 -11.47
      vertex -11.5015 23.908 -1.6
      vertex 8.4985 23.908 -1.6
    endloop
  endfacet
  facet normal 0 1 0
    outer loop
      vertex -11.5015 23.908 -1.6
      vertex 8.4985 23.908 -11.47
      vertex -11.5015 23.908 -11.47
    endloop
  endfacet
  facet normal -1 0 0
    outer loop
      vertex -71.5015 -3.892 -18.17
      vertex -71.5015 18.708 -13.67
      vertex -71.5015 18.708 -18.17
    endloop
  endfacet
  facet normal -1 -0 0
    outer loop
      vertex -71.5015 18.708 -13.67
      vertex -71.5015 -3.892 -18.17
      vertex -71.5015 -3.892 -13.67
    endloop
  endfacet
  facet normal -0 0 1
    outer loop
      vertex 12.211 18.708 -13.67
      vertex 68.4985 -3.892 -13.67
      vertex 68.4985 18.708 -13.67
    endloop
  endfacet
  facet normal 0 0 1
    outer loop
      vertex 68.4985 -3.892 -13.67
      vertex 12.211 18.708 -13.67
      vertex 12.211 -3.892 -13.67
    endloop
  endfacet
  facet normal -0 0 1
    outer loop
      vertex -71.5015 18.708 -13.67
      vertex -15.214 -3.892 -13.67
      vertex -15.214 18.708 -13.67
    endloop
  endfacet
  facet normal 0 0 1
    outer loop
      vertex -15.214 -3.892 -13.67
      vertex -71.5015 18.708 -13.67
      vertex -71.5015 -3.892 -13.67
    endloop
  endfacet
  facet normal 1 -0 0
    outer loop
      vertex 68.4985 -3.892 -13.67
      vertex 68.4985 18.708 -18.17
      vertex 68.4985 18.708 -13.67
    endloop
  endfacet
  facet normal 1 0 0
    outer loop
      vertex 68.4985 18.708 -18.17
      vertex 68.4985 -3.892 -13.67
      vertex 68.4985 -3.892 -18.17
    endloop
  endfacet
  facet normal 0 1 0
    outer loop
      vertex 68.4985 18.708 -13.67
      vertex 12.211 18.708 -13.87
      vertex 12.211 18.708 -13.67
    endloop
  endfacet
  facet normal 0 1 0
    outer loop
      vertex 12.211 18.708 -18.17
      vertex 12.211 18.708 -13.87
      vertex 68.4985 18.708 -18.17
    endloop
  endfacet
  facet normal 0 1 -0
    outer loop
      vertex 68.4985 18.708 -18.17
      vertex 12.211 18.708 -13.87
      vertex 68.4985 18.708 -13.67
    endloop
  endfacet
  facet normal 0 1 -0
    outer loop
      vertex -15.214 18.708 -13.87
      vertex -71.5015 18.708 -13.67
      vertex -15.214 18.708 -13.67
    endloop
  endfacet
  facet normal 0 1 0
    outer loop
      vertex 6.04037 18.708 -18.17
      vertex 12.211 18.708 -13.87
      vertex 12.211 18.708 -18.17
    endloop
  endfacet
  facet normal 0 1 0
    outer loop
      vertex 12.211 18.708 -13.87
      vertex 6.04037 18.708 -18.17
      vertex -15.214 18.708 -13.87
    endloop
  endfacet
  facet normal 0 1 -0
    outer loop
      vertex -9.04337 18.708 -18.17
      vertex -15.214 18.708 -13.87
      vertex 6.04037 18.708 -18.17
    endloop
  endfacet
  facet normal 0 1 0
    outer loop
      vertex -15.214 18.708 -18.17
      vertex -15.214 18.708 -13.87
      vertex -9.04337 18.708 -18.17
    endloop
  endfacet
  facet normal 0 1 0
    outer loop
      vertex -15.214 18.708 -13.87
      vertex -15.214 18.708 -18.17
      vertex -71.5015 18.708 -13.67
    endloop
  endfacet
  facet normal 0 1 0
    outer loop
      vertex -71.5015 18.708 -13.67
      vertex -15.214 18.708 -18.17
      vertex -71.5015 18.708 -18.17
    endloop
  endfacet
  facet normal 0 -1 0
    outer loop
      vertex -71.5015 -3.892 -13.67
      vertex -15.214 -3.892 -13.87
      vertex -15.214 -3.892 -13.67
    endloop
  endfacet
  facet normal 0 -1 0
    outer loop
      vertex -15.214 -3.892 -18.17
      vertex -15.214 -3.892 -13.87
      vertex -71.5015 -3.892 -18.17
    endloop
  endfacet
  facet normal 0 -1 0
    outer loop
      vertex -71.5015 -3.892 -18.17
      vertex -15.214 -3.892 -13.87
      vertex -71.5015 -3.892 -13.67
    endloop
  endfacet
  facet normal 0 -1 0
    outer loop
      vertex 12.211 -3.892 -13.87
      vertex 68.4985 -3.892 -13.67
      vertex 12.211 -3.892 -13.67
    endloop
  endfacet
  facet normal 0 -1 0
    outer loop
      vertex -9.04337 -3.892 -18.17
      vertex -15.214 -3.892 -13.87
      vertex -15.214 -3.892 -18.17
    endloop
  endfacet
  facet normal 0 -1 0
    outer loop
      vertex -15.214 -3.892 -13.87
      vertex -9.04337 -3.892 -18.17
      vertex 12.211 -3.892 -13.87
    endloop
  endfacet
  facet normal 0 -1 0
    outer loop
      vertex 6.04037 -3.892 -18.17
      vertex 12.211 -3.892 -13.87
      vertex -9.04337 -3.892 -18.17
    endloop
  endfacet
  facet normal 0 -1 0
    outer loop
      vertex 12.211 -3.892 -18.17
      vertex 12.211 -3.892 -13.87
      vertex 6.04037 -3.892 -18.17
    endloop
  endfacet
  facet normal 0 -1 0
    outer loop
      vertex 12.211 -3.892 -13.87
      vertex 12.211 -3.892 -18.17
      vertex 68.4985 -3.892 -13.67
    endloop
  endfacet
  facet normal 0 -1 -0
    outer loop
      vertex 68.4985 -3.892 -13.67
      vertex 12.211 -3.892 -18.17
      vertex 68.4985 -3.892 -18.17
    endloop
  endfacet
endsolid OpenSCAD_Model
