solid OpenSCAD_Model
  facet normal 0.999435 -0 0.0336201
    outer loop
      vertex 10.7099 17.195 3.7827
      vertex 10.711 20.195 3.75
      vertex 10.7099 20.195 3.7827
    endloop
  endfacet
  facet normal 0.999435 0 0.0336201
    outer loop
      vertex 10.711 20.195 3.75
      vertex 10.7099 17.195 3.7827
      vertex 10.711 17.195 3.75
    endloop
  endfacet
  facet normal -0.0327042 0 0.999465
    outer loop
      vertex 10.1783 20.195 4.24893
      vertex 10.211 17.195 4.25
      vertex 10.211 20.195 4.25
    endloop
  endfacet
  facet normal -0.0327042 0 0.999465
    outer loop
      vertex 10.211 17.195 4.25
      vertex 10.1783 20.195 4.24893
      vertex 10.1783 17.195 4.24893
    endloop
  endfacet
  facet normal 0.683352 0 0.730089
    outer loop
      vertex 10.5407 20.195 4.12592
      vertex 10.5646 17.195 4.10355
      vertex 10.5646 20.195 4.10355
    endloop
  endfacet
  facet normal 0.683352 0 0.730089
    outer loop
      vertex 10.5646 17.195 4.10355
      vertex 10.5407 20.195 4.12592
      vertex 10.5407 17.195 4.12592
    endloop
  endfacet
  facet normal -0.412216 0 0.911086
    outer loop
      vertex 9.99331 20.195 4.2
      vertex 10.0197 17.195 4.21194
      vertex 10.0197 20.195 4.21194
    endloop
  endfacet
  facet normal -0.412216 0 0.911086
    outer loop
      vertex 10.0197 17.195 4.21194
      vertex 9.99331 20.195 4.2
      vertex 9.99331 17.195 4.2
    endloop
  endfacet
  facet normal 0.910889 -0 0.412651
    outer loop
      vertex 10.6594 17.195 3.97114
      vertex 10.6729 20.195 3.94134
      vertex 10.6594 20.195 3.97114
    endloop
  endfacet
  facet normal 0.910889 0 0.412651
    outer loop
      vertex 10.6729 20.195 3.94134
      vertex 10.6594 17.195 3.97114
      vertex 10.6729 17.195 3.94134
    endloop
  endfacet
  facet normal 0.352598 0 0.935775
    outer loop
      vertex 10.3717 20.195 4.22347
      vertex 10.4023 17.195 4.21194
      vertex 10.4023 20.195 4.21194
    endloop
  endfacet
  facet normal 0.352598 0 0.935775
    outer loop
      vertex 10.4023 17.195 4.21194
      vertex 10.3717 20.195 4.22347
      vertex 10.3717 17.195 4.22347
    endloop
  endfacet
  facet normal 0.52769 0 0.849437
    outer loop
      vertex 10.461 20.195 4.18301
      vertex 10.4888 17.195 4.16574
      vertex 10.4888 20.195 4.16574
    endloop
  endfacet
  facet normal 0.52769 0 0.849437
    outer loop
      vertex 10.4888 17.195 4.16574
      vertex 10.461 20.195 4.18301
      vertex 10.461 17.195 4.18301
    endloop
  endfacet
  facet normal -0.935851 0 0.352396
    outer loop
      vertex 9.73753 17.195 3.91072
      vertex 9.74906 20.195 3.94134
      vertex 9.73753 20.195 3.91072
    endloop
  endfacet
  facet normal -0.935851 0 0.352396
    outer loop
      vertex 9.74906 20.195 3.94134
      vertex 9.73753 17.195 3.91072
      vertex 9.74906 17.195 3.94134
    endloop
  endfacet
  facet normal -0.226844 0 0.973931
    outer loop
      vertex 10.0816 20.195 4.23296
      vertex 10.1135 17.195 4.24039
      vertex 10.1135 20.195 4.24039
    endloop
  endfacet
  facet normal -0.226844 0 0.973931
    outer loop
      vertex 10.1135 17.195 4.24039
      vertex 10.0816 20.195 4.23296
      vertex 10.0816 17.195 4.23296
    endloop
  endfacet
  facet normal 0.974071 -0 0.226244
    outer loop
      vertex 10.694 17.195 3.87941
      vertex 10.7014 20.195 3.84755
      vertex 10.694 20.195 3.87941
    endloop
  endfacet
  facet normal 0.974071 0 0.226244
    outer loop
      vertex 10.7014 20.195 3.84755
      vertex 10.694 17.195 3.87941
      vertex 10.7014 17.195 3.84755
    endloop
  endfacet
  facet normal 0.995205 -0 0.0978089
    outer loop
      vertex 10.7067 17.195 3.81526
      vertex 10.7099 20.195 3.7827
      vertex 10.7067 20.195 3.81526
    endloop
  endfacet
  facet normal 0.995205 0 0.0978089
    outer loop
      vertex 10.7099 20.195 3.7827
      vertex 10.7067 17.195 3.81526
      vertex 10.7099 17.195 3.7827
    endloop
  endfacet
  facet normal 0.81363 -0 0.581383
    outer loop
      vertex 10.6077 17.195 4.05438
      vertex 10.6267 20.195 4.02779
      vertex 10.6077 20.195 4.05438
    endloop
  endfacet
  facet normal 0.81363 0 0.581383
    outer loop
      vertex 10.6267 20.195 4.02779
      vertex 10.6077 17.195 4.05438
      vertex 10.6267 17.195 4.02779
    endloop
  endfacet
  facet normal 0.772336 -0 0.635215
    outer loop
      vertex 10.5869 17.195 4.07967
      vertex 10.6077 20.195 4.05438
      vertex 10.5869 20.195 4.07967
    endloop
  endfacet
  facet normal 0.772336 0 0.635215
    outer loop
      vertex 10.6077 20.195 4.05438
      vertex 10.5869 17.195 4.07967
      vertex 10.6077 17.195 4.05438
    endloop
  endfacet
  facet normal 0.882251 -0 0.470779
    outer loop
      vertex 10.644 17.195 4
      vertex 10.6594 20.195 3.97114
      vertex 10.644 20.195 4
    endloop
  endfacet
  facet normal 0.882251 0 0.470779
    outer loop
      vertex 10.6594 20.195 3.97114
      vertex 10.644 17.195 4
      vertex 10.6594 17.195 3.97114
    endloop
  endfacet
  facet normal 0.163306 0 0.986575
    outer loop
      vertex 10.2763 20.195 4.24572
      vertex 10.3085 17.195 4.24039
      vertex 10.3085 20.195 4.24039
    endloop
  endfacet
  facet normal 0.163306 0 0.986575
    outer loop
      vertex 10.3085 17.195 4.24039
      vertex 10.2763 20.195 4.24572
      vertex 10.2763 17.195 4.24572
    endloop
  endfacet
  facet normal 0.290152 0 0.956981
    outer loop
      vertex 10.3404 20.195 4.23296
      vertex 10.3717 17.195 4.22347
      vertex 10.3717 20.195 4.22347
    endloop
  endfacet
  facet normal 0.290152 0 0.956981
    outer loop
      vertex 10.3717 17.195 4.22347
      vertex 10.3404 20.195 4.23296
      vertex 10.3404 17.195 4.23296
    endloop
  endfacet
  facet normal 0.582452 0 0.812865
    outer loop
      vertex 10.4888 20.195 4.16574
      vertex 10.5154 17.195 4.14668
      vertex 10.5154 20.195 4.14668
    endloop
  endfacet
  facet normal 0.582452 0 0.812865
    outer loop
      vertex 10.5154 17.195 4.14668
      vertex 10.4888 20.195 4.16574
      vertex 10.4888 17.195 4.16574
    endloop
  endfacet
  facet normal -0.986649 0 0.162863
    outer loop
      vertex 9.71528 17.195 3.81526
      vertex 9.72061 20.195 3.84755
      vertex 9.71528 20.195 3.81526
    endloop
  endfacet
  facet normal -0.986649 0 0.162863
    outer loop
      vertex 9.72061 20.195 3.84755
      vertex 9.71528 17.195 3.81526
      vertex 9.72061 17.195 3.84755
    endloop
  endfacet
  facet normal 0 1 0
    outer loop
      vertex 10.5154 20.195 4.14668
      vertex 10.461 20.195 4.18301
      vertex 10.4888 20.195 4.16574
    endloop
  endfacet
  facet normal 0 1 0
    outer loop
      vertex 10.5407 20.195 4.12592
      vertex 10.461 20.195 4.18301
      vertex 10.5154 20.195 4.14668
    endloop
  endfacet
  facet normal 0 1 0
    outer loop
      vertex 10.5646 20.195 4.10355
      vertex 10.461 20.195 4.18301
      vertex 10.5407 20.195 4.12592
    endloop
  endfacet
  facet normal 0 1 0
    outer loop
      vertex 10.5869 20.195 4.07967
      vertex 10.461 20.195 4.18301
      vertex 10.5646 20.195 4.10355
    endloop
  endfacet
  facet normal 0 1 0
    outer loop
      vertex 10.6077 20.195 4.05438
      vertex 10.461 20.195 4.18301
      vertex 10.5869 20.195 4.07967
    endloop
  endfacet
  facet normal 0 1 0
    outer loop
      vertex 10.6267 20.195 4.02779
      vertex 10.461 20.195 4.18301
      vertex 10.6077 20.195 4.05438
    endloop
  endfacet
  facet normal 0 1 0
    outer loop
      vertex 10.644 20.195 4
      vertex 10.461 20.195 4.18301
      vertex 10.6267 20.195 4.02779
    endloop
  endfacet
  facet normal 0 1 0
    outer loop
      vertex 10.6594 20.195 3.97114
      vertex 10.461 20.195 4.18301
      vertex 10.644 20.195 4
    endloop
  endfacet
  facet normal 0 1 0
    outer loop
      vertex 10.6729 20.195 3.94134
      vertex 10.461 20.195 4.18301
      vertex 10.6594 20.195 3.97114
    endloop
  endfacet
  facet normal 0 1 0
    outer loop
      vertex 10.6845 20.195 3.91072
      vertex 10.461 20.195 4.18301
      vertex 10.6729 20.195 3.94134
    endloop
  endfacet
  facet normal 0 1 0
    outer loop
      vertex 10.694 20.195 3.87941
      vertex 10.461 20.195 4.18301
      vertex 10.6845 20.195 3.91072
    endloop
  endfacet
  facet normal 0 1 0
    outer loop
      vertex 10.7014 20.195 3.84755
      vertex 10.461 20.195 4.18301
      vertex 10.694 20.195 3.87941
    endloop
  endfacet
  facet normal 0 1 0
    outer loop
      vertex 10.7067 20.195 3.81526
      vertex 10.461 20.195 4.18301
      vertex 10.7014 20.195 3.84755
    endloop
  endfacet
  facet normal 0 1 0
    outer loop
      vertex 10.7099 20.195 3.7827
      vertex 10.461 20.195 4.18301
      vertex 10.7067 20.195 3.81526
    endloop
  endfacet
  facet normal 0 1 0
    outer loop
      vertex 10.711 20.195 3.75
      vertex 10.461 20.195 4.18301
      vertex 10.7099 20.195 3.7827
    endloop
  endfacet
  facet normal 0 1 -0
    outer loop
      vertex 10.7099 20.195 3.7173
      vertex 10.461 20.195 4.18301
      vertex 10.711 20.195 3.75
    endloop
  endfacet
  facet normal 0 1 -0
    outer loop
      vertex 10.7067 20.195 3.68474
      vertex 10.461 20.195 4.18301
      vertex 10.7099 20.195 3.7173
    endloop
  endfacet
  facet normal 0 1 -0
    outer loop
      vertex 10.7014 20.195 3.65246
      vertex 10.461 20.195 4.18301
      vertex 10.7067 20.195 3.68474
    endloop
  endfacet
  facet normal 0 1 -0
    outer loop
      vertex 10.694 20.195 3.62059
      vertex 10.461 20.195 4.18301
      vertex 10.7014 20.195 3.65246
    endloop
  endfacet
  facet normal 0 1 -0
    outer loop
      vertex 10.6845 20.195 3.58928
      vertex 10.461 20.195 4.18301
      vertex 10.694 20.195 3.62059
    endloop
  endfacet
  facet normal 0 1 -0
    outer loop
      vertex 10.6729 20.195 3.55866
      vertex 10.461 20.195 4.18301
      vertex 10.6845 20.195 3.58928
    endloop
  endfacet
  facet normal 0 1 -0
    outer loop
      vertex 10.6594 20.195 3.52886
      vertex 10.461 20.195 4.18301
      vertex 10.6729 20.195 3.55866
    endloop
  endfacet
  facet normal 0 1 -0
    outer loop
      vertex 10.644 20.195 3.5
      vertex 10.461 20.195 4.18301
      vertex 10.6594 20.195 3.52886
    endloop
  endfacet
  facet normal 0 1 -0
    outer loop
      vertex 10.6267 20.195 3.47222
      vertex 10.461 20.195 4.18301
      vertex 10.644 20.195 3.5
    endloop
  endfacet
  facet normal 0 1 -0
    outer loop
      vertex 10.6077 20.195 3.44562
      vertex 10.461 20.195 4.18301
      vertex 10.6267 20.195 3.47222
    endloop
  endfacet
  facet normal 0 1 -0
    outer loop
      vertex 10.5869 20.195 3.42033
      vertex 10.461 20.195 4.18301
      vertex 10.6077 20.195 3.44562
    endloop
  endfacet
  facet normal 0 1 -0
    outer loop
      vertex 10.5646 20.195 3.39645
      vertex 10.461 20.195 4.18301
      vertex 10.5869 20.195 3.42033
    endloop
  endfacet
  facet normal 0 1 -0
    outer loop
      vertex 10.5407 20.195 3.37408
      vertex 10.461 20.195 4.18301
      vertex 10.5646 20.195 3.39645
    endloop
  endfacet
  facet normal 0 1 -0
    outer loop
      vertex 10.5154 20.195 3.35332
      vertex 10.461 20.195 4.18301
      vertex 10.5407 20.195 3.37408
    endloop
  endfacet
  facet normal 0 1 -0
    outer loop
      vertex 10.4888 20.195 3.33427
      vertex 10.461 20.195 4.18301
      vertex 10.5154 20.195 3.35332
    endloop
  endfacet
  facet normal 0 1 0
    outer loop
      vertex 10.461 20.195 4.18301
      vertex 10.4888 20.195 3.33427
      vertex 10.461 20.195 3.31699
    endloop
  endfacet
  facet normal 0 1 0
    outer loop
      vertex 9.761 20.195 3.96769
      vertex 9.73753 20.195 3.91072
      vertex 9.74906 20.195 3.94134
    endloop
  endfacet
  facet normal 0 1 0
    outer loop
      vertex 9.761 20.195 3.96769
      vertex 9.72804 20.195 3.87941
      vertex 9.73753 20.195 3.91072
    endloop
  endfacet
  facet normal 0 1 0
    outer loop
      vertex 9.761 20.195 3.96769
      vertex 9.72061 20.195 3.84755
      vertex 9.72804 20.195 3.87941
    endloop
  endfacet
  facet normal 0 1 0
    outer loop
      vertex 9.761 20.195 3.96769
      vertex 9.71528 20.195 3.81526
      vertex 9.72061 20.195 3.84755
    endloop
  endfacet
  facet normal 0 1 0
    outer loop
      vertex 9.761 20.195 3.96769
      vertex 9.71207 20.195 3.7827
      vertex 9.71528 20.195 3.81526
    endloop
  endfacet
  facet normal 0 1 0
    outer loop
      vertex 9.761 20.195 3.96769
      vertex 9.711 20.195 3.75
      vertex 9.71207 20.195 3.7827
    endloop
  endfacet
  facet normal 0 1 0
    outer loop
      vertex 9.761 20.195 3.96769
      vertex 9.71207 20.195 3.7173
      vertex 9.711 20.195 3.75
    endloop
  endfacet
  facet normal 0 1 0
    outer loop
      vertex 9.761 20.195 3.96769
      vertex 9.71528 20.195 3.68474
      vertex 9.71207 20.195 3.7173
    endloop
  endfacet
  facet normal 0 1 0
    outer loop
      vertex 9.761 20.195 3.96769
      vertex 9.72061 20.195 3.65246
      vertex 9.71528 20.195 3.68474
    endloop
  endfacet
  facet normal 0 1 0
    outer loop
      vertex 9.761 20.195 3.96769
      vertex 9.72804 20.195 3.62059
      vertex 9.72061 20.195 3.65246
    endloop
  endfacet
  facet normal 0 1 0
    outer loop
      vertex 9.761 20.195 3.96769
      vertex 9.73753 20.195 3.58928
      vertex 9.72804 20.195 3.62059
    endloop
  endfacet
  facet normal 0 1 0
    outer loop
      vertex 9.761 20.195 3.96769
      vertex 9.74906 20.195 3.55866
      vertex 9.73753 20.195 3.58928
    endloop
  endfacet
  facet normal -0 1 0
    outer loop
      vertex 9.74906 20.195 3.55866
      vertex 9.761 20.195 3.96769
      vertex 9.761 20.195 3.53231
    endloop
  endfacet
  facet normal 0 1 0
    outer loop
      vertex 10.2437 20.195 4.24893
      vertex 10.1783 20.195 4.24893
      vertex 10.211 20.195 4.25
    endloop
  endfacet
  facet normal 0 1 0
    outer loop
      vertex 10.2763 20.195 4.24572
      vertex 10.1783 20.195 4.24893
      vertex 10.2437 20.195 4.24893
    endloop
  endfacet
  facet normal 0 1 0
    outer loop
      vertex 10.2763 20.195 4.24572
      vertex 10.1457 20.195 4.24572
      vertex 10.1783 20.195 4.24893
    endloop
  endfacet
  facet normal 0 1 0
    outer loop
      vertex 10.3085 20.195 4.24039
      vertex 10.1457 20.195 4.24572
      vertex 10.2763 20.195 4.24572
    endloop
  endfacet
  facet normal 0 1 0
    outer loop
      vertex 10.3085 20.195 4.24039
      vertex 10.1135 20.195 4.24039
      vertex 10.1457 20.195 4.24572
    endloop
  endfacet
  facet normal 0 1 0
    outer loop
      vertex 10.3404 20.195 4.23296
      vertex 10.1135 20.195 4.24039
      vertex 10.3085 20.195 4.24039
    endloop
  endfacet
  facet normal 0 1 0
    outer loop
      vertex 10.3404 20.195 4.23296
      vertex 10.0816 20.195 4.23296
      vertex 10.1135 20.195 4.24039
    endloop
  endfacet
  facet normal 0 1 0
    outer loop
      vertex 10.3717 20.195 4.22347
      vertex 10.0816 20.195 4.23296
      vertex 10.3404 20.195 4.23296
    endloop
  endfacet
  facet normal 0 1 0
    outer loop
      vertex 10.3717 20.195 4.22347
      vertex 10.0503 20.195 4.22347
      vertex 10.0816 20.195 4.23296
    endloop
  endfacet
  facet normal 0 1 0
    outer loop
      vertex 10.4023 20.195 4.21194
      vertex 10.0503 20.195 4.22347
      vertex 10.3717 20.195 4.22347
    endloop
  endfacet
  facet normal 0 1 0
    outer loop
      vertex 10.4023 20.195 4.21194
      vertex 10.0197 20.195 4.21194
      vertex 10.0503 20.195 4.22347
    endloop
  endfacet
  facet normal 0 1 0
    outer loop
      vertex 10.4287 20.195 4.2
      vertex 10.0197 20.195 4.21194
      vertex 10.4023 20.195 4.21194
    endloop
  endfacet
  facet normal 0 1 0
    outer loop
      vertex 10.0197 20.195 4.21194
      vertex 10.4287 20.195 4.2
      vertex 9.99331 20.195 4.2
    endloop
  endfacet
  facet normal -0.290152 0 0.956981
    outer loop
      vertex 10.0503 20.195 4.22347
      vertex 10.0816 17.195 4.23296
      vertex 10.0816 20.195 4.23296
    endloop
  endfacet
  facet normal -0.290152 0 0.956981
    outer loop
      vertex 10.0816 17.195 4.23296
      vertex 10.0503 20.195 4.22347
      vertex 10.0503 17.195 4.22347
    endloop
  endfacet
  facet normal -0.0979924 0 0.995187
    outer loop
      vertex 10.1457 20.195 4.24572
      vertex 10.1783 17.195 4.24893
      vertex 10.1783 20.195 4.24893
    endloop
  endfacet
  facet normal -0.0979924 0 0.995187
    outer loop
      vertex 10.1783 17.195 4.24893
      vertex 10.1457 20.195 4.24572
      vertex 10.1457 17.195 4.24572
    endloop
  endfacet
  facet normal 0.882251 0 -0.470779
    outer loop
      vertex 10.6594 17.195 3.52886
      vertex 10.644 20.195 3.5
      vertex 10.6594 20.195 3.52886
    endloop
  endfacet
  facet normal 0.882251 0 -0.470779
    outer loop
      vertex 10.644 20.195 3.5
      vertex 10.6594 17.195 3.52886
      vertex 10.644 17.195 3.5
    endloop
  endfacet
  facet normal 0.995205 0 -0.0978089
    outer loop
      vertex 10.7099 17.195 3.7173
      vertex 10.7067 20.195 3.68474
      vertex 10.7099 20.195 3.7173
    endloop
  endfacet
  facet normal 0.995205 0 -0.0978089
    outer loop
      vertex 10.7067 20.195 3.68474
      vertex 10.7099 17.195 3.7173
      vertex 10.7067 17.195 3.68474
    endloop
  endfacet
  facet normal -0.995175 0 -0.0981116
    outer loop
      vertex 9.71528 17.195 3.68474
      vertex 9.71207 20.195 3.7173
      vertex 9.71528 20.195 3.68474
    endloop
  endfacet
  facet normal -0.995175 -0 -0.0981116
    outer loop
      vertex 9.71207 20.195 3.7173
      vertex 9.71528 17.195 3.68474
      vertex 9.71207 17.195 3.7173
    endloop
  endfacet
  facet normal 0.986796 -0 0.16197
    outer loop
      vertex 10.7014 17.195 3.84755
      vertex 10.7067 20.195 3.81526
      vertex 10.7014 20.195 3.84755
    endloop
  endfacet
  facet normal 0.986796 0 0.16197
    outer loop
      vertex 10.7067 20.195 3.81526
      vertex 10.7014 17.195 3.84755
      vertex 10.7067 17.195 3.81526
    endloop
  endfacet
  facet normal 0.935144 -0 0.354268
    outer loop
      vertex 10.6729 17.195 3.94134
      vertex 10.6845 20.195 3.91072
      vertex 10.6729 20.195 3.94134
    endloop
  endfacet
  facet normal 0.935144 0 0.354268
    outer loop
      vertex 10.6845 20.195 3.91072
      vertex 10.6729 17.195 3.94134
      vertex 10.6845 17.195 3.91072
    endloop
  endfacet
  facet normal 0.956922 -0 0.290347
    outer loop
      vertex 10.6845 17.195 3.91072
      vertex 10.694 20.195 3.87941
      vertex 10.6845 20.195 3.91072
    endloop
  endfacet
  facet normal 0.956922 0 0.290347
    outer loop
      vertex 10.694 20.195 3.87941
      vertex 10.6845 17.195 3.91072
      vertex 10.694 17.195 3.87941
    endloop
  endfacet
  facet normal 0.730872 -0 0.682515
    outer loop
      vertex 10.5646 17.195 4.10355
      vertex 10.5869 20.195 4.07967
      vertex 10.5646 20.195 4.10355
    endloop
  endfacet
  facet normal 0.730872 0 0.682515
    outer loop
      vertex 10.5869 20.195 4.07967
      vertex 10.5646 17.195 4.10355
      vertex 10.5869 17.195 4.07967
    endloop
  endfacet
  facet normal 0.848941 -0 0.528488
    outer loop
      vertex 10.6267 17.195 4.02779
      vertex 10.644 20.195 4
      vertex 10.6267 20.195 4.02779
    endloop
  endfacet
  facet normal 0.848941 0 0.528488
    outer loop
      vertex 10.644 20.195 4
      vertex 10.6267 17.195 4.02779
      vertex 10.644 17.195 4
    endloop
  endfacet
  facet normal 0.226844 0 0.973931
    outer loop
      vertex 10.3085 20.195 4.24039
      vertex 10.3404 17.195 4.23296
      vertex 10.3404 20.195 4.23296
    endloop
  endfacet
  facet normal 0.226844 0 0.973931
    outer loop
      vertex 10.3404 17.195 4.23296
      vertex 10.3085 20.195 4.24039
      vertex 10.3085 17.195 4.24039
    endloop
  endfacet
  facet normal 0.0979924 0 0.995187
    outer loop
      vertex 10.2437 20.195 4.24893
      vertex 10.2763 17.195 4.24572
      vertex 10.2763 20.195 4.24572
    endloop
  endfacet
  facet normal 0.0979924 0 0.995187
    outer loop
      vertex 10.2763 17.195 4.24572
      vertex 10.2437 20.195 4.24893
      vertex 10.2437 17.195 4.24893
    endloop
  endfacet
  facet normal 0.0327042 0 0.999465
    outer loop
      vertex 10.211 20.195 4.25
      vertex 10.2437 17.195 4.24893
      vertex 10.2437 20.195 4.24893
    endloop
  endfacet
  facet normal 0.0327042 0 0.999465
    outer loop
      vertex 10.2437 17.195 4.24893
      vertex 10.211 20.195 4.25
      vertex 10.211 17.195 4.25
    endloop
  endfacet
  facet normal 0.412086 0 0.911145
    outer loop
      vertex 10.4023 20.195 4.21194
      vertex 10.4287 17.195 4.2
      vertex 10.4287 20.195 4.2
    endloop
  endfacet
  facet normal 0.412086 0 0.911145
    outer loop
      vertex 10.4287 17.195 4.2
      vertex 10.4023 20.195 4.21194
      vertex 10.4023 17.195 4.21194
    endloop
  endfacet
  facet normal 0.634335 0 0.773058
    outer loop
      vertex 10.5154 20.195 4.14668
      vertex 10.5407 17.195 4.12592
      vertex 10.5407 20.195 4.12592
    endloop
  endfacet
  facet normal 0.634335 0 0.773058
    outer loop
      vertex 10.5407 17.195 4.12592
      vertex 10.5154 20.195 4.14668
      vertex 10.5154 17.195 4.14668
    endloop
  endfacet
  facet normal -0.910851 0 0.412735
    outer loop
      vertex 9.74906 17.195 3.94134
      vertex 9.761 20.195 3.96769
      vertex 9.74906 20.195 3.94134
    endloop
  endfacet
  facet normal -0.910851 0 0.412735
    outer loop
      vertex 9.761 20.195 3.96769
      vertex 9.74906 17.195 3.94134
      vertex 9.761 17.195 3.96769
    endloop
  endfacet
  facet normal -0.973868 0 0.227114
    outer loop
      vertex 9.72061 17.195 3.84755
      vertex 9.72804 20.195 3.87941
      vertex 9.72061 20.195 3.84755
    endloop
  endfacet
  facet normal -0.973868 0 0.227114
    outer loop
      vertex 9.72804 20.195 3.87941
      vertex 9.72061 17.195 3.84755
      vertex 9.72804 17.195 3.87941
    endloop
  endfacet
  facet normal -0.957006 0 0.290067
    outer loop
      vertex 9.72804 17.195 3.87941
      vertex 9.73753 20.195 3.91072
      vertex 9.72804 20.195 3.87941
    endloop
  endfacet
  facet normal -0.957006 0 0.290067
    outer loop
      vertex 9.73753 20.195 3.91072
      vertex 9.72804 17.195 3.87941
      vertex 9.73753 17.195 3.91072
    endloop
  endfacet
  facet normal -0.995175 0 0.0981116
    outer loop
      vertex 9.71207 17.195 3.7827
      vertex 9.71528 20.195 3.81526
      vertex 9.71207 20.195 3.7827
    endloop
  endfacet
  facet normal -0.995175 0 0.0981116
    outer loop
      vertex 9.71528 20.195 3.81526
      vertex 9.71207 17.195 3.7827
      vertex 9.71528 17.195 3.81526
    endloop
  endfacet
  facet normal -0.999465 0 0.0327042
    outer loop
      vertex 9.711 17.195 3.75
      vertex 9.71207 20.195 3.7827
      vertex 9.711 20.195 3.75
    endloop
  endfacet
  facet normal -0.999465 0 0.0327042
    outer loop
      vertex 9.71207 20.195 3.7827
      vertex 9.711 17.195 3.75
      vertex 9.71207 17.195 3.7827
    endloop
  endfacet
  facet normal -0.999465 0 -0.0327042
    outer loop
      vertex 9.71207 17.195 3.7173
      vertex 9.711 20.195 3.75
      vertex 9.71207 20.195 3.7173
    endloop
  endfacet
  facet normal -0.999465 -0 -0.0327042
    outer loop
      vertex 9.711 20.195 3.75
      vertex 9.71207 17.195 3.7173
      vertex 9.711 17.195 3.75
    endloop
  endfacet
  facet normal -0.352598 0 0.935775
    outer loop
      vertex 10.0197 20.195 4.21194
      vertex 10.0503 17.195 4.22347
      vertex 10.0503 20.195 4.22347
    endloop
  endfacet
  facet normal -0.352598 0 0.935775
    outer loop
      vertex 10.0503 17.195 4.22347
      vertex 10.0197 20.195 4.21194
      vertex 10.0197 17.195 4.21194
    endloop
  endfacet
  facet normal -0.163306 0 0.986575
    outer loop
      vertex 10.1135 20.195 4.24039
      vertex 10.1457 17.195 4.24572
      vertex 10.1457 20.195 4.24572
    endloop
  endfacet
  facet normal -0.163306 0 0.986575
    outer loop
      vertex 10.1457 17.195 4.24572
      vertex 10.1135 20.195 4.24039
      vertex 10.1135 17.195 4.24039
    endloop
  endfacet
  facet normal 0.999435 0 -0.0336201
    outer loop
      vertex 10.711 17.195 3.75
      vertex 10.7099 20.195 3.7173
      vertex 10.711 20.195 3.75
    endloop
  endfacet
  facet normal 0.999435 0 -0.0336201
    outer loop
      vertex 10.7099 20.195 3.7173
      vertex 10.711 17.195 3.75
      vertex 10.7099 17.195 3.7173
    endloop
  endfacet
  facet normal 0.634335 0 -0.773058
    outer loop
      vertex 10.5154 17.195 3.35332
      vertex 10.5407 20.195 3.37408
      vertex 10.5407 17.195 3.37408
    endloop
  endfacet
  facet normal 0.634335 0 -0.773058
    outer loop
      vertex 10.5407 20.195 3.37408
      vertex 10.5154 17.195 3.35332
      vertex 10.5154 20.195 3.35332
    endloop
  endfacet
  facet normal 0.730872 0 -0.682515
    outer loop
      vertex 10.5869 17.195 3.42033
      vertex 10.5646 20.195 3.39645
      vertex 10.5869 20.195 3.42033
    endloop
  endfacet
  facet normal 0.730872 0 -0.682515
    outer loop
      vertex 10.5646 20.195 3.39645
      vertex 10.5869 17.195 3.42033
      vertex 10.5646 17.195 3.39645
    endloop
  endfacet
  facet normal 0.58225 0 -0.81301
    outer loop
      vertex 10.4888 17.195 3.33427
      vertex 10.5154 20.195 3.35332
      vertex 10.5154 17.195 3.35332
    endloop
  endfacet
  facet normal 0.58225 0 -0.81301
    outer loop
      vertex 10.5154 20.195 3.35332
      vertex 10.4888 17.195 3.33427
      vertex 10.4888 20.195 3.33427
    endloop
  endfacet
  facet normal 0.772336 0 -0.635215
    outer loop
      vertex 10.6077 17.195 3.44562
      vertex 10.5869 20.195 3.42033
      vertex 10.6077 20.195 3.44562
    endloop
  endfacet
  facet normal 0.772336 0 -0.635215
    outer loop
      vertex 10.5869 20.195 3.42033
      vertex 10.6077 17.195 3.44562
      vertex 10.5869 17.195 3.42033
    endloop
  endfacet
  facet normal 0.848856 0 -0.528625
    outer loop
      vertex 10.644 17.195 3.5
      vertex 10.6267 20.195 3.47222
      vertex 10.644 20.195 3.5
    endloop
  endfacet
  facet normal 0.848856 0 -0.528625
    outer loop
      vertex 10.6267 20.195 3.47222
      vertex 10.644 17.195 3.5
      vertex 10.6267 17.195 3.47222
    endloop
  endfacet
  facet normal 0.910889 0 -0.412651
    outer loop
      vertex 10.6729 17.195 3.55866
      vertex 10.6594 20.195 3.52886
      vertex 10.6729 20.195 3.55866
    endloop
  endfacet
  facet normal 0.910889 0 -0.412651
    outer loop
      vertex 10.6594 20.195 3.52886
      vertex 10.6729 17.195 3.55866
      vertex 10.6594 17.195 3.52886
    endloop
  endfacet
  facet normal 0.956922 0 -0.290347
    outer loop
      vertex 10.694 17.195 3.62059
      vertex 10.6845 20.195 3.58928
      vertex 10.694 20.195 3.62059
    endloop
  endfacet
  facet normal 0.956922 0 -0.290347
    outer loop
      vertex 10.6845 20.195 3.58928
      vertex 10.694 17.195 3.62059
      vertex 10.6845 17.195 3.58928
    endloop
  endfacet
  facet normal 0.986788 0 -0.162019
    outer loop
      vertex 10.7067 17.195 3.68474
      vertex 10.7014 20.195 3.65246
      vertex 10.7067 20.195 3.68474
    endloop
  endfacet
  facet normal 0.986788 0 -0.162019
    outer loop
      vertex 10.7014 20.195 3.65246
      vertex 10.7067 17.195 3.68474
      vertex 10.7014 17.195 3.65246
    endloop
  endfacet
  facet normal -0.957006 0 -0.290067
    outer loop
      vertex 9.73753 17.195 3.58928
      vertex 9.72804 20.195 3.62059
      vertex 9.73753 20.195 3.58928
    endloop
  endfacet
  facet normal -0.957006 -0 -0.290067
    outer loop
      vertex 9.72804 20.195 3.62059
      vertex 9.73753 17.195 3.58928
      vertex 9.72804 17.195 3.62059
    endloop
  endfacet
  facet normal -0.910851 0 -0.412735
    outer loop
      vertex 9.761 17.195 3.53231
      vertex 9.74906 20.195 3.55866
      vertex 9.761 20.195 3.53231
    endloop
  endfacet
  facet normal -0.910851 -0 -0.412735
    outer loop
      vertex 9.74906 20.195 3.55866
      vertex 9.761 17.195 3.53231
      vertex 9.74906 17.195 3.55866
    endloop
  endfacet
  facet normal -0.986641 0 -0.162912
    outer loop
      vertex 9.72061 17.195 3.65246
      vertex 9.71528 20.195 3.68474
      vertex 9.72061 20.195 3.65246
    endloop
  endfacet
  facet normal -0.986641 -0 -0.162912
    outer loop
      vertex 9.71528 20.195 3.68474
      vertex 9.72061 17.195 3.65246
      vertex 9.71528 17.195 3.68474
    endloop
  endfacet
  facet normal 0 -1 0
    outer loop
      vertex 10.461 17.195 4.18301
      vertex 10.5154 17.195 4.14668
      vertex 10.4888 17.195 4.16574
    endloop
  endfacet
  facet normal 0 -1 0
    outer loop
      vertex 10.461 17.195 4.18301
      vertex 10.5407 17.195 4.12592
      vertex 10.5154 17.195 4.14668
    endloop
  endfacet
  facet normal 0 -1 0
    outer loop
      vertex 10.461 17.195 4.18301
      vertex 10.5646 17.195 4.10355
      vertex 10.5407 17.195 4.12592
    endloop
  endfacet
  facet normal 0 -1 0
    outer loop
      vertex 10.461 17.195 4.18301
      vertex 10.5869 17.195 4.07967
      vertex 10.5646 17.195 4.10355
    endloop
  endfacet
  facet normal 0 -1 0
    outer loop
      vertex 10.461 17.195 4.18301
      vertex 10.6077 17.195 4.05438
      vertex 10.5869 17.195 4.07967
    endloop
  endfacet
  facet normal 0 -1 0
    outer loop
      vertex 10.461 17.195 4.18301
      vertex 10.6267 17.195 4.02779
      vertex 10.6077 17.195 4.05438
    endloop
  endfacet
  facet normal 0 -1 0
    outer loop
      vertex 10.461 17.195 4.18301
      vertex 10.644 17.195 4
      vertex 10.6267 17.195 4.02779
    endloop
  endfacet
  facet normal 0 -1 0
    outer loop
      vertex 10.461 17.195 4.18301
      vertex 10.6594 17.195 3.97114
      vertex 10.644 17.195 4
    endloop
  endfacet
  facet normal 0 -1 0
    outer loop
      vertex 10.461 17.195 4.18301
      vertex 10.6729 17.195 3.94134
      vertex 10.6594 17.195 3.97114
    endloop
  endfacet
  facet normal 0 -1 0
    outer loop
      vertex 10.461 17.195 4.18301
      vertex 10.6845 17.195 3.91072
      vertex 10.6729 17.195 3.94134
    endloop
  endfacet
  facet normal 0 -1 0
    outer loop
      vertex 10.461 17.195 4.18301
      vertex 10.694 17.195 3.87941
      vertex 10.6845 17.195 3.91072
    endloop
  endfacet
  facet normal 0 -1 0
    outer loop
      vertex 10.461 17.195 4.18301
      vertex 10.7014 17.195 3.84755
      vertex 10.694 17.195 3.87941
    endloop
  endfacet
  facet normal 0 -1 0
    outer loop
      vertex 10.461 17.195 4.18301
      vertex 10.7067 17.195 3.81526
      vertex 10.7014 17.195 3.84755
    endloop
  endfacet
  facet normal 0 -1 0
    outer loop
      vertex 10.461 17.195 4.18301
      vertex 10.7099 17.195 3.7827
      vertex 10.7067 17.195 3.81526
    endloop
  endfacet
  facet normal 0 -1 0
    outer loop
      vertex 10.461 17.195 4.18301
      vertex 10.711 17.195 3.75
      vertex 10.7099 17.195 3.7827
    endloop
  endfacet
  facet normal 0 -1 0
    outer loop
      vertex 10.461 17.195 4.18301
      vertex 10.7099 17.195 3.7173
      vertex 10.711 17.195 3.75
    endloop
  endfacet
  facet normal 0 -1 0
    outer loop
      vertex 10.461 17.195 4.18301
      vertex 10.7067 17.195 3.68474
      vertex 10.7099 17.195 3.7173
    endloop
  endfacet
  facet normal 0 -1 0
    outer loop
      vertex 10.461 17.195 4.18301
      vertex 10.7014 17.195 3.65246
      vertex 10.7067 17.195 3.68474
    endloop
  endfacet
  facet normal 0 -1 0
    outer loop
      vertex 10.461 17.195 4.18301
      vertex 10.694 17.195 3.62059
      vertex 10.7014 17.195 3.65246
    endloop
  endfacet
  facet normal 0 -1 0
    outer loop
      vertex 10.461 17.195 4.18301
      vertex 10.6845 17.195 3.58928
      vertex 10.694 17.195 3.62059
    endloop
  endfacet
  facet normal 0 -1 0
    outer loop
      vertex 10.461 17.195 4.18301
      vertex 10.6729 17.195 3.55866
      vertex 10.6845 17.195 3.58928
    endloop
  endfacet
  facet normal 0 -1 0
    outer loop
      vertex 10.461 17.195 4.18301
      vertex 10.6594 17.195 3.52886
      vertex 10.6729 17.195 3.55866
    endloop
  endfacet
  facet normal 0 -1 0
    outer loop
      vertex 10.461 17.195 4.18301
      vertex 10.644 17.195 3.5
      vertex 10.6594 17.195 3.52886
    endloop
  endfacet
  facet normal 0 -1 0
    outer loop
      vertex 10.461 17.195 4.18301
      vertex 10.6267 17.195 3.47222
      vertex 10.644 17.195 3.5
    endloop
  endfacet
  facet normal 0 -1 0
    outer loop
      vertex 10.461 17.195 4.18301
      vertex 10.6077 17.195 3.44562
      vertex 10.6267 17.195 3.47222
    endloop
  endfacet
  facet normal 0 -1 0
    outer loop
      vertex 10.461 17.195 4.18301
      vertex 10.5869 17.195 3.42033
      vertex 10.6077 17.195 3.44562
    endloop
  endfacet
  facet normal 0 -1 0
    outer loop
      vertex 10.461 17.195 4.18301
      vertex 10.5646 17.195 3.39645
      vertex 10.5869 17.195 3.42033
    endloop
  endfacet
  facet normal 0 -1 0
    outer loop
      vertex 10.461 17.195 4.18301
      vertex 10.5407 17.195 3.37408
      vertex 10.5646 17.195 3.39645
    endloop
  endfacet
  facet normal 0 -1 0
    outer loop
      vertex 10.461 17.195 4.18301
      vertex 10.5154 17.195 3.35332
      vertex 10.5407 17.195 3.37408
    endloop
  endfacet
  facet normal 0 -1 0
    outer loop
      vertex 10.461 17.195 4.18301
      vertex 10.4888 17.195 3.33427
      vertex 10.5154 17.195 3.35332
    endloop
  endfacet
  facet normal -0 -1 0
    outer loop
      vertex 10.4888 17.195 3.33427
      vertex 10.461 17.195 4.18301
      vertex 10.461 17.195 3.31699
    endloop
  endfacet
  facet normal 0 -1 0
    outer loop
      vertex 10.1783 17.195 4.24893
      vertex 10.2437 17.195 4.24893
      vertex 10.211 17.195 4.25
    endloop
  endfacet
  facet normal 0 -1 0
    outer loop
      vertex 10.1457 17.195 4.24572
      vertex 10.2437 17.195 4.24893
      vertex 10.1783 17.195 4.24893
    endloop
  endfacet
  facet normal 0 -1 0
    outer loop
      vertex 10.1457 17.195 4.24572
      vertex 10.2763 17.195 4.24572
      vertex 10.2437 17.195 4.24893
    endloop
  endfacet
  facet normal 0 -1 0
    outer loop
      vertex 10.1135 17.195 4.24039
      vertex 10.2763 17.195 4.24572
      vertex 10.1457 17.195 4.24572
    endloop
  endfacet
  facet normal 0 -1 0
    outer loop
      vertex 10.1135 17.195 4.24039
      vertex 10.3085 17.195 4.24039
      vertex 10.2763 17.195 4.24572
    endloop
  endfacet
  facet normal 0 -1 0
    outer loop
      vertex 10.0816 17.195 4.23296
      vertex 10.3085 17.195 4.24039
      vertex 10.1135 17.195 4.24039
    endloop
  endfacet
  facet normal 0 -1 0
    outer loop
      vertex 10.0816 17.195 4.23296
      vertex 10.3404 17.195 4.23296
      vertex 10.3085 17.195 4.24039
    endloop
  endfacet
  facet normal 0 -1 0
    outer loop
      vertex 10.0503 17.195 4.22347
      vertex 10.3404 17.195 4.23296
      vertex 10.0816 17.195 4.23296
    endloop
  endfacet
  facet normal 0 -1 0
    outer loop
      vertex 10.0503 17.195 4.22347
      vertex 10.3717 17.195 4.22347
      vertex 10.3404 17.195 4.23296
    endloop
  endfacet
  facet normal 0 -1 0
    outer loop
      vertex 10.0197 17.195 4.21194
      vertex 10.3717 17.195 4.22347
      vertex 10.0503 17.195 4.22347
    endloop
  endfacet
  facet normal 0 -1 0
    outer loop
      vertex 10.0197 17.195 4.21194
      vertex 10.4023 17.195 4.21194
      vertex 10.3717 17.195 4.22347
    endloop
  endfacet
  facet normal 0 -1 0
    outer loop
      vertex 9.99331 17.195 4.2
      vertex 10.4023 17.195 4.21194
      vertex 10.0197 17.195 4.21194
    endloop
  endfacet
  facet normal 0 -1 -0
    outer loop
      vertex 10.4023 17.195 4.21194
      vertex 9.99331 17.195 4.2
      vertex 10.4287 17.195 4.2
    endloop
  endfacet
  facet normal 0 -1 0
    outer loop
      vertex 9.73753 17.195 3.91072
      vertex 9.761 17.195 3.96769
      vertex 9.74906 17.195 3.94134
    endloop
  endfacet
  facet normal 0 -1 0
    outer loop
      vertex 9.72804 17.195 3.87941
      vertex 9.761 17.195 3.96769
      vertex 9.73753 17.195 3.91072
    endloop
  endfacet
  facet normal 0 -1 0
    outer loop
      vertex 9.72061 17.195 3.84755
      vertex 9.761 17.195 3.96769
      vertex 9.72804 17.195 3.87941
    endloop
  endfacet
  facet normal 0 -1 0
    outer loop
      vertex 9.71528 17.195 3.81526
      vertex 9.761 17.195 3.96769
      vertex 9.72061 17.195 3.84755
    endloop
  endfacet
  facet normal 0 -1 0
    outer loop
      vertex 9.71207 17.195 3.7827
      vertex 9.761 17.195 3.96769
      vertex 9.71528 17.195 3.81526
    endloop
  endfacet
  facet normal 0 -1 0
    outer loop
      vertex 9.711 17.195 3.75
      vertex 9.761 17.195 3.96769
      vertex 9.71207 17.195 3.7827
    endloop
  endfacet
  facet normal 0 -1 0
    outer loop
      vertex 9.71207 17.195 3.7173
      vertex 9.761 17.195 3.96769
      vertex 9.711 17.195 3.75
    endloop
  endfacet
  facet normal 0 -1 0
    outer loop
      vertex 9.71528 17.195 3.68474
      vertex 9.761 17.195 3.96769
      vertex 9.71207 17.195 3.7173
    endloop
  endfacet
  facet normal 0 -1 0
    outer loop
      vertex 9.72061 17.195 3.65246
      vertex 9.761 17.195 3.96769
      vertex 9.71528 17.195 3.68474
    endloop
  endfacet
  facet normal 0 -1 0
    outer loop
      vertex 9.72804 17.195 3.62059
      vertex 9.761 17.195 3.96769
      vertex 9.72061 17.195 3.65246
    endloop
  endfacet
  facet normal 0 -1 0
    outer loop
      vertex 9.73753 17.195 3.58928
      vertex 9.761 17.195 3.96769
      vertex 9.72804 17.195 3.62059
    endloop
  endfacet
  facet normal 0 -1 0
    outer loop
      vertex 9.74906 17.195 3.55866
      vertex 9.761 17.195 3.96769
      vertex 9.73753 17.195 3.58928
    endloop
  endfacet
  facet normal 0 -1 -0
    outer loop
      vertex 9.761 17.195 3.96769
      vertex 9.74906 17.195 3.55866
      vertex 9.761 17.195 3.53231
    endloop
  endfacet
  facet normal 0.683352 0 -0.730089
    outer loop
      vertex 10.5407 17.195 3.37408
      vertex 10.5646 20.195 3.39645
      vertex 10.5646 17.195 3.39645
    endloop
  endfacet
  facet normal 0.683352 0 -0.730089
    outer loop
      vertex 10.5646 20.195 3.39645
      vertex 10.5407 17.195 3.37408
      vertex 10.5407 20.195 3.37408
    endloop
  endfacet
  facet normal 0.52791 0 -0.8493
    outer loop
      vertex 10.461 17.195 3.31699
      vertex 10.4888 20.195 3.33427
      vertex 10.4888 17.195 3.33427
    endloop
  endfacet
  facet normal 0.52791 0 -0.8493
    outer loop
      vertex 10.4888 20.195 3.33427
      vertex 10.461 17.195 3.31699
      vertex 10.461 20.195 3.31699
    endloop
  endfacet
  facet normal 0.813733 0 -0.581238
    outer loop
      vertex 10.6267 17.195 3.47222
      vertex 10.6077 20.195 3.44562
      vertex 10.6267 20.195 3.47222
    endloop
  endfacet
  facet normal 0.813733 0 -0.581238
    outer loop
      vertex 10.6077 20.195 3.44562
      vertex 10.6267 17.195 3.47222
      vertex 10.6077 17.195 3.44562
    endloop
  endfacet
  facet normal 0.935144 0 -0.354268
    outer loop
      vertex 10.6845 17.195 3.58928
      vertex 10.6729 20.195 3.55866
      vertex 10.6845 20.195 3.58928
    endloop
  endfacet
  facet normal 0.935144 0 -0.354268
    outer loop
      vertex 10.6729 20.195 3.55866
      vertex 10.6845 17.195 3.58928
      vertex 10.6729 17.195 3.55866
    endloop
  endfacet
  facet normal 0.974086 0 -0.226176
    outer loop
      vertex 10.7014 17.195 3.65246
      vertex 10.694 20.195 3.62059
      vertex 10.7014 20.195 3.65246
    endloop
  endfacet
  facet normal 0.974086 0 -0.226176
    outer loop
      vertex 10.694 20.195 3.62059
      vertex 10.7014 17.195 3.65246
      vertex 10.694 17.195 3.62059
    endloop
  endfacet
  facet normal -0.935851 0 -0.352396
    outer loop
      vertex 9.74906 17.195 3.55866
      vertex 9.73753 20.195 3.58928
      vertex 9.74906 20.195 3.55866
    endloop
  endfacet
  facet normal -0.935851 -0 -0.352396
    outer loop
      vertex 9.73753 20.195 3.58928
      vertex 9.74906 17.195 3.55866
      vertex 9.73753 17.195 3.58928
    endloop
  endfacet
  facet normal -0.973884 0 -0.227046
    outer loop
      vertex 9.72804 17.195 3.62059
      vertex 9.72061 20.195 3.65246
      vertex 9.72804 20.195 3.62059
    endloop
  endfacet
  facet normal -0.973884 -0 -0.227046
    outer loop
      vertex 9.72061 20.195 3.65246
      vertex 9.72804 17.195 3.62059
      vertex 9.72061 17.195 3.65246
    endloop
  endfacet
  facet normal 0.999435 -0 0.0336201
    outer loop
      vertex -12.7151 17.195 3.7827
      vertex -12.714 20.195 3.75
      vertex -12.7151 20.195 3.7827
    endloop
  endfacet
  facet normal 0.999435 0 0.0336201
    outer loop
      vertex -12.714 20.195 3.75
      vertex -12.7151 17.195 3.7827
      vertex -12.714 17.195 3.75
    endloop
  endfacet
  facet normal -0.999435 0 0.0336201
    outer loop
      vertex -13.714 17.195 3.75
      vertex -13.7129 20.195 3.7827
      vertex -13.714 20.195 3.75
    endloop
  endfacet
  facet normal -0.999435 0 0.0336201
    outer loop
      vertex -13.7129 20.195 3.7827
      vertex -13.714 17.195 3.75
      vertex -13.7129 17.195 3.7827
    endloop
  endfacet
  facet normal 0.0327042 0 0.999465
    outer loop
      vertex -13.214 20.195 4.25
      vertex -13.1813 17.195 4.24893
      vertex -13.1813 20.195 4.24893
    endloop
  endfacet
  facet normal 0.0327042 0 0.999465
    outer loop
      vertex -13.1813 17.195 4.24893
      vertex -13.214 20.195 4.25
      vertex -13.214 17.195 4.25
    endloop
  endfacet
  facet normal -0.683352 0 0.730089
    outer loop
      vertex -13.5676 20.195 4.10355
      vertex -13.5437 17.195 4.12592
      vertex -13.5437 20.195 4.12592
    endloop
  endfacet
  facet normal -0.683352 0 0.730089
    outer loop
      vertex -13.5437 17.195 4.12592
      vertex -13.5676 20.195 4.10355
      vertex -13.5676 17.195 4.10355
    endloop
  endfacet
  facet normal -0.352598 0 0.935775
    outer loop
      vertex -13.4053 20.195 4.21194
      vertex -13.3747 17.195 4.22347
      vertex -13.3747 20.195 4.22347
    endloop
  endfacet
  facet normal -0.352598 0 0.935775
    outer loop
      vertex -13.3747 17.195 4.22347
      vertex -13.4053 20.195 4.21194
      vertex -13.4053 17.195 4.21194
    endloop
  endfacet
  facet normal 0.911371 -0 0.411587
    outer loop
      vertex -12.764 17.195 3.96769
      vertex -12.7521 20.195 3.94134
      vertex -12.764 20.195 3.96769
    endloop
  endfacet
  facet normal 0.911371 0 0.411587
    outer loop
      vertex -12.7521 20.195 3.94134
      vertex -12.764 17.195 3.96769
      vertex -12.7521 17.195 3.94134
    endloop
  endfacet
  facet normal 0.412086 0 0.911145
    outer loop
      vertex -13.0227 20.195 4.21194
      vertex -12.9963 17.195 4.2
      vertex -12.9963 20.195 4.2
    endloop
  endfacet
  facet normal 0.412086 0 0.911145
    outer loop
      vertex -12.9963 17.195 4.2
      vertex -13.0227 20.195 4.21194
      vertex -13.0227 17.195 4.21194
    endloop
  endfacet
  facet normal -0.848941 0 0.528488
    outer loop
      vertex -13.647 17.195 4
      vertex -13.6297 20.195 4.02779
      vertex -13.647 20.195 4
    endloop
  endfacet
  facet normal -0.848941 0 0.528488
    outer loop
      vertex -13.6297 20.195 4.02779
      vertex -13.647 17.195 4
      vertex -13.6297 17.195 4.02779
    endloop
  endfacet
  facet normal -0.163306 0 0.986575
    outer loop
      vertex -13.3115 20.195 4.24039
      vertex -13.2793 17.195 4.24572
      vertex -13.2793 20.195 4.24572
    endloop
  endfacet
  facet normal -0.163306 0 0.986575
    outer loop
      vertex -13.2793 17.195 4.24572
      vertex -13.3115 20.195 4.24039
      vertex -13.3115 17.195 4.24039
    endloop
  endfacet
  facet normal 0.986796 -0 0.16197
    outer loop
      vertex -12.7236 17.195 3.84755
      vertex -12.7183 20.195 3.81526
      vertex -12.7236 20.195 3.84755
    endloop
  endfacet
  facet normal 0.986796 0 0.16197
    outer loop
      vertex -12.7183 20.195 3.81526
      vertex -12.7236 17.195 3.84755
      vertex -12.7183 17.195 3.81526
    endloop
  endfacet
  facet normal 0.995205 -0 0.0978089
    outer loop
      vertex -12.7183 17.195 3.81526
      vertex -12.7151 20.195 3.7827
      vertex -12.7183 20.195 3.81526
    endloop
  endfacet
  facet normal 0.995205 0 0.0978089
    outer loop
      vertex -12.7151 20.195 3.7827
      vertex -12.7183 17.195 3.81526
      vertex -12.7151 17.195 3.7827
    endloop
  endfacet
  facet normal 0.226844 0 0.973931
    outer loop
      vertex -13.1165 20.195 4.24039
      vertex -13.0846 17.195 4.23296
      vertex -13.0846 20.195 4.23296
    endloop
  endfacet
  facet normal 0.226844 0 0.973931
    outer loop
      vertex -13.0846 17.195 4.23296
      vertex -13.1165 20.195 4.24039
      vertex -13.1165 17.195 4.24039
    endloop
  endfacet
  facet normal 0.352598 0 0.935775
    outer loop
      vertex -13.0533 20.195 4.22347
      vertex -13.0227 17.195 4.21194
      vertex -13.0227 20.195 4.21194
    endloop
  endfacet
  facet normal 0.352598 0 0.935775
    outer loop
      vertex -13.0227 17.195 4.21194
      vertex -13.0533 20.195 4.22347
      vertex -13.0533 17.195 4.22347
    endloop
  endfacet
  facet normal 0.163306 0 0.986575
    outer loop
      vertex -13.1487 20.195 4.24572
      vertex -13.1165 17.195 4.24039
      vertex -13.1165 20.195 4.24039
    endloop
  endfacet
  facet normal 0.163306 0 0.986575
    outer loop
      vertex -13.1165 17.195 4.24039
      vertex -13.1487 20.195 4.24572
      vertex -13.1487 17.195 4.24572
    endloop
  endfacet
  facet normal -0.730872 0 0.682515
    outer loop
      vertex -13.5899 17.195 4.07967
      vertex -13.5676 20.195 4.10355
      vertex -13.5899 20.195 4.07967
    endloop
  endfacet
  facet normal -0.730872 0 0.682515
    outer loop
      vertex -13.5676 20.195 4.10355
      vertex -13.5899 17.195 4.07967
      vertex -13.5676 17.195 4.10355
    endloop
  endfacet
  facet normal -0.974071 0 0.226244
    outer loop
      vertex -13.7044 17.195 3.84755
      vertex -13.697 20.195 3.87941
      vertex -13.7044 20.195 3.84755
    endloop
  endfacet
  facet normal -0.974071 0 0.226244
    outer loop
      vertex -13.697 20.195 3.87941
      vertex -13.7044 17.195 3.84755
      vertex -13.697 17.195 3.87941
    endloop
  endfacet
  facet normal -0.935144 0 0.354268
    outer loop
      vertex -13.6875 17.195 3.91072
      vertex -13.6759 20.195 3.94134
      vertex -13.6875 20.195 3.91072
    endloop
  endfacet
  facet normal -0.935144 0 0.354268
    outer loop
      vertex -13.6759 20.195 3.94134
      vertex -13.6875 17.195 3.91072
      vertex -13.6759 17.195 3.94134
    endloop
  endfacet
  facet normal 0 -1 0
    outer loop
      vertex -12.764 17.195 3.96769
      vertex -12.7405 17.195 3.91072
      vertex -12.7521 17.195 3.94134
    endloop
  endfacet
  facet normal 0 -1 0
    outer loop
      vertex -12.764 17.195 3.96769
      vertex -12.731 17.195 3.87941
      vertex -12.7405 17.195 3.91072
    endloop
  endfacet
  facet normal 0 -1 0
    outer loop
      vertex -12.764 17.195 3.96769
      vertex -12.7236 17.195 3.84755
      vertex -12.731 17.195 3.87941
    endloop
  endfacet
  facet normal 0 -1 0
    outer loop
      vertex -12.764 17.195 3.96769
      vertex -12.7183 17.195 3.81526
      vertex -12.7236 17.195 3.84755
    endloop
  endfacet
  facet normal 0 -1 0
    outer loop
      vertex -12.764 17.195 3.96769
      vertex -12.7151 17.195 3.7827
      vertex -12.7183 17.195 3.81526
    endloop
  endfacet
  facet normal 0 -1 0
    outer loop
      vertex -12.764 17.195 3.96769
      vertex -12.714 17.195 3.75
      vertex -12.7151 17.195 3.7827
    endloop
  endfacet
  facet normal 0 -1 0
    outer loop
      vertex -12.764 17.195 3.96769
      vertex -12.7151 17.195 3.7173
      vertex -12.714 17.195 3.75
    endloop
  endfacet
  facet normal 0 -1 0
    outer loop
      vertex -12.764 17.195 3.96769
      vertex -12.7183 17.195 3.68474
      vertex -12.7151 17.195 3.7173
    endloop
  endfacet
  facet normal 0 -1 0
    outer loop
      vertex -12.764 17.195 3.96769
      vertex -12.7236 17.195 3.65246
      vertex -12.7183 17.195 3.68474
    endloop
  endfacet
  facet normal 0 -1 0
    outer loop
      vertex -12.764 17.195 3.96769
      vertex -12.731 17.195 3.62059
      vertex -12.7236 17.195 3.65246
    endloop
  endfacet
  facet normal 0 -1 0
    outer loop
      vertex -12.764 17.195 3.96769
      vertex -12.7405 17.195 3.58928
      vertex -12.731 17.195 3.62059
    endloop
  endfacet
  facet normal 0 -1 0
    outer loop
      vertex -12.764 17.195 3.96769
      vertex -12.7521 17.195 3.55866
      vertex -12.7405 17.195 3.58928
    endloop
  endfacet
  facet normal -0 -1 0
    outer loop
      vertex -12.7521 17.195 3.55866
      vertex -12.764 17.195 3.96769
      vertex -12.764 17.195 3.53231
    endloop
  endfacet
  facet normal 0 -1 0
    outer loop
      vertex -13.5184 17.195 4.14668
      vertex -13.464 17.195 4.18301
      vertex -13.4918 17.195 4.16574
    endloop
  endfacet
  facet normal 0 -1 0
    outer loop
      vertex -13.5437 17.195 4.12592
      vertex -13.464 17.195 4.18301
      vertex -13.5184 17.195 4.14668
    endloop
  endfacet
  facet normal 0 -1 0
    outer loop
      vertex -13.5676 17.195 4.10355
      vertex -13.464 17.195 4.18301
      vertex -13.5437 17.195 4.12592
    endloop
  endfacet
  facet normal 0 -1 0
    outer loop
      vertex -13.5899 17.195 4.07967
      vertex -13.464 17.195 4.18301
      vertex -13.5676 17.195 4.10355
    endloop
  endfacet
  facet normal 0 -1 0
    outer loop
      vertex -13.6107 17.195 4.05438
      vertex -13.464 17.195 4.18301
      vertex -13.5899 17.195 4.07967
    endloop
  endfacet
  facet normal 0 -1 0
    outer loop
      vertex -13.6297 17.195 4.02779
      vertex -13.464 17.195 4.18301
      vertex -13.6107 17.195 4.05438
    endloop
  endfacet
  facet normal 0 -1 0
    outer loop
      vertex -13.647 17.195 4
      vertex -13.464 17.195 4.18301
      vertex -13.6297 17.195 4.02779
    endloop
  endfacet
  facet normal 0 -1 0
    outer loop
      vertex -13.6624 17.195 3.97114
      vertex -13.464 17.195 4.18301
      vertex -13.647 17.195 4
    endloop
  endfacet
  facet normal 0 -1 0
    outer loop
      vertex -13.6759 17.195 3.94134
      vertex -13.464 17.195 4.18301
      vertex -13.6624 17.195 3.97114
    endloop
  endfacet
  facet normal 0 -1 0
    outer loop
      vertex -13.6875 17.195 3.91072
      vertex -13.464 17.195 4.18301
      vertex -13.6759 17.195 3.94134
    endloop
  endfacet
  facet normal 0 -1 0
    outer loop
      vertex -13.697 17.195 3.87941
      vertex -13.464 17.195 4.18301
      vertex -13.6875 17.195 3.91072
    endloop
  endfacet
  facet normal 0 -1 0
    outer loop
      vertex -13.7044 17.195 3.84755
      vertex -13.464 17.195 4.18301
      vertex -13.697 17.195 3.87941
    endloop
  endfacet
  facet normal 0 -1 0
    outer loop
      vertex -13.7097 17.195 3.81526
      vertex -13.464 17.195 4.18301
      vertex -13.7044 17.195 3.84755
    endloop
  endfacet
  facet normal 0 -1 0
    outer loop
      vertex -13.7129 17.195 3.7827
      vertex -13.464 17.195 4.18301
      vertex -13.7097 17.195 3.81526
    endloop
  endfacet
  facet normal 0 -1 0
    outer loop
      vertex -13.714 17.195 3.75
      vertex -13.464 17.195 4.18301
      vertex -13.7129 17.195 3.7827
    endloop
  endfacet
  facet normal 0 -1 0
    outer loop
      vertex -13.7129 17.195 3.7173
      vertex -13.464 17.195 4.18301
      vertex -13.714 17.195 3.75
    endloop
  endfacet
  facet normal 0 -1 0
    outer loop
      vertex -13.7097 17.195 3.68474
      vertex -13.464 17.195 4.18301
      vertex -13.7129 17.195 3.7173
    endloop
  endfacet
  facet normal 0 -1 0
    outer loop
      vertex -13.7044 17.195 3.65246
      vertex -13.464 17.195 4.18301
      vertex -13.7097 17.195 3.68474
    endloop
  endfacet
  facet normal 0 -1 0
    outer loop
      vertex -13.697 17.195 3.62059
      vertex -13.464 17.195 4.18301
      vertex -13.7044 17.195 3.65246
    endloop
  endfacet
  facet normal 0 -1 0
    outer loop
      vertex -13.6875 17.195 3.58928
      vertex -13.464 17.195 4.18301
      vertex -13.697 17.195 3.62059
    endloop
  endfacet
  facet normal 0 -1 0
    outer loop
      vertex -13.6759 17.195 3.55866
      vertex -13.464 17.195 4.18301
      vertex -13.6875 17.195 3.58928
    endloop
  endfacet
  facet normal 0 -1 0
    outer loop
      vertex -13.6624 17.195 3.52886
      vertex -13.464 17.195 4.18301
      vertex -13.6759 17.195 3.55866
    endloop
  endfacet
  facet normal 0 -1 0
    outer loop
      vertex -13.647 17.195 3.5
      vertex -13.464 17.195 4.18301
      vertex -13.6624 17.195 3.52886
    endloop
  endfacet
  facet normal 0 -1 0
    outer loop
      vertex -13.6297 17.195 3.47222
      vertex -13.464 17.195 4.18301
      vertex -13.647 17.195 3.5
    endloop
  endfacet
  facet normal 0 -1 0
    outer loop
      vertex -13.6107 17.195 3.44562
      vertex -13.464 17.195 4.18301
      vertex -13.6297 17.195 3.47222
    endloop
  endfacet
  facet normal 0 -1 0
    outer loop
      vertex -13.5899 17.195 3.42033
      vertex -13.464 17.195 4.18301
      vertex -13.6107 17.195 3.44562
    endloop
  endfacet
  facet normal 0 -1 0
    outer loop
      vertex -13.5676 17.195 3.39645
      vertex -13.464 17.195 4.18301
      vertex -13.5899 17.195 3.42033
    endloop
  endfacet
  facet normal 0 -1 0
    outer loop
      vertex -13.5437 17.195 3.37408
      vertex -13.464 17.195 4.18301
      vertex -13.5676 17.195 3.39645
    endloop
  endfacet
  facet normal 0 -1 0
    outer loop
      vertex -13.5184 17.195 3.35332
      vertex -13.464 17.195 4.18301
      vertex -13.5437 17.195 3.37408
    endloop
  endfacet
  facet normal 0 -1 0
    outer loop
      vertex -13.4918 17.195 3.33427
      vertex -13.464 17.195 4.18301
      vertex -13.5184 17.195 3.35332
    endloop
  endfacet
  facet normal 0 -1 -0
    outer loop
      vertex -13.464 17.195 4.18301
      vertex -13.4918 17.195 3.33427
      vertex -13.464 17.195 3.31699
    endloop
  endfacet
  facet normal 0 -1 0
    outer loop
      vertex -13.2467 17.195 4.24893
      vertex -13.1813 17.195 4.24893
      vertex -13.214 17.195 4.25
    endloop
  endfacet
  facet normal 0 -1 0
    outer loop
      vertex -13.2793 17.195 4.24572
      vertex -13.1813 17.195 4.24893
      vertex -13.2467 17.195 4.24893
    endloop
  endfacet
  facet normal 0 -1 0
    outer loop
      vertex -13.2793 17.195 4.24572
      vertex -13.1487 17.195 4.24572
      vertex -13.1813 17.195 4.24893
    endloop
  endfacet
  facet normal 0 -1 0
    outer loop
      vertex -13.3115 17.195 4.24039
      vertex -13.1487 17.195 4.24572
      vertex -13.2793 17.195 4.24572
    endloop
  endfacet
  facet normal 0 -1 0
    outer loop
      vertex -13.3115 17.195 4.24039
      vertex -13.1165 17.195 4.24039
      vertex -13.1487 17.195 4.24572
    endloop
  endfacet
  facet normal 0 -1 0
    outer loop
      vertex -13.3434 17.195 4.23296
      vertex -13.1165 17.195 4.24039
      vertex -13.3115 17.195 4.24039
    endloop
  endfacet
  facet normal 0 -1 0
    outer loop
      vertex -13.3434 17.195 4.23296
      vertex -13.0846 17.195 4.23296
      vertex -13.1165 17.195 4.24039
    endloop
  endfacet
  facet normal 0 -1 0
    outer loop
      vertex -13.3747 17.195 4.22347
      vertex -13.0846 17.195 4.23296
      vertex -13.3434 17.195 4.23296
    endloop
  endfacet
  facet normal 0 -1 0
    outer loop
      vertex -13.3747 17.195 4.22347
      vertex -13.0533 17.195 4.22347
      vertex -13.0846 17.195 4.23296
    endloop
  endfacet
  facet normal 0 -1 0
    outer loop
      vertex -13.4053 17.195 4.21194
      vertex -13.0533 17.195 4.22347
      vertex -13.3747 17.195 4.22347
    endloop
  endfacet
  facet normal 0 -1 0
    outer loop
      vertex -13.4053 17.195 4.21194
      vertex -13.0227 17.195 4.21194
      vertex -13.0533 17.195 4.22347
    endloop
  endfacet
  facet normal 0 -1 0
    outer loop
      vertex -13.4317 17.195 4.2
      vertex -13.0227 17.195 4.21194
      vertex -13.4053 17.195 4.21194
    endloop
  endfacet
  facet normal 0 -1 -0
    outer loop
      vertex -13.0227 17.195 4.21194
      vertex -13.4317 17.195 4.2
      vertex -12.9963 17.195 4.2
    endloop
  endfacet
  facet normal -0.52769 0 0.849437
    outer loop
      vertex -13.4918 20.195 4.16574
      vertex -13.464 17.195 4.18301
      vertex -13.464 20.195 4.18301
    endloop
  endfacet
  facet normal -0.52769 0 0.849437
    outer loop
      vertex -13.464 17.195 4.18301
      vertex -13.4918 20.195 4.16574
      vertex -13.4918 17.195 4.16574
    endloop
  endfacet
  facet normal -0.634335 0 0.773058
    outer loop
      vertex -13.5437 20.195 4.12592
      vertex -13.5184 17.195 4.14668
      vertex -13.5184 20.195 4.14668
    endloop
  endfacet
  facet normal -0.634335 0 0.773058
    outer loop
      vertex -13.5184 17.195 4.14668
      vertex -13.5437 20.195 4.12592
      vertex -13.5437 17.195 4.12592
    endloop
  endfacet
  facet normal -0.0979924 0 0.995187
    outer loop
      vertex -13.2793 20.195 4.24572
      vertex -13.2467 17.195 4.24893
      vertex -13.2467 20.195 4.24893
    endloop
  endfacet
  facet normal -0.0979924 0 0.995187
    outer loop
      vertex -13.2467 17.195 4.24893
      vertex -13.2793 20.195 4.24572
      vertex -13.2793 17.195 4.24572
    endloop
  endfacet
  facet normal 0 1 0
    outer loop
      vertex -12.7405 20.195 3.91072
      vertex -12.764 20.195 3.96769
      vertex -12.7521 20.195 3.94134
    endloop
  endfacet
  facet normal 0 1 0
    outer loop
      vertex -12.731 20.195 3.87941
      vertex -12.764 20.195 3.96769
      vertex -12.7405 20.195 3.91072
    endloop
  endfacet
  facet normal 0 1 0
    outer loop
      vertex -12.7236 20.195 3.84755
      vertex -12.764 20.195 3.96769
      vertex -12.731 20.195 3.87941
    endloop
  endfacet
  facet normal 0 1 0
    outer loop
      vertex -12.7183 20.195 3.81526
      vertex -12.764 20.195 3.96769
      vertex -12.7236 20.195 3.84755
    endloop
  endfacet
  facet normal 0 1 0
    outer loop
      vertex -12.7151 20.195 3.7827
      vertex -12.764 20.195 3.96769
      vertex -12.7183 20.195 3.81526
    endloop
  endfacet
  facet normal 0 1 0
    outer loop
      vertex -12.714 20.195 3.75
      vertex -12.764 20.195 3.96769
      vertex -12.7151 20.195 3.7827
    endloop
  endfacet
  facet normal 0 1 -0
    outer loop
      vertex -12.7151 20.195 3.7173
      vertex -12.764 20.195 3.96769
      vertex -12.714 20.195 3.75
    endloop
  endfacet
  facet normal 0 1 -0
    outer loop
      vertex -12.7183 20.195 3.68474
      vertex -12.764 20.195 3.96769
      vertex -12.7151 20.195 3.7173
    endloop
  endfacet
  facet normal 0 1 -0
    outer loop
      vertex -12.7236 20.195 3.65246
      vertex -12.764 20.195 3.96769
      vertex -12.7183 20.195 3.68474
    endloop
  endfacet
  facet normal 0 1 -0
    outer loop
      vertex -12.731 20.195 3.62059
      vertex -12.764 20.195 3.96769
      vertex -12.7236 20.195 3.65246
    endloop
  endfacet
  facet normal 0 1 -0
    outer loop
      vertex -12.7405 20.195 3.58928
      vertex -12.764 20.195 3.96769
      vertex -12.731 20.195 3.62059
    endloop
  endfacet
  facet normal 0 1 -0
    outer loop
      vertex -12.7521 20.195 3.55866
      vertex -12.764 20.195 3.96769
      vertex -12.7405 20.195 3.58928
    endloop
  endfacet
  facet normal 0 1 0
    outer loop
      vertex -12.764 20.195 3.96769
      vertex -12.7521 20.195 3.55866
      vertex -12.764 20.195 3.53231
    endloop
  endfacet
  facet normal 0 1 0
    outer loop
      vertex -13.464 20.195 4.18301
      vertex -13.5184 20.195 4.14668
      vertex -13.4918 20.195 4.16574
    endloop
  endfacet
  facet normal 0 1 0
    outer loop
      vertex -13.464 20.195 4.18301
      vertex -13.5437 20.195 4.12592
      vertex -13.5184 20.195 4.14668
    endloop
  endfacet
  facet normal 0 1 0
    outer loop
      vertex -13.464 20.195 4.18301
      vertex -13.5676 20.195 4.10355
      vertex -13.5437 20.195 4.12592
    endloop
  endfacet
  facet normal 0 1 0
    outer loop
      vertex -13.464 20.195 4.18301
      vertex -13.5899 20.195 4.07967
      vertex -13.5676 20.195 4.10355
    endloop
  endfacet
  facet normal 0 1 0
    outer loop
      vertex -13.464 20.195 4.18301
      vertex -13.6107 20.195 4.05438
      vertex -13.5899 20.195 4.07967
    endloop
  endfacet
  facet normal 0 1 0
    outer loop
      vertex -13.464 20.195 4.18301
      vertex -13.6297 20.195 4.02779
      vertex -13.6107 20.195 4.05438
    endloop
  endfacet
  facet normal 0 1 0
    outer loop
      vertex -13.464 20.195 4.18301
      vertex -13.647 20.195 4
      vertex -13.6297 20.195 4.02779
    endloop
  endfacet
  facet normal 0 1 0
    outer loop
      vertex -13.464 20.195 4.18301
      vertex -13.6624 20.195 3.97114
      vertex -13.647 20.195 4
    endloop
  endfacet
  facet normal 0 1 0
    outer loop
      vertex -13.464 20.195 4.18301
      vertex -13.6759 20.195 3.94134
      vertex -13.6624 20.195 3.97114
    endloop
  endfacet
  facet normal 0 1 0
    outer loop
      vertex -13.464 20.195 4.18301
      vertex -13.6875 20.195 3.91072
      vertex -13.6759 20.195 3.94134
    endloop
  endfacet
  facet normal 0 1 0
    outer loop
      vertex -13.464 20.195 4.18301
      vertex -13.697 20.195 3.87941
      vertex -13.6875 20.195 3.91072
    endloop
  endfacet
  facet normal 0 1 0
    outer loop
      vertex -13.464 20.195 4.18301
      vertex -13.7044 20.195 3.84755
      vertex -13.697 20.195 3.87941
    endloop
  endfacet
  facet normal 0 1 0
    outer loop
      vertex -13.464 20.195 4.18301
      vertex -13.7097 20.195 3.81526
      vertex -13.7044 20.195 3.84755
    endloop
  endfacet
  facet normal 0 1 0
    outer loop
      vertex -13.464 20.195 4.18301
      vertex -13.7129 20.195 3.7827
      vertex -13.7097 20.195 3.81526
    endloop
  endfacet
  facet normal 0 1 0
    outer loop
      vertex -13.464 20.195 4.18301
      vertex -13.714 20.195 3.75
      vertex -13.7129 20.195 3.7827
    endloop
  endfacet
  facet normal 0 1 0
    outer loop
      vertex -13.464 20.195 4.18301
      vertex -13.7129 20.195 3.7173
      vertex -13.714 20.195 3.75
    endloop
  endfacet
  facet normal 0 1 0
    outer loop
      vertex -13.464 20.195 4.18301
      vertex -13.7097 20.195 3.68474
      vertex -13.7129 20.195 3.7173
    endloop
  endfacet
  facet normal 0 1 0
    outer loop
      vertex -13.464 20.195 4.18301
      vertex -13.7044 20.195 3.65246
      vertex -13.7097 20.195 3.68474
    endloop
  endfacet
  facet normal 0 1 0
    outer loop
      vertex -13.464 20.195 4.18301
      vertex -13.697 20.195 3.62059
      vertex -13.7044 20.195 3.65246
    endloop
  endfacet
  facet normal 0 1 0
    outer loop
      vertex -13.464 20.195 4.18301
      vertex -13.6875 20.195 3.58928
      vertex -13.697 20.195 3.62059
    endloop
  endfacet
  facet normal 0 1 0
    outer loop
      vertex -13.464 20.195 4.18301
      vertex -13.6759 20.195 3.55866
      vertex -13.6875 20.195 3.58928
    endloop
  endfacet
  facet normal 0 1 0
    outer loop
      vertex -13.464 20.195 4.18301
      vertex -13.6624 20.195 3.52886
      vertex -13.6759 20.195 3.55866
    endloop
  endfacet
  facet normal 0 1 0
    outer loop
      vertex -13.464 20.195 4.18301
      vertex -13.647 20.195 3.5
      vertex -13.6624 20.195 3.52886
    endloop
  endfacet
  facet normal 0 1 0
    outer loop
      vertex -13.464 20.195 4.18301
      vertex -13.6297 20.195 3.47222
      vertex -13.647 20.195 3.5
    endloop
  endfacet
  facet normal 0 1 0
    outer loop
      vertex -13.464 20.195 4.18301
      vertex -13.6107 20.195 3.44562
      vertex -13.6297 20.195 3.47222
    endloop
  endfacet
  facet normal 0 1 0
    outer loop
      vertex -13.464 20.195 4.18301
      vertex -13.5899 20.195 3.42033
      vertex -13.6107 20.195 3.44562
    endloop
  endfacet
  facet normal 0 1 0
    outer loop
      vertex -13.464 20.195 4.18301
      vertex -13.5676 20.195 3.39645
      vertex -13.5899 20.195 3.42033
    endloop
  endfacet
  facet normal 0 1 0
    outer loop
      vertex -13.464 20.195 4.18301
      vertex -13.5437 20.195 3.37408
      vertex -13.5676 20.195 3.39645
    endloop
  endfacet
  facet normal 0 1 0
    outer loop
      vertex -13.464 20.195 4.18301
      vertex -13.5184 20.195 3.35332
      vertex -13.5437 20.195 3.37408
    endloop
  endfacet
  facet normal 0 1 0
    outer loop
      vertex -13.464 20.195 4.18301
      vertex -13.4918 20.195 3.33427
      vertex -13.5184 20.195 3.35332
    endloop
  endfacet
  facet normal -0 1 0
    outer loop
      vertex -13.4918 20.195 3.33427
      vertex -13.464 20.195 4.18301
      vertex -13.464 20.195 3.31699
    endloop
  endfacet
  facet normal 0 1 0
    outer loop
      vertex -13.1813 20.195 4.24893
      vertex -13.2467 20.195 4.24893
      vertex -13.214 20.195 4.25
    endloop
  endfacet
  facet normal 0 1 0
    outer loop
      vertex -13.1487 20.195 4.24572
      vertex -13.2467 20.195 4.24893
      vertex -13.1813 20.195 4.24893
    endloop
  endfacet
  facet normal 0 1 0
    outer loop
      vertex -13.1487 20.195 4.24572
      vertex -13.2793 20.195 4.24572
      vertex -13.2467 20.195 4.24893
    endloop
  endfacet
  facet normal 0 1 0
    outer loop
      vertex -13.1165 20.195 4.24039
      vertex -13.2793 20.195 4.24572
      vertex -13.1487 20.195 4.24572
    endloop
  endfacet
  facet normal 0 1 0
    outer loop
      vertex -13.1165 20.195 4.24039
      vertex -13.3115 20.195 4.24039
      vertex -13.2793 20.195 4.24572
    endloop
  endfacet
  facet normal 0 1 0
    outer loop
      vertex -13.0846 20.195 4.23296
      vertex -13.3115 20.195 4.24039
      vertex -13.1165 20.195 4.24039
    endloop
  endfacet
  facet normal 0 1 0
    outer loop
      vertex -13.0846 20.195 4.23296
      vertex -13.3434 20.195 4.23296
      vertex -13.3115 20.195 4.24039
    endloop
  endfacet
  facet normal 0 1 0
    outer loop
      vertex -13.0533 20.195 4.22347
      vertex -13.3434 20.195 4.23296
      vertex -13.0846 20.195 4.23296
    endloop
  endfacet
  facet normal 0 1 0
    outer loop
      vertex -13.0533 20.195 4.22347
      vertex -13.3747 20.195 4.22347
      vertex -13.3434 20.195 4.23296
    endloop
  endfacet
  facet normal 0 1 0
    outer loop
      vertex -13.0227 20.195 4.21194
      vertex -13.3747 20.195 4.22347
      vertex -13.0533 20.195 4.22347
    endloop
  endfacet
  facet normal 0 1 0
    outer loop
      vertex -13.0227 20.195 4.21194
      vertex -13.4053 20.195 4.21194
      vertex -13.3747 20.195 4.22347
    endloop
  endfacet
  facet normal 0 1 0
    outer loop
      vertex -12.9963 20.195 4.2
      vertex -13.4053 20.195 4.21194
      vertex -13.0227 20.195 4.21194
    endloop
  endfacet
  facet normal 0 1 0
    outer loop
      vertex -13.4053 20.195 4.21194
      vertex -12.9963 20.195 4.2
      vertex -13.4317 20.195 4.2
    endloop
  endfacet
  facet normal 0.974071 -0 0.226244
    outer loop
      vertex -12.731 17.195 3.87941
      vertex -12.7236 20.195 3.84755
      vertex -12.731 20.195 3.87941
    endloop
  endfacet
  facet normal 0.974071 0 0.226244
    outer loop
      vertex -12.7236 20.195 3.84755
      vertex -12.731 17.195 3.87941
      vertex -12.7236 17.195 3.84755
    endloop
  endfacet
  facet normal 0.956922 -0 0.290347
    outer loop
      vertex -12.7405 17.195 3.91072
      vertex -12.731 20.195 3.87941
      vertex -12.7405 20.195 3.91072
    endloop
  endfacet
  facet normal 0.956922 0 0.290347
    outer loop
      vertex -12.731 20.195 3.87941
      vertex -12.7405 17.195 3.91072
      vertex -12.731 17.195 3.87941
    endloop
  endfacet
  facet normal 0.935144 -0 0.354268
    outer loop
      vertex -12.7521 17.195 3.94134
      vertex -12.7405 20.195 3.91072
      vertex -12.7521 20.195 3.94134
    endloop
  endfacet
  facet normal 0.935144 0 0.354268
    outer loop
      vertex -12.7405 20.195 3.91072
      vertex -12.7521 17.195 3.94134
      vertex -12.7405 17.195 3.91072
    endloop
  endfacet
  facet normal 0.290152 0 0.956981
    outer loop
      vertex -13.0846 20.195 4.23296
      vertex -13.0533 17.195 4.22347
      vertex -13.0533 20.195 4.22347
    endloop
  endfacet
  facet normal 0.290152 0 0.956981
    outer loop
      vertex -13.0533 17.195 4.22347
      vertex -13.0846 20.195 4.23296
      vertex -13.0846 17.195 4.23296
    endloop
  endfacet
  facet normal 0.0979924 0 0.995187
    outer loop
      vertex -13.1813 20.195 4.24893
      vertex -13.1487 17.195 4.24572
      vertex -13.1487 20.195 4.24572
    endloop
  endfacet
  facet normal 0.0979924 0 0.995187
    outer loop
      vertex -13.1487 17.195 4.24572
      vertex -13.1813 20.195 4.24893
      vertex -13.1813 17.195 4.24893
    endloop
  endfacet
  facet normal -0.910889 0 0.412651
    outer loop
      vertex -13.6759 17.195 3.94134
      vertex -13.6624 20.195 3.97114
      vertex -13.6759 20.195 3.94134
    endloop
  endfacet
  facet normal -0.910889 0 0.412651
    outer loop
      vertex -13.6624 20.195 3.97114
      vertex -13.6759 17.195 3.94134
      vertex -13.6624 17.195 3.97114
    endloop
  endfacet
  facet normal -0.882251 0 0.470779
    outer loop
      vertex -13.6624 17.195 3.97114
      vertex -13.647 20.195 4
      vertex -13.6624 20.195 3.97114
    endloop
  endfacet
  facet normal -0.882251 0 0.470779
    outer loop
      vertex -13.647 20.195 4
      vertex -13.6624 17.195 3.97114
      vertex -13.647 17.195 4
    endloop
  endfacet
  facet normal -0.956922 0 0.290347
    outer loop
      vertex -13.697 17.195 3.87941
      vertex -13.6875 20.195 3.91072
      vertex -13.697 20.195 3.87941
    endloop
  endfacet
  facet normal -0.956922 0 0.290347
    outer loop
      vertex -13.6875 20.195 3.91072
      vertex -13.697 17.195 3.87941
      vertex -13.6875 17.195 3.91072
    endloop
  endfacet
  facet normal -0.986796 0 0.16197
    outer loop
      vertex -13.7097 17.195 3.81526
      vertex -13.7044 20.195 3.84755
      vertex -13.7097 20.195 3.81526
    endloop
  endfacet
  facet normal -0.986796 0 0.16197
    outer loop
      vertex -13.7044 20.195 3.84755
      vertex -13.7097 17.195 3.81526
      vertex -13.7044 17.195 3.84755
    endloop
  endfacet
  facet normal -0.995205 0 0.0978089
    outer loop
      vertex -13.7129 17.195 3.7827
      vertex -13.7097 20.195 3.81526
      vertex -13.7129 20.195 3.7827
    endloop
  endfacet
  facet normal -0.995205 0 0.0978089
    outer loop
      vertex -13.7097 20.195 3.81526
      vertex -13.7129 17.195 3.7827
      vertex -13.7097 17.195 3.81526
    endloop
  endfacet
  facet normal -0.412086 0 0.911145
    outer loop
      vertex -13.4317 20.195 4.2
      vertex -13.4053 17.195 4.21194
      vertex -13.4053 20.195 4.21194
    endloop
  endfacet
  facet normal -0.412086 0 0.911145
    outer loop
      vertex -13.4053 17.195 4.21194
      vertex -13.4317 20.195 4.2
      vertex -13.4317 17.195 4.2
    endloop
  endfacet
  facet normal -0.582452 0 0.812865
    outer loop
      vertex -13.5184 20.195 4.14668
      vertex -13.4918 17.195 4.16574
      vertex -13.4918 20.195 4.16574
    endloop
  endfacet
  facet normal -0.582452 0 0.812865
    outer loop
      vertex -13.4918 17.195 4.16574
      vertex -13.5184 20.195 4.14668
      vertex -13.5184 17.195 4.14668
    endloop
  endfacet
  facet normal -0.226844 0 0.973931
    outer loop
      vertex -13.3434 20.195 4.23296
      vertex -13.3115 17.195 4.24039
      vertex -13.3115 20.195 4.24039
    endloop
  endfacet
  facet normal -0.226844 0 0.973931
    outer loop
      vertex -13.3115 17.195 4.24039
      vertex -13.3434 20.195 4.23296
      vertex -13.3434 17.195 4.23296
    endloop
  endfacet
  facet normal -0.290152 0 0.956981
    outer loop
      vertex -13.3747 20.195 4.22347
      vertex -13.3434 17.195 4.23296
      vertex -13.3434 20.195 4.23296
    endloop
  endfacet
  facet normal -0.290152 0 0.956981
    outer loop
      vertex -13.3434 17.195 4.23296
      vertex -13.3747 20.195 4.22347
      vertex -13.3747 17.195 4.22347
    endloop
  endfacet
  facet normal -0.0327042 0 0.999465
    outer loop
      vertex -13.2467 20.195 4.24893
      vertex -13.214 17.195 4.25
      vertex -13.214 20.195 4.25
    endloop
  endfacet
  facet normal -0.0327042 0 0.999465
    outer loop
      vertex -13.214 17.195 4.25
      vertex -13.2467 20.195 4.24893
      vertex -13.2467 17.195 4.24893
    endloop
  endfacet
  facet normal 0.999435 0 -0.0336201
    outer loop
      vertex -12.714 17.195 3.75
      vertex -12.7151 20.195 3.7173
      vertex -12.714 20.195 3.75
    endloop
  endfacet
  facet normal 0.999435 0 -0.0336201
    outer loop
      vertex -12.7151 20.195 3.7173
      vertex -12.714 17.195 3.75
      vertex -12.7151 17.195 3.7173
    endloop
  endfacet
  facet normal 0.974086 0 -0.226176
    outer loop
      vertex -12.7236 17.195 3.65246
      vertex -12.731 20.195 3.62059
      vertex -12.7236 20.195 3.65246
    endloop
  endfacet
  facet normal 0.974086 0 -0.226176
    outer loop
      vertex -12.731 20.195 3.62059
      vertex -12.7236 17.195 3.65246
      vertex -12.731 17.195 3.62059
    endloop
  endfacet
  facet normal -0.974086 0 -0.226176
    outer loop
      vertex -13.697 17.195 3.62059
      vertex -13.7044 20.195 3.65246
      vertex -13.697 20.195 3.62059
    endloop
  endfacet
  facet normal -0.974086 -0 -0.226176
    outer loop
      vertex -13.7044 20.195 3.65246
      vertex -13.697 17.195 3.62059
      vertex -13.7044 17.195 3.65246
    endloop
  endfacet
  facet normal -0.935144 0 -0.354268
    outer loop
      vertex -13.6759 17.195 3.55866
      vertex -13.6875 20.195 3.58928
      vertex -13.6759 20.195 3.55866
    endloop
  endfacet
  facet normal -0.935144 -0 -0.354268
    outer loop
      vertex -13.6875 20.195 3.58928
      vertex -13.6759 17.195 3.55866
      vertex -13.6875 17.195 3.58928
    endloop
  endfacet
  facet normal -0.81363 0 0.581383
    outer loop
      vertex -13.6297 17.195 4.02779
      vertex -13.6107 20.195 4.05438
      vertex -13.6297 20.195 4.02779
    endloop
  endfacet
  facet normal -0.81363 0 0.581383
    outer loop
      vertex -13.6107 20.195 4.05438
      vertex -13.6297 17.195 4.02779
      vertex -13.6107 17.195 4.05438
    endloop
  endfacet
  facet normal -0.772336 0 0.635215
    outer loop
      vertex -13.6107 17.195 4.05438
      vertex -13.5899 20.195 4.07967
      vertex -13.6107 20.195 4.05438
    endloop
  endfacet
  facet normal -0.772336 0 0.635215
    outer loop
      vertex -13.5899 20.195 4.07967
      vertex -13.6107 17.195 4.05438
      vertex -13.5899 17.195 4.07967
    endloop
  endfacet
  facet normal 0.995205 0 -0.0978089
    outer loop
      vertex -12.7151 17.195 3.7173
      vertex -12.7183 20.195 3.68474
      vertex -12.7151 20.195 3.7173
    endloop
  endfacet
  facet normal 0.995205 0 -0.0978089
    outer loop
      vertex -12.7183 20.195 3.68474
      vertex -12.7151 17.195 3.7173
      vertex -12.7183 17.195 3.68474
    endloop
  endfacet
  facet normal 0.956922 0 -0.290347
    outer loop
      vertex -12.731 17.195 3.62059
      vertex -12.7405 20.195 3.58928
      vertex -12.731 20.195 3.62059
    endloop
  endfacet
  facet normal 0.956922 0 -0.290347
    outer loop
      vertex -12.7405 20.195 3.58928
      vertex -12.731 17.195 3.62059
      vertex -12.7405 17.195 3.58928
    endloop
  endfacet
  facet normal -0.995205 0 -0.0978089
    outer loop
      vertex -13.7097 17.195 3.68474
      vertex -13.7129 20.195 3.7173
      vertex -13.7097 20.195 3.68474
    endloop
  endfacet
  facet normal -0.995205 -0 -0.0978089
    outer loop
      vertex -13.7129 20.195 3.7173
      vertex -13.7097 17.195 3.68474
      vertex -13.7129 17.195 3.7173
    endloop
  endfacet
  facet normal -0.999435 0 -0.0336201
    outer loop
      vertex -13.7129 17.195 3.7173
      vertex -13.714 20.195 3.75
      vertex -13.7129 20.195 3.7173
    endloop
  endfacet
  facet normal -0.999435 -0 -0.0336201
    outer loop
      vertex -13.714 20.195 3.75
      vertex -13.7129 17.195 3.7173
      vertex -13.714 17.195 3.75
    endloop
  endfacet
  facet normal -0.986788 0 -0.162019
    outer loop
      vertex -13.7044 17.195 3.65246
      vertex -13.7097 20.195 3.68474
      vertex -13.7044 20.195 3.65246
    endloop
  endfacet
  facet normal -0.986788 -0 -0.162019
    outer loop
      vertex -13.7097 20.195 3.68474
      vertex -13.7044 17.195 3.65246
      vertex -13.7097 17.195 3.68474
    endloop
  endfacet
  facet normal 0.986788 0 -0.162019
    outer loop
      vertex -12.7183 17.195 3.68474
      vertex -12.7236 20.195 3.65246
      vertex -12.7183 20.195 3.68474
    endloop
  endfacet
  facet normal 0.986788 0 -0.162019
    outer loop
      vertex -12.7236 20.195 3.65246
      vertex -12.7183 17.195 3.68474
      vertex -12.7236 17.195 3.65246
    endloop
  endfacet
  facet normal -0.52791 0 -0.8493
    outer loop
      vertex -13.4918 17.195 3.33427
      vertex -13.464 20.195 3.31699
      vertex -13.464 17.195 3.31699
    endloop
  endfacet
  facet normal -0.52791 0 -0.8493
    outer loop
      vertex -13.464 20.195 3.31699
      vertex -13.4918 17.195 3.33427
      vertex -13.4918 20.195 3.33427
    endloop
  endfacet
  facet normal -0.634335 0 -0.773058
    outer loop
      vertex -13.5437 17.195 3.37408
      vertex -13.5184 20.195 3.35332
      vertex -13.5184 17.195 3.35332
    endloop
  endfacet
  facet normal -0.634335 0 -0.773058
    outer loop
      vertex -13.5184 20.195 3.35332
      vertex -13.5437 17.195 3.37408
      vertex -13.5437 20.195 3.37408
    endloop
  endfacet
  facet normal -0.683352 0 -0.730089
    outer loop
      vertex -13.5676 17.195 3.39645
      vertex -13.5437 20.195 3.37408
      vertex -13.5437 17.195 3.37408
    endloop
  endfacet
  facet normal -0.683352 0 -0.730089
    outer loop
      vertex -13.5437 20.195 3.37408
      vertex -13.5676 17.195 3.39645
      vertex -13.5676 20.195 3.39645
    endloop
  endfacet
  facet normal -0.848856 0 -0.528625
    outer loop
      vertex -13.6297 17.195 3.47222
      vertex -13.647 20.195 3.5
      vertex -13.6297 20.195 3.47222
    endloop
  endfacet
  facet normal -0.848856 -0 -0.528625
    outer loop
      vertex -13.647 20.195 3.5
      vertex -13.6297 17.195 3.47222
      vertex -13.647 17.195 3.5
    endloop
  endfacet
  facet normal -0.772336 0 -0.635215
    outer loop
      vertex -13.5899 17.195 3.42033
      vertex -13.6107 20.195 3.44562
      vertex -13.5899 20.195 3.42033
    endloop
  endfacet
  facet normal -0.772336 -0 -0.635215
    outer loop
      vertex -13.6107 20.195 3.44562
      vertex -13.5899 17.195 3.42033
      vertex -13.6107 17.195 3.44562
    endloop
  endfacet
  facet normal -0.956922 0 -0.290347
    outer loop
      vertex -13.6875 17.195 3.58928
      vertex -13.697 20.195 3.62059
      vertex -13.6875 20.195 3.58928
    endloop
  endfacet
  facet normal -0.956922 -0 -0.290347
    outer loop
      vertex -13.697 20.195 3.62059
      vertex -13.6875 17.195 3.58928
      vertex -13.697 17.195 3.62059
    endloop
  endfacet
  facet normal 0.935144 0 -0.354268
    outer loop
      vertex -12.7405 17.195 3.58928
      vertex -12.7521 20.195 3.55866
      vertex -12.7405 20.195 3.58928
    endloop
  endfacet
  facet normal 0.935144 0 -0.354268
    outer loop
      vertex -12.7521 20.195 3.55866
      vertex -12.7405 17.195 3.58928
      vertex -12.7521 17.195 3.55866
    endloop
  endfacet
  facet normal 0.911371 0 -0.411587
    outer loop
      vertex -12.7521 17.195 3.55866
      vertex -12.764 20.195 3.53231
      vertex -12.7521 20.195 3.55866
    endloop
  endfacet
  facet normal 0.911371 0 -0.411587
    outer loop
      vertex -12.764 20.195 3.53231
      vertex -12.7521 17.195 3.55866
      vertex -12.764 17.195 3.53231
    endloop
  endfacet
  facet normal -0.58225 0 -0.81301
    outer loop
      vertex -13.5184 17.195 3.35332
      vertex -13.4918 20.195 3.33427
      vertex -13.4918 17.195 3.33427
    endloop
  endfacet
  facet normal -0.58225 0 -0.81301
    outer loop
      vertex -13.4918 20.195 3.33427
      vertex -13.5184 17.195 3.35332
      vertex -13.5184 20.195 3.35332
    endloop
  endfacet
  facet normal -0.813733 0 -0.581238
    outer loop
      vertex -13.6107 17.195 3.44562
      vertex -13.6297 20.195 3.47222
      vertex -13.6107 20.195 3.44562
    endloop
  endfacet
  facet normal -0.813733 -0 -0.581238
    outer loop
      vertex -13.6297 20.195 3.47222
      vertex -13.6107 17.195 3.44562
      vertex -13.6297 17.195 3.47222
    endloop
  endfacet
  facet normal -0.910889 0 -0.412651
    outer loop
      vertex -13.6624 17.195 3.52886
      vertex -13.6759 20.195 3.55866
      vertex -13.6624 20.195 3.52886
    endloop
  endfacet
  facet normal -0.910889 -0 -0.412651
    outer loop
      vertex -13.6759 20.195 3.55866
      vertex -13.6624 17.195 3.52886
      vertex -13.6759 17.195 3.55866
    endloop
  endfacet
  facet normal -0.730872 0 -0.682515
    outer loop
      vertex -13.5676 17.195 3.39645
      vertex -13.5899 20.195 3.42033
      vertex -13.5676 20.195 3.39645
    endloop
  endfacet
  facet normal -0.730872 -0 -0.682515
    outer loop
      vertex -13.5899 20.195 3.42033
      vertex -13.5676 17.195 3.39645
      vertex -13.5899 17.195 3.42033
    endloop
  endfacet
  facet normal -0.882251 0 -0.470779
    outer loop
      vertex -13.647 17.195 3.5
      vertex -13.6624 20.195 3.52886
      vertex -13.647 20.195 3.5
    endloop
  endfacet
  facet normal -0.882251 -0 -0.470779
    outer loop
      vertex -13.6624 20.195 3.52886
      vertex -13.647 17.195 3.5
      vertex -13.6624 17.195 3.52886
    endloop
  endfacet
  facet normal 0.999435 -0 0.0336201
    outer loop
      vertex 10.7099 -5.379 3.7827
      vertex 10.711 -2.379 3.75
      vertex 10.7099 -2.379 3.7827
    endloop
  endfacet
  facet normal 0.999435 0 0.0336201
    outer loop
      vertex 10.711 -2.379 3.75
      vertex 10.7099 -5.379 3.7827
      vertex 10.711 -5.379 3.75
    endloop
  endfacet
  facet normal -0.0327042 0 0.999465
    outer loop
      vertex 10.1783 -2.379 4.24893
      vertex 10.211 -5.379 4.25
      vertex 10.211 -2.379 4.25
    endloop
  endfacet
  facet normal -0.0327042 0 0.999465
    outer loop
      vertex 10.211 -5.379 4.25
      vertex 10.1783 -2.379 4.24893
      vertex 10.1783 -5.379 4.24893
    endloop
  endfacet
  facet normal 0.683352 0 0.730089
    outer loop
      vertex 10.5407 -2.379 4.12592
      vertex 10.5646 -5.379 4.10355
      vertex 10.5646 -2.379 4.10355
    endloop
  endfacet
  facet normal 0.683352 0 0.730089
    outer loop
      vertex 10.5646 -5.379 4.10355
      vertex 10.5407 -2.379 4.12592
      vertex 10.5407 -5.379 4.12592
    endloop
  endfacet
  facet normal -0.412216 0 0.911086
    outer loop
      vertex 9.99331 -2.379 4.2
      vertex 10.0197 -5.379 4.21194
      vertex 10.0197 -2.379 4.21194
    endloop
  endfacet
  facet normal -0.412216 0 0.911086
    outer loop
      vertex 10.0197 -5.379 4.21194
      vertex 9.99331 -2.379 4.2
      vertex 9.99331 -5.379 4.2
    endloop
  endfacet
  facet normal 0.910889 -0 0.412651
    outer loop
      vertex 10.6594 -5.379 3.97114
      vertex 10.6729 -2.379 3.94134
      vertex 10.6594 -2.379 3.97114
    endloop
  endfacet
  facet normal 0.910889 0 0.412651
    outer loop
      vertex 10.6729 -2.379 3.94134
      vertex 10.6594 -5.379 3.97114
      vertex 10.6729 -5.379 3.94134
    endloop
  endfacet
  facet normal 0.352598 0 0.935775
    outer loop
      vertex 10.3717 -2.379 4.22347
      vertex 10.4023 -5.379 4.21194
      vertex 10.4023 -2.379 4.21194
    endloop
  endfacet
  facet normal 0.352598 0 0.935775
    outer loop
      vertex 10.4023 -5.379 4.21194
      vertex 10.3717 -2.379 4.22347
      vertex 10.3717 -5.379 4.22347
    endloop
  endfacet
  facet normal 0.52769 0 0.849437
    outer loop
      vertex 10.461 -2.379 4.18301
      vertex 10.4888 -5.379 4.16574
      vertex 10.4888 -2.379 4.16574
    endloop
  endfacet
  facet normal 0.52769 0 0.849437
    outer loop
      vertex 10.4888 -5.379 4.16574
      vertex 10.461 -2.379 4.18301
      vertex 10.461 -5.379 4.18301
    endloop
  endfacet
  facet normal -0.935851 0 0.352396
    outer loop
      vertex 9.73753 -5.379 3.91072
      vertex 9.74906 -2.379 3.94134
      vertex 9.73753 -2.379 3.91072
    endloop
  endfacet
  facet normal -0.935851 0 0.352396
    outer loop
      vertex 9.74906 -2.379 3.94134
      vertex 9.73753 -5.379 3.91072
      vertex 9.74906 -5.379 3.94134
    endloop
  endfacet
  facet normal -0.226844 0 0.973931
    outer loop
      vertex 10.0816 -2.379 4.23296
      vertex 10.1135 -5.379 4.24039
      vertex 10.1135 -2.379 4.24039
    endloop
  endfacet
  facet normal -0.226844 0 0.973931
    outer loop
      vertex 10.1135 -5.379 4.24039
      vertex 10.0816 -2.379 4.23296
      vertex 10.0816 -5.379 4.23296
    endloop
  endfacet
  facet normal -0.986641 0 -0.162912
    outer loop
      vertex 9.72061 -5.379 3.65246
      vertex 9.71528 -2.379 3.68474
      vertex 9.72061 -2.379 3.65246
    endloop
  endfacet
  facet normal -0.986641 -0 -0.162912
    outer loop
      vertex 9.71528 -2.379 3.68474
      vertex 9.72061 -5.379 3.65246
      vertex 9.71528 -5.379 3.68474
    endloop
  endfacet
  facet normal 0.986796 -0 0.16197
    outer loop
      vertex 10.7014 -5.379 3.84755
      vertex 10.7067 -2.379 3.81526
      vertex 10.7014 -2.379 3.84755
    endloop
  endfacet
  facet normal 0.986796 0 0.16197
    outer loop
      vertex 10.7067 -2.379 3.81526
      vertex 10.7014 -5.379 3.84755
      vertex 10.7067 -5.379 3.81526
    endloop
  endfacet
  facet normal 0.995205 -0 0.0978089
    outer loop
      vertex 10.7067 -5.379 3.81526
      vertex 10.7099 -2.379 3.7827
      vertex 10.7067 -2.379 3.81526
    endloop
  endfacet
  facet normal 0.995205 0 0.0978089
    outer loop
      vertex 10.7099 -2.379 3.7827
      vertex 10.7067 -5.379 3.81526
      vertex 10.7099 -5.379 3.7827
    endloop
  endfacet
  facet normal 0.81363 -0 0.581383
    outer loop
      vertex 10.6077 -5.379 4.05438
      vertex 10.6267 -2.379 4.02779
      vertex 10.6077 -2.379 4.05438
    endloop
  endfacet
  facet normal 0.81363 0 0.581383
    outer loop
      vertex 10.6267 -2.379 4.02779
      vertex 10.6077 -5.379 4.05438
      vertex 10.6267 -5.379 4.02779
    endloop
  endfacet
  facet normal 0.772336 -0 0.635215
    outer loop
      vertex 10.5869 -5.379 4.07967
      vertex 10.6077 -2.379 4.05438
      vertex 10.5869 -2.379 4.07967
    endloop
  endfacet
  facet normal 0.772336 0 0.635215
    outer loop
      vertex 10.6077 -2.379 4.05438
      vertex 10.5869 -5.379 4.07967
      vertex 10.6077 -5.379 4.05438
    endloop
  endfacet
  facet normal 0.882251 -0 0.470779
    outer loop
      vertex 10.644 -5.379 4
      vertex 10.6594 -2.379 3.97114
      vertex 10.644 -2.379 4
    endloop
  endfacet
  facet normal 0.882251 0 0.470779
    outer loop
      vertex 10.6594 -2.379 3.97114
      vertex 10.644 -5.379 4
      vertex 10.6594 -5.379 3.97114
    endloop
  endfacet
  facet normal 0.226844 0 0.973931
    outer loop
      vertex 10.3085 -2.379 4.24039
      vertex 10.3404 -5.379 4.23296
      vertex 10.3404 -2.379 4.23296
    endloop
  endfacet
  facet normal 0.226844 0 0.973931
    outer loop
      vertex 10.3404 -5.379 4.23296
      vertex 10.3085 -2.379 4.24039
      vertex 10.3085 -5.379 4.24039
    endloop
  endfacet
  facet normal 0.290152 0 0.956981
    outer loop
      vertex 10.3404 -2.379 4.23296
      vertex 10.3717 -5.379 4.22347
      vertex 10.3717 -2.379 4.22347
    endloop
  endfacet
  facet normal 0.290152 0 0.956981
    outer loop
      vertex 10.3717 -5.379 4.22347
      vertex 10.3404 -2.379 4.23296
      vertex 10.3404 -5.379 4.23296
    endloop
  endfacet
  facet normal 0.582452 0 0.812865
    outer loop
      vertex 10.4888 -2.379 4.16574
      vertex 10.5154 -5.379 4.14668
      vertex 10.5154 -2.379 4.14668
    endloop
  endfacet
  facet normal 0.582452 0 0.812865
    outer loop
      vertex 10.5154 -5.379 4.14668
      vertex 10.4888 -2.379 4.16574
      vertex 10.4888 -5.379 4.16574
    endloop
  endfacet
  facet normal -0.986649 0 0.162863
    outer loop
      vertex 9.71528 -5.379 3.81526
      vertex 9.72061 -2.379 3.84755
      vertex 9.71528 -2.379 3.81526
    endloop
  endfacet
  facet normal -0.986649 0 0.162863
    outer loop
      vertex 9.72061 -2.379 3.84755
      vertex 9.71528 -5.379 3.81526
      vertex 9.72061 -5.379 3.84755
    endloop
  endfacet
  facet normal 0 1 0
    outer loop
      vertex 10.5154 -2.379 4.14668
      vertex 10.461 -2.379 4.18301
      vertex 10.4888 -2.379 4.16574
    endloop
  endfacet
  facet normal 0 1 0
    outer loop
      vertex 10.5407 -2.379 4.12592
      vertex 10.461 -2.379 4.18301
      vertex 10.5154 -2.379 4.14668
    endloop
  endfacet
  facet normal 0 1 0
    outer loop
      vertex 10.5646 -2.379 4.10355
      vertex 10.461 -2.379 4.18301
      vertex 10.5407 -2.379 4.12592
    endloop
  endfacet
  facet normal 0 1 0
    outer loop
      vertex 10.5869 -2.379 4.07967
      vertex 10.461 -2.379 4.18301
      vertex 10.5646 -2.379 4.10355
    endloop
  endfacet
  facet normal 0 1 0
    outer loop
      vertex 10.6077 -2.379 4.05438
      vertex 10.461 -2.379 4.18301
      vertex 10.5869 -2.379 4.07967
    endloop
  endfacet
  facet normal 0 1 0
    outer loop
      vertex 10.6267 -2.379 4.02779
      vertex 10.461 -2.379 4.18301
      vertex 10.6077 -2.379 4.05438
    endloop
  endfacet
  facet normal 0 1 0
    outer loop
      vertex 10.644 -2.379 4
      vertex 10.461 -2.379 4.18301
      vertex 10.6267 -2.379 4.02779
    endloop
  endfacet
  facet normal 0 1 0
    outer loop
      vertex 10.6594 -2.379 3.97114
      vertex 10.461 -2.379 4.18301
      vertex 10.644 -2.379 4
    endloop
  endfacet
  facet normal 0 1 0
    outer loop
      vertex 10.6729 -2.379 3.94134
      vertex 10.461 -2.379 4.18301
      vertex 10.6594 -2.379 3.97114
    endloop
  endfacet
  facet normal 0 1 0
    outer loop
      vertex 10.6845 -2.379 3.91072
      vertex 10.461 -2.379 4.18301
      vertex 10.6729 -2.379 3.94134
    endloop
  endfacet
  facet normal 0 1 0
    outer loop
      vertex 10.694 -2.379 3.87941
      vertex 10.461 -2.379 4.18301
      vertex 10.6845 -2.379 3.91072
    endloop
  endfacet
  facet normal 0 1 0
    outer loop
      vertex 10.7014 -2.379 3.84755
      vertex 10.461 -2.379 4.18301
      vertex 10.694 -2.379 3.87941
    endloop
  endfacet
  facet normal 0 1 0
    outer loop
      vertex 10.7067 -2.379 3.81526
      vertex 10.461 -2.379 4.18301
      vertex 10.7014 -2.379 3.84755
    endloop
  endfacet
  facet normal 0 1 0
    outer loop
      vertex 10.7099 -2.379 3.7827
      vertex 10.461 -2.379 4.18301
      vertex 10.7067 -2.379 3.81526
    endloop
  endfacet
  facet normal 0 1 0
    outer loop
      vertex 10.711 -2.379 3.75
      vertex 10.461 -2.379 4.18301
      vertex 10.7099 -2.379 3.7827
    endloop
  endfacet
  facet normal 0 1 -0
    outer loop
      vertex 10.7099 -2.379 3.7173
      vertex 10.461 -2.379 4.18301
      vertex 10.711 -2.379 3.75
    endloop
  endfacet
  facet normal 0 1 -0
    outer loop
      vertex 10.7067 -2.379 3.68474
      vertex 10.461 -2.379 4.18301
      vertex 10.7099 -2.379 3.7173
    endloop
  endfacet
  facet normal 0 1 -0
    outer loop
      vertex 10.7014 -2.379 3.65246
      vertex 10.461 -2.379 4.18301
      vertex 10.7067 -2.379 3.68474
    endloop
  endfacet
  facet normal 0 1 -0
    outer loop
      vertex 10.694 -2.379 3.62059
      vertex 10.461 -2.379 4.18301
      vertex 10.7014 -2.379 3.65246
    endloop
  endfacet
  facet normal 0 1 -0
    outer loop
      vertex 10.6845 -2.379 3.58928
      vertex 10.461 -2.379 4.18301
      vertex 10.694 -2.379 3.62059
    endloop
  endfacet
  facet normal 0 1 -0
    outer loop
      vertex 10.6729 -2.379 3.55866
      vertex 10.461 -2.379 4.18301
      vertex 10.6845 -2.379 3.58928
    endloop
  endfacet
  facet normal 0 1 -0
    outer loop
      vertex 10.6594 -2.379 3.52886
      vertex 10.461 -2.379 4.18301
      vertex 10.6729 -2.379 3.55866
    endloop
  endfacet
  facet normal 0 1 -0
    outer loop
      vertex 10.644 -2.379 3.5
      vertex 10.461 -2.379 4.18301
      vertex 10.6594 -2.379 3.52886
    endloop
  endfacet
  facet normal 0 1 -0
    outer loop
      vertex 10.6267 -2.379 3.47222
      vertex 10.461 -2.379 4.18301
      vertex 10.644 -2.379 3.5
    endloop
  endfacet
  facet normal 0 1 -0
    outer loop
      vertex 10.6077 -2.379 3.44562
      vertex 10.461 -2.379 4.18301
      vertex 10.6267 -2.379 3.47222
    endloop
  endfacet
  facet normal 0 1 -0
    outer loop
      vertex 10.5869 -2.379 3.42033
      vertex 10.461 -2.379 4.18301
      vertex 10.6077 -2.379 3.44562
    endloop
  endfacet
  facet normal 0 1 -0
    outer loop
      vertex 10.5646 -2.379 3.39645
      vertex 10.461 -2.379 4.18301
      vertex 10.5869 -2.379 3.42033
    endloop
  endfacet
  facet normal 0 1 -0
    outer loop
      vertex 10.5407 -2.379 3.37408
      vertex 10.461 -2.379 4.18301
      vertex 10.5646 -2.379 3.39645
    endloop
  endfacet
  facet normal 0 1 -0
    outer loop
      vertex 10.5154 -2.379 3.35332
      vertex 10.461 -2.379 4.18301
      vertex 10.5407 -2.379 3.37408
    endloop
  endfacet
  facet normal 0 1 -0
    outer loop
      vertex 10.4888 -2.379 3.33427
      vertex 10.461 -2.379 4.18301
      vertex 10.5154 -2.379 3.35332
    endloop
  endfacet
  facet normal 0 1 0
    outer loop
      vertex 10.461 -2.379 4.18301
      vertex 10.4888 -2.379 3.33427
      vertex 10.461 -2.379 3.31699
    endloop
  endfacet
  facet normal 0 1 0
    outer loop
      vertex 10.2437 -2.379 4.24893
      vertex 10.1783 -2.379 4.24893
      vertex 10.211 -2.379 4.25
    endloop
  endfacet
  facet normal 0 1 0
    outer loop
      vertex 10.2763 -2.379 4.24572
      vertex 10.1783 -2.379 4.24893
      vertex 10.2437 -2.379 4.24893
    endloop
  endfacet
  facet normal 0 1 0
    outer loop
      vertex 10.2763 -2.379 4.24572
      vertex 10.1457 -2.379 4.24572
      vertex 10.1783 -2.379 4.24893
    endloop
  endfacet
  facet normal 0 1 0
    outer loop
      vertex 10.3085 -2.379 4.24039
      vertex 10.1457 -2.379 4.24572
      vertex 10.2763 -2.379 4.24572
    endloop
  endfacet
  facet normal 0 1 0
    outer loop
      vertex 10.3085 -2.379 4.24039
      vertex 10.1135 -2.379 4.24039
      vertex 10.1457 -2.379 4.24572
    endloop
  endfacet
  facet normal 0 1 0
    outer loop
      vertex 10.3404 -2.379 4.23296
      vertex 10.1135 -2.379 4.24039
      vertex 10.3085 -2.379 4.24039
    endloop
  endfacet
  facet normal 0 1 0
    outer loop
      vertex 10.3404 -2.379 4.23296
      vertex 10.0816 -2.379 4.23296
      vertex 10.1135 -2.379 4.24039
    endloop
  endfacet
  facet normal 0 1 0
    outer loop
      vertex 10.3717 -2.379 4.22347
      vertex 10.0816 -2.379 4.23296
      vertex 10.3404 -2.379 4.23296
    endloop
  endfacet
  facet normal 0 1 0
    outer loop
      vertex 10.3717 -2.379 4.22347
      vertex 10.0503 -2.379 4.22347
      vertex 10.0816 -2.379 4.23296
    endloop
  endfacet
  facet normal 0 1 0
    outer loop
      vertex 10.4023 -2.379 4.21194
      vertex 10.0503 -2.379 4.22347
      vertex 10.3717 -2.379 4.22347
    endloop
  endfacet
  facet normal 0 1 0
    outer loop
      vertex 10.4023 -2.379 4.21194
      vertex 10.0197 -2.379 4.21194
      vertex 10.0503 -2.379 4.22347
    endloop
  endfacet
  facet normal 0 1 0
    outer loop
      vertex 10.4287 -2.379 4.2
      vertex 10.0197 -2.379 4.21194
      vertex 10.4023 -2.379 4.21194
    endloop
  endfacet
  facet normal 0 1 0
    outer loop
      vertex 10.0197 -2.379 4.21194
      vertex 10.4287 -2.379 4.2
      vertex 9.99331 -2.379 4.2
    endloop
  endfacet
  facet normal 0 1 0
    outer loop
      vertex 9.761 -2.379 3.96769
      vertex 9.73753 -2.379 3.91072
      vertex 9.74906 -2.379 3.94134
    endloop
  endfacet
  facet normal 0 1 0
    outer loop
      vertex 9.761 -2.379 3.96769
      vertex 9.72804 -2.379 3.87941
      vertex 9.73753 -2.379 3.91072
    endloop
  endfacet
  facet normal 0 1 0
    outer loop
      vertex 9.761 -2.379 3.96769
      vertex 9.72061 -2.379 3.84755
      vertex 9.72804 -2.379 3.87941
    endloop
  endfacet
  facet normal 0 1 0
    outer loop
      vertex 9.761 -2.379 3.96769
      vertex 9.71528 -2.379 3.81526
      vertex 9.72061 -2.379 3.84755
    endloop
  endfacet
  facet normal 0 1 0
    outer loop
      vertex 9.761 -2.379 3.96769
      vertex 9.71207 -2.379 3.7827
      vertex 9.71528 -2.379 3.81526
    endloop
  endfacet
  facet normal 0 1 0
    outer loop
      vertex 9.761 -2.379 3.96769
      vertex 9.711 -2.379 3.75
      vertex 9.71207 -2.379 3.7827
    endloop
  endfacet
  facet normal 0 1 0
    outer loop
      vertex 9.761 -2.379 3.96769
      vertex 9.71207 -2.379 3.7173
      vertex 9.711 -2.379 3.75
    endloop
  endfacet
  facet normal 0 1 0
    outer loop
      vertex 9.761 -2.379 3.96769
      vertex 9.71528 -2.379 3.68474
      vertex 9.71207 -2.379 3.7173
    endloop
  endfacet
  facet normal 0 1 0
    outer loop
      vertex 9.761 -2.379 3.96769
      vertex 9.72061 -2.379 3.65246
      vertex 9.71528 -2.379 3.68474
    endloop
  endfacet
  facet normal 0 1 0
    outer loop
      vertex 9.761 -2.379 3.96769
      vertex 9.72804 -2.379 3.62059
      vertex 9.72061 -2.379 3.65246
    endloop
  endfacet
  facet normal 0 1 0
    outer loop
      vertex 9.761 -2.379 3.96769
      vertex 9.73753 -2.379 3.58928
      vertex 9.72804 -2.379 3.62059
    endloop
  endfacet
  facet normal 0 1 0
    outer loop
      vertex 9.761 -2.379 3.96769
      vertex 9.74906 -2.379 3.55866
      vertex 9.73753 -2.379 3.58928
    endloop
  endfacet
  facet normal -0 1 0
    outer loop
      vertex 9.74906 -2.379 3.55866
      vertex 9.761 -2.379 3.96769
      vertex 9.761 -2.379 3.53231
    endloop
  endfacet
  facet normal -0.973868 0 0.227114
    outer loop
      vertex 9.72061 -5.379 3.84755
      vertex 9.72804 -2.379 3.87941
      vertex 9.72061 -2.379 3.84755
    endloop
  endfacet
  facet normal -0.973868 0 0.227114
    outer loop
      vertex 9.72804 -2.379 3.87941
      vertex 9.72061 -5.379 3.84755
      vertex 9.72804 -5.379 3.87941
    endloop
  endfacet
  facet normal -0.290152 0 0.956981
    outer loop
      vertex 10.0503 -2.379 4.22347
      vertex 10.0816 -5.379 4.23296
      vertex 10.0816 -2.379 4.23296
    endloop
  endfacet
  facet normal -0.290152 0 0.956981
    outer loop
      vertex 10.0816 -5.379 4.23296
      vertex 10.0503 -2.379 4.22347
      vertex 10.0503 -5.379 4.22347
    endloop
  endfacet
  facet normal -0.0979924 0 0.995187
    outer loop
      vertex 10.1457 -2.379 4.24572
      vertex 10.1783 -5.379 4.24893
      vertex 10.1783 -2.379 4.24893
    endloop
  endfacet
  facet normal -0.0979924 0 0.995187
    outer loop
      vertex 10.1783 -5.379 4.24893
      vertex 10.1457 -2.379 4.24572
      vertex 10.1457 -5.379 4.24572
    endloop
  endfacet
  facet normal 0.935144 0 -0.354268
    outer loop
      vertex 10.6845 -5.379 3.58928
      vertex 10.6729 -2.379 3.55866
      vertex 10.6845 -2.379 3.58928
    endloop
  endfacet
  facet normal 0.935144 0 -0.354268
    outer loop
      vertex 10.6729 -2.379 3.55866
      vertex 10.6845 -5.379 3.58928
      vertex 10.6729 -5.379 3.55866
    endloop
  endfacet
  facet normal 0.882251 0 -0.470779
    outer loop
      vertex 10.6594 -5.379 3.52886
      vertex 10.644 -2.379 3.5
      vertex 10.6594 -2.379 3.52886
    endloop
  endfacet
  facet normal 0.882251 0 -0.470779
    outer loop
      vertex 10.644 -2.379 3.5
      vertex 10.6594 -5.379 3.52886
      vertex 10.644 -5.379 3.5
    endloop
  endfacet
  facet normal 0.995205 0 -0.0978089
    outer loop
      vertex 10.7099 -5.379 3.7173
      vertex 10.7067 -2.379 3.68474
      vertex 10.7099 -2.379 3.7173
    endloop
  endfacet
  facet normal 0.995205 0 -0.0978089
    outer loop
      vertex 10.7067 -2.379 3.68474
      vertex 10.7099 -5.379 3.7173
      vertex 10.7067 -5.379 3.68474
    endloop
  endfacet
  facet normal -0.910851 0 -0.412735
    outer loop
      vertex 9.761 -5.379 3.53231
      vertex 9.74906 -2.379 3.55866
      vertex 9.761 -2.379 3.53231
    endloop
  endfacet
  facet normal -0.910851 -0 -0.412735
    outer loop
      vertex 9.74906 -2.379 3.55866
      vertex 9.761 -5.379 3.53231
      vertex 9.74906 -5.379 3.55866
    endloop
  endfacet
  facet normal -0.995175 0 -0.0981116
    outer loop
      vertex 9.71528 -5.379 3.68474
      vertex 9.71207 -2.379 3.7173
      vertex 9.71528 -2.379 3.68474
    endloop
  endfacet
  facet normal -0.995175 -0 -0.0981116
    outer loop
      vertex 9.71207 -2.379 3.7173
      vertex 9.71528 -5.379 3.68474
      vertex 9.71207 -5.379 3.7173
    endloop
  endfacet
  facet normal 0.974071 -0 0.226244
    outer loop
      vertex 10.694 -5.379 3.87941
      vertex 10.7014 -2.379 3.84755
      vertex 10.694 -2.379 3.87941
    endloop
  endfacet
  facet normal 0.974071 0 0.226244
    outer loop
      vertex 10.7014 -2.379 3.84755
      vertex 10.694 -5.379 3.87941
      vertex 10.7014 -5.379 3.84755
    endloop
  endfacet
  facet normal 0.956922 -0 0.290347
    outer loop
      vertex 10.6845 -5.379 3.91072
      vertex 10.694 -2.379 3.87941
      vertex 10.6845 -2.379 3.91072
    endloop
  endfacet
  facet normal 0.956922 0 0.290347
    outer loop
      vertex 10.694 -2.379 3.87941
      vertex 10.6845 -5.379 3.91072
      vertex 10.694 -5.379 3.87941
    endloop
  endfacet
  facet normal 0.935144 -0 0.354268
    outer loop
      vertex 10.6729 -5.379 3.94134
      vertex 10.6845 -2.379 3.91072
      vertex 10.6729 -2.379 3.94134
    endloop
  endfacet
  facet normal 0.935144 0 0.354268
    outer loop
      vertex 10.6845 -2.379 3.91072
      vertex 10.6729 -5.379 3.94134
      vertex 10.6845 -5.379 3.91072
    endloop
  endfacet
  facet normal 0.163306 0 0.986575
    outer loop
      vertex 10.2763 -2.379 4.24572
      vertex 10.3085 -5.379 4.24039
      vertex 10.3085 -2.379 4.24039
    endloop
  endfacet
  facet normal 0.163306 0 0.986575
    outer loop
      vertex 10.3085 -5.379 4.24039
      vertex 10.2763 -2.379 4.24572
      vertex 10.2763 -5.379 4.24572
    endloop
  endfacet
  facet normal 0.0979924 0 0.995187
    outer loop
      vertex 10.2437 -2.379 4.24893
      vertex 10.2763 -5.379 4.24572
      vertex 10.2763 -2.379 4.24572
    endloop
  endfacet
  facet normal 0.0979924 0 0.995187
    outer loop
      vertex 10.2763 -5.379 4.24572
      vertex 10.2437 -2.379 4.24893
      vertex 10.2437 -5.379 4.24893
    endloop
  endfacet
  facet normal 0.0327042 0 0.999465
    outer loop
      vertex 10.211 -2.379 4.25
      vertex 10.2437 -5.379 4.24893
      vertex 10.2437 -2.379 4.24893
    endloop
  endfacet
  facet normal 0.0327042 0 0.999465
    outer loop
      vertex 10.2437 -5.379 4.24893
      vertex 10.211 -2.379 4.25
      vertex 10.211 -5.379 4.25
    endloop
  endfacet
  facet normal 0.634335 0 0.773058
    outer loop
      vertex 10.5154 -2.379 4.14668
      vertex 10.5407 -5.379 4.12592
      vertex 10.5407 -2.379 4.12592
    endloop
  endfacet
  facet normal 0.634335 0 0.773058
    outer loop
      vertex 10.5407 -5.379 4.12592
      vertex 10.5154 -2.379 4.14668
      vertex 10.5154 -5.379 4.14668
    endloop
  endfacet
  facet normal -0.910851 0 0.412735
    outer loop
      vertex 9.74906 -5.379 3.94134
      vertex 9.761 -2.379 3.96769
      vertex 9.74906 -2.379 3.94134
    endloop
  endfacet
  facet normal -0.910851 0 0.412735
    outer loop
      vertex 9.761 -2.379 3.96769
      vertex 9.74906 -5.379 3.94134
      vertex 9.761 -5.379 3.96769
    endloop
  endfacet
  facet normal -0.957006 0 0.290067
    outer loop
      vertex 9.72804 -5.379 3.87941
      vertex 9.73753 -2.379 3.91072
      vertex 9.72804 -2.379 3.87941
    endloop
  endfacet
  facet normal -0.957006 0 0.290067
    outer loop
      vertex 9.73753 -2.379 3.91072
      vertex 9.72804 -5.379 3.87941
      vertex 9.73753 -5.379 3.91072
    endloop
  endfacet
  facet normal -0.999465 0 0.0327042
    outer loop
      vertex 9.711 -5.379 3.75
      vertex 9.71207 -2.379 3.7827
      vertex 9.711 -2.379 3.75
    endloop
  endfacet
  facet normal -0.999465 0 0.0327042
    outer loop
      vertex 9.71207 -2.379 3.7827
      vertex 9.711 -5.379 3.75
      vertex 9.71207 -5.379 3.7827
    endloop
  endfacet
  facet normal -0.999465 0 -0.0327042
    outer loop
      vertex 9.71207 -5.379 3.7173
      vertex 9.711 -2.379 3.75
      vertex 9.71207 -2.379 3.7173
    endloop
  endfacet
  facet normal -0.999465 -0 -0.0327042
    outer loop
      vertex 9.711 -2.379 3.75
      vertex 9.71207 -5.379 3.7173
      vertex 9.711 -5.379 3.75
    endloop
  endfacet
  facet normal 0.999435 0 -0.0336201
    outer loop
      vertex 10.711 -5.379 3.75
      vertex 10.7099 -2.379 3.7173
      vertex 10.711 -2.379 3.75
    endloop
  endfacet
  facet normal 0.999435 0 -0.0336201
    outer loop
      vertex 10.7099 -2.379 3.7173
      vertex 10.711 -5.379 3.75
      vertex 10.7099 -5.379 3.7173
    endloop
  endfacet
  facet normal 0.730872 0 -0.682515
    outer loop
      vertex 10.5869 -5.379 3.42033
      vertex 10.5646 -2.379 3.39645
      vertex 10.5869 -2.379 3.42033
    endloop
  endfacet
  facet normal 0.730872 0 -0.682515
    outer loop
      vertex 10.5646 -2.379 3.39645
      vertex 10.5869 -5.379 3.42033
      vertex 10.5646 -5.379 3.39645
    endloop
  endfacet
  facet normal 0.634335 0 -0.773058
    outer loop
      vertex 10.5154 -5.379 3.35332
      vertex 10.5407 -2.379 3.37408
      vertex 10.5407 -5.379 3.37408
    endloop
  endfacet
  facet normal 0.634335 0 -0.773058
    outer loop
      vertex 10.5407 -2.379 3.37408
      vertex 10.5154 -5.379 3.35332
      vertex 10.5154 -2.379 3.35332
    endloop
  endfacet
  facet normal 0.683352 0 -0.730089
    outer loop
      vertex 10.5407 -5.379 3.37408
      vertex 10.5646 -2.379 3.39645
      vertex 10.5646 -5.379 3.39645
    endloop
  endfacet
  facet normal 0.683352 0 -0.730089
    outer loop
      vertex 10.5646 -2.379 3.39645
      vertex 10.5407 -5.379 3.37408
      vertex 10.5407 -2.379 3.37408
    endloop
  endfacet
  facet normal 0.58225 0 -0.81301
    outer loop
      vertex 10.4888 -5.379 3.33427
      vertex 10.5154 -2.379 3.35332
      vertex 10.5154 -5.379 3.35332
    endloop
  endfacet
  facet normal 0.58225 0 -0.81301
    outer loop
      vertex 10.5154 -2.379 3.35332
      vertex 10.4888 -5.379 3.33427
      vertex 10.4888 -2.379 3.33427
    endloop
  endfacet
  facet normal 0.52791 0 -0.8493
    outer loop
      vertex 10.461 -5.379 3.31699
      vertex 10.4888 -2.379 3.33427
      vertex 10.4888 -5.379 3.33427
    endloop
  endfacet
  facet normal 0.52791 0 -0.8493
    outer loop
      vertex 10.4888 -2.379 3.33427
      vertex 10.461 -5.379 3.31699
      vertex 10.461 -2.379 3.31699
    endloop
  endfacet
  facet normal 0.848856 0 -0.528625
    outer loop
      vertex 10.644 -5.379 3.5
      vertex 10.6267 -2.379 3.47222
      vertex 10.644 -2.379 3.5
    endloop
  endfacet
  facet normal 0.848856 0 -0.528625
    outer loop
      vertex 10.6267 -2.379 3.47222
      vertex 10.644 -5.379 3.5
      vertex 10.6267 -5.379 3.47222
    endloop
  endfacet
  facet normal 0.772336 0 -0.635215
    outer loop
      vertex 10.6077 -5.379 3.44562
      vertex 10.5869 -2.379 3.42033
      vertex 10.6077 -2.379 3.44562
    endloop
  endfacet
  facet normal 0.772336 0 -0.635215
    outer loop
      vertex 10.5869 -2.379 3.42033
      vertex 10.6077 -5.379 3.44562
      vertex 10.5869 -5.379 3.42033
    endloop
  endfacet
  facet normal 0.813733 0 -0.581238
    outer loop
      vertex 10.6267 -5.379 3.47222
      vertex 10.6077 -2.379 3.44562
      vertex 10.6267 -2.379 3.47222
    endloop
  endfacet
  facet normal 0.813733 0 -0.581238
    outer loop
      vertex 10.6077 -2.379 3.44562
      vertex 10.6267 -5.379 3.47222
      vertex 10.6077 -5.379 3.44562
    endloop
  endfacet
  facet normal 0.910889 0 -0.412651
    outer loop
      vertex 10.6729 -5.379 3.55866
      vertex 10.6594 -2.379 3.52886
      vertex 10.6729 -2.379 3.55866
    endloop
  endfacet
  facet normal 0.910889 0 -0.412651
    outer loop
      vertex 10.6594 -2.379 3.52886
      vertex 10.6729 -5.379 3.55866
      vertex 10.6594 -5.379 3.52886
    endloop
  endfacet
  facet normal 0.986788 0 -0.162019
    outer loop
      vertex 10.7067 -5.379 3.68474
      vertex 10.7014 -2.379 3.65246
      vertex 10.7067 -2.379 3.68474
    endloop
  endfacet
  facet normal 0.986788 0 -0.162019
    outer loop
      vertex 10.7014 -2.379 3.65246
      vertex 10.7067 -5.379 3.68474
      vertex 10.7014 -5.379 3.65246
    endloop
  endfacet
  facet normal 0.956922 0 -0.290347
    outer loop
      vertex 10.694 -5.379 3.62059
      vertex 10.6845 -2.379 3.58928
      vertex 10.694 -2.379 3.62059
    endloop
  endfacet
  facet normal 0.956922 0 -0.290347
    outer loop
      vertex 10.6845 -2.379 3.58928
      vertex 10.694 -5.379 3.62059
      vertex 10.6845 -5.379 3.58928
    endloop
  endfacet
  facet normal 0.974086 0 -0.226176
    outer loop
      vertex 10.7014 -5.379 3.65246
      vertex 10.694 -2.379 3.62059
      vertex 10.7014 -2.379 3.65246
    endloop
  endfacet
  facet normal 0.974086 0 -0.226176
    outer loop
      vertex 10.694 -2.379 3.62059
      vertex 10.7014 -5.379 3.65246
      vertex 10.694 -5.379 3.62059
    endloop
  endfacet
  facet normal -0.957006 0 -0.290067
    outer loop
      vertex 9.73753 -5.379 3.58928
      vertex 9.72804 -2.379 3.62059
      vertex 9.73753 -2.379 3.58928
    endloop
  endfacet
  facet normal -0.957006 -0 -0.290067
    outer loop
      vertex 9.72804 -2.379 3.62059
      vertex 9.73753 -5.379 3.58928
      vertex 9.72804 -5.379 3.62059
    endloop
  endfacet
  facet normal 0.730872 -0 0.682515
    outer loop
      vertex 10.5646 -5.379 4.10355
      vertex 10.5869 -2.379 4.07967
      vertex 10.5646 -2.379 4.10355
    endloop
  endfacet
  facet normal 0.730872 0 0.682515
    outer loop
      vertex 10.5869 -2.379 4.07967
      vertex 10.5646 -5.379 4.10355
      vertex 10.5869 -5.379 4.07967
    endloop
  endfacet
  facet normal 0.848941 -0 0.528488
    outer loop
      vertex 10.6267 -5.379 4.02779
      vertex 10.644 -2.379 4
      vertex 10.6267 -2.379 4.02779
    endloop
  endfacet
  facet normal 0.848941 0 0.528488
    outer loop
      vertex 10.644 -2.379 4
      vertex 10.6267 -5.379 4.02779
      vertex 10.644 -5.379 4
    endloop
  endfacet
  facet normal 0.412086 0 0.911145
    outer loop
      vertex 10.4023 -2.379 4.21194
      vertex 10.4287 -5.379 4.2
      vertex 10.4287 -2.379 4.2
    endloop
  endfacet
  facet normal 0.412086 0 0.911145
    outer loop
      vertex 10.4287 -5.379 4.2
      vertex 10.4023 -2.379 4.21194
      vertex 10.4023 -5.379 4.21194
    endloop
  endfacet
  facet normal 0 -1 0
    outer loop
      vertex 10.461 -5.379 4.18301
      vertex 10.5154 -5.379 4.14668
      vertex 10.4888 -5.379 4.16574
    endloop
  endfacet
  facet normal 0 -1 0
    outer loop
      vertex 10.461 -5.379 4.18301
      vertex 10.5407 -5.379 4.12592
      vertex 10.5154 -5.379 4.14668
    endloop
  endfacet
  facet normal 0 -1 0
    outer loop
      vertex 10.461 -5.379 4.18301
      vertex 10.5646 -5.379 4.10355
      vertex 10.5407 -5.379 4.12592
    endloop
  endfacet
  facet normal 0 -1 0
    outer loop
      vertex 10.461 -5.379 4.18301
      vertex 10.5869 -5.379 4.07967
      vertex 10.5646 -5.379 4.10355
    endloop
  endfacet
  facet normal 0 -1 0
    outer loop
      vertex 10.461 -5.379 4.18301
      vertex 10.6077 -5.379 4.05438
      vertex 10.5869 -5.379 4.07967
    endloop
  endfacet
  facet normal 0 -1 0
    outer loop
      vertex 10.461 -5.379 4.18301
      vertex 10.6267 -5.379 4.02779
      vertex 10.6077 -5.379 4.05438
    endloop
  endfacet
  facet normal 0 -1 0
    outer loop
      vertex 10.461 -5.379 4.18301
      vertex 10.644 -5.379 4
      vertex 10.6267 -5.379 4.02779
    endloop
  endfacet
  facet normal 0 -1 0
    outer loop
      vertex 10.461 -5.379 4.18301
      vertex 10.6594 -5.379 3.97114
      vertex 10.644 -5.379 4
    endloop
  endfacet
  facet normal 0 -1 0
    outer loop
      vertex 10.461 -5.379 4.18301
      vertex 10.6729 -5.379 3.94134
      vertex 10.6594 -5.379 3.97114
    endloop
  endfacet
  facet normal 0 -1 0
    outer loop
      vertex 10.461 -5.379 4.18301
      vertex 10.6845 -5.379 3.91072
      vertex 10.6729 -5.379 3.94134
    endloop
  endfacet
  facet normal 0 -1 0
    outer loop
      vertex 10.461 -5.379 4.18301
      vertex 10.694 -5.379 3.87941
      vertex 10.6845 -5.379 3.91072
    endloop
  endfacet
  facet normal 0 -1 0
    outer loop
      vertex 10.461 -5.379 4.18301
      vertex 10.7014 -5.379 3.84755
      vertex 10.694 -5.379 3.87941
    endloop
  endfacet
  facet normal 0 -1 0
    outer loop
      vertex 10.461 -5.379 4.18301
      vertex 10.7067 -5.379 3.81526
      vertex 10.7014 -5.379 3.84755
    endloop
  endfacet
  facet normal 0 -1 0
    outer loop
      vertex 10.461 -5.379 4.18301
      vertex 10.7099 -5.379 3.7827
      vertex 10.7067 -5.379 3.81526
    endloop
  endfacet
  facet normal 0 -1 0
    outer loop
      vertex 10.461 -5.379 4.18301
      vertex 10.711 -5.379 3.75
      vertex 10.7099 -5.379 3.7827
    endloop
  endfacet
  facet normal 0 -1 0
    outer loop
      vertex 10.461 -5.379 4.18301
      vertex 10.7099 -5.379 3.7173
      vertex 10.711 -5.379 3.75
    endloop
  endfacet
  facet normal 0 -1 0
    outer loop
      vertex 10.461 -5.379 4.18301
      vertex 10.7067 -5.379 3.68474
      vertex 10.7099 -5.379 3.7173
    endloop
  endfacet
  facet normal 0 -1 0
    outer loop
      vertex 10.461 -5.379 4.18301
      vertex 10.7014 -5.379 3.65246
      vertex 10.7067 -5.379 3.68474
    endloop
  endfacet
  facet normal 0 -1 0
    outer loop
      vertex 10.461 -5.379 4.18301
      vertex 10.694 -5.379 3.62059
      vertex 10.7014 -5.379 3.65246
    endloop
  endfacet
  facet normal 0 -1 0
    outer loop
      vertex 10.461 -5.379 4.18301
      vertex 10.6845 -5.379 3.58928
      vertex 10.694 -5.379 3.62059
    endloop
  endfacet
  facet normal 0 -1 0
    outer loop
      vertex 10.461 -5.379 4.18301
      vertex 10.6729 -5.379 3.55866
      vertex 10.6845 -5.379 3.58928
    endloop
  endfacet
  facet normal 0 -1 0
    outer loop
      vertex 10.461 -5.379 4.18301
      vertex 10.6594 -5.379 3.52886
      vertex 10.6729 -5.379 3.55866
    endloop
  endfacet
  facet normal 0 -1 0
    outer loop
      vertex 10.461 -5.379 4.18301
      vertex 10.644 -5.379 3.5
      vertex 10.6594 -5.379 3.52886
    endloop
  endfacet
  facet normal 0 -1 0
    outer loop
      vertex 10.461 -5.379 4.18301
      vertex 10.6267 -5.379 3.47222
      vertex 10.644 -5.379 3.5
    endloop
  endfacet
  facet normal 0 -1 0
    outer loop
      vertex 10.461 -5.379 4.18301
      vertex 10.6077 -5.379 3.44562
      vertex 10.6267 -5.379 3.47222
    endloop
  endfacet
  facet normal 0 -1 0
    outer loop
      vertex 10.461 -5.379 4.18301
      vertex 10.5869 -5.379 3.42033
      vertex 10.6077 -5.379 3.44562
    endloop
  endfacet
  facet normal 0 -1 0
    outer loop
      vertex 10.461 -5.379 4.18301
      vertex 10.5646 -5.379 3.39645
      vertex 10.5869 -5.379 3.42033
    endloop
  endfacet
  facet normal 0 -1 0
    outer loop
      vertex 10.461 -5.379 4.18301
      vertex 10.5407 -5.379 3.37408
      vertex 10.5646 -5.379 3.39645
    endloop
  endfacet
  facet normal 0 -1 0
    outer loop
      vertex 10.461 -5.379 4.18301
      vertex 10.5154 -5.379 3.35332
      vertex 10.5407 -5.379 3.37408
    endloop
  endfacet
  facet normal 0 -1 0
    outer loop
      vertex 10.461 -5.379 4.18301
      vertex 10.4888 -5.379 3.33427
      vertex 10.5154 -5.379 3.35332
    endloop
  endfacet
  facet normal -0 -1 0
    outer loop
      vertex 10.4888 -5.379 3.33427
      vertex 10.461 -5.379 4.18301
      vertex 10.461 -5.379 3.31699
    endloop
  endfacet
  facet normal 0 -1 0
    outer loop
      vertex 9.73753 -5.379 3.91072
      vertex 9.761 -5.379 3.96769
      vertex 9.74906 -5.379 3.94134
    endloop
  endfacet
  facet normal 0 -1 0
    outer loop
      vertex 9.72804 -5.379 3.87941
      vertex 9.761 -5.379 3.96769
      vertex 9.73753 -5.379 3.91072
    endloop
  endfacet
  facet normal 0 -1 0
    outer loop
      vertex 9.72061 -5.379 3.84755
      vertex 9.761 -5.379 3.96769
      vertex 9.72804 -5.379 3.87941
    endloop
  endfacet
  facet normal 0 -1 0
    outer loop
      vertex 9.71528 -5.379 3.81526
      vertex 9.761 -5.379 3.96769
      vertex 9.72061 -5.379 3.84755
    endloop
  endfacet
  facet normal 0 -1 0
    outer loop
      vertex 9.71207 -5.379 3.7827
      vertex 9.761 -5.379 3.96769
      vertex 9.71528 -5.379 3.81526
    endloop
  endfacet
  facet normal 0 -1 0
    outer loop
      vertex 9.711 -5.379 3.75
      vertex 9.761 -5.379 3.96769
      vertex 9.71207 -5.379 3.7827
    endloop
  endfacet
  facet normal 0 -1 0
    outer loop
      vertex 9.71207 -5.379 3.7173
      vertex 9.761 -5.379 3.96769
      vertex 9.711 -5.379 3.75
    endloop
  endfacet
  facet normal 0 -1 0
    outer loop
      vertex 9.71528 -5.379 3.68474
      vertex 9.761 -5.379 3.96769
      vertex 9.71207 -5.379 3.7173
    endloop
  endfacet
  facet normal 0 -1 0
    outer loop
      vertex 9.72061 -5.379 3.65246
      vertex 9.761 -5.379 3.96769
      vertex 9.71528 -5.379 3.68474
    endloop
  endfacet
  facet normal 0 -1 0
    outer loop
      vertex 9.72804 -5.379 3.62059
      vertex 9.761 -5.379 3.96769
      vertex 9.72061 -5.379 3.65246
    endloop
  endfacet
  facet normal 0 -1 0
    outer loop
      vertex 9.73753 -5.379 3.58928
      vertex 9.761 -5.379 3.96769
      vertex 9.72804 -5.379 3.62059
    endloop
  endfacet
  facet normal 0 -1 0
    outer loop
      vertex 9.74906 -5.379 3.55866
      vertex 9.761 -5.379 3.96769
      vertex 9.73753 -5.379 3.58928
    endloop
  endfacet
  facet normal 0 -1 -0
    outer loop
      vertex 9.761 -5.379 3.96769
      vertex 9.74906 -5.379 3.55866
      vertex 9.761 -5.379 3.53231
    endloop
  endfacet
  facet normal 0 -1 0
    outer loop
      vertex 10.1783 -5.379 4.24893
      vertex 10.2437 -5.379 4.24893
      vertex 10.211 -5.379 4.25
    endloop
  endfacet
  facet normal 0 -1 0
    outer loop
      vertex 10.1457 -5.379 4.24572
      vertex 10.2437 -5.379 4.24893
      vertex 10.1783 -5.379 4.24893
    endloop
  endfacet
  facet normal 0 -1 0
    outer loop
      vertex 10.1457 -5.379 4.24572
      vertex 10.2763 -5.379 4.24572
      vertex 10.2437 -5.379 4.24893
    endloop
  endfacet
  facet normal 0 -1 0
    outer loop
      vertex 10.1135 -5.379 4.24039
      vertex 10.2763 -5.379 4.24572
      vertex 10.1457 -5.379 4.24572
    endloop
  endfacet
  facet normal 0 -1 0
    outer loop
      vertex 10.1135 -5.379 4.24039
      vertex 10.3085 -5.379 4.24039
      vertex 10.2763 -5.379 4.24572
    endloop
  endfacet
  facet normal 0 -1 0
    outer loop
      vertex 10.0816 -5.379 4.23296
      vertex 10.3085 -5.379 4.24039
      vertex 10.1135 -5.379 4.24039
    endloop
  endfacet
  facet normal 0 -1 0
    outer loop
      vertex 10.0816 -5.379 4.23296
      vertex 10.3404 -5.379 4.23296
      vertex 10.3085 -5.379 4.24039
    endloop
  endfacet
  facet normal 0 -1 0
    outer loop
      vertex 10.0503 -5.379 4.22347
      vertex 10.3404 -5.379 4.23296
      vertex 10.0816 -5.379 4.23296
    endloop
  endfacet
  facet normal 0 -1 0
    outer loop
      vertex 10.0503 -5.379 4.22347
      vertex 10.3717 -5.379 4.22347
      vertex 10.3404 -5.379 4.23296
    endloop
  endfacet
  facet normal 0 -1 0
    outer loop
      vertex 10.0197 -5.379 4.21194
      vertex 10.3717 -5.379 4.22347
      vertex 10.0503 -5.379 4.22347
    endloop
  endfacet
  facet normal 0 -1 0
    outer loop
      vertex 10.0197 -5.379 4.21194
      vertex 10.4023 -5.379 4.21194
      vertex 10.3717 -5.379 4.22347
    endloop
  endfacet
  facet normal 0 -1 0
    outer loop
      vertex 9.99331 -5.379 4.2
      vertex 10.4023 -5.379 4.21194
      vertex 10.0197 -5.379 4.21194
    endloop
  endfacet
  facet normal 0 -1 -0
    outer loop
      vertex 10.4023 -5.379 4.21194
      vertex 9.99331 -5.379 4.2
      vertex 10.4287 -5.379 4.2
    endloop
  endfacet
  facet normal -0.995175 0 0.0981116
    outer loop
      vertex 9.71207 -5.379 3.7827
      vertex 9.71528 -2.379 3.81526
      vertex 9.71207 -2.379 3.7827
    endloop
  endfacet
  facet normal -0.995175 0 0.0981116
    outer loop
      vertex 9.71528 -2.379 3.81526
      vertex 9.71207 -5.379 3.7827
      vertex 9.71528 -5.379 3.81526
    endloop
  endfacet
  facet normal -0.352598 0 0.935775
    outer loop
      vertex 10.0197 -2.379 4.21194
      vertex 10.0503 -5.379 4.22347
      vertex 10.0503 -2.379 4.22347
    endloop
  endfacet
  facet normal -0.352598 0 0.935775
    outer loop
      vertex 10.0503 -5.379 4.22347
      vertex 10.0197 -2.379 4.21194
      vertex 10.0197 -5.379 4.21194
    endloop
  endfacet
  facet normal -0.163306 0 0.986575
    outer loop
      vertex 10.1135 -2.379 4.24039
      vertex 10.1457 -5.379 4.24572
      vertex 10.1457 -2.379 4.24572
    endloop
  endfacet
  facet normal -0.163306 0 0.986575
    outer loop
      vertex 10.1457 -5.379 4.24572
      vertex 10.1135 -2.379 4.24039
      vertex 10.1135 -5.379 4.24039
    endloop
  endfacet
  facet normal -0.935851 0 -0.352396
    outer loop
      vertex 9.74906 -5.379 3.55866
      vertex 9.73753 -2.379 3.58928
      vertex 9.74906 -2.379 3.55866
    endloop
  endfacet
  facet normal -0.935851 -0 -0.352396
    outer loop
      vertex 9.73753 -2.379 3.58928
      vertex 9.74906 -5.379 3.55866
      vertex 9.73753 -5.379 3.58928
    endloop
  endfacet
  facet normal -0.973884 0 -0.227046
    outer loop
      vertex 9.72804 -5.379 3.62059
      vertex 9.72061 -2.379 3.65246
      vertex 9.72804 -2.379 3.62059
    endloop
  endfacet
  facet normal -0.973884 -0 -0.227046
    outer loop
      vertex 9.72061 -2.379 3.65246
      vertex 9.72804 -5.379 3.62059
      vertex 9.72061 -5.379 3.65246
    endloop
  endfacet
  facet normal 0.412086 0 0.911145
    outer loop
      vertex -13.0227 -2.379 4.21194
      vertex -12.9963 -5.379 4.2
      vertex -12.9963 -2.379 4.2
    endloop
  endfacet
  facet normal 0.412086 0 0.911145
    outer loop
      vertex -12.9963 -5.379 4.2
      vertex -13.0227 -2.379 4.21194
      vertex -13.0227 -5.379 4.21194
    endloop
  endfacet
  facet normal -0.352598 0 0.935775
    outer loop
      vertex -13.4053 -2.379 4.21194
      vertex -13.3747 -5.379 4.22347
      vertex -13.3747 -2.379 4.22347
    endloop
  endfacet
  facet normal -0.352598 0 0.935775
    outer loop
      vertex -13.3747 -5.379 4.22347
      vertex -13.4053 -2.379 4.21194
      vertex -13.4053 -5.379 4.21194
    endloop
  endfacet
  facet normal -0.910889 0 0.412651
    outer loop
      vertex -13.6759 -5.379 3.94134
      vertex -13.6624 -2.379 3.97114
      vertex -13.6759 -2.379 3.94134
    endloop
  endfacet
  facet normal -0.910889 0 0.412651
    outer loop
      vertex -13.6624 -2.379 3.97114
      vertex -13.6759 -5.379 3.94134
      vertex -13.6624 -5.379 3.97114
    endloop
  endfacet
  facet normal 0.999435 0 -0.0336201
    outer loop
      vertex -12.714 -5.379 3.75
      vertex -12.7151 -2.379 3.7173
      vertex -12.714 -2.379 3.75
    endloop
  endfacet
  facet normal 0.999435 0 -0.0336201
    outer loop
      vertex -12.7151 -2.379 3.7173
      vertex -12.714 -5.379 3.75
      vertex -12.7151 -5.379 3.7173
    endloop
  endfacet
  facet normal 0.163306 0 0.986575
    outer loop
      vertex -13.1487 -2.379 4.24572
      vertex -13.1165 -5.379 4.24039
      vertex -13.1165 -2.379 4.24039
    endloop
  endfacet
  facet normal 0.163306 0 0.986575
    outer loop
      vertex -13.1165 -5.379 4.24039
      vertex -13.1487 -2.379 4.24572
      vertex -13.1487 -5.379 4.24572
    endloop
  endfacet
  facet normal -0.730872 0 0.682515
    outer loop
      vertex -13.5899 -5.379 4.07967
      vertex -13.5676 -2.379 4.10355
      vertex -13.5899 -2.379 4.07967
    endloop
  endfacet
  facet normal -0.730872 0 0.682515
    outer loop
      vertex -13.5676 -2.379 4.10355
      vertex -13.5899 -5.379 4.07967
      vertex -13.5676 -5.379 4.10355
    endloop
  endfacet
  facet normal -0.163306 0 0.986575
    outer loop
      vertex -13.3115 -2.379 4.24039
      vertex -13.2793 -5.379 4.24572
      vertex -13.2793 -2.379 4.24572
    endloop
  endfacet
  facet normal -0.163306 0 0.986575
    outer loop
      vertex -13.2793 -5.379 4.24572
      vertex -13.3115 -2.379 4.24039
      vertex -13.3115 -5.379 4.24039
    endloop
  endfacet
  facet normal 0.935144 -0 0.354268
    outer loop
      vertex -12.7521 -5.379 3.94134
      vertex -12.7405 -2.379 3.91072
      vertex -12.7521 -2.379 3.94134
    endloop
  endfacet
  facet normal 0.935144 0 0.354268
    outer loop
      vertex -12.7405 -2.379 3.91072
      vertex -12.7521 -5.379 3.94134
      vertex -12.7405 -5.379 3.91072
    endloop
  endfacet
  facet normal 0.352598 0 0.935775
    outer loop
      vertex -13.0533 -2.379 4.22347
      vertex -13.0227 -5.379 4.21194
      vertex -13.0227 -2.379 4.21194
    endloop
  endfacet
  facet normal 0.352598 0 0.935775
    outer loop
      vertex -13.0227 -5.379 4.21194
      vertex -13.0533 -2.379 4.22347
      vertex -13.0533 -5.379 4.22347
    endloop
  endfacet
  facet normal 0.226844 0 0.973931
    outer loop
      vertex -13.1165 -2.379 4.24039
      vertex -13.0846 -5.379 4.23296
      vertex -13.0846 -2.379 4.23296
    endloop
  endfacet
  facet normal 0.226844 0 0.973931
    outer loop
      vertex -13.0846 -5.379 4.23296
      vertex -13.1165 -2.379 4.24039
      vertex -13.1165 -5.379 4.24039
    endloop
  endfacet
  facet normal -0.999435 0 0.0336201
    outer loop
      vertex -13.714 -5.379 3.75
      vertex -13.7129 -2.379 3.7827
      vertex -13.714 -2.379 3.75
    endloop
  endfacet
  facet normal -0.999435 0 0.0336201
    outer loop
      vertex -13.7129 -2.379 3.7827
      vertex -13.714 -5.379 3.75
      vertex -13.7129 -5.379 3.7827
    endloop
  endfacet
  facet normal -0.935144 0 0.354268
    outer loop
      vertex -13.6875 -5.379 3.91072
      vertex -13.6759 -2.379 3.94134
      vertex -13.6875 -2.379 3.91072
    endloop
  endfacet
  facet normal -0.935144 0 0.354268
    outer loop
      vertex -13.6759 -2.379 3.94134
      vertex -13.6875 -5.379 3.91072
      vertex -13.6759 -5.379 3.94134
    endloop
  endfacet
  facet normal -0.974071 0 0.226244
    outer loop
      vertex -13.7044 -5.379 3.84755
      vertex -13.697 -2.379 3.87941
      vertex -13.7044 -2.379 3.84755
    endloop
  endfacet
  facet normal -0.974071 0 0.226244
    outer loop
      vertex -13.697 -2.379 3.87941
      vertex -13.7044 -5.379 3.84755
      vertex -13.697 -5.379 3.87941
    endloop
  endfacet
  facet normal -0.848941 0 0.528488
    outer loop
      vertex -13.647 -5.379 4
      vertex -13.6297 -2.379 4.02779
      vertex -13.647 -2.379 4
    endloop
  endfacet
  facet normal -0.848941 0 0.528488
    outer loop
      vertex -13.6297 -2.379 4.02779
      vertex -13.647 -5.379 4
      vertex -13.6297 -5.379 4.02779
    endloop
  endfacet
  facet normal -0.81363 0 0.581383
    outer loop
      vertex -13.6297 -5.379 4.02779
      vertex -13.6107 -2.379 4.05438
      vertex -13.6297 -2.379 4.02779
    endloop
  endfacet
  facet normal -0.81363 0 0.581383
    outer loop
      vertex -13.6107 -2.379 4.05438
      vertex -13.6297 -5.379 4.02779
      vertex -13.6107 -5.379 4.05438
    endloop
  endfacet
  facet normal -0.0979924 0 0.995187
    outer loop
      vertex -13.2793 -2.379 4.24572
      vertex -13.2467 -5.379 4.24893
      vertex -13.2467 -2.379 4.24893
    endloop
  endfacet
  facet normal -0.0979924 0 0.995187
    outer loop
      vertex -13.2467 -5.379 4.24893
      vertex -13.2793 -2.379 4.24572
      vertex -13.2793 -5.379 4.24572
    endloop
  endfacet
  facet normal -0.52769 0 0.849437
    outer loop
      vertex -13.4918 -2.379 4.16574
      vertex -13.464 -5.379 4.18301
      vertex -13.464 -2.379 4.18301
    endloop
  endfacet
  facet normal -0.52769 0 0.849437
    outer loop
      vertex -13.464 -5.379 4.18301
      vertex -13.4918 -2.379 4.16574
      vertex -13.4918 -5.379 4.16574
    endloop
  endfacet
  facet normal -0.683352 0 0.730089
    outer loop
      vertex -13.5676 -2.379 4.10355
      vertex -13.5437 -5.379 4.12592
      vertex -13.5437 -2.379 4.12592
    endloop
  endfacet
  facet normal -0.683352 0 0.730089
    outer loop
      vertex -13.5437 -5.379 4.12592
      vertex -13.5676 -2.379 4.10355
      vertex -13.5676 -5.379 4.10355
    endloop
  endfacet
  facet normal 0.956922 0 -0.290347
    outer loop
      vertex -12.731 -5.379 3.62059
      vertex -12.7405 -2.379 3.58928
      vertex -12.731 -2.379 3.62059
    endloop
  endfacet
  facet normal 0.956922 0 -0.290347
    outer loop
      vertex -12.7405 -2.379 3.58928
      vertex -12.731 -5.379 3.62059
      vertex -12.7405 -5.379 3.58928
    endloop
  endfacet
  facet normal -0.910889 0 -0.412651
    outer loop
      vertex -13.6624 -5.379 3.52886
      vertex -13.6759 -2.379 3.55866
      vertex -13.6624 -2.379 3.52886
    endloop
  endfacet
  facet normal -0.910889 -0 -0.412651
    outer loop
      vertex -13.6759 -2.379 3.55866
      vertex -13.6624 -5.379 3.52886
      vertex -13.6759 -5.379 3.55866
    endloop
  endfacet
  facet normal 0.911371 -0 0.411587
    outer loop
      vertex -12.764 -5.379 3.96769
      vertex -12.7521 -2.379 3.94134
      vertex -12.764 -2.379 3.96769
    endloop
  endfacet
  facet normal 0.911371 0 0.411587
    outer loop
      vertex -12.7521 -2.379 3.94134
      vertex -12.764 -5.379 3.96769
      vertex -12.7521 -5.379 3.94134
    endloop
  endfacet
  facet normal 0.974071 -0 0.226244
    outer loop
      vertex -12.731 -5.379 3.87941
      vertex -12.7236 -2.379 3.84755
      vertex -12.731 -2.379 3.87941
    endloop
  endfacet
  facet normal 0.974071 0 0.226244
    outer loop
      vertex -12.7236 -2.379 3.84755
      vertex -12.731 -5.379 3.87941
      vertex -12.7236 -5.379 3.84755
    endloop
  endfacet
  facet normal 0.0327042 0 0.999465
    outer loop
      vertex -13.214 -2.379 4.25
      vertex -13.1813 -5.379 4.24893
      vertex -13.1813 -2.379 4.24893
    endloop
  endfacet
  facet normal 0.0327042 0 0.999465
    outer loop
      vertex -13.1813 -5.379 4.24893
      vertex -13.214 -2.379 4.25
      vertex -13.214 -5.379 4.25
    endloop
  endfacet
  facet normal 0.290152 0 0.956981
    outer loop
      vertex -13.0846 -2.379 4.23296
      vertex -13.0533 -5.379 4.22347
      vertex -13.0533 -2.379 4.22347
    endloop
  endfacet
  facet normal 0.290152 0 0.956981
    outer loop
      vertex -13.0533 -5.379 4.22347
      vertex -13.0846 -2.379 4.23296
      vertex -13.0846 -5.379 4.23296
    endloop
  endfacet
  facet normal 0 -1 0
    outer loop
      vertex -13.5184 -5.379 4.14668
      vertex -13.464 -5.379 4.18301
      vertex -13.4918 -5.379 4.16574
    endloop
  endfacet
  facet normal 0 -1 0
    outer loop
      vertex -13.5437 -5.379 4.12592
      vertex -13.464 -5.379 4.18301
      vertex -13.5184 -5.379 4.14668
    endloop
  endfacet
  facet normal 0 -1 0
    outer loop
      vertex -13.5676 -5.379 4.10355
      vertex -13.464 -5.379 4.18301
      vertex -13.5437 -5.379 4.12592
    endloop
  endfacet
  facet normal 0 -1 0
    outer loop
      vertex -13.5899 -5.379 4.07967
      vertex -13.464 -5.379 4.18301
      vertex -13.5676 -5.379 4.10355
    endloop
  endfacet
  facet normal 0 -1 0
    outer loop
      vertex -13.6107 -5.379 4.05438
      vertex -13.464 -5.379 4.18301
      vertex -13.5899 -5.379 4.07967
    endloop
  endfacet
  facet normal 0 -1 0
    outer loop
      vertex -13.6297 -5.379 4.02779
      vertex -13.464 -5.379 4.18301
      vertex -13.6107 -5.379 4.05438
    endloop
  endfacet
  facet normal 0 -1 0
    outer loop
      vertex -13.647 -5.379 4
      vertex -13.464 -5.379 4.18301
      vertex -13.6297 -5.379 4.02779
    endloop
  endfacet
  facet normal 0 -1 0
    outer loop
      vertex -13.6624 -5.379 3.97114
      vertex -13.464 -5.379 4.18301
      vertex -13.647 -5.379 4
    endloop
  endfacet
  facet normal 0 -1 0
    outer loop
      vertex -13.6759 -5.379 3.94134
      vertex -13.464 -5.379 4.18301
      vertex -13.6624 -5.379 3.97114
    endloop
  endfacet
  facet normal 0 -1 0
    outer loop
      vertex -13.6875 -5.379 3.91072
      vertex -13.464 -5.379 4.18301
      vertex -13.6759 -5.379 3.94134
    endloop
  endfacet
  facet normal 0 -1 0
    outer loop
      vertex -13.697 -5.379 3.87941
      vertex -13.464 -5.379 4.18301
      vertex -13.6875 -5.379 3.91072
    endloop
  endfacet
  facet normal 0 -1 0
    outer loop
      vertex -13.7044 -5.379 3.84755
      vertex -13.464 -5.379 4.18301
      vertex -13.697 -5.379 3.87941
    endloop
  endfacet
  facet normal 0 -1 0
    outer loop
      vertex -13.7097 -5.379 3.81526
      vertex -13.464 -5.379 4.18301
      vertex -13.7044 -5.379 3.84755
    endloop
  endfacet
  facet normal 0 -1 0
    outer loop
      vertex -13.7129 -5.379 3.7827
      vertex -13.464 -5.379 4.18301
      vertex -13.7097 -5.379 3.81526
    endloop
  endfacet
  facet normal 0 -1 0
    outer loop
      vertex -13.714 -5.379 3.75
      vertex -13.464 -5.379 4.18301
      vertex -13.7129 -5.379 3.7827
    endloop
  endfacet
  facet normal 0 -1 0
    outer loop
      vertex -13.7129 -5.379 3.7173
      vertex -13.464 -5.379 4.18301
      vertex -13.714 -5.379 3.75
    endloop
  endfacet
  facet normal 0 -1 0
    outer loop
      vertex -13.7097 -5.379 3.68474
      vertex -13.464 -5.379 4.18301
      vertex -13.7129 -5.379 3.7173
    endloop
  endfacet
  facet normal 0 -1 0
    outer loop
      vertex -13.7044 -5.379 3.65246
      vertex -13.464 -5.379 4.18301
      vertex -13.7097 -5.379 3.68474
    endloop
  endfacet
  facet normal 0 -1 0
    outer loop
      vertex -13.697 -5.379 3.62059
      vertex -13.464 -5.379 4.18301
      vertex -13.7044 -5.379 3.65246
    endloop
  endfacet
  facet normal 0 -1 0
    outer loop
      vertex -13.6875 -5.379 3.58928
      vertex -13.464 -5.379 4.18301
      vertex -13.697 -5.379 3.62059
    endloop
  endfacet
  facet normal 0 -1 0
    outer loop
      vertex -13.6759 -5.379 3.55866
      vertex -13.464 -5.379 4.18301
      vertex -13.6875 -5.379 3.58928
    endloop
  endfacet
  facet normal 0 -1 0
    outer loop
      vertex -13.6624 -5.379 3.52886
      vertex -13.464 -5.379 4.18301
      vertex -13.6759 -5.379 3.55866
    endloop
  endfacet
  facet normal 0 -1 0
    outer loop
      vertex -13.647 -5.379 3.5
      vertex -13.464 -5.379 4.18301
      vertex -13.6624 -5.379 3.52886
    endloop
  endfacet
  facet normal 0 -1 0
    outer loop
      vertex -13.6297 -5.379 3.47222
      vertex -13.464 -5.379 4.18301
      vertex -13.647 -5.379 3.5
    endloop
  endfacet
  facet normal 0 -1 0
    outer loop
      vertex -13.6107 -5.379 3.44562
      vertex -13.464 -5.379 4.18301
      vertex -13.6297 -5.379 3.47222
    endloop
  endfacet
  facet normal 0 -1 0
    outer loop
      vertex -13.5899 -5.379 3.42033
      vertex -13.464 -5.379 4.18301
      vertex -13.6107 -5.379 3.44562
    endloop
  endfacet
  facet normal 0 -1 0
    outer loop
      vertex -13.5676 -5.379 3.39645
      vertex -13.464 -5.379 4.18301
      vertex -13.5899 -5.379 3.42033
    endloop
  endfacet
  facet normal 0 -1 0
    outer loop
      vertex -13.5437 -5.379 3.37408
      vertex -13.464 -5.379 4.18301
      vertex -13.5676 -5.379 3.39645
    endloop
  endfacet
  facet normal 0 -1 0
    outer loop
      vertex -13.5184 -5.379 3.35332
      vertex -13.464 -5.379 4.18301
      vertex -13.5437 -5.379 3.37408
    endloop
  endfacet
  facet normal 0 -1 0
    outer loop
      vertex -13.4918 -5.379 3.33427
      vertex -13.464 -5.379 4.18301
      vertex -13.5184 -5.379 3.35332
    endloop
  endfacet
  facet normal 0 -1 -0
    outer loop
      vertex -13.464 -5.379 4.18301
      vertex -13.4918 -5.379 3.33427
      vertex -13.464 -5.379 3.31699
    endloop
  endfacet
  facet normal 0 -1 0
    outer loop
      vertex -13.2467 -5.379 4.24893
      vertex -13.1813 -5.379 4.24893
      vertex -13.214 -5.379 4.25
    endloop
  endfacet
  facet normal 0 -1 0
    outer loop
      vertex -13.2793 -5.379 4.24572
      vertex -13.1813 -5.379 4.24893
      vertex -13.2467 -5.379 4.24893
    endloop
  endfacet
  facet normal 0 -1 0
    outer loop
      vertex -13.2793 -5.379 4.24572
      vertex -13.1487 -5.379 4.24572
      vertex -13.1813 -5.379 4.24893
    endloop
  endfacet
  facet normal 0 -1 0
    outer loop
      vertex -13.3115 -5.379 4.24039
      vertex -13.1487 -5.379 4.24572
      vertex -13.2793 -5.379 4.24572
    endloop
  endfacet
  facet normal 0 -1 0
    outer loop
      vertex -13.3115 -5.379 4.24039
      vertex -13.1165 -5.379 4.24039
      vertex -13.1487 -5.379 4.24572
    endloop
  endfacet
  facet normal 0 -1 0
    outer loop
      vertex -13.3434 -5.379 4.23296
      vertex -13.1165 -5.379 4.24039
      vertex -13.3115 -5.379 4.24039
    endloop
  endfacet
  facet normal 0 -1 0
    outer loop
      vertex -13.3434 -5.379 4.23296
      vertex -13.0846 -5.379 4.23296
      vertex -13.1165 -5.379 4.24039
    endloop
  endfacet
  facet normal 0 -1 0
    outer loop
      vertex -13.3747 -5.379 4.22347
      vertex -13.0846 -5.379 4.23296
      vertex -13.3434 -5.379 4.23296
    endloop
  endfacet
  facet normal 0 -1 0
    outer loop
      vertex -13.3747 -5.379 4.22347
      vertex -13.0533 -5.379 4.22347
      vertex -13.0846 -5.379 4.23296
    endloop
  endfacet
  facet normal 0 -1 0
    outer loop
      vertex -13.4053 -5.379 4.21194
      vertex -13.0533 -5.379 4.22347
      vertex -13.3747 -5.379 4.22347
    endloop
  endfacet
  facet normal 0 -1 0
    outer loop
      vertex -13.4053 -5.379 4.21194
      vertex -13.0227 -5.379 4.21194
      vertex -13.0533 -5.379 4.22347
    endloop
  endfacet
  facet normal 0 -1 0
    outer loop
      vertex -13.4317 -5.379 4.2
      vertex -13.0227 -5.379 4.21194
      vertex -13.4053 -5.379 4.21194
    endloop
  endfacet
  facet normal 0 -1 -0
    outer loop
      vertex -13.0227 -5.379 4.21194
      vertex -13.4317 -5.379 4.2
      vertex -12.9963 -5.379 4.2
    endloop
  endfacet
  facet normal 0 -1 0
    outer loop
      vertex -12.764 -5.379 3.96769
      vertex -12.7405 -5.379 3.91072
      vertex -12.7521 -5.379 3.94134
    endloop
  endfacet
  facet normal 0 -1 0
    outer loop
      vertex -12.764 -5.379 3.96769
      vertex -12.731 -5.379 3.87941
      vertex -12.7405 -5.379 3.91072
    endloop
  endfacet
  facet normal 0 -1 0
    outer loop
      vertex -12.764 -5.379 3.96769
      vertex -12.7236 -5.379 3.84755
      vertex -12.731 -5.379 3.87941
    endloop
  endfacet
  facet normal 0 -1 0
    outer loop
      vertex -12.764 -5.379 3.96769
      vertex -12.7183 -5.379 3.81526
      vertex -12.7236 -5.379 3.84755
    endloop
  endfacet
  facet normal 0 -1 0
    outer loop
      vertex -12.764 -5.379 3.96769
      vertex -12.7151 -5.379 3.7827
      vertex -12.7183 -5.379 3.81526
    endloop
  endfacet
  facet normal 0 -1 0
    outer loop
      vertex -12.764 -5.379 3.96769
      vertex -12.714 -5.379 3.75
      vertex -12.7151 -5.379 3.7827
    endloop
  endfacet
  facet normal 0 -1 0
    outer loop
      vertex -12.764 -5.379 3.96769
      vertex -12.7151 -5.379 3.7173
      vertex -12.714 -5.379 3.75
    endloop
  endfacet
  facet normal 0 -1 0
    outer loop
      vertex -12.764 -5.379 3.96769
      vertex -12.7183 -5.379 3.68474
      vertex -12.7151 -5.379 3.7173
    endloop
  endfacet
  facet normal 0 -1 0
    outer loop
      vertex -12.764 -5.379 3.96769
      vertex -12.7236 -5.379 3.65246
      vertex -12.7183 -5.379 3.68474
    endloop
  endfacet
  facet normal 0 -1 0
    outer loop
      vertex -12.764 -5.379 3.96769
      vertex -12.731 -5.379 3.62059
      vertex -12.7236 -5.379 3.65246
    endloop
  endfacet
  facet normal 0 -1 0
    outer loop
      vertex -12.764 -5.379 3.96769
      vertex -12.7405 -5.379 3.58928
      vertex -12.731 -5.379 3.62059
    endloop
  endfacet
  facet normal 0 -1 0
    outer loop
      vertex -12.764 -5.379 3.96769
      vertex -12.7521 -5.379 3.55866
      vertex -12.7405 -5.379 3.58928
    endloop
  endfacet
  facet normal -0 -1 0
    outer loop
      vertex -12.7521 -5.379 3.55866
      vertex -12.764 -5.379 3.96769
      vertex -12.764 -5.379 3.53231
    endloop
  endfacet
  facet normal -0.986796 0 0.16197
    outer loop
      vertex -13.7097 -5.379 3.81526
      vertex -13.7044 -2.379 3.84755
      vertex -13.7097 -2.379 3.81526
    endloop
  endfacet
  facet normal -0.986796 0 0.16197
    outer loop
      vertex -13.7044 -2.379 3.84755
      vertex -13.7097 -5.379 3.81526
      vertex -13.7044 -5.379 3.84755
    endloop
  endfacet
  facet normal -0.995205 0 0.0978089
    outer loop
      vertex -13.7129 -5.379 3.7827
      vertex -13.7097 -2.379 3.81526
      vertex -13.7129 -2.379 3.7827
    endloop
  endfacet
  facet normal -0.995205 0 0.0978089
    outer loop
      vertex -13.7097 -2.379 3.81526
      vertex -13.7129 -5.379 3.7827
      vertex -13.7097 -5.379 3.81526
    endloop
  endfacet
  facet normal -0.956922 0 0.290347
    outer loop
      vertex -13.697 -5.379 3.87941
      vertex -13.6875 -2.379 3.91072
      vertex -13.697 -2.379 3.87941
    endloop
  endfacet
  facet normal -0.956922 0 0.290347
    outer loop
      vertex -13.6875 -2.379 3.91072
      vertex -13.697 -5.379 3.87941
      vertex -13.6875 -5.379 3.91072
    endloop
  endfacet
  facet normal -0.882251 0 0.470779
    outer loop
      vertex -13.6624 -5.379 3.97114
      vertex -13.647 -2.379 4
      vertex -13.6624 -2.379 3.97114
    endloop
  endfacet
  facet normal -0.882251 0 0.470779
    outer loop
      vertex -13.647 -2.379 4
      vertex -13.6624 -5.379 3.97114
      vertex -13.647 -5.379 4
    endloop
  endfacet
  facet normal -0.772336 0 0.635215
    outer loop
      vertex -13.6107 -5.379 4.05438
      vertex -13.5899 -2.379 4.07967
      vertex -13.6107 -2.379 4.05438
    endloop
  endfacet
  facet normal -0.772336 0 0.635215
    outer loop
      vertex -13.5899 -2.379 4.07967
      vertex -13.6107 -5.379 4.05438
      vertex -13.5899 -5.379 4.07967
    endloop
  endfacet
  facet normal -0.226844 0 0.973931
    outer loop
      vertex -13.3434 -2.379 4.23296
      vertex -13.3115 -5.379 4.24039
      vertex -13.3115 -2.379 4.24039
    endloop
  endfacet
  facet normal -0.226844 0 0.973931
    outer loop
      vertex -13.3115 -5.379 4.24039
      vertex -13.3434 -2.379 4.23296
      vertex -13.3434 -5.379 4.23296
    endloop
  endfacet
  facet normal -0.290152 0 0.956981
    outer loop
      vertex -13.3747 -2.379 4.22347
      vertex -13.3434 -5.379 4.23296
      vertex -13.3434 -2.379 4.23296
    endloop
  endfacet
  facet normal -0.290152 0 0.956981
    outer loop
      vertex -13.3434 -5.379 4.23296
      vertex -13.3747 -2.379 4.22347
      vertex -13.3747 -5.379 4.22347
    endloop
  endfacet
  facet normal -0.0327042 0 0.999465
    outer loop
      vertex -13.2467 -2.379 4.24893
      vertex -13.214 -5.379 4.25
      vertex -13.214 -2.379 4.25
    endloop
  endfacet
  facet normal -0.0327042 0 0.999465
    outer loop
      vertex -13.214 -5.379 4.25
      vertex -13.2467 -2.379 4.24893
      vertex -13.2467 -5.379 4.24893
    endloop
  endfacet
  facet normal -0.412086 0 0.911145
    outer loop
      vertex -13.4317 -2.379 4.2
      vertex -13.4053 -5.379 4.21194
      vertex -13.4053 -2.379 4.21194
    endloop
  endfacet
  facet normal -0.412086 0 0.911145
    outer loop
      vertex -13.4053 -5.379 4.21194
      vertex -13.4317 -2.379 4.2
      vertex -13.4317 -5.379 4.2
    endloop
  endfacet
  facet normal -0.634335 0 0.773058
    outer loop
      vertex -13.5437 -2.379 4.12592
      vertex -13.5184 -5.379 4.14668
      vertex -13.5184 -2.379 4.14668
    endloop
  endfacet
  facet normal -0.634335 0 0.773058
    outer loop
      vertex -13.5184 -5.379 4.14668
      vertex -13.5437 -2.379 4.12592
      vertex -13.5437 -5.379 4.12592
    endloop
  endfacet
  facet normal -0.582452 0 0.812865
    outer loop
      vertex -13.5184 -2.379 4.14668
      vertex -13.4918 -5.379 4.16574
      vertex -13.4918 -2.379 4.16574
    endloop
  endfacet
  facet normal -0.582452 0 0.812865
    outer loop
      vertex -13.4918 -5.379 4.16574
      vertex -13.5184 -2.379 4.14668
      vertex -13.5184 -5.379 4.14668
    endloop
  endfacet
  facet normal 0.999435 -0 0.0336201
    outer loop
      vertex -12.7151 -5.379 3.7827
      vertex -12.714 -2.379 3.75
      vertex -12.7151 -2.379 3.7827
    endloop
  endfacet
  facet normal 0.999435 0 0.0336201
    outer loop
      vertex -12.714 -2.379 3.75
      vertex -12.7151 -5.379 3.7827
      vertex -12.714 -5.379 3.75
    endloop
  endfacet
  facet normal 0.995205 0 -0.0978089
    outer loop
      vertex -12.7151 -5.379 3.7173
      vertex -12.7183 -2.379 3.68474
      vertex -12.7151 -2.379 3.7173
    endloop
  endfacet
  facet normal 0.995205 0 -0.0978089
    outer loop
      vertex -12.7183 -2.379 3.68474
      vertex -12.7151 -5.379 3.7173
      vertex -12.7183 -5.379 3.68474
    endloop
  endfacet
  facet normal 0 1 0
    outer loop
      vertex -13.1813 -2.379 4.24893
      vertex -13.2467 -2.379 4.24893
      vertex -13.214 -2.379 4.25
    endloop
  endfacet
  facet normal 0 1 0
    outer loop
      vertex -13.1487 -2.379 4.24572
      vertex -13.2467 -2.379 4.24893
      vertex -13.1813 -2.379 4.24893
    endloop
  endfacet
  facet normal 0 1 0
    outer loop
      vertex -13.1487 -2.379 4.24572
      vertex -13.2793 -2.379 4.24572
      vertex -13.2467 -2.379 4.24893
    endloop
  endfacet
  facet normal 0 1 0
    outer loop
      vertex -13.1165 -2.379 4.24039
      vertex -13.2793 -2.379 4.24572
      vertex -13.1487 -2.379 4.24572
    endloop
  endfacet
  facet normal 0 1 0
    outer loop
      vertex -13.1165 -2.379 4.24039
      vertex -13.3115 -2.379 4.24039
      vertex -13.2793 -2.379 4.24572
    endloop
  endfacet
  facet normal 0 1 0
    outer loop
      vertex -13.0846 -2.379 4.23296
      vertex -13.3115 -2.379 4.24039
      vertex -13.1165 -2.379 4.24039
    endloop
  endfacet
  facet normal 0 1 0
    outer loop
      vertex -13.0846 -2.379 4.23296
      vertex -13.3434 -2.379 4.23296
      vertex -13.3115 -2.379 4.24039
    endloop
  endfacet
  facet normal 0 1 0
    outer loop
      vertex -13.0533 -2.379 4.22347
      vertex -13.3434 -2.379 4.23296
      vertex -13.0846 -2.379 4.23296
    endloop
  endfacet
  facet normal 0 1 0
    outer loop
      vertex -13.0533 -2.379 4.22347
      vertex -13.3747 -2.379 4.22347
      vertex -13.3434 -2.379 4.23296
    endloop
  endfacet
  facet normal 0 1 0
    outer loop
      vertex -13.0227 -2.379 4.21194
      vertex -13.3747 -2.379 4.22347
      vertex -13.0533 -2.379 4.22347
    endloop
  endfacet
  facet normal 0 1 0
    outer loop
      vertex -13.0227 -2.379 4.21194
      vertex -13.4053 -2.379 4.21194
      vertex -13.3747 -2.379 4.22347
    endloop
  endfacet
  facet normal 0 1 0
    outer loop
      vertex -12.9963 -2.379 4.2
      vertex -13.4053 -2.379 4.21194
      vertex -13.0227 -2.379 4.21194
    endloop
  endfacet
  facet normal 0 1 0
    outer loop
      vertex -13.4053 -2.379 4.21194
      vertex -12.9963 -2.379 4.2
      vertex -13.4317 -2.379 4.2
    endloop
  endfacet
  facet normal 0 1 0
    outer loop
      vertex -13.464 -2.379 4.18301
      vertex -13.5184 -2.379 4.14668
      vertex -13.4918 -2.379 4.16574
    endloop
  endfacet
  facet normal 0 1 0
    outer loop
      vertex -13.464 -2.379 4.18301
      vertex -13.5437 -2.379 4.12592
      vertex -13.5184 -2.379 4.14668
    endloop
  endfacet
  facet normal 0 1 0
    outer loop
      vertex -13.464 -2.379 4.18301
      vertex -13.5676 -2.379 4.10355
      vertex -13.5437 -2.379 4.12592
    endloop
  endfacet
  facet normal 0 1 0
    outer loop
      vertex -13.464 -2.379 4.18301
      vertex -13.5899 -2.379 4.07967
      vertex -13.5676 -2.379 4.10355
    endloop
  endfacet
  facet normal 0 1 0
    outer loop
      vertex -13.464 -2.379 4.18301
      vertex -13.6107 -2.379 4.05438
      vertex -13.5899 -2.379 4.07967
    endloop
  endfacet
  facet normal 0 1 0
    outer loop
      vertex -13.464 -2.379 4.18301
      vertex -13.6297 -2.379 4.02779
      vertex -13.6107 -2.379 4.05438
    endloop
  endfacet
  facet normal 0 1 0
    outer loop
      vertex -13.464 -2.379 4.18301
      vertex -13.647 -2.379 4
      vertex -13.6297 -2.379 4.02779
    endloop
  endfacet
  facet normal 0 1 0
    outer loop
      vertex -13.464 -2.379 4.18301
      vertex -13.6624 -2.379 3.97114
      vertex -13.647 -2.379 4
    endloop
  endfacet
  facet normal 0 1 0
    outer loop
      vertex -13.464 -2.379 4.18301
      vertex -13.6759 -2.379 3.94134
      vertex -13.6624 -2.379 3.97114
    endloop
  endfacet
  facet normal 0 1 0
    outer loop
      vertex -13.464 -2.379 4.18301
      vertex -13.6875 -2.379 3.91072
      vertex -13.6759 -2.379 3.94134
    endloop
  endfacet
  facet normal 0 1 0
    outer loop
      vertex -13.464 -2.379 4.18301
      vertex -13.697 -2.379 3.87941
      vertex -13.6875 -2.379 3.91072
    endloop
  endfacet
  facet normal 0 1 0
    outer loop
      vertex -13.464 -2.379 4.18301
      vertex -13.7044 -2.379 3.84755
      vertex -13.697 -2.379 3.87941
    endloop
  endfacet
  facet normal 0 1 0
    outer loop
      vertex -13.464 -2.379 4.18301
      vertex -13.7097 -2.379 3.81526
      vertex -13.7044 -2.379 3.84755
    endloop
  endfacet
  facet normal 0 1 0
    outer loop
      vertex -13.464 -2.379 4.18301
      vertex -13.7129 -2.379 3.7827
      vertex -13.7097 -2.379 3.81526
    endloop
  endfacet
  facet normal 0 1 0
    outer loop
      vertex -13.464 -2.379 4.18301
      vertex -13.714 -2.379 3.75
      vertex -13.7129 -2.379 3.7827
    endloop
  endfacet
  facet normal 0 1 0
    outer loop
      vertex -13.464 -2.379 4.18301
      vertex -13.7129 -2.379 3.7173
      vertex -13.714 -2.379 3.75
    endloop
  endfacet
  facet normal 0 1 0
    outer loop
      vertex -13.464 -2.379 4.18301
      vertex -13.7097 -2.379 3.68474
      vertex -13.7129 -2.379 3.7173
    endloop
  endfacet
  facet normal 0 1 0
    outer loop
      vertex -13.464 -2.379 4.18301
      vertex -13.7044 -2.379 3.65246
      vertex -13.7097 -2.379 3.68474
    endloop
  endfacet
  facet normal 0 1 0
    outer loop
      vertex -13.464 -2.379 4.18301
      vertex -13.697 -2.379 3.62059
      vertex -13.7044 -2.379 3.65246
    endloop
  endfacet
  facet normal 0 1 0
    outer loop
      vertex -13.464 -2.379 4.18301
      vertex -13.6875 -2.379 3.58928
      vertex -13.697 -2.379 3.62059
    endloop
  endfacet
  facet normal 0 1 0
    outer loop
      vertex -13.464 -2.379 4.18301
      vertex -13.6759 -2.379 3.55866
      vertex -13.6875 -2.379 3.58928
    endloop
  endfacet
  facet normal 0 1 0
    outer loop
      vertex -13.464 -2.379 4.18301
      vertex -13.6624 -2.379 3.52886
      vertex -13.6759 -2.379 3.55866
    endloop
  endfacet
  facet normal 0 1 0
    outer loop
      vertex -13.464 -2.379 4.18301
      vertex -13.647 -2.379 3.5
      vertex -13.6624 -2.379 3.52886
    endloop
  endfacet
  facet normal 0 1 0
    outer loop
      vertex -13.464 -2.379 4.18301
      vertex -13.6297 -2.379 3.47222
      vertex -13.647 -2.379 3.5
    endloop
  endfacet
  facet normal 0 1 0
    outer loop
      vertex -13.464 -2.379 4.18301
      vertex -13.6107 -2.379 3.44562
      vertex -13.6297 -2.379 3.47222
    endloop
  endfacet
  facet normal 0 1 0
    outer loop
      vertex -13.464 -2.379 4.18301
      vertex -13.5899 -2.379 3.42033
      vertex -13.6107 -2.379 3.44562
    endloop
  endfacet
  facet normal 0 1 0
    outer loop
      vertex -13.464 -2.379 4.18301
      vertex -13.5676 -2.379 3.39645
      vertex -13.5899 -2.379 3.42033
    endloop
  endfacet
  facet normal 0 1 0
    outer loop
      vertex -13.464 -2.379 4.18301
      vertex -13.5437 -2.379 3.37408
      vertex -13.5676 -2.379 3.39645
    endloop
  endfacet
  facet normal 0 1 0
    outer loop
      vertex -13.464 -2.379 4.18301
      vertex -13.5184 -2.379 3.35332
      vertex -13.5437 -2.379 3.37408
    endloop
  endfacet
  facet normal 0 1 0
    outer loop
      vertex -13.464 -2.379 4.18301
      vertex -13.4918 -2.379 3.33427
      vertex -13.5184 -2.379 3.35332
    endloop
  endfacet
  facet normal -0 1 0
    outer loop
      vertex -13.4918 -2.379 3.33427
      vertex -13.464 -2.379 4.18301
      vertex -13.464 -2.379 3.31699
    endloop
  endfacet
  facet normal 0 1 0
    outer loop
      vertex -12.7405 -2.379 3.91072
      vertex -12.764 -2.379 3.96769
      vertex -12.7521 -2.379 3.94134
    endloop
  endfacet
  facet normal 0 1 0
    outer loop
      vertex -12.731 -2.379 3.87941
      vertex -12.764 -2.379 3.96769
      vertex -12.7405 -2.379 3.91072
    endloop
  endfacet
  facet normal 0 1 0
    outer loop
      vertex -12.7236 -2.379 3.84755
      vertex -12.764 -2.379 3.96769
      vertex -12.731 -2.379 3.87941
    endloop
  endfacet
  facet normal 0 1 0
    outer loop
      vertex -12.7183 -2.379 3.81526
      vertex -12.764 -2.379 3.96769
      vertex -12.7236 -2.379 3.84755
    endloop
  endfacet
  facet normal 0 1 0
    outer loop
      vertex -12.7151 -2.379 3.7827
      vertex -12.764 -2.379 3.96769
      vertex -12.7183 -2.379 3.81526
    endloop
  endfacet
  facet normal 0 1 0
    outer loop
      vertex -12.714 -2.379 3.75
      vertex -12.764 -2.379 3.96769
      vertex -12.7151 -2.379 3.7827
    endloop
  endfacet
  facet normal 0 1 -0
    outer loop
      vertex -12.7151 -2.379 3.7173
      vertex -12.764 -2.379 3.96769
      vertex -12.714 -2.379 3.75
    endloop
  endfacet
  facet normal 0 1 -0
    outer loop
      vertex -12.7183 -2.379 3.68474
      vertex -12.764 -2.379 3.96769
      vertex -12.7151 -2.379 3.7173
    endloop
  endfacet
  facet normal 0 1 -0
    outer loop
      vertex -12.7236 -2.379 3.65246
      vertex -12.764 -2.379 3.96769
      vertex -12.7183 -2.379 3.68474
    endloop
  endfacet
  facet normal 0 1 -0
    outer loop
      vertex -12.731 -2.379 3.62059
      vertex -12.764 -2.379 3.96769
      vertex -12.7236 -2.379 3.65246
    endloop
  endfacet
  facet normal 0 1 -0
    outer loop
      vertex -12.7405 -2.379 3.58928
      vertex -12.764 -2.379 3.96769
      vertex -12.731 -2.379 3.62059
    endloop
  endfacet
  facet normal 0 1 -0
    outer loop
      vertex -12.7521 -2.379 3.55866
      vertex -12.764 -2.379 3.96769
      vertex -12.7405 -2.379 3.58928
    endloop
  endfacet
  facet normal 0 1 0
    outer loop
      vertex -12.764 -2.379 3.96769
      vertex -12.7521 -2.379 3.55866
      vertex -12.764 -2.379 3.53231
    endloop
  endfacet
  facet normal -0.935144 0 -0.354268
    outer loop
      vertex -13.6759 -5.379 3.55866
      vertex -13.6875 -2.379 3.58928
      vertex -13.6759 -2.379 3.55866
    endloop
  endfacet
  facet normal -0.935144 -0 -0.354268
    outer loop
      vertex -13.6875 -2.379 3.58928
      vertex -13.6759 -5.379 3.55866
      vertex -13.6875 -5.379 3.58928
    endloop
  endfacet
  facet normal -0.974086 0 -0.226176
    outer loop
      vertex -13.697 -5.379 3.62059
      vertex -13.7044 -2.379 3.65246
      vertex -13.697 -2.379 3.62059
    endloop
  endfacet
  facet normal -0.974086 -0 -0.226176
    outer loop
      vertex -13.7044 -2.379 3.65246
      vertex -13.697 -5.379 3.62059
      vertex -13.7044 -5.379 3.65246
    endloop
  endfacet
  facet normal 0.956922 -0 0.290347
    outer loop
      vertex -12.7405 -5.379 3.91072
      vertex -12.731 -2.379 3.87941
      vertex -12.7405 -2.379 3.91072
    endloop
  endfacet
  facet normal 0.956922 0 0.290347
    outer loop
      vertex -12.731 -2.379 3.87941
      vertex -12.7405 -5.379 3.91072
      vertex -12.731 -5.379 3.87941
    endloop
  endfacet
  facet normal 0.995205 -0 0.0978089
    outer loop
      vertex -12.7183 -5.379 3.81526
      vertex -12.7151 -2.379 3.7827
      vertex -12.7183 -2.379 3.81526
    endloop
  endfacet
  facet normal 0.995205 0 0.0978089
    outer loop
      vertex -12.7151 -2.379 3.7827
      vertex -12.7183 -5.379 3.81526
      vertex -12.7151 -5.379 3.7827
    endloop
  endfacet
  facet normal 0.0979924 0 0.995187
    outer loop
      vertex -13.1813 -2.379 4.24893
      vertex -13.1487 -5.379 4.24572
      vertex -13.1487 -2.379 4.24572
    endloop
  endfacet
  facet normal 0.0979924 0 0.995187
    outer loop
      vertex -13.1487 -5.379 4.24572
      vertex -13.1813 -2.379 4.24893
      vertex -13.1813 -5.379 4.24893
    endloop
  endfacet
  facet normal 0.974086 0 -0.226176
    outer loop
      vertex -12.7236 -5.379 3.65246
      vertex -12.731 -2.379 3.62059
      vertex -12.7236 -2.379 3.65246
    endloop
  endfacet
  facet normal 0.974086 0 -0.226176
    outer loop
      vertex -12.731 -2.379 3.62059
      vertex -12.7236 -5.379 3.65246
      vertex -12.731 -5.379 3.62059
    endloop
  endfacet
  facet normal -0.848856 0 -0.528625
    outer loop
      vertex -13.6297 -5.379 3.47222
      vertex -13.647 -2.379 3.5
      vertex -13.6297 -2.379 3.47222
    endloop
  endfacet
  facet normal -0.848856 -0 -0.528625
    outer loop
      vertex -13.647 -2.379 3.5
      vertex -13.6297 -5.379 3.47222
      vertex -13.647 -5.379 3.5
    endloop
  endfacet
  facet normal -0.986788 0 -0.162019
    outer loop
      vertex -13.7044 -5.379 3.65246
      vertex -13.7097 -2.379 3.68474
      vertex -13.7044 -2.379 3.65246
    endloop
  endfacet
  facet normal -0.986788 -0 -0.162019
    outer loop
      vertex -13.7097 -2.379 3.68474
      vertex -13.7044 -5.379 3.65246
      vertex -13.7097 -5.379 3.68474
    endloop
  endfacet
  facet normal -0.995205 0 -0.0978089
    outer loop
      vertex -13.7097 -5.379 3.68474
      vertex -13.7129 -2.379 3.7173
      vertex -13.7097 -2.379 3.68474
    endloop
  endfacet
  facet normal -0.995205 -0 -0.0978089
    outer loop
      vertex -13.7129 -2.379 3.7173
      vertex -13.7097 -5.379 3.68474
      vertex -13.7129 -5.379 3.7173
    endloop
  endfacet
  facet normal -0.999435 0 -0.0336201
    outer loop
      vertex -13.7129 -5.379 3.7173
      vertex -13.714 -2.379 3.75
      vertex -13.7129 -2.379 3.7173
    endloop
  endfacet
  facet normal -0.999435 -0 -0.0336201
    outer loop
      vertex -13.714 -2.379 3.75
      vertex -13.7129 -5.379 3.7173
      vertex -13.714 -5.379 3.75
    endloop
  endfacet
  facet normal 0.986796 -0 0.16197
    outer loop
      vertex -12.7236 -5.379 3.84755
      vertex -12.7183 -2.379 3.81526
      vertex -12.7236 -2.379 3.84755
    endloop
  endfacet
  facet normal 0.986796 0 0.16197
    outer loop
      vertex -12.7183 -2.379 3.81526
      vertex -12.7236 -5.379 3.84755
      vertex -12.7183 -5.379 3.81526
    endloop
  endfacet
  facet normal 0.986788 0 -0.162019
    outer loop
      vertex -12.7183 -5.379 3.68474
      vertex -12.7236 -2.379 3.65246
      vertex -12.7183 -2.379 3.68474
    endloop
  endfacet
  facet normal 0.986788 0 -0.162019
    outer loop
      vertex -12.7236 -2.379 3.65246
      vertex -12.7183 -5.379 3.68474
      vertex -12.7236 -5.379 3.65246
    endloop
  endfacet
  facet normal -0.634335 0 -0.773058
    outer loop
      vertex -13.5437 -5.379 3.37408
      vertex -13.5184 -2.379 3.35332
      vertex -13.5184 -5.379 3.35332
    endloop
  endfacet
  facet normal -0.634335 0 -0.773058
    outer loop
      vertex -13.5184 -2.379 3.35332
      vertex -13.5437 -5.379 3.37408
      vertex -13.5437 -2.379 3.37408
    endloop
  endfacet
  facet normal -0.52791 0 -0.8493
    outer loop
      vertex -13.4918 -5.379 3.33427
      vertex -13.464 -2.379 3.31699
      vertex -13.464 -5.379 3.31699
    endloop
  endfacet
  facet normal -0.52791 0 -0.8493
    outer loop
      vertex -13.464 -2.379 3.31699
      vertex -13.4918 -5.379 3.33427
      vertex -13.4918 -2.379 3.33427
    endloop
  endfacet
  facet normal -0.58225 0 -0.81301
    outer loop
      vertex -13.5184 -5.379 3.35332
      vertex -13.4918 -2.379 3.33427
      vertex -13.4918 -5.379 3.33427
    endloop
  endfacet
  facet normal -0.58225 0 -0.81301
    outer loop
      vertex -13.4918 -2.379 3.33427
      vertex -13.5184 -5.379 3.35332
      vertex -13.5184 -2.379 3.35332
    endloop
  endfacet
  facet normal -0.882251 0 -0.470779
    outer loop
      vertex -13.647 -5.379 3.5
      vertex -13.6624 -2.379 3.52886
      vertex -13.647 -2.379 3.5
    endloop
  endfacet
  facet normal -0.882251 -0 -0.470779
    outer loop
      vertex -13.6624 -2.379 3.52886
      vertex -13.647 -5.379 3.5
      vertex -13.6624 -5.379 3.52886
    endloop
  endfacet
  facet normal -0.813733 0 -0.581238
    outer loop
      vertex -13.6107 -5.379 3.44562
      vertex -13.6297 -2.379 3.47222
      vertex -13.6107 -2.379 3.44562
    endloop
  endfacet
  facet normal -0.813733 -0 -0.581238
    outer loop
      vertex -13.6297 -2.379 3.47222
      vertex -13.6107 -5.379 3.44562
      vertex -13.6297 -5.379 3.47222
    endloop
  endfacet
  facet normal -0.730872 0 -0.682515
    outer loop
      vertex -13.5676 -5.379 3.39645
      vertex -13.5899 -2.379 3.42033
      vertex -13.5676 -2.379 3.39645
    endloop
  endfacet
  facet normal -0.730872 -0 -0.682515
    outer loop
      vertex -13.5899 -2.379 3.42033
      vertex -13.5676 -5.379 3.39645
      vertex -13.5899 -5.379 3.42033
    endloop
  endfacet
  facet normal -0.772336 0 -0.635215
    outer loop
      vertex -13.5899 -5.379 3.42033
      vertex -13.6107 -2.379 3.44562
      vertex -13.5899 -2.379 3.42033
    endloop
  endfacet
  facet normal -0.772336 -0 -0.635215
    outer loop
      vertex -13.6107 -2.379 3.44562
      vertex -13.5899 -5.379 3.42033
      vertex -13.6107 -5.379 3.44562
    endloop
  endfacet
  facet normal -0.683352 0 -0.730089
    outer loop
      vertex -13.5676 -5.379 3.39645
      vertex -13.5437 -2.379 3.37408
      vertex -13.5437 -5.379 3.37408
    endloop
  endfacet
  facet normal -0.683352 0 -0.730089
    outer loop
      vertex -13.5437 -2.379 3.37408
      vertex -13.5676 -5.379 3.39645
      vertex -13.5676 -2.379 3.39645
    endloop
  endfacet
  facet normal -0.956922 0 -0.290347
    outer loop
      vertex -13.6875 -5.379 3.58928
      vertex -13.697 -2.379 3.62059
      vertex -13.6875 -2.379 3.58928
    endloop
  endfacet
  facet normal -0.956922 -0 -0.290347
    outer loop
      vertex -13.697 -2.379 3.62059
      vertex -13.6875 -5.379 3.58928
      vertex -13.697 -5.379 3.62059
    endloop
  endfacet
  facet normal 0.935144 0 -0.354268
    outer loop
      vertex -12.7405 -5.379 3.58928
      vertex -12.7521 -2.379 3.55866
      vertex -12.7405 -2.379 3.58928
    endloop
  endfacet
  facet normal 0.935144 0 -0.354268
    outer loop
      vertex -12.7521 -2.379 3.55866
      vertex -12.7405 -5.379 3.58928
      vertex -12.7521 -5.379 3.55866
    endloop
  endfacet
  facet normal 0.911371 0 -0.411587
    outer loop
      vertex -12.7521 -5.379 3.55866
      vertex -12.764 -2.379 3.53231
      vertex -12.7521 -2.379 3.55866
    endloop
  endfacet
  facet normal 0.911371 0 -0.411587
    outer loop
      vertex -12.764 -2.379 3.53231
      vertex -12.7521 -5.379 3.55866
      vertex -12.764 -5.379 3.53231
    endloop
  endfacet
  facet normal -1 0 0
    outer loop
      vertex 7.8 -10.884 3
      vertex 7.8 -9.284 8.26
      vertex 7.8 -9.284 3
    endloop
  endfacet
  facet normal -1 -0 0
    outer loop
      vertex 7.8 -9.284 8.26
      vertex 7.8 -10.884 3
      vertex 7.8 -10.884 8.26
    endloop
  endfacet
  facet normal 1 -0 0
    outer loop
      vertex 9.4 -10.884 8.26
      vertex 9.4 -9.284 3
      vertex 9.4 -9.284 8.26
    endloop
  endfacet
  facet normal 1 0 0
    outer loop
      vertex 9.4 -9.284 3
      vertex 9.4 -10.884 8.26
      vertex 9.4 -10.884 3
    endloop
  endfacet
  facet normal 0 -1 0
    outer loop
      vertex 7.8 -10.884 3
      vertex 9.4 -10.884 8.26
      vertex 7.8 -10.884 8.26
    endloop
  endfacet
  facet normal 0 -1 -0
    outer loop
      vertex 9.4 -10.884 8.26
      vertex 7.8 -10.884 3
      vertex 9.4 -10.884 3
    endloop
  endfacet
  facet normal -0 0 1
    outer loop
      vertex 7.8 -9.284 8.26
      vertex 9.4 -10.884 8.26
      vertex 9.4 -9.284 8.26
    endloop
  endfacet
  facet normal 0 0 1
    outer loop
      vertex 9.4 -10.884 8.26
      vertex 7.8 -9.284 8.26
      vertex 7.8 -10.884 8.26
    endloop
  endfacet
  facet normal 0 1 -0
    outer loop
      vertex 9.4 -9.284 3
      vertex 7.8 -9.284 8.26
      vertex 9.4 -9.284 8.26
    endloop
  endfacet
  facet normal 0 1 0
    outer loop
      vertex 7.8 -9.284 8.26
      vertex 9.4 -9.284 3
      vertex 7.8 -9.284 3
    endloop
  endfacet
  facet normal -1 0 0
    outer loop
      vertex 7.8 24.316 3
      vertex 7.8 25.916 8.26
      vertex 7.8 25.916 3
    endloop
  endfacet
  facet normal -1 -0 0
    outer loop
      vertex 7.8 25.916 8.26
      vertex 7.8 24.316 3
      vertex 7.8 24.316 8.26
    endloop
  endfacet
  facet normal 1 -0 0
    outer loop
      vertex 9.4 24.316 8.26
      vertex 9.4 25.916 3
      vertex 9.4 25.916 8.26
    endloop
  endfacet
  facet normal 1 0 0
    outer loop
      vertex 9.4 25.916 3
      vertex 9.4 24.316 8.26
      vertex 9.4 24.316 3
    endloop
  endfacet
  facet normal -0 0 1
    outer loop
      vertex 7.8 25.916 8.26
      vertex 9.4 24.316 8.26
      vertex 9.4 25.916 8.26
    endloop
  endfacet
  facet normal 0 0 1
    outer loop
      vertex 9.4 24.316 8.26
      vertex 7.8 25.916 8.26
      vertex 7.8 24.316 8.26
    endloop
  endfacet
  facet normal 0 1 -0
    outer loop
      vertex 9.4 25.916 3
      vertex 7.8 25.916 8.26
      vertex 9.4 25.916 8.26
    endloop
  endfacet
  facet normal 0 1 0
    outer loop
      vertex 7.8 25.916 8.26
      vertex 9.4 25.916 3
      vertex 7.8 25.916 3
    endloop
  endfacet
  facet normal 0 -1 0
    outer loop
      vertex 7.8 24.316 3
      vertex 9.4 24.316 8.26
      vertex 7.8 24.316 8.26
    endloop
  endfacet
  facet normal 0 -1 -0
    outer loop
      vertex 9.4 24.316 8.26
      vertex 7.8 24.316 3
      vertex 9.4 24.316 3
    endloop
  endfacet
  facet normal -1 0 0
    outer loop
      vertex -13 -10.884 4.2
      vertex -13 -9.284 8.26
      vertex -13 -9.284 4.2
    endloop
  endfacet
  facet normal -1 -0 0
    outer loop
      vertex -13 -9.284 8.26
      vertex -13 -10.884 4.2
      vertex -13 -10.884 8.26
    endloop
  endfacet
  facet normal 1 -0 0
    outer loop
      vertex -11.4 -10.884 8.26
      vertex -11.4 -9.284 3
      vertex -11.4 -9.284 8.26
    endloop
  endfacet
  facet normal 1 0 0
    outer loop
      vertex -11.4 -9.284 3
      vertex -11.4 -10.884 8.26
      vertex -11.4 -10.884 3
    endloop
  endfacet
  facet normal 0 -1 0
    outer loop
      vertex -12.764 -10.884 4.2
      vertex -13 -10.884 8.26
      vertex -13 -10.884 4.2
    endloop
  endfacet
  facet normal 0 -1 0
    outer loop
      vertex -13 -10.884 8.26
      vertex -12.764 -10.884 4.2
      vertex -11.4 -10.884 8.26
    endloop
  endfacet
  facet normal 0 -1 0
    outer loop
      vertex -11.4 -10.884 3
      vertex -12.764 -10.884 4.2
      vertex -12.764 -10.884 3
    endloop
  endfacet
  facet normal 0 -1 0
    outer loop
      vertex -12.764 -10.884 4.2
      vertex -11.4 -10.884 3
      vertex -11.4 -10.884 8.26
    endloop
  endfacet
  facet normal -0 0 1
    outer loop
      vertex -13 -9.284 8.26
      vertex -11.4 -10.884 8.26
      vertex -11.4 -9.284 8.26
    endloop
  endfacet
  facet normal 0 0 1
    outer loop
      vertex -11.4 -10.884 8.26
      vertex -13 -9.284 8.26
      vertex -13 -10.884 8.26
    endloop
  endfacet
  facet normal 0 1 0
    outer loop
      vertex -11.4 -9.284 8.26
      vertex -12.764 -9.284 4.2
      vertex -13 -9.284 8.26
    endloop
  endfacet
  facet normal 0 1 -0
    outer loop
      vertex -11.4 -9.284 3
      vertex -12.764 -9.284 4.2
      vertex -11.4 -9.284 8.26
    endloop
  endfacet
  facet normal 0 1 0
    outer loop
      vertex -12.764 -9.284 4.2
      vertex -11.4 -9.284 3
      vertex -12.764 -9.284 3
    endloop
  endfacet
  facet normal 0 1 0
    outer loop
      vertex -13 -9.284 8.26
      vertex -12.764 -9.284 4.2
      vertex -13 -9.284 4.2
    endloop
  endfacet
  facet normal -1 0 0
    outer loop
      vertex -15.214 -13.479 1
      vertex -15.214 28.295 3
      vertex -15.214 28.295 1
    endloop
  endfacet
  facet normal -1 -0 0
    outer loop
      vertex -15.214 28.295 3
      vertex -15.214 -13.479 1
      vertex -15.214 -13.479 3
    endloop
  endfacet
  facet normal 0 0 -1
    outer loop
      vertex 8.14 1.366 1
      vertex 12.211 -13.479 1
      vertex 8.14 -3.184 1
    endloop
  endfacet
  facet normal 0 0 -1
    outer loop
      vertex 12.211 -13.479 1
      vertex 8.13797 -3.24613 1
      vertex 8.14 -3.184 1
    endloop
  endfacet
  facet normal 0 0 -1
    outer loop
      vertex 12.211 -13.479 1
      vertex 8.13187 -3.308 1
      vertex 8.13797 -3.24613 1
    endloop
  endfacet
  facet normal 0 0 -1
    outer loop
      vertex 12.211 -13.479 1
      vertex 8.12175 -3.36934 1
      vertex 8.13187 -3.308 1
    endloop
  endfacet
  facet normal 0 0 -1
    outer loop
      vertex 12.211 -13.479 1
      vertex 8.10763 -3.42988 1
      vertex 8.12175 -3.36934 1
    endloop
  endfacet
  facet normal 0 0 -1
    outer loop
      vertex 12.211 -13.479 1
      vertex 8.08958 -3.48937 1
      vertex 8.10763 -3.42988 1
    endloop
  endfacet
  facet normal 0 0 -1
    outer loop
      vertex 12.211 -13.479 1
      vertex 8.06769 -3.54755 1
      vertex 8.08958 -3.48937 1
    endloop
  endfacet
  facet normal 0 0 -1
    outer loop
      vertex 12.211 -13.479 1
      vertex 8.04203 -3.60417 1
      vertex 8.06769 -3.54755 1
    endloop
  endfacet
  facet normal 0 0 -1
    outer loop
      vertex 12.211 -13.479 1
      vertex 8.01272 -3.659 1
      vertex 8.04203 -3.60417 1
    endloop
  endfacet
  facet normal 0 0 -1
    outer loop
      vertex 12.211 -13.479 1
      vertex 7.9799 -3.71179 1
      vertex 8.01272 -3.659 1
    endloop
  endfacet
  facet normal 0 0 -1
    outer loop
      vertex 12.211 -13.479 1
      vertex 7.94369 -3.76232 1
      vertex 7.9799 -3.71179 1
    endloop
  endfacet
  facet normal 0 0 -1
    outer loop
      vertex 12.211 -13.479 1
      vertex 7.90425 -3.81038 1
      vertex 7.94369 -3.76232 1
    endloop
  endfacet
  facet normal 0 0 -1
    outer loop
      vertex 12.211 -13.479 1
      vertex 7.86175 -3.85575 1
      vertex 7.90425 -3.81038 1
    endloop
  endfacet
  facet normal 0 0 -1
    outer loop
      vertex 12.211 -13.479 1
      vertex 7.81638 -3.89825 1
      vertex 7.86175 -3.85575 1
    endloop
  endfacet
  facet normal 0 0 -1
    outer loop
      vertex 12.211 -13.479 1
      vertex 7.76832 -3.93769 1
      vertex 7.81638 -3.89825 1
    endloop
  endfacet
  facet normal 0 0 -1
    outer loop
      vertex 12.211 -13.479 1
      vertex 7.71779 -3.9739 1
      vertex 7.76832 -3.93769 1
    endloop
  endfacet
  facet normal 0 0 -1
    outer loop
      vertex 12.211 -13.479 1
      vertex 7.665 -4.00672 1
      vertex 7.71779 -3.9739 1
    endloop
  endfacet
  facet normal 0 0 -1
    outer loop
      vertex 12.211 -13.479 1
      vertex 7.61017 -4.03603 1
      vertex 7.665 -4.00672 1
    endloop
  endfacet
  facet normal 0 0 -1
    outer loop
      vertex 12.211 -13.479 1
      vertex 7.55355 -4.06169 1
      vertex 7.61017 -4.03603 1
    endloop
  endfacet
  facet normal 0 0 -1
    outer loop
      vertex 12.211 -13.479 1
      vertex 7.49537 -4.08358 1
      vertex 7.55355 -4.06169 1
    endloop
  endfacet
  facet normal 0 0 -1
    outer loop
      vertex 12.211 -13.479 1
      vertex 7.43588 -4.10163 1
      vertex 7.49537 -4.08358 1
    endloop
  endfacet
  facet normal 0 0 -1
    outer loop
      vertex 12.211 -13.479 1
      vertex 7.37534 -4.11575 1
      vertex 7.43588 -4.10163 1
    endloop
  endfacet
  facet normal 0 0 -1
    outer loop
      vertex 12.211 -13.479 1
      vertex 7.314 -4.12587 1
      vertex 7.37534 -4.11575 1
    endloop
  endfacet
  facet normal 0 0 -1
    outer loop
      vertex 12.211 -13.479 1
      vertex 7.25213 -4.13197 1
      vertex 7.314 -4.12587 1
    endloop
  endfacet
  facet normal 0 0 -1
    outer loop
      vertex 12.211 -13.479 1
      vertex 7.19 -4.134 1
      vertex 7.25213 -4.13197 1
    endloop
  endfacet
  facet normal 0 0 -1
    outer loop
      vertex 12.211 -13.479 1
      vertex 7.12787 -4.13197 1
      vertex 7.19 -4.134 1
    endloop
  endfacet
  facet normal 0 0 -1
    outer loop
      vertex 12.211 -13.479 1
      vertex 7.066 -4.12587 1
      vertex 7.12787 -4.13197 1
    endloop
  endfacet
  facet normal 0 0 -1
    outer loop
      vertex 12.211 -13.479 1
      vertex 7.00466 -4.11575 1
      vertex 7.066 -4.12587 1
    endloop
  endfacet
  facet normal 0 0 -1
    outer loop
      vertex 12.211 -13.479 1
      vertex 6.94412 -4.10163 1
      vertex 7.00466 -4.11575 1
    endloop
  endfacet
  facet normal 0 0 -1
    outer loop
      vertex 12.211 -13.479 1
      vertex 6.88463 -4.08358 1
      vertex 6.94412 -4.10163 1
    endloop
  endfacet
  facet normal 0 0 -1
    outer loop
      vertex 12.211 -13.479 1
      vertex 6.82645 -4.06169 1
      vertex 6.88463 -4.08358 1
    endloop
  endfacet
  facet normal 0 0 -1
    outer loop
      vertex 12.211 -13.479 1
      vertex 6.76982 -4.03603 1
      vertex 6.82645 -4.06169 1
    endloop
  endfacet
  facet normal 0 0 -1
    outer loop
      vertex 12.211 -13.479 1
      vertex 6.715 -4.00672 1
      vertex 6.76982 -4.03603 1
    endloop
  endfacet
  facet normal 0 0 -1
    outer loop
      vertex 12.211 -13.479 1
      vertex 6.66221 -3.9739 1
      vertex 6.715 -4.00672 1
    endloop
  endfacet
  facet normal 0 0 -1
    outer loop
      vertex 12.211 -13.479 1
      vertex 6.61168 -3.93769 1
      vertex 6.66221 -3.9739 1
    endloop
  endfacet
  facet normal 0 0 -1
    outer loop
      vertex -15.214 -13.479 1
      vertex 6.61168 -3.93769 1
      vertex 12.211 -13.479 1
    endloop
  endfacet
  facet normal -0 0 -1
    outer loop
      vertex 6.61168 -3.93769 1
      vertex -15.214 -13.479 1
      vertex 6.56362 -3.89825 1
    endloop
  endfacet
  facet normal -0 0 -1
    outer loop
      vertex 6.56362 -3.89825 1
      vertex -15.214 -13.479 1
      vertex 6.51825 -3.85575 1
    endloop
  endfacet
  facet normal -0 0 -1
    outer loop
      vertex 6.51825 -3.85575 1
      vertex -15.214 -13.479 1
      vertex 6.47575 -3.81038 1
    endloop
  endfacet
  facet normal -0 0 -1
    outer loop
      vertex 6.47575 -3.81038 1
      vertex -15.214 -13.479 1
      vertex 6.43631 -3.76232 1
    endloop
  endfacet
  facet normal -0 0 -1
    outer loop
      vertex 6.43631 -3.76232 1
      vertex -15.214 -13.479 1
      vertex 6.4001 -3.71179 1
    endloop
  endfacet
  facet normal 0 0 -1
    outer loop
      vertex -10.5 9.816 1
      vertex 6.24 1.366 1
      vertex 6.24 -3.184 1
    endloop
  endfacet
  facet normal 0 0 -1
    outer loop
      vertex -15.214 -13.479 1
      vertex 6.24 -3.184 1
      vertex 6.24203 -3.24613 1
    endloop
  endfacet
  facet normal 0 0 -1
    outer loop
      vertex -15.214 -13.479 1
      vertex 6.24203 -3.24613 1
      vertex 6.24813 -3.308 1
    endloop
  endfacet
  facet normal 0 0 -1
    outer loop
      vertex -15.214 -13.479 1
      vertex 6.24813 -3.308 1
      vertex 6.25825 -3.36934 1
    endloop
  endfacet
  facet normal 0 0 -1
    outer loop
      vertex 6.24 1.366 1
      vertex -10.5 9.816 1
      vertex 3.5 9.816 1
    endloop
  endfacet
  facet normal 0 0 -1
    outer loop
      vertex -15.214 -13.479 1
      vertex 6.25825 -3.36934 1
      vertex 6.27237 -3.42988 1
    endloop
  endfacet
  facet normal 0 0 -1
    outer loop
      vertex -15.214 -13.479 1
      vertex 6.27237 -3.42988 1
      vertex 6.29042 -3.48937 1
    endloop
  endfacet
  facet normal 0 0 -1
    outer loop
      vertex -15.214 -13.479 1
      vertex 6.29042 -3.48937 1
      vertex 6.31231 -3.54755 1
    endloop
  endfacet
  facet normal 0 0 -1
    outer loop
      vertex -15.214 -13.479 1
      vertex 6.31231 -3.54755 1
      vertex 6.33797 -3.60417 1
    endloop
  endfacet
  facet normal 0 0 -1
    outer loop
      vertex -15.214 -13.479 1
      vertex 6.33797 -3.60417 1
      vertex 6.36728 -3.659 1
    endloop
  endfacet
  facet normal -0 0 -1
    outer loop
      vertex 6.4001 -3.71179 1
      vertex -15.214 -13.479 1
      vertex 6.36728 -3.659 1
    endloop
  endfacet
  facet normal 0 0 -1
    outer loop
      vertex -15.214 28.295 1
      vertex -10.5 9.816 1
      vertex -15.214 -13.479 1
    endloop
  endfacet
  facet normal -0 0 -1
    outer loop
      vertex 6.24 -3.184 1
      vertex -15.214 -13.479 1
      vertex -10.5 9.816 1
    endloop
  endfacet
  facet normal 0 0 -1
    outer loop
      vertex 8.13797 1.42813 1
      vertex 12.211 -13.479 1
      vertex 8.14 1.366 1
    endloop
  endfacet
  facet normal 0 0 -1
    outer loop
      vertex 8.13187 1.49 1
      vertex 12.211 -13.479 1
      vertex 8.13797 1.42813 1
    endloop
  endfacet
  facet normal 0 0 -1
    outer loop
      vertex 12.211 -13.479 1
      vertex 8.13187 1.49 1
      vertex 12.211 28.295 1
    endloop
  endfacet
  facet normal 0 0 -1
    outer loop
      vertex 8.12175 1.55134 1
      vertex 12.211 28.295 1
      vertex 8.13187 1.49 1
    endloop
  endfacet
  facet normal 0 0 -1
    outer loop
      vertex 8.10763 1.61188 1
      vertex 12.211 28.295 1
      vertex 8.12175 1.55134 1
    endloop
  endfacet
  facet normal 0 0 -1
    outer loop
      vertex 8.08958 1.67137 1
      vertex 12.211 28.295 1
      vertex 8.10763 1.61188 1
    endloop
  endfacet
  facet normal 0 0 -1
    outer loop
      vertex 8.06769 1.72955 1
      vertex 12.211 28.295 1
      vertex 8.08958 1.67137 1
    endloop
  endfacet
  facet normal 0 0 -1
    outer loop
      vertex 8.04203 1.78617 1
      vertex 12.211 28.295 1
      vertex 8.06769 1.72955 1
    endloop
  endfacet
  facet normal 0 0 -1
    outer loop
      vertex 8.01272 1.841 1
      vertex 12.211 28.295 1
      vertex 8.04203 1.78617 1
    endloop
  endfacet
  facet normal 0 0 -1
    outer loop
      vertex 7.9799 1.89379 1
      vertex 12.211 28.295 1
      vertex 8.01272 1.841 1
    endloop
  endfacet
  facet normal 0 0 -1
    outer loop
      vertex 7.94369 1.94432 1
      vertex 12.211 28.295 1
      vertex 7.9799 1.89379 1
    endloop
  endfacet
  facet normal 0 0 -1
    outer loop
      vertex 7.90425 1.99238 1
      vertex 12.211 28.295 1
      vertex 7.94369 1.94432 1
    endloop
  endfacet
  facet normal 0 0 -1
    outer loop
      vertex 7.86175 2.03775 1
      vertex 12.211 28.295 1
      vertex 7.90425 1.99238 1
    endloop
  endfacet
  facet normal 0 0 -1
    outer loop
      vertex 3.5 9.816 1
      vertex 7.86175 2.03775 1
      vertex 7.81638 2.08025 1
    endloop
  endfacet
  facet normal 0 0 -1
    outer loop
      vertex 3.5 9.816 1
      vertex 7.81638 2.08025 1
      vertex 7.76832 2.11969 1
    endloop
  endfacet
  facet normal 0 0 -1
    outer loop
      vertex 3.5 9.816 1
      vertex 7.76832 2.11969 1
      vertex 7.71779 2.1559 1
    endloop
  endfacet
  facet normal 0 0 -1
    outer loop
      vertex 3.5 9.816 1
      vertex 7.71779 2.1559 1
      vertex 7.665 2.18872 1
    endloop
  endfacet
  facet normal 0 0 -1
    outer loop
      vertex 3.5 9.816 1
      vertex 7.665 2.18872 1
      vertex 7.61017 2.21803 1
    endloop
  endfacet
  facet normal 0 0 -1
    outer loop
      vertex 3.5 9.816 1
      vertex 7.61017 2.21803 1
      vertex 7.55355 2.24369 1
    endloop
  endfacet
  facet normal 0 0 -1
    outer loop
      vertex 3.5 9.816 1
      vertex 7.55355 2.24369 1
      vertex 7.49537 2.26558 1
    endloop
  endfacet
  facet normal 0 0 -1
    outer loop
      vertex 3.5 9.816 1
      vertex 7.49537 2.26558 1
      vertex 7.43588 2.28363 1
    endloop
  endfacet
  facet normal 0 0 -1
    outer loop
      vertex 3.5 9.816 1
      vertex 7.43588 2.28363 1
      vertex 7.37534 2.29775 1
    endloop
  endfacet
  facet normal 0 0 -1
    outer loop
      vertex 3.5 9.816 1
      vertex 7.37534 2.29775 1
      vertex 7.314 2.30787 1
    endloop
  endfacet
  facet normal 0 0 -1
    outer loop
      vertex 3.5 9.816 1
      vertex 7.314 2.30787 1
      vertex 7.25213 2.31397 1
    endloop
  endfacet
  facet normal 0 0 -1
    outer loop
      vertex 3.5 9.816 1
      vertex 7.25213 2.31397 1
      vertex 7.19 2.316 1
    endloop
  endfacet
  facet normal 0 0 -1
    outer loop
      vertex 3.5 9.816 1
      vertex 7.19 2.316 1
      vertex 7.12787 2.31397 1
    endloop
  endfacet
  facet normal 0 0 -1
    outer loop
      vertex 3.5 9.816 1
      vertex 7.12787 2.31397 1
      vertex 7.066 2.30787 1
    endloop
  endfacet
  facet normal 0 0 -1
    outer loop
      vertex 3.5 9.816 1
      vertex 7.066 2.30787 1
      vertex 7.00466 2.29775 1
    endloop
  endfacet
  facet normal 0 0 -1
    outer loop
      vertex 3.5 9.816 1
      vertex 7.00466 2.29775 1
      vertex 6.94412 2.28363 1
    endloop
  endfacet
  facet normal 0 0 -1
    outer loop
      vertex 3.5 9.816 1
      vertex 6.94412 2.28363 1
      vertex 6.88463 2.26558 1
    endloop
  endfacet
  facet normal 0 0 -1
    outer loop
      vertex 3.5 9.816 1
      vertex 6.88463 2.26558 1
      vertex 6.82645 2.24369 1
    endloop
  endfacet
  facet normal 0 0 -1
    outer loop
      vertex 3.5 9.816 1
      vertex 6.82645 2.24369 1
      vertex 6.76982 2.21803 1
    endloop
  endfacet
  facet normal 0 0 -1
    outer loop
      vertex 3.5 9.816 1
      vertex 6.76982 2.21803 1
      vertex 6.715 2.18872 1
    endloop
  endfacet
  facet normal 0 0 -1
    outer loop
      vertex 3.5 9.816 1
      vertex 6.715 2.18872 1
      vertex 6.66221 2.1559 1
    endloop
  endfacet
  facet normal 0 0 -1
    outer loop
      vertex 3.5 9.816 1
      vertex 6.66221 2.1559 1
      vertex 6.61168 2.11969 1
    endloop
  endfacet
  facet normal 0 0 -1
    outer loop
      vertex 3.5 9.816 1
      vertex 6.61168 2.11969 1
      vertex 6.56362 2.08025 1
    endloop
  endfacet
  facet normal 0 0 -1
    outer loop
      vertex 3.5 9.816 1
      vertex 6.56362 2.08025 1
      vertex 6.51825 2.03775 1
    endloop
  endfacet
  facet normal 0 0 -1
    outer loop
      vertex 3.5 9.816 1
      vertex 6.51825 2.03775 1
      vertex 6.47575 1.99238 1
    endloop
  endfacet
  facet normal 0 0 -1
    outer loop
      vertex 3.5 9.816 1
      vertex 6.47575 1.99238 1
      vertex 6.43631 1.94432 1
    endloop
  endfacet
  facet normal 0 0 -1
    outer loop
      vertex 3.5 9.816 1
      vertex 6.43631 1.94432 1
      vertex 6.4001 1.89379 1
    endloop
  endfacet
  facet normal 0 0 -1
    outer loop
      vertex 3.5 9.816 1
      vertex 6.4001 1.89379 1
      vertex 6.36728 1.841 1
    endloop
  endfacet
  facet normal 0 0 -1
    outer loop
      vertex 3.5 9.816 1
      vertex 6.36728 1.841 1
      vertex 6.33797 1.78617 1
    endloop
  endfacet
  facet normal 0 0 -1
    outer loop
      vertex 3.5 9.816 1
      vertex 6.33797 1.78617 1
      vertex 6.31231 1.72955 1
    endloop
  endfacet
  facet normal 0 0 -1
    outer loop
      vertex 3.5 9.816 1
      vertex 6.31231 1.72955 1
      vertex 6.29042 1.67137 1
    endloop
  endfacet
  facet normal 0 0 -1
    outer loop
      vertex 3.5 9.816 1
      vertex 6.29042 1.67137 1
      vertex 6.27237 1.61188 1
    endloop
  endfacet
  facet normal 0 0 -1
    outer loop
      vertex 3.5 9.816 1
      vertex 6.27237 1.61188 1
      vertex 6.25825 1.55134 1
    endloop
  endfacet
  facet normal 0 0 -1
    outer loop
      vertex 3.5 9.816 1
      vertex 6.24203 1.42813 1
      vertex 6.24 1.366 1
    endloop
  endfacet
  facet normal 0 0 -1
    outer loop
      vertex 3.5 9.816 1
      vertex 6.24813 1.49 1
      vertex 6.24203 1.42813 1
    endloop
  endfacet
  facet normal 0 0 -1
    outer loop
      vertex 3.5 9.816 1
      vertex 6.25825 1.55134 1
      vertex 6.24813 1.49 1
    endloop
  endfacet
  facet normal 0 0 -1
    outer loop
      vertex 7.86175 2.03775 1
      vertex 3.5 9.816 1
      vertex 12.211 28.295 1
    endloop
  endfacet
  facet normal 0 0 -1
    outer loop
      vertex 3.5 17.316 1
      vertex 12.211 28.295 1
      vertex 3.5 9.816 1
    endloop
  endfacet
  facet normal 0 0 -1
    outer loop
      vertex -15.214 28.295 1
      vertex 3.5 17.316 1
      vertex -10.5 17.316 1
    endloop
  endfacet
  facet normal 0 0 -1
    outer loop
      vertex 3.5 17.316 1
      vertex -15.214 28.295 1
      vertex 12.211 28.295 1
    endloop
  endfacet
  facet normal 0 0 -1
    outer loop
      vertex -10.5 9.816 1
      vertex -15.214 28.295 1
      vertex -10.5 17.316 1
    endloop
  endfacet
  facet normal 1 -0 0
    outer loop
      vertex 12.211 -13.479 3
      vertex 12.211 28.295 1
      vertex 12.211 28.295 3
    endloop
  endfacet
  facet normal 1 0 0
    outer loop
      vertex 12.211 28.295 1
      vertex 12.211 -13.479 3
      vertex 12.211 -13.479 1
    endloop
  endfacet
  facet normal 0 -1 0
    outer loop
      vertex -15.214 -13.479 1
      vertex 12.211 -13.479 3
      vertex -15.214 -13.479 3
    endloop
  endfacet
  facet normal 0 -1 -0
    outer loop
      vertex 12.211 -13.479 3
      vertex -15.214 -13.479 1
      vertex 12.211 -13.479 1
    endloop
  endfacet
  facet normal 0 0 1
    outer loop
      vertex 9.761 -11.729 3
      vertex -12.764 -11.729 3
      vertex 9.761 -11.879 3
    endloop
  endfacet
  facet normal 0 0 1
    outer loop
      vertex 12.211 28.295 3
      vertex 10.461 26.695 3
      vertex 12.211 -13.479 3
    endloop
  endfacet
  facet normal 0 0 1
    outer loop
      vertex 12.211 28.295 3
      vertex 9.761 26.695 3
      vertex 10.461 26.695 3
    endloop
  endfacet
  facet normal 0 0 1
    outer loop
      vertex 9.4 24.316 3
      vertex 9.761 26.695 3
      vertex 9.4 25.916 3
    endloop
  endfacet
  facet normal 0 0 1
    outer loop
      vertex 9.761 26.695 3
      vertex 7.8 25.916 3
      vertex 9.4 25.916 3
    endloop
  endfacet
  facet normal 0 0 1
    outer loop
      vertex 12.211 28.295 3
      vertex 7.8 25.916 3
      vertex 9.761 26.695 3
    endloop
  endfacet
  facet normal 0 0 1
    outer loop
      vertex -12.764 26.695 3
      vertex 7.8 24.316 3
      vertex 7.8 25.916 3
    endloop
  endfacet
  facet normal 0 0 1
    outer loop
      vertex 7.8 24.316 3
      vertex 7.60944 3.47469 3
      vertex 7.74646 3.44274 3
    endloop
  endfacet
  facet normal 0 0 1
    outer loop
      vertex 7.8 24.316 3
      vertex 7.47063 3.49761 3
      vertex 7.60944 3.47469 3
    endloop
  endfacet
  facet normal 0 0 1
    outer loop
      vertex 7.8 24.316 3
      vertex 7.33062 3.5114 3
      vertex 7.47063 3.49761 3
    endloop
  endfacet
  facet normal 0 0 1
    outer loop
      vertex 7.8 24.316 3
      vertex 7.19 3.516 3
      vertex 7.33062 3.5114 3
    endloop
  endfacet
  facet normal 0 0 1
    outer loop
      vertex 7.8 24.316 3
      vertex 7.04938 3.5114 3
      vertex 7.19 3.516 3
    endloop
  endfacet
  facet normal 0 0 1
    outer loop
      vertex 7.8 24.316 3
      vertex 6.90937 3.49761 3
      vertex 7.04938 3.5114 3
    endloop
  endfacet
  facet normal 0 0 1
    outer loop
      vertex 7.8 24.316 3
      vertex 6.77056 3.47469 3
      vertex 6.90937 3.49761 3
    endloop
  endfacet
  facet normal 0 0 1
    outer loop
      vertex 7.8 24.316 3
      vertex 6.63354 3.44274 3
      vertex 6.77056 3.47469 3
    endloop
  endfacet
  facet normal 0 0 1
    outer loop
      vertex 7.8 24.316 3
      vertex 6.4989 3.4019 3
      vertex 6.63354 3.44274 3
    endloop
  endfacet
  facet normal 0 0 1
    outer loop
      vertex 7.8 24.316 3
      vertex 6.36723 3.35234 3
      vertex 6.4989 3.4019 3
    endloop
  endfacet
  facet normal 0 0 1
    outer loop
      vertex 7.8 24.316 3
      vertex 6.23908 3.29428 3
      vertex 6.36723 3.35234 3
    endloop
  endfacet
  facet normal 0 0 1
    outer loop
      vertex 7.8 24.316 3
      vertex 6.115 3.22795 3
      vertex 6.23908 3.29428 3
    endloop
  endfacet
  facet normal 0 0 1
    outer loop
      vertex 7.8 24.316 3
      vertex 5.99552 3.15366 3
      vertex 6.115 3.22795 3
    endloop
  endfacet
  facet normal 0 0 1
    outer loop
      vertex 7.8 24.316 3
      vertex 5.88116 3.07171 3
      vertex 5.99552 3.15366 3
    endloop
  endfacet
  facet normal 0 0 1
    outer loop
      vertex 7.8 24.316 3
      vertex -12.764 26.695 3
      vertex 5.88116 3.07171 3
    endloop
  endfacet
  facet normal 0 0 1
    outer loop
      vertex 5.88116 3.07171 3
      vertex -12.764 26.695 3
      vertex 5.77241 2.98246 3
    endloop
  endfacet
  facet normal 0 0 1
    outer loop
      vertex 5.77241 2.98246 3
      vertex -12.764 26.695 3
      vertex 5.66972 2.88628 3
    endloop
  endfacet
  facet normal 0 0 1
    outer loop
      vertex 5.66972 2.88628 3
      vertex -12.764 26.695 3
      vertex 5.57354 2.78359 3
    endloop
  endfacet
  facet normal 0 0 1
    outer loop
      vertex 5.57354 2.78359 3
      vertex -12.764 26.695 3
      vertex 5.48429 2.67484 3
    endloop
  endfacet
  facet normal 0 0 1
    outer loop
      vertex 5.48429 2.67484 3
      vertex -12.764 26.695 3
      vertex 5.40234 2.56048 3
    endloop
  endfacet
  facet normal 0 0 1
    outer loop
      vertex 5.40234 2.56048 3
      vertex -12.764 26.695 3
      vertex 5.32804 2.441 3
    endloop
  endfacet
  facet normal 0 0 1
    outer loop
      vertex 5.32804 2.441 3
      vertex -12.764 26.695 3
      vertex 5.26172 2.31692 3
    endloop
  endfacet
  facet normal 0 0 1
    outer loop
      vertex 5.26172 2.31692 3
      vertex -12.764 26.695 3
      vertex 5.20366 2.18877 3
    endloop
  endfacet
  facet normal 0 -0 1
    outer loop
      vertex -11.4 -9.284 3
      vertex 5.20366 2.18877 3
      vertex -12.764 26.695 3
    endloop
  endfacet
  facet normal 0 0 1
    outer loop
      vertex 5.20366 2.18877 3
      vertex -11.4 -9.284 3
      vertex 5.1541 2.0571 3
    endloop
  endfacet
  facet normal 0 0 1
    outer loop
      vertex 5.1541 2.0571 3
      vertex -11.4 -9.284 3
      vertex 5.11326 1.92246 3
    endloop
  endfacet
  facet normal 0 0 1
    outer loop
      vertex 5.04 1.366 3
      vertex -11.4 -9.284 3
      vertex 5.04 -3.184 3
    endloop
  endfacet
  facet normal 0 0 1
    outer loop
      vertex 5.0446 1.50662 3
      vertex -11.4 -9.284 3
      vertex 5.04 1.366 3
    endloop
  endfacet
  facet normal 0 0 1
    outer loop
      vertex 5.05839 1.64663 3
      vertex -11.4 -9.284 3
      vertex 5.0446 1.50662 3
    endloop
  endfacet
  facet normal 0 0 1
    outer loop
      vertex 5.11326 1.92246 3
      vertex -11.4 -9.284 3
      vertex 5.08131 1.78544 3
    endloop
  endfacet
  facet normal 0 0 1
    outer loop
      vertex 5.08131 1.78544 3
      vertex -11.4 -9.284 3
      vertex 5.05839 1.64663 3
    endloop
  endfacet
  facet normal -0 0 1
    outer loop
      vertex -15.214 28.295 3
      vertex 7.8 25.916 3
      vertex 12.211 28.295 3
    endloop
  endfacet
  facet normal 0 0 1
    outer loop
      vertex 7.8 25.916 3
      vertex -15.214 28.295 3
      vertex -12.764 26.695 3
    endloop
  endfacet
  facet normal 0 0 1
    outer loop
      vertex -13.464 26.695 3
      vertex -15.214 28.295 3
      vertex -13.464 -11.879 3
    endloop
  endfacet
  facet normal 0 0 1
    outer loop
      vertex -12.764 26.695 3
      vertex -15.214 28.295 3
      vertex -13.464 26.695 3
    endloop
  endfacet
  facet normal -0 0 1
    outer loop
      vertex 10.461 -11.879 3
      vertex 12.211 -13.479 3
      vertex 10.461 26.695 3
    endloop
  endfacet
  facet normal -0 0 1
    outer loop
      vertex 9.761 -11.879 3
      vertex 12.211 -13.479 3
      vertex 10.461 -11.879 3
    endloop
  endfacet
  facet normal 0 0 1
    outer loop
      vertex -12.764 -11.879 3
      vertex 9.761 -11.879 3
      vertex -12.764 -11.729 3
    endloop
  endfacet
  facet normal 0 0 1
    outer loop
      vertex 9.761 -11.879 3
      vertex -12.764 -11.879 3
      vertex 12.211 -13.479 3
    endloop
  endfacet
  facet normal 0 0 1
    outer loop
      vertex -15.214 -13.479 3
      vertex -12.764 -11.879 3
      vertex -13.464 -11.879 3
    endloop
  endfacet
  facet normal 0 0 1
    outer loop
      vertex -12.764 -11.879 3
      vertex -15.214 -13.479 3
      vertex 12.211 -13.479 3
    endloop
  endfacet
  facet normal 0 0 1
    outer loop
      vertex -15.214 -13.479 3
      vertex -13.464 -11.879 3
      vertex -15.214 28.295 3
    endloop
  endfacet
  facet normal 0 0 1
    outer loop
      vertex -11.4 -9.284 3
      vertex -12.764 26.695 3
      vertex -12.764 -9.284 3
    endloop
  endfacet
  facet normal -0 0 1
    outer loop
      vertex 9.34 -3.184 3
      vertex 9.761 -11.029 3
      vertex 9.34 1.366 3
    endloop
  endfacet
  facet normal 0 0 1
    outer loop
      vertex 9.761 26.695 3
      vertex 9.3354 1.50662 3
      vertex 9.34 1.366 3
    endloop
  endfacet
  facet normal 0 0 1
    outer loop
      vertex 9.761 26.695 3
      vertex 9.32161 1.64663 3
      vertex 9.3354 1.50662 3
    endloop
  endfacet
  facet normal 0 0 1
    outer loop
      vertex 9.4 24.316 3
      vertex 9.29869 1.78544 3
      vertex 9.32161 1.64663 3
    endloop
  endfacet
  facet normal 0 0 1
    outer loop
      vertex 9.4 24.316 3
      vertex 9.26674 1.92246 3
      vertex 9.29869 1.78544 3
    endloop
  endfacet
  facet normal 0 0 1
    outer loop
      vertex 9.4 24.316 3
      vertex 9.2259 2.0571 3
      vertex 9.26674 1.92246 3
    endloop
  endfacet
  facet normal 0 0 1
    outer loop
      vertex 9.4 24.316 3
      vertex 9.17634 2.18877 3
      vertex 9.2259 2.0571 3
    endloop
  endfacet
  facet normal 0 0 1
    outer loop
      vertex 9.4 24.316 3
      vertex 9.11828 2.31692 3
      vertex 9.17634 2.18877 3
    endloop
  endfacet
  facet normal 0 0 1
    outer loop
      vertex 9.4 24.316 3
      vertex 9.05195 2.441 3
      vertex 9.11828 2.31692 3
    endloop
  endfacet
  facet normal 0 0 1
    outer loop
      vertex 9.4 24.316 3
      vertex 8.97766 2.56048 3
      vertex 9.05195 2.441 3
    endloop
  endfacet
  facet normal 0 0 1
    outer loop
      vertex 9.4 24.316 3
      vertex 8.89571 2.67484 3
      vertex 8.97766 2.56048 3
    endloop
  endfacet
  facet normal 0 0 1
    outer loop
      vertex 9.4 24.316 3
      vertex 8.80645 2.78359 3
      vertex 8.89571 2.67484 3
    endloop
  endfacet
  facet normal 0 0 1
    outer loop
      vertex 9.4 24.316 3
      vertex 8.71028 2.88628 3
      vertex 8.80645 2.78359 3
    endloop
  endfacet
  facet normal 0 0 1
    outer loop
      vertex 9.4 24.316 3
      vertex 8.60759 2.98246 3
      vertex 8.71028 2.88628 3
    endloop
  endfacet
  facet normal 0 0 1
    outer loop
      vertex 9.4 24.316 3
      vertex 8.49884 3.07171 3
      vertex 8.60759 2.98246 3
    endloop
  endfacet
  facet normal 0 0 1
    outer loop
      vertex 9.4 24.316 3
      vertex 8.38448 3.15366 3
      vertex 8.49884 3.07171 3
    endloop
  endfacet
  facet normal 0 0 1
    outer loop
      vertex 9.4 24.316 3
      vertex 8.265 3.22795 3
      vertex 8.38448 3.15366 3
    endloop
  endfacet
  facet normal 0 0 1
    outer loop
      vertex 9.4 24.316 3
      vertex 8.14092 3.29428 3
      vertex 8.265 3.22795 3
    endloop
  endfacet
  facet normal 0 0 1
    outer loop
      vertex 9.4 24.316 3
      vertex 8.01277 3.35234 3
      vertex 8.14092 3.29428 3
    endloop
  endfacet
  facet normal 0 0 1
    outer loop
      vertex 9.4 24.316 3
      vertex 7.88109 3.4019 3
      vertex 8.01277 3.35234 3
    endloop
  endfacet
  facet normal 0 0 1
    outer loop
      vertex 7.74646 3.44274 3
      vertex 9.4 24.316 3
      vertex 7.8 24.316 3
    endloop
  endfacet
  facet normal 0 0 1
    outer loop
      vertex 9.4 24.316 3
      vertex 7.74646 3.44274 3
      vertex 7.88109 3.4019 3
    endloop
  endfacet
  facet normal 0 0 1
    outer loop
      vertex 9.32161 1.64663 3
      vertex 9.761 26.695 3
      vertex 9.4 24.316 3
    endloop
  endfacet
  facet normal 0 0 1
    outer loop
      vertex 9.761 26.695 3
      vertex 9.34 1.366 3
      vertex 9.761 -11.029 3
    endloop
  endfacet
  facet normal -0 0 1
    outer loop
      vertex 9.4 -10.884 3
      vertex 9.761 -11.029 3
      vertex 9.4 -9.284 3
    endloop
  endfacet
  facet normal -0 0 1
    outer loop
      vertex 7.8 -10.884 3
      vertex 9.761 -11.029 3
      vertex 9.4 -10.884 3
    endloop
  endfacet
  facet normal -0 0 1
    outer loop
      vertex 7.47063 -5.31561 3
      vertex 7.8 -9.284 3
      vertex 7.60944 -5.29269 3
    endloop
  endfacet
  facet normal -0 0 1
    outer loop
      vertex 7.33062 -5.3294 3
      vertex 7.8 -9.284 3
      vertex 7.47063 -5.31561 3
    endloop
  endfacet
  facet normal -0 0 1
    outer loop
      vertex 7.19 -5.334 3
      vertex 7.8 -9.284 3
      vertex 7.33062 -5.3294 3
    endloop
  endfacet
  facet normal 0 0 1
    outer loop
      vertex 7.04938 -5.3294 3
      vertex 7.8 -9.284 3
      vertex 7.19 -5.334 3
    endloop
  endfacet
  facet normal 0 0 1
    outer loop
      vertex 6.90937 -5.31561 3
      vertex 7.8 -9.284 3
      vertex 7.04938 -5.3294 3
    endloop
  endfacet
  facet normal 0 0 1
    outer loop
      vertex 6.77056 -5.29269 3
      vertex 7.8 -9.284 3
      vertex 6.90937 -5.31561 3
    endloop
  endfacet
  facet normal 0 0 1
    outer loop
      vertex 6.63354 -5.26074 3
      vertex 7.8 -9.284 3
      vertex 6.77056 -5.29269 3
    endloop
  endfacet
  facet normal 0 0 1
    outer loop
      vertex 6.4989 -5.2199 3
      vertex 7.8 -9.284 3
      vertex 6.63354 -5.26074 3
    endloop
  endfacet
  facet normal 0 0 1
    outer loop
      vertex 6.36723 -5.17034 3
      vertex 7.8 -9.284 3
      vertex 6.4989 -5.2199 3
    endloop
  endfacet
  facet normal 0 0 1
    outer loop
      vertex 6.23908 -5.11228 3
      vertex 7.8 -9.284 3
      vertex 6.36723 -5.17034 3
    endloop
  endfacet
  facet normal 0 0 1
    outer loop
      vertex 6.115 -5.04595 3
      vertex 7.8 -9.284 3
      vertex 6.23908 -5.11228 3
    endloop
  endfacet
  facet normal 0 0 1
    outer loop
      vertex 5.99552 -4.97166 3
      vertex 7.8 -9.284 3
      vertex 6.115 -5.04595 3
    endloop
  endfacet
  facet normal 0 0 1
    outer loop
      vertex 5.88116 -4.88971 3
      vertex 7.8 -9.284 3
      vertex 5.99552 -4.97166 3
    endloop
  endfacet
  facet normal 0 0 1
    outer loop
      vertex 5.77241 -4.80046 3
      vertex 7.8 -9.284 3
      vertex 5.88116 -4.88971 3
    endloop
  endfacet
  facet normal 0 0 1
    outer loop
      vertex 5.66972 -4.70428 3
      vertex 7.8 -9.284 3
      vertex 5.77241 -4.80046 3
    endloop
  endfacet
  facet normal 0 0 1
    outer loop
      vertex 7.8 -9.284 3
      vertex 5.66972 -4.70428 3
      vertex 7.8 -10.884 3
    endloop
  endfacet
  facet normal 0 0 1
    outer loop
      vertex 5.57354 -4.60159 3
      vertex 7.8 -10.884 3
      vertex 5.66972 -4.70428 3
    endloop
  endfacet
  facet normal 0 0 1
    outer loop
      vertex -11.4 -10.884 3
      vertex 5.57354 -4.60159 3
      vertex 5.48429 -4.49284 3
    endloop
  endfacet
  facet normal 0 0 1
    outer loop
      vertex -11.4 -9.284 3
      vertex 5.48429 -4.49284 3
      vertex 5.40234 -4.37848 3
    endloop
  endfacet
  facet normal 0 0 1
    outer loop
      vertex -11.4 -9.284 3
      vertex 5.40234 -4.37848 3
      vertex 5.32804 -4.259 3
    endloop
  endfacet
  facet normal 0 0 1
    outer loop
      vertex -11.4 -9.284 3
      vertex 5.32804 -4.259 3
      vertex 5.26172 -4.13492 3
    endloop
  endfacet
  facet normal 0 0 1
    outer loop
      vertex -11.4 -9.284 3
      vertex 5.26172 -4.13492 3
      vertex 5.20366 -4.00677 3
    endloop
  endfacet
  facet normal 0 0 1
    outer loop
      vertex -11.4 -9.284 3
      vertex 5.0446 -3.32462 3
      vertex 5.04 -3.184 3
    endloop
  endfacet
  facet normal 0 0 1
    outer loop
      vertex -11.4 -9.284 3
      vertex 5.05839 -3.46463 3
      vertex 5.0446 -3.32462 3
    endloop
  endfacet
  facet normal 0 0 1
    outer loop
      vertex -11.4 -9.284 3
      vertex 5.08131 -3.60344 3
      vertex 5.05839 -3.46463 3
    endloop
  endfacet
  facet normal 0 0 1
    outer loop
      vertex -11.4 -9.284 3
      vertex 5.11326 -3.74046 3
      vertex 5.08131 -3.60344 3
    endloop
  endfacet
  facet normal 0 0 1
    outer loop
      vertex -11.4 -9.284 3
      vertex 5.1541 -3.87509 3
      vertex 5.11326 -3.74046 3
    endloop
  endfacet
  facet normal 0 0 1
    outer loop
      vertex -11.4 -9.284 3
      vertex 5.20366 -4.00677 3
      vertex 5.1541 -3.87509 3
    endloop
  endfacet
  facet normal 0 0 1
    outer loop
      vertex 5.48429 -4.49284 3
      vertex -11.4 -9.284 3
      vertex -11.4 -10.884 3
    endloop
  endfacet
  facet normal 0 0 1
    outer loop
      vertex 5.57354 -4.60159 3
      vertex -11.4 -10.884 3
      vertex 7.8 -10.884 3
    endloop
  endfacet
  facet normal 0 0 1
    outer loop
      vertex -12.764 -11.029 3
      vertex 7.8 -10.884 3
      vertex -11.4 -10.884 3
    endloop
  endfacet
  facet normal 0 0 1
    outer loop
      vertex -12.764 -11.029 3
      vertex -11.4 -10.884 3
      vertex -12.764 -10.884 3
    endloop
  endfacet
  facet normal 0 0 1
    outer loop
      vertex 7.8 -10.884 3
      vertex -12.764 -11.029 3
      vertex 9.761 -11.029 3
    endloop
  endfacet
  facet normal -0 0 1
    outer loop
      vertex 9.3354 -3.32462 3
      vertex 9.761 -11.029 3
      vertex 9.34 -3.184 3
    endloop
  endfacet
  facet normal -0 0 1
    outer loop
      vertex 9.32161 -3.46463 3
      vertex 9.761 -11.029 3
      vertex 9.3354 -3.32462 3
    endloop
  endfacet
  facet normal 0 0 1
    outer loop
      vertex 9.761 -11.029 3
      vertex 9.32161 -3.46463 3
      vertex 9.4 -9.284 3
    endloop
  endfacet
  facet normal -0 0 1
    outer loop
      vertex 9.29869 -3.60344 3
      vertex 9.4 -9.284 3
      vertex 9.32161 -3.46463 3
    endloop
  endfacet
  facet normal -0 0 1
    outer loop
      vertex 9.26674 -3.74046 3
      vertex 9.4 -9.284 3
      vertex 9.29869 -3.60344 3
    endloop
  endfacet
  facet normal -0 0 1
    outer loop
      vertex 9.2259 -3.87509 3
      vertex 9.4 -9.284 3
      vertex 9.26674 -3.74046 3
    endloop
  endfacet
  facet normal -0 0 1
    outer loop
      vertex 9.17634 -4.00677 3
      vertex 9.4 -9.284 3
      vertex 9.2259 -3.87509 3
    endloop
  endfacet
  facet normal -0 0 1
    outer loop
      vertex 9.11828 -4.13492 3
      vertex 9.4 -9.284 3
      vertex 9.17634 -4.00677 3
    endloop
  endfacet
  facet normal -0 0 1
    outer loop
      vertex 9.05195 -4.259 3
      vertex 9.4 -9.284 3
      vertex 9.11828 -4.13492 3
    endloop
  endfacet
  facet normal -0 0 1
    outer loop
      vertex 8.97766 -4.37848 3
      vertex 9.4 -9.284 3
      vertex 9.05195 -4.259 3
    endloop
  endfacet
  facet normal -0 0 1
    outer loop
      vertex 8.89571 -4.49284 3
      vertex 9.4 -9.284 3
      vertex 8.97766 -4.37848 3
    endloop
  endfacet
  facet normal -0 0 1
    outer loop
      vertex 8.80645 -4.60159 3
      vertex 9.4 -9.284 3
      vertex 8.89571 -4.49284 3
    endloop
  endfacet
  facet normal -0 0 1
    outer loop
      vertex 8.71028 -4.70428 3
      vertex 9.4 -9.284 3
      vertex 8.80645 -4.60159 3
    endloop
  endfacet
  facet normal -0 0 1
    outer loop
      vertex 8.60759 -4.80046 3
      vertex 9.4 -9.284 3
      vertex 8.71028 -4.70428 3
    endloop
  endfacet
  facet normal -0 0 1
    outer loop
      vertex 8.49884 -4.88971 3
      vertex 9.4 -9.284 3
      vertex 8.60759 -4.80046 3
    endloop
  endfacet
  facet normal -0 0 1
    outer loop
      vertex 8.38448 -4.97166 3
      vertex 9.4 -9.284 3
      vertex 8.49884 -4.88971 3
    endloop
  endfacet
  facet normal -0 0 1
    outer loop
      vertex 8.265 -5.04595 3
      vertex 9.4 -9.284 3
      vertex 8.38448 -4.97166 3
    endloop
  endfacet
  facet normal -0 0 1
    outer loop
      vertex 8.14092 -5.11228 3
      vertex 9.4 -9.284 3
      vertex 8.265 -5.04595 3
    endloop
  endfacet
  facet normal -0 0 1
    outer loop
      vertex 8.01277 -5.17034 3
      vertex 9.4 -9.284 3
      vertex 8.14092 -5.11228 3
    endloop
  endfacet
  facet normal -0 0 1
    outer loop
      vertex 7.88109 -5.2199 3
      vertex 9.4 -9.284 3
      vertex 8.01277 -5.17034 3
    endloop
  endfacet
  facet normal 0 0 1
    outer loop
      vertex 7.88109 -5.2199 3
      vertex 7.8 -9.284 3
      vertex 9.4 -9.284 3
    endloop
  endfacet
  facet normal -0 0 1
    outer loop
      vertex 7.60944 -5.29269 3
      vertex 7.8 -9.284 3
      vertex 7.74646 -5.26074 3
    endloop
  endfacet
  facet normal -0 0 1
    outer loop
      vertex 7.74646 -5.26074 3
      vertex 7.8 -9.284 3
      vertex 7.88109 -5.2199 3
    endloop
  endfacet
  facet normal 0 1 -0
    outer loop
      vertex 12.211 28.295 1
      vertex -15.214 28.295 3
      vertex 12.211 28.295 3
    endloop
  endfacet
  facet normal 0 1 0
    outer loop
      vertex -15.214 28.295 3
      vertex 12.211 28.295 1
      vertex -15.214 28.295 1
    endloop
  endfacet
  facet normal -1 0 0
    outer loop
      vertex 9.761 26.695 3
      vertex 9.761 20.195 3.53231
      vertex 9.761 26.695 4.2
    endloop
  endfacet
  facet normal -1 0 0
    outer loop
      vertex 9.761 26.695 3
      vertex 9.761 17.195 3.53231
      vertex 9.761 20.195 3.53231
    endloop
  endfacet
  facet normal -1 0 0
    outer loop
      vertex 9.761 17.195 3.53231
      vertex 9.761 -2.379 3.53231
      vertex 9.761 17.195 3.96769
    endloop
  endfacet
  facet normal -1 0 0
    outer loop
      vertex 9.761 26.695 3
      vertex 9.761 -2.379 3.53231
      vertex 9.761 17.195 3.53231
    endloop
  endfacet
  facet normal -1 0 0
    outer loop
      vertex 9.761 -11.029 3
      vertex 9.761 -2.379 3.53231
      vertex 9.761 26.695 3
    endloop
  endfacet
  facet normal -1 0 0
    outer loop
      vertex 9.761 -11.029 4.2
      vertex 9.761 -5.379 3.53231
      vertex 9.761 -11.029 3
    endloop
  endfacet
  facet normal -1 -0 0
    outer loop
      vertex 9.761 -2.379 3.53231
      vertex 9.761 -11.029 3
      vertex 9.761 -5.379 3.53231
    endloop
  endfacet
  facet normal -1 0 0
    outer loop
      vertex 9.761 20.195 3.96769
      vertex 9.761 26.695 4.2
      vertex 9.761 20.195 3.53231
    endloop
  endfacet
  facet normal -1 0 0
    outer loop
      vertex 9.761 17.195 3.96769
      vertex 9.761 26.695 4.2
      vertex 9.761 20.195 3.96769
    endloop
  endfacet
  facet normal -1 0 0
    outer loop
      vertex 9.761 -2.379 3.96769
      vertex 9.761 17.195 3.96769
      vertex 9.761 -2.379 3.53231
    endloop
  endfacet
  facet normal -1 0 0
    outer loop
      vertex 9.761 17.195 3.96769
      vertex 9.761 -2.379 3.96769
      vertex 9.761 26.695 4.2
    endloop
  endfacet
  facet normal -1 0 0
    outer loop
      vertex 9.761 -11.029 4.2
      vertex 9.761 -2.379 3.96769
      vertex 9.761 -5.379 3.96769
    endloop
  endfacet
  facet normal -1 0 0
    outer loop
      vertex 9.761 -2.379 3.96769
      vertex 9.761 -11.029 4.2
      vertex 9.761 26.695 4.2
    endloop
  endfacet
  facet normal -1 0 0
    outer loop
      vertex 9.761 -5.379 3.53231
      vertex 9.761 -11.029 4.2
      vertex 9.761 -5.379 3.96769
    endloop
  endfacet
  facet normal -1 0 0
    outer loop
      vertex 9.761 -11.879 3
      vertex 9.761 -11.729 4.2
      vertex 9.761 -11.729 3
    endloop
  endfacet
  facet normal -1 -0 0
    outer loop
      vertex 9.761 -11.729 4.2
      vertex 9.761 -11.879 3
      vertex 9.761 -11.879 4.2
    endloop
  endfacet
  facet normal 1 0 0
    outer loop
      vertex 10.461 20.195 3.31699
      vertex 10.461 26.695 4.2
      vertex 10.461 20.195 4.18301
    endloop
  endfacet
  facet normal 1 0 0
    outer loop
      vertex 10.461 26.695 4.2
      vertex 10.461 17.195 4.18301
      vertex 10.461 20.195 4.18301
    endloop
  endfacet
  facet normal 1 0 0
    outer loop
      vertex 10.461 17.195 4.18301
      vertex 10.461 -2.379 4.18301
      vertex 10.461 17.195 3.31699
    endloop
  endfacet
  facet normal 1 0 0
    outer loop
      vertex 10.461 26.695 4.2
      vertex 10.461 -2.379 4.18301
      vertex 10.461 17.195 4.18301
    endloop
  endfacet
  facet normal 1 0 0
    outer loop
      vertex 10.461 26.695 4.2
      vertex 10.461 -5.379 4.18301
      vertex 10.461 -2.379 4.18301
    endloop
  endfacet
  facet normal 1 0 0
    outer loop
      vertex 10.461 -5.379 4.18301
      vertex 10.461 -11.879 4.2
      vertex 10.461 -5.379 3.31699
    endloop
  endfacet
  facet normal 1 -0 0
    outer loop
      vertex 10.461 -11.879 4.2
      vertex 10.461 -5.379 4.18301
      vertex 10.461 26.695 4.2
    endloop
  endfacet
  facet normal 1 0 0
    outer loop
      vertex 10.461 26.695 4.2
      vertex 10.461 20.195 3.31699
      vertex 10.461 26.695 3
    endloop
  endfacet
  facet normal 1 -0 0
    outer loop
      vertex 10.461 17.195 3.31699
      vertex 10.461 26.695 3
      vertex 10.461 20.195 3.31699
    endloop
  endfacet
  facet normal 1 0 0
    outer loop
      vertex 10.461 -2.379 3.31699
      vertex 10.461 17.195 3.31699
      vertex 10.461 -2.379 4.18301
    endloop
  endfacet
  facet normal 1 -0 0
    outer loop
      vertex 10.461 -2.379 3.31699
      vertex 10.461 26.695 3
      vertex 10.461 17.195 3.31699
    endloop
  endfacet
  facet normal 1 0 0
    outer loop
      vertex 10.461 -11.879 3
      vertex 10.461 -2.379 3.31699
      vertex 10.461 -5.379 3.31699
    endloop
  endfacet
  facet normal 1 0 0
    outer loop
      vertex 10.461 -2.379 3.31699
      vertex 10.461 -11.879 3
      vertex 10.461 26.695 3
    endloop
  endfacet
  facet normal 1 0 0
    outer loop
      vertex 10.461 -11.879 3
      vertex 10.461 -5.379 3.31699
      vertex 10.461 -11.879 4.2
    endloop
  endfacet
  facet normal 0 -1 0
    outer loop
      vertex 9.761 -11.879 3
      vertex 10.461 -11.879 4.2
      vertex 9.761 -11.879 4.2
    endloop
  endfacet
  facet normal 0 -1 -0
    outer loop
      vertex 10.461 -11.879 4.2
      vertex 9.761 -11.879 3
      vertex 10.461 -11.879 3
    endloop
  endfacet
  facet normal -0 0 1
    outer loop
      vertex -13.4317 17.195 4.2
      vertex -12.9963 -2.379 4.2
      vertex -12.9963 17.195 4.2
    endloop
  endfacet
  facet normal 0 0 1
    outer loop
      vertex -12.9963 -2.379 4.2
      vertex -13.4317 17.195 4.2
      vertex -13.4317 -2.379 4.2
    endloop
  endfacet
  facet normal 0 0 1
    outer loop
      vertex -12.9963 17.195 4.2
      vertex -12.764 26.695 4.2
      vertex -12.9963 20.195 4.2
    endloop
  endfacet
  facet normal -0 0 1
    outer loop
      vertex -13.464 26.695 4.2
      vertex -12.9963 20.195 4.2
      vertex -12.764 26.695 4.2
    endloop
  endfacet
  facet normal 0 0 0
    outer loop
      vertex -13.4317 20.195 4.2
      vertex -13.4317 -2.379 4.2
      vertex -13.4317 17.195 4.2
    endloop
  endfacet
  facet normal 0 0 0
    outer loop
      vertex -13.4317 20.195 4.2
      vertex -13.4317 -5.379 4.2
      vertex -13.4317 -2.379 4.2
    endloop
  endfacet
  facet normal 0 0 1
    outer loop
      vertex -13.4317 20.195 4.2
      vertex -13.464 26.695 4.2
      vertex -13.4317 -5.379 4.2
    endloop
  endfacet
  facet normal 0 0 1
    outer loop
      vertex -12.9963 20.195 4.2
      vertex -13.464 26.695 4.2
      vertex -13.4317 20.195 4.2
    endloop
  endfacet
  facet normal 0 0 1
    outer loop
      vertex -12.764 26.695 4.2
      vertex -12.9963 17.195 4.2
      vertex -12.764 -9.284 4.2
    endloop
  endfacet
  facet normal -0 0 1
    outer loop
      vertex -12.9963 -2.379 4.2
      vertex -12.764 -9.284 4.2
      vertex -12.9963 17.195 4.2
    endloop
  endfacet
  facet normal -0 0 1
    outer loop
      vertex -12.9963 -5.379 4.2
      vertex -12.764 -9.284 4.2
      vertex -12.9963 -2.379 4.2
    endloop
  endfacet
  facet normal 0 0 1
    outer loop
      vertex -12.9963 -5.379 4.2
      vertex -13 -9.284 4.2
      vertex -12.764 -9.284 4.2
    endloop
  endfacet
  facet normal 0 0 1
    outer loop
      vertex -13.464 -11.879 4.2
      vertex -13 -9.284 4.2
      vertex -13.4317 -5.379 4.2
    endloop
  endfacet
  facet normal -0 0 1
    outer loop
      vertex -13.4317 -5.379 4.2
      vertex -13 -9.284 4.2
      vertex -12.9963 -5.379 4.2
    endloop
  endfacet
  facet normal -0 0 1
    outer loop
      vertex -13 -10.884 4.2
      vertex -12.764 -11.029 4.2
      vertex -12.764 -10.884 4.2
    endloop
  endfacet
  facet normal 0 0 1
    outer loop
      vertex -12.764 -11.029 4.2
      vertex -13 -10.884 4.2
      vertex -12.764 -11.729 4.2
    endloop
  endfacet
  facet normal 0 0 1
    outer loop
      vertex -13.464 -11.879 4.2
      vertex -12.764 -11.729 4.2
      vertex -13 -10.884 4.2
    endloop
  endfacet
  facet normal 0 0 1
    outer loop
      vertex -12.764 -11.729 4.2
      vertex -13.464 -11.879 4.2
      vertex -12.764 -11.879 4.2
    endloop
  endfacet
  facet normal 0 0 1
    outer loop
      vertex -13 -9.284 4.2
      vertex -13.464 -11.879 4.2
      vertex -13 -10.884 4.2
    endloop
  endfacet
  facet normal 0 0 1
    outer loop
      vertex -13.464 -11.879 4.2
      vertex -13.4317 -5.379 4.2
      vertex -13.464 26.695 4.2
    endloop
  endfacet
  facet normal -0 0 1
    outer loop
      vertex -12.764 -11.029 4.2
      vertex 9.761 -11.729 4.2
      vertex 9.761 -11.029 4.2
    endloop
  endfacet
  facet normal 0 0 1
    outer loop
      vertex 9.761 -11.729 4.2
      vertex -12.764 -11.029 4.2
      vertex -12.764 -11.729 4.2
    endloop
  endfacet
  facet normal -0 0 1
    outer loop
      vertex 9.99331 17.195 4.2
      vertex 10.4287 -2.379 4.2
      vertex 10.4287 17.195 4.2
    endloop
  endfacet
  facet normal 0 0 1
    outer loop
      vertex 10.4287 -2.379 4.2
      vertex 9.99331 17.195 4.2
      vertex 9.99331 -2.379 4.2
    endloop
  endfacet
  facet normal 0 0 1
    outer loop
      vertex 10.461 26.695 4.2
      vertex 10.4287 20.195 4.2
      vertex 10.461 -11.879 4.2
    endloop
  endfacet
  facet normal 0 0 1
    outer loop
      vertex 10.461 26.695 4.2
      vertex 9.99331 20.195 4.2
      vertex 10.4287 20.195 4.2
    endloop
  endfacet
  facet normal 0 0 1
    outer loop
      vertex 9.761 26.695 4.2
      vertex 9.99331 17.195 4.2
      vertex 9.99331 20.195 4.2
    endloop
  endfacet
  facet normal 0 0 1
    outer loop
      vertex 9.99331 17.195 4.2
      vertex 9.761 26.695 4.2
      vertex 9.99331 -2.379 4.2
    endloop
  endfacet
  facet normal 0 0 1
    outer loop
      vertex 9.761 -11.029 4.2
      vertex 9.99331 -2.379 4.2
      vertex 9.761 26.695 4.2
    endloop
  endfacet
  facet normal -0 0 1
    outer loop
      vertex 9.761 26.695 4.2
      vertex 9.99331 20.195 4.2
      vertex 10.461 26.695 4.2
    endloop
  endfacet
  facet normal -0 0 1
    outer loop
      vertex 10.4287 17.195 4.2
      vertex 10.461 -11.879 4.2
      vertex 10.4287 20.195 4.2
    endloop
  endfacet
  facet normal -0 0 1
    outer loop
      vertex 10.4287 -2.379 4.2
      vertex 10.461 -11.879 4.2
      vertex 10.4287 17.195 4.2
    endloop
  endfacet
  facet normal -0 0 1
    outer loop
      vertex 10.4287 -5.379 4.2
      vertex 10.461 -11.879 4.2
      vertex 10.4287 -2.379 4.2
    endloop
  endfacet
  facet normal 0 0 1
    outer loop
      vertex 9.761 -11.029 4.2
      vertex 10.4287 -5.379 4.2
      vertex 9.99331 -5.379 4.2
    endloop
  endfacet
  facet normal 0 0 1
    outer loop
      vertex 9.99331 -2.379 4.2
      vertex 9.761 -11.029 4.2
      vertex 9.99331 -5.379 4.2
    endloop
  endfacet
  facet normal 0 0 1
    outer loop
      vertex 10.4287 -5.379 4.2
      vertex 9.761 -11.029 4.2
      vertex 10.461 -11.879 4.2
    endloop
  endfacet
  facet normal -0 0 1
    outer loop
      vertex 9.761 -11.729 4.2
      vertex 10.461 -11.879 4.2
      vertex 9.761 -11.029 4.2
    endloop
  endfacet
  facet normal 0 0 1
    outer loop
      vertex 10.461 -11.879 4.2
      vertex 9.761 -11.729 4.2
      vertex 9.761 -11.879 4.2
    endloop
  endfacet
  facet normal 0 1 -0
    outer loop
      vertex 10.461 26.695 3
      vertex 9.761 26.695 4.2
      vertex 10.461 26.695 4.2
    endloop
  endfacet
  facet normal 0 1 0
    outer loop
      vertex 9.761 26.695 4.2
      vertex 10.461 26.695 3
      vertex 9.761 26.695 3
    endloop
  endfacet
  facet normal -1 0 0
    outer loop
      vertex -13.464 26.695 3
      vertex -13.464 20.195 3.31699
      vertex -13.464 26.695 4.2
    endloop
  endfacet
  facet normal -1 0 0
    outer loop
      vertex -13.464 26.695 3
      vertex -13.464 17.195 3.31699
      vertex -13.464 20.195 3.31699
    endloop
  endfacet
  facet normal -1 0 0
    outer loop
      vertex -13.464 17.195 3.31699
      vertex -13.464 -2.379 3.31699
      vertex -13.464 17.195 4.18301
    endloop
  endfacet
  facet normal -1 0 0
    outer loop
      vertex -13.464 26.695 3
      vertex -13.464 -2.379 3.31699
      vertex -13.464 17.195 3.31699
    endloop
  endfacet
  facet normal -1 0 0
    outer loop
      vertex -13.464 -11.879 3
      vertex -13.464 -2.379 3.31699
      vertex -13.464 26.695 3
    endloop
  endfacet
  facet normal -1 0 0
    outer loop
      vertex -13.464 -11.879 4.2
      vertex -13.464 -5.379 3.31699
      vertex -13.464 -11.879 3
    endloop
  endfacet
  facet normal -1 -0 0
    outer loop
      vertex -13.464 -2.379 3.31699
      vertex -13.464 -11.879 3
      vertex -13.464 -5.379 3.31699
    endloop
  endfacet
  facet normal -1 0 0
    outer loop
      vertex -13.464 20.195 4.18301
      vertex -13.464 26.695 4.2
      vertex -13.464 20.195 3.31699
    endloop
  endfacet
  facet normal -1 0 0
    outer loop
      vertex -13.464 17.195 4.18301
      vertex -13.464 26.695 4.2
      vertex -13.464 20.195 4.18301
    endloop
  endfacet
  facet normal -1 0 0
    outer loop
      vertex -13.464 -2.379 4.18301
      vertex -13.464 17.195 4.18301
      vertex -13.464 -2.379 3.31699
    endloop
  endfacet
  facet normal -1 0 0
    outer loop
      vertex -13.464 -2.379 4.18301
      vertex -13.464 26.695 4.2
      vertex -13.464 17.195 4.18301
    endloop
  endfacet
  facet normal -1 0 0
    outer loop
      vertex -13.464 -5.379 4.18301
      vertex -13.464 26.695 4.2
      vertex -13.464 -2.379 4.18301
    endloop
  endfacet
  facet normal -1 0 0
    outer loop
      vertex -13.464 -5.379 4.18301
      vertex -13.464 -11.879 4.2
      vertex -13.464 26.695 4.2
    endloop
  endfacet
  facet normal -1 0 0
    outer loop
      vertex -13.464 -5.379 3.31699
      vertex -13.464 -11.879 4.2
      vertex -13.464 -5.379 4.18301
    endloop
  endfacet
  facet normal 1 -0 0
    outer loop
      vertex -12.764 -11.029 4.2
      vertex -12.764 -10.884 3
      vertex -12.764 -10.884 4.2
    endloop
  endfacet
  facet normal 1 0 0
    outer loop
      vertex -12.764 -10.884 3
      vertex -12.764 -11.029 4.2
      vertex -12.764 -11.029 3
    endloop
  endfacet
  facet normal 1 -0 0
    outer loop
      vertex -12.764 -11.879 4.2
      vertex -12.764 -11.729 3
      vertex -12.764 -11.729 4.2
    endloop
  endfacet
  facet normal 1 0 0
    outer loop
      vertex -12.764 -11.729 3
      vertex -12.764 -11.879 4.2
      vertex -12.764 -11.879 3
    endloop
  endfacet
  facet normal 1 0 0
    outer loop
      vertex -12.764 20.195 3.53231
      vertex -12.764 26.695 4.2
      vertex -12.764 20.195 3.96769
    endloop
  endfacet
  facet normal 1 0 0
    outer loop
      vertex -12.764 26.695 4.2
      vertex -12.764 17.195 3.96769
      vertex -12.764 20.195 3.96769
    endloop
  endfacet
  facet normal 1 0 0
    outer loop
      vertex -12.764 17.195 3.96769
      vertex -12.764 -2.379 3.96769
      vertex -12.764 17.195 3.53231
    endloop
  endfacet
  facet normal 1 0 0
    outer loop
      vertex -12.764 26.695 4.2
      vertex -12.764 -2.379 3.96769
      vertex -12.764 17.195 3.96769
    endloop
  endfacet
  facet normal 1 -0 0
    outer loop
      vertex -12.764 -9.284 4.2
      vertex -12.764 -2.379 3.96769
      vertex -12.764 26.695 4.2
    endloop
  endfacet
  facet normal 1 0 0
    outer loop
      vertex -12.764 -5.379 3.96769
      vertex -12.764 -9.284 4.2
      vertex -12.764 -5.379 3.53231
    endloop
  endfacet
  facet normal 1 0 0
    outer loop
      vertex -12.764 -2.379 3.96769
      vertex -12.764 -9.284 4.2
      vertex -12.764 -5.379 3.96769
    endloop
  endfacet
  facet normal 1 0 0
    outer loop
      vertex -12.764 26.695 4.2
      vertex -12.764 20.195 3.53231
      vertex -12.764 26.695 3
    endloop
  endfacet
  facet normal 1 -0 0
    outer loop
      vertex -12.764 17.195 3.53231
      vertex -12.764 26.695 3
      vertex -12.764 20.195 3.53231
    endloop
  endfacet
  facet normal 1 0 0
    outer loop
      vertex -12.764 -2.379 3.53231
      vertex -12.764 17.195 3.53231
      vertex -12.764 -2.379 3.96769
    endloop
  endfacet
  facet normal 1 0 0
    outer loop
      vertex -12.764 -9.284 3
      vertex -12.764 17.195 3.53231
      vertex -12.764 -2.379 3.53231
    endloop
  endfacet
  facet normal 1 0 0
    outer loop
      vertex -12.764 -9.284 3
      vertex -12.764 -2.379 3.53231
      vertex -12.764 -5.379 3.53231
    endloop
  endfacet
  facet normal 1 0 0
    outer loop
      vertex -12.764 17.195 3.53231
      vertex -12.764 -9.284 3
      vertex -12.764 26.695 3
    endloop
  endfacet
  facet normal 1 0 0
    outer loop
      vertex -12.764 -9.284 3
      vertex -12.764 -5.379 3.53231
      vertex -12.764 -9.284 4.2
    endloop
  endfacet
  facet normal 0 1 -0
    outer loop
      vertex -12.764 26.695 3
      vertex -13.464 26.695 4.2
      vertex -12.764 26.695 4.2
    endloop
  endfacet
  facet normal 0 1 0
    outer loop
      vertex -13.464 26.695 4.2
      vertex -12.764 26.695 3
      vertex -13.464 26.695 3
    endloop
  endfacet
  facet normal 0 -1 0
    outer loop
      vertex -13.464 -11.879 3
      vertex -12.764 -11.879 4.2
      vertex -13.464 -11.879 4.2
    endloop
  endfacet
  facet normal 0 -1 -0
    outer loop
      vertex -12.764 -11.879 4.2
      vertex -13.464 -11.879 3
      vertex -12.764 -11.879 3
    endloop
  endfacet
  facet normal 0 1 -0
    outer loop
      vertex 9.761 -11.029 3
      vertex -12.764 -11.029 4.2
      vertex 9.761 -11.029 4.2
    endloop
  endfacet
  facet normal 0 1 0
    outer loop
      vertex -12.764 -11.029 4.2
      vertex 9.761 -11.029 3
      vertex -12.764 -11.029 3
    endloop
  endfacet
  facet normal 0 -1 0
    outer loop
      vertex -12.764 -11.729 3
      vertex 9.761 -11.729 4.2
      vertex -12.764 -11.729 4.2
    endloop
  endfacet
  facet normal 0 -1 -0
    outer loop
      vertex 9.761 -11.729 4.2
      vertex -12.764 -11.729 3
      vertex 9.761 -11.729 3
    endloop
  endfacet
  facet normal -0.644259 -0.29189 0.706916
    outer loop
      vertex 9.17634 2.18877 2.98
      vertex 9.11828 2.31692 2.98
      vertex 8.06769 1.72955 1.78
    endloop
  endfacet
  facet normal 1 -0 0
    outer loop
      vertex 5.04 -3.184 3
      vertex 5.04 1.366 2.98
      vertex 5.04 1.366 3
    endloop
  endfacet
  facet normal 1 0 0
    outer loop
      vertex 5.04 1.366 2.98
      vertex 5.04 -3.184 3
      vertex 5.04 -3.184 2.98
    endloop
  endfacet
  facet normal -1 0 0
    outer loop
      vertex 9.34 -3.184 2.98
      vertex 9.34 1.366 3
      vertex 9.34 1.366 2.98
    endloop
  endfacet
  facet normal -1 -0 0
    outer loop
      vertex 9.34 1.366 3
      vertex 9.34 -3.184 2.98
      vertex 9.34 -3.184 3
    endloop
  endfacet
  facet normal 0.706918 -0.0231249 0.706918
    outer loop
      vertex 6.24 1.366 1.78
      vertex 5.0446 1.50662 2.98
      vertex 5.04 1.366 2.98
    endloop
  endfacet
  facet normal 0.688809 0.160654 0.706918
    outer loop
      vertex 6.27237 -3.42988 1.78
      vertex 6.25825 -3.36934 1.78
      vertex 5.11326 -3.74046 2.98
    endloop
  endfacet
  facet normal 0.661993 0.249072 0.706915
    outer loop
      vertex 6.31231 -3.54755 1.78
      vertex 6.29042 -3.48937 1.78
      vertex 5.20366 -4.00677 2.98
    endloop
  endfacet
  facet normal 0.373474 0.600655 0.706917
    outer loop
      vertex 6.115 -5.04595 2.98
      vertex 6.66221 -3.9739 1.78
      vertex 5.99552 -4.97166 2.98
    endloop
  endfacet
  facet normal -0.812844 0.582481 0
    outer loop
      vertex 8.89571 -4.49284 2.98
      vertex 8.97766 -4.37848 3
      vertex 8.97766 -4.37848 2.98
    endloop
  endfacet
  facet normal -0.812844 0.582481 0
    outer loop
      vertex 8.97766 -4.37848 3
      vertex 8.89571 -4.49284 2.98
      vertex 8.89571 -4.49284 3
    endloop
  endfacet
  facet normal -0.661988 -0.24907 0.70692
    outer loop
      vertex 8.08958 1.67137 1.78
      vertex 9.2259 2.0571 2.98
      vertex 8.06769 1.72955 1.78
    endloop
  endfacet
  facet normal -0.634398 -0.773006 0
    outer loop
      vertex 8.49884 3.07171 2.98
      vertex 8.60759 2.98246 3
      vertex 8.49884 3.07171 3
    endloop
  endfacet
  facet normal -0.634398 -0.773006 -0
    outer loop
      vertex 8.60759 2.98246 3
      vertex 8.49884 3.07171 2.98
      vertex 8.60759 2.98246 2.98
    endloop
  endfacet
  facet normal 0.574919 -0.41199 0.706917
    outer loop
      vertex 6.4001 1.89379 1.78
      vertex 6.43631 1.94432 1.78
      vertex 5.40234 2.56048 2.98
    endloop
  endfacet
  facet normal 0.703888 -0.0693281 0.706919
    outer loop
      vertex 6.24813 1.49 1.78
      vertex 5.05839 1.64663 2.98
      vertex 5.0446 1.50662 2.98
    endloop
  endfacet
  facet normal 0.956939 0.290288 0
    outer loop
      vertex 5.1541 -3.87509 3
      vertex 5.11326 -3.74046 2.98
      vertex 5.11326 -3.74046 3
    endloop
  endfacet
  facet normal 0.956939 0.290288 0
    outer loop
      vertex 5.11326 -3.74046 2.98
      vertex 5.1541 -3.87509 3
      vertex 5.1541 -3.87509 2.98
    endloop
  endfacet
  facet normal 0.986641 0.162912 0
    outer loop
      vertex 5.08131 -3.60344 3
      vertex 5.05839 -3.46463 2.98
      vertex 5.05839 -3.46463 3
    endloop
  endfacet
  facet normal 0.986641 0.162912 0
    outer loop
      vertex 5.05839 -3.46463 2.98
      vertex 5.08131 -3.60344 3
      vertex 5.08131 -3.60344 2.98
    endloop
  endfacet
  facet normal 0.706918 0.0231249 0.706918
    outer loop
      vertex 5.0446 -3.32462 2.98
      vertex 6.24 -3.184 1.78
      vertex 5.04 -3.184 2.98
    endloop
  endfacet
  facet normal 0.411989 0.574919 0.706918
    outer loop
      vertex 6.66221 -3.9739 1.78
      vertex 6.61168 -3.93769 1.78
      vertex 5.88116 -4.88971 2.98
    endloop
  endfacet
  facet normal 0.373443 0.600672 0.706918
    outer loop
      vertex 6.715 -4.00672 1.78
      vertex 6.66221 -3.9739 1.78
      vertex 6.115 -5.04595 2.98
    endloop
  endfacet
  facet normal 0.249158 0.661959 0.706916
    outer loop
      vertex 6.4989 -5.2199 2.98
      vertex 6.82645 -4.06169 1.78
      vertex 6.36723 -5.17034 2.98
    endloop
  endfacet
  facet normal 0.115135 0.697865 0.706915
    outer loop
      vertex 7.066 -4.12587 1.78
      vertex 7.00466 -4.11575 1.78
      vertex 6.77056 -5.29269 2.98
    endloop
  endfacet
  facet normal 0.162912 0.986641 -0
    outer loop
      vertex 6.90937 -5.31561 2.98
      vertex 6.77056 -5.29269 3
      vertex 6.90937 -5.31561 3
    endloop
  endfacet
  facet normal 0.162912 0.986641 0
    outer loop
      vertex 6.77056 -5.29269 3
      vertex 6.90937 -5.31561 2.98
      vertex 6.77056 -5.29269 2.98
    endloop
  endfacet
  facet normal 0.411987 0.574921 0.706917
    outer loop
      vertex 5.99552 -4.97166 2.98
      vertex 6.66221 -3.9739 1.78
      vertex 5.88116 -4.88971 2.98
    endloop
  endfacet
  facet normal 0.582481 0.812844 -0
    outer loop
      vertex 5.99552 -4.97166 2.98
      vertex 5.88116 -4.88971 3
      vertex 5.99552 -4.97166 3
    endloop
  endfacet
  facet normal 0.582481 0.812844 0
    outer loop
      vertex 5.88116 -4.88971 3
      vertex 5.99552 -4.97166 2.98
      vertex 5.88116 -4.88971 2.98
    endloop
  endfacet
  facet normal -0.688818 0.160617 0.706917
    outer loop
      vertex 9.26674 -3.74046 2.98
      vertex 9.29869 -3.60344 2.98
      vertex 8.10763 -3.42988 1.78
    endloop
  endfacet
  facet normal -0.697865 -0.115135 0.706915
    outer loop
      vertex 8.13187 1.49 1.78
      vertex 9.29869 1.78544 2.98
      vertex 8.12175 1.55134 1.78
    endloop
  endfacet
  facet normal -0.448692 -0.546758 0.706917
    outer loop
      vertex 7.81638 2.08025 1.78
      vertex 8.60759 2.98246 2.98
      vertex 7.76832 2.11969 1.78
    endloop
  endfacet
  facet normal 0.703884 -0.0693987 0.706916
    outer loop
      vertex 6.24203 1.42813 1.78
      vertex 6.24813 1.49 1.78
      vertex 5.0446 1.50662 2.98
    endloop
  endfacet
  facet normal 0.676829 0.205358 0.706916
    outer loop
      vertex 6.29042 -3.48937 1.78
      vertex 6.27237 -3.42988 1.78
      vertex 5.11326 -3.74046 2.98
    endloop
  endfacet
  facet normal 0.676839 0.205319 0.706918
    outer loop
      vertex 5.1541 -3.87509 2.98
      vertex 6.29042 -3.48937 1.78
      vertex 5.11326 -3.74046 2.98
    endloop
  endfacet
  facet normal 0.935908 0.352245 0
    outer loop
      vertex 5.20366 -4.00677 3
      vertex 5.1541 -3.87509 2.98
      vertex 5.1541 -3.87509 3
    endloop
  endfacet
  facet normal 0.935908 0.352245 0
    outer loop
      vertex 5.1541 -3.87509 2.98
      vertex 5.20366 -4.00677 3
      vertex 5.20366 -4.00677 2.98
    endloop
  endfacet
  facet normal 0.574921 0.411987 0.706918
    outer loop
      vertex 5.48429 -4.49284 2.98
      vertex 6.43631 -3.76232 1.78
      vertex 5.40234 -4.37848 2.98
    endloop
  endfacet
  facet normal 0.973875 0.227086 0
    outer loop
      vertex 5.11326 -3.74046 3
      vertex 5.08131 -3.60344 2.98
      vertex 5.08131 -3.60344 3
    endloop
  endfacet
  facet normal 0.973875 0.227086 0
    outer loop
      vertex 5.08131 -3.60344 2.98
      vertex 5.11326 -3.74046 3
      vertex 5.11326 -3.74046 2.98
    endloop
  endfacet
  facet normal 0.703888 0.0693281 0.706919
    outer loop
      vertex 5.05839 -3.46463 2.98
      vertex 6.24813 -3.308 1.78
      vertex 5.0446 -3.32462 2.98
    endloop
  endfacet
  facet normal 0.688819 0.160617 0.706916
    outer loop
      vertex 5.11326 -3.74046 2.98
      vertex 6.25825 -3.36934 1.78
      vertex 5.08131 -3.60344 2.98
    endloop
  endfacet
  facet normal 0.999465 0.0326948 0
    outer loop
      vertex 5.0446 -3.32462 3
      vertex 5.04 -3.184 2.98
      vertex 5.04 -3.184 3
    endloop
  endfacet
  facet normal 0.999465 0.0326948 0
    outer loop
      vertex 5.04 -3.184 2.98
      vertex 5.0446 -3.32462 3
      vertex 5.0446 -3.32462 2.98
    endloop
  endfacet
  facet normal 0.205305 0.676844 0.706917
    outer loop
      vertex 6.63354 -5.26074 2.98
      vertex 6.94412 -4.10163 1.78
      vertex 6.4989 -5.2199 2.98
    endloop
  endfacet
  facet normal 0.47144 0.881898 -0
    outer loop
      vertex 6.23908 -5.11228 2.98
      vertex 6.115 -5.04595 3
      vertex 6.23908 -5.11228 3
    endloop
  endfacet
  facet normal 0.47144 0.881898 0
    outer loop
      vertex 6.115 -5.04595 3
      vertex 6.23908 -5.11228 2.98
      vertex 6.115 -5.04595 2.98
    endloop
  endfacet
  facet normal 0.412683 0.910875 -0
    outer loop
      vertex 6.36723 -5.17034 2.98
      vertex 6.23908 -5.11228 3
      vertex 6.36723 -5.17034 3
    endloop
  endfacet
  facet normal 0.412683 0.910875 0
    outer loop
      vertex 6.23908 -5.11228 3
      vertex 6.36723 -5.17034 2.98
      vertex 6.23908 -5.11228 2.98
    endloop
  endfacet
  facet normal 0.29189 0.644259 0.706916
    outer loop
      vertex 6.36723 -5.17034 2.98
      vertex 6.82645 -4.06169 1.78
      vertex 6.23908 -5.11228 2.98
    endloop
  endfacet
  facet normal 0.546744 0.448707 0.706918
    outer loop
      vertex 5.57354 -4.60159 2.98
      vertex 6.43631 -3.76232 1.78
      vertex 5.48429 -4.49284 2.98
    endloop
  endfacet
  facet normal 0.634398 0.773006 -0
    outer loop
      vertex 5.88116 -4.88971 2.98
      vertex 5.77241 -4.80046 3
      vertex 5.88116 -4.88971 3
    endloop
  endfacet
  facet normal 0.634398 0.773006 0
    outer loop
      vertex 5.77241 -4.80046 3
      vertex 5.88116 -4.88971 2.98
      vertex 5.77241 -4.80046 2.98
    endloop
  endfacet
  facet normal 0.546758 0.448692 0.706917
    outer loop
      vertex 6.47575 -3.81038 1.78
      vertex 6.43631 -3.76232 1.78
      vertex 5.57354 -4.60159 2.98
    endloop
  endfacet
  facet normal 0.729863 0.683594 0
    outer loop
      vertex 5.66972 -4.70428 3
      vertex 5.57354 -4.60159 2.98
      vertex 5.57354 -4.60159 3
    endloop
  endfacet
  facet normal 0.729863 0.683594 0
    outer loop
      vertex 5.57354 -4.60159 2.98
      vertex 5.66972 -4.70428 3
      vertex 5.66972 -4.70428 2.98
    endloop
  endfacet
  facet normal -0.249071 0.661989 0.706919
    outer loop
      vertex 7.88109 -5.2199 2.98
      vertex 7.55355 -4.06169 1.78
      vertex 7.49537 -4.08358 1.78
    endloop
  endfacet
  facet normal -0.0231249 0.706918 0.706918
    outer loop
      vertex 7.19 -5.334 2.98
      vertex 7.33062 -5.3294 2.98
      vertex 7.19 -4.134 1.78
    endloop
  endfacet
  facet normal -0.546757 0.448691 0.706918
    outer loop
      vertex 8.89571 -4.49284 2.98
      vertex 7.94369 -3.76232 1.78
      vertex 7.90425 -3.81038 1.78
    endloop
  endfacet
  facet normal -0.623766 0.333441 0.706918
    outer loop
      vertex 9.11828 -4.13492 2.98
      vertex 8.04203 -3.60417 1.78
      vertex 8.01272 -3.659 1.78
    endloop
  endfacet
  facet normal -0.160617 0.688819 0.706916
    outer loop
      vertex 7.60944 -5.29269 2.98
      vertex 7.74646 -5.26074 2.98
      vertex 7.37534 -4.11575 1.78
    endloop
  endfacet
  facet normal -0.661959 -0.249158 0.706916
    outer loop
      vertex 9.2259 2.0571 2.98
      vertex 9.17634 2.18877 2.98
      vertex 8.06769 1.72955 1.78
    endloop
  endfacet
  facet normal -0.703888 0.0693281 0.706919
    outer loop
      vertex 9.32161 -3.46463 2.98
      vertex 9.3354 -3.32462 2.98
      vertex 8.13187 -3.308 1.78
    endloop
  endfacet
  facet normal -0.849226 -0.52803 0
    outer loop
      vertex 9.05195 2.441 2.98
      vertex 8.97766 2.56048 3
      vertex 8.97766 2.56048 2.98
    endloop
  endfacet
  facet normal -0.849226 -0.52803 0
    outer loop
      vertex 8.97766 2.56048 3
      vertex 9.05195 2.441 2.98
      vertex 9.05195 2.441 3
    endloop
  endfacet
  facet normal -0.600674 -0.373444 0.706916
    outer loop
      vertex 8.01272 1.841 1.78
      vertex 8.97766 2.56048 2.98
      vertex 7.9799 1.89379 1.78
    endloop
  endfacet
  facet normal -0.249141 -0.661964 0.706918
    outer loop
      vertex 8.01277 3.35234 2.98
      vertex 7.88109 3.4019 2.98
      vertex 7.49537 2.26558 1.78
    endloop
  endfacet
  facet normal 0.0231249 -0.706918 0.706917
    outer loop
      vertex 7.12787 2.31397 1.78
      vertex 7.19 3.516 2.98
      vertex 7.04938 3.5114 2.98
    endloop
  endfacet
  facet normal -0.373473 -0.600654 0.706918
    outer loop
      vertex 8.38448 3.15366 2.98
      vertex 8.265 3.22795 2.98
      vertex 7.665 2.18872 1.78
    endloop
  endfacet
  facet normal 0.0230974 -0.706918 0.706918
    outer loop
      vertex 7.19 2.316 1.78
      vertex 7.19 3.516 2.98
      vertex 7.12787 2.31397 1.78
    endloop
  endfacet
  facet normal 0.634398 -0.773006 0
    outer loop
      vertex 5.77241 2.98246 2.98
      vertex 5.88116 3.07171 3
      vertex 5.77241 2.98246 3
    endloop
  endfacet
  facet normal 0.634398 -0.773006 0
    outer loop
      vertex 5.88116 3.07171 3
      vertex 5.77241 2.98246 2.98
      vertex 5.88116 3.07171 2.98
    endloop
  endfacet
  facet normal 0.956945 -0.290268 0
    outer loop
      vertex 5.11326 1.92246 3
      vertex 5.1541 2.0571 2.98
      vertex 5.1541 2.0571 3
    endloop
  endfacet
  facet normal 0.956945 -0.290268 0
    outer loop
      vertex 5.1541 2.0571 2.98
      vertex 5.11326 1.92246 3
      vertex 5.11326 1.92246 2.98
    endloop
  endfacet
  facet normal 0.707107 -0 0.707107
    outer loop
      vertex 5.04 -3.184 2.98
      vertex 6.24 1.366 1.78
      vertex 5.04 1.366 2.98
    endloop
  endfacet
  facet normal 0.707107 0 0.707107
    outer loop
      vertex 6.24 1.366 1.78
      vertex 5.04 -3.184 2.98
      vertex 6.24 -3.184 1.78
    endloop
  endfacet
  facet normal 0.697848 0.115227 0.706917
    outer loop
      vertex 5.08131 -3.60344 2.98
      vertex 6.25825 -3.36934 1.78
      vertex 5.05839 -3.46463 2.98
    endloop
  endfacet
  facet normal 0.812844 0.582481 0
    outer loop
      vertex 5.48429 -4.49284 3
      vertex 5.40234 -4.37848 2.98
      vertex 5.40234 -4.37848 3
    endloop
  endfacet
  facet normal 0.812844 0.582481 0
    outer loop
      vertex 5.40234 -4.37848 2.98
      vertex 5.48429 -4.49284 3
      vertex 5.48429 -4.49284 2.98
    endloop
  endfacet
  facet normal 0.661964 0.249141 0.706918
    outer loop
      vertex 5.20366 -4.00677 2.98
      vertex 6.29042 -3.48937 1.78
      vertex 5.1541 -3.87509 2.98
    endloop
  endfacet
  facet normal 0.600674 0.373444 0.706916
    outer loop
      vertex 6.4001 -3.71179 1.78
      vertex 6.36728 -3.659 1.78
      vertex 5.40234 -4.37848 2.98
    endloop
  endfacet
  facet normal 0.60063 0.373508 0.70692
    outer loop
      vertex 5.40234 -4.37848 2.98
      vertex 6.36728 -3.659 1.78
      vertex 5.32804 -4.259 2.98
    endloop
  endfacet
  facet normal 0.995185 0.0980187 0
    outer loop
      vertex 5.05839 -3.46463 3
      vertex 5.0446 -3.32462 2.98
      vertex 5.0446 -3.32462 3
    endloop
  endfacet
  facet normal 0.995185 0.0980187 0
    outer loop
      vertex 5.0446 -3.32462 2.98
      vertex 5.05839 -3.46463 3
      vertex 5.05839 -3.46463 2.98
    endloop
  endfacet
  facet normal 0.52803 0.849226 -0
    outer loop
      vertex 6.115 -5.04595 2.98
      vertex 5.99552 -4.97166 3
      vertex 6.115 -5.04595 3
    endloop
  endfacet
  facet normal 0.52803 0.849226 0
    outer loop
      vertex 5.99552 -4.97166 3
      vertex 6.115 -5.04595 2.98
      vertex 5.99552 -4.97166 2.98
    endloop
  endfacet
  facet normal 0.0326948 0.999465 -0
    outer loop
      vertex 7.19 -5.334 2.98
      vertex 7.04938 -5.3294 3
      vertex 7.19 -5.334 3
    endloop
  endfacet
  facet normal 0.0326948 0.999465 0
    outer loop
      vertex 7.04938 -5.3294 3
      vertex 7.19 -5.334 2.98
      vertex 7.04938 -5.3294 2.98
    endloop
  endfacet
  facet normal 0.227086 0.973875 -0
    outer loop
      vertex 6.77056 -5.29269 2.98
      vertex 6.63354 -5.26074 3
      vertex 6.77056 -5.29269 3
    endloop
  endfacet
  facet normal 0.227086 0.973875 0
    outer loop
      vertex 6.63354 -5.26074 3
      vertex 6.77056 -5.29269 2.98
      vertex 6.63354 -5.26074 2.98
    endloop
  endfacet
  facet normal 0.160617 0.688819 0.706916
    outer loop
      vertex 6.77056 -5.29269 2.98
      vertex 7.00466 -4.11575 1.78
      vertex 6.63354 -5.26074 2.98
    endloop
  endfacet
  facet normal 0.333488 0.62374 0.706919
    outer loop
      vertex 6.76982 -4.03603 1.78
      vertex 6.715 -4.00672 1.78
      vertex 6.115 -5.04595 2.98
    endloop
  endfacet
  facet normal 0.290268 0.956945 -0
    outer loop
      vertex 6.63354 -5.26074 2.98
      vertex 6.4989 -5.2199 3
      vertex 6.63354 -5.26074 3
    endloop
  endfacet
  facet normal 0.290268 0.956945 0
    outer loop
      vertex 6.4989 -5.2199 3
      vertex 6.63354 -5.26074 2.98
      vertex 6.4989 -5.2199 2.98
    endloop
  endfacet
  facet normal 0.115227 0.697846 0.706919
    outer loop
      vertex 6.90937 -5.31561 2.98
      vertex 7.066 -4.12587 1.78
      vertex 6.77056 -5.29269 2.98
    endloop
  endfacet
  facet normal 0.0230975 0.70692 0.706917
    outer loop
      vertex 7.19 -4.134 1.78
      vertex 7.12787 -4.13197 1.78
      vertex 7.04938 -5.3294 2.98
    endloop
  endfacet
  facet normal 0.0693987 0.703884 0.706916
    outer loop
      vertex 7.12787 -4.13197 1.78
      vertex 7.066 -4.12587 1.78
      vertex 7.04938 -5.3294 2.98
    endloop
  endfacet
  facet normal 0.773006 0.634398 0
    outer loop
      vertex 5.57354 -4.60159 3
      vertex 5.48429 -4.49284 2.98
      vertex 5.48429 -4.49284 3
    endloop
  endfacet
  facet normal 0.773006 0.634398 0
    outer loop
      vertex 5.48429 -4.49284 2.98
      vertex 5.57354 -4.60159 3
      vertex 5.57354 -4.60159 2.98
    endloop
  endfacet
  facet normal 0.448691 0.546757 0.706918
    outer loop
      vertex 6.61168 -3.93769 1.78
      vertex 6.56362 -3.89825 1.78
      vertex 5.88116 -4.88971 2.98
    endloop
  endfacet
  facet normal 0.516229 0.483502 0.706918
    outer loop
      vertex 5.66972 -4.70428 2.98
      vertex 6.51825 -3.85575 1.78
      vertex 5.57354 -4.60159 2.98
    endloop
  endfacet
  facet normal 0.448708 0.546745 0.706917
    outer loop
      vertex 5.88116 -4.88971 2.98
      vertex 6.56362 -3.89825 1.78
      vertex 5.77241 -4.80046 2.98
    endloop
  endfacet
  facet normal 0.0231249 0.706918 0.706918
    outer loop
      vertex 7.19 -5.334 2.98
      vertex 7.19 -4.134 1.78
      vertex 7.04938 -5.3294 2.98
    endloop
  endfacet
  facet normal -0.115227 0.697846 0.706919
    outer loop
      vertex 7.47063 -5.31561 2.98
      vertex 7.60944 -5.29269 2.98
      vertex 7.314 -4.12587 1.78
    endloop
  endfacet
  facet normal -0.160654 0.688809 0.706918
    outer loop
      vertex 7.74646 -5.26074 2.98
      vertex 7.43588 -4.10163 1.78
      vertex 7.37534 -4.11575 1.78
    endloop
  endfacet
  facet normal -0.205358 0.676827 0.706919
    outer loop
      vertex 7.88109 -5.2199 2.98
      vertex 7.49537 -4.08358 1.78
      vertex 7.43588 -4.10163 1.78
    endloop
  endfacet
  facet normal -0.373443 0.600672 0.706918
    outer loop
      vertex 8.265 -5.04595 2.98
      vertex 7.71779 -3.9739 1.78
      vertex 7.665 -4.00672 1.78
    endloop
  endfacet
  facet normal -0.574919 0.41199 0.706917
    outer loop
      vertex 8.97766 -4.37848 2.98
      vertex 7.9799 -3.71179 1.78
      vertex 7.94369 -3.76232 1.78
    endloop
  endfacet
  facet normal -0.661965 0.249142 0.706916
    outer loop
      vertex 9.17634 -4.00677 2.98
      vertex 9.2259 -3.87509 2.98
      vertex 8.06769 -3.54755 1.78
    endloop
  endfacet
  facet normal -0.706918 0.0231249 0.706918
    outer loop
      vertex 9.3354 -3.32462 2.98
      vertex 9.34 -3.184 2.98
      vertex 8.14 -3.184 1.78
    endloop
  endfacet
  facet normal -0.999465 0.0326948 0
    outer loop
      vertex 9.3354 -3.32462 2.98
      vertex 9.34 -3.184 3
      vertex 9.34 -3.184 2.98
    endloop
  endfacet
  facet normal -0.999465 0.0326948 0
    outer loop
      vertex 9.34 -3.184 3
      vertex 9.3354 -3.32462 2.98
      vertex 9.3354 -3.32462 3
    endloop
  endfacet
  facet normal -0.697846 0.115227 0.706919
    outer loop
      vertex 9.29869 -3.60344 2.98
      vertex 9.32161 -3.46463 2.98
      vertex 8.13187 -3.308 1.78
    endloop
  endfacet
  facet normal -0.70692 0.0230975 0.706917
    outer loop
      vertex 9.3354 -3.32462 2.98
      vertex 8.14 -3.184 1.78
      vertex 8.13797 -3.24613 1.78
    endloop
  endfacet
  facet normal -0.706918 -0.0231249 0.706918
    outer loop
      vertex 9.34 1.366 2.98
      vertex 9.3354 1.50662 2.98
      vertex 8.14 1.366 1.78
    endloop
  endfacet
  facet normal -0.707107 0 0.707107
    outer loop
      vertex 8.14 -3.184 1.78
      vertex 9.34 1.366 2.98
      vertex 8.14 1.366 1.78
    endloop
  endfacet
  facet normal -0.707107 0 0.707107
    outer loop
      vertex 9.34 1.366 2.98
      vertex 8.14 -3.184 1.78
      vertex 9.34 -3.184 2.98
    endloop
  endfacet
  facet normal -0.703884 -0.0693987 0.706916
    outer loop
      vertex 8.13797 1.42813 1.78
      vertex 9.3354 1.50662 2.98
      vertex 8.13187 1.49 1.78
    endloop
  endfacet
  facet normal -0.935899 -0.352268 0
    outer loop
      vertex 9.2259 2.0571 2.98
      vertex 9.17634 2.18877 3
      vertex 9.17634 2.18877 2.98
    endloop
  endfacet
  facet normal -0.935899 -0.352268 0
    outer loop
      vertex 9.17634 2.18877 3
      vertex 9.2259 2.0571 2.98
      vertex 9.2259 2.0571 3
    endloop
  endfacet
  facet normal -0.956945 -0.290268 0
    outer loop
      vertex 9.26674 1.92246 2.98
      vertex 9.2259 2.0571 3
      vertex 9.2259 2.0571 2.98
    endloop
  endfacet
  facet normal -0.956945 -0.290268 0
    outer loop
      vertex 9.2259 2.0571 3
      vertex 9.26674 1.92246 2.98
      vertex 9.26674 1.92246 3
    endloop
  endfacet
  facet normal -0.574921 -0.411987 0.706918
    outer loop
      vertex 8.97766 2.56048 2.98
      vertex 8.89571 2.67484 2.98
      vertex 7.94369 1.94432 1.78
    endloop
  endfacet
  facet normal -0.483502 -0.516229 0.706918
    outer loop
      vertex 8.71028 2.88628 2.98
      vertex 8.60759 2.98246 2.98
      vertex 7.86175 2.03775 1.78
    endloop
  endfacet
  facet normal -0.291889 -0.644257 0.706918
    outer loop
      vertex 8.14092 3.29428 2.98
      vertex 8.01277 3.35234 2.98
      vertex 7.61017 2.21803 1.78
    endloop
  endfacet
  facet normal -0.115134 -0.697859 0.70692
    outer loop
      vertex 7.37534 2.29775 1.78
      vertex 7.47063 3.49761 2.98
      vertex 7.314 2.30787 1.78
    endloop
  endfacet
  facet normal -0.352245 -0.935908 0
    outer loop
      vertex 7.88109 3.4019 2.98
      vertex 8.01277 3.35234 3
      vertex 7.88109 3.4019 3
    endloop
  endfacet
  facet normal -0.352245 -0.935908 -0
    outer loop
      vertex 8.01277 3.35234 3
      vertex 7.88109 3.4019 2.98
      vertex 8.01277 3.35234 2.98
    endloop
  endfacet
  facet normal -0.412683 -0.910875 0
    outer loop
      vertex 8.01277 3.35234 2.98
      vertex 8.14092 3.29428 3
      vertex 8.01277 3.35234 3
    endloop
  endfacet
  facet normal -0.412683 -0.910875 -0
    outer loop
      vertex 8.14092 3.29428 3
      vertex 8.01277 3.35234 2.98
      vertex 8.14092 3.29428 2.98
    endloop
  endfacet
  facet normal 0.812844 -0.582481 0
    outer loop
      vertex 5.40234 2.56048 3
      vertex 5.48429 2.67484 2.98
      vertex 5.48429 2.67484 3
    endloop
  endfacet
  facet normal 0.812844 -0.582481 0
    outer loop
      vertex 5.48429 2.67484 2.98
      vertex 5.40234 2.56048 3
      vertex 5.40234 2.56048 2.98
    endloop
  endfacet
  facet normal 0.60063 -0.373508 0.70692
    outer loop
      vertex 6.36728 1.841 1.78
      vertex 5.40234 2.56048 2.98
      vertex 5.32804 2.441 2.98
    endloop
  endfacet
  facet normal 0.0980187 -0.995185 0
    outer loop
      vertex 6.90937 3.49761 2.98
      vertex 7.04938 3.5114 3
      vertex 6.90937 3.49761 3
    endloop
  endfacet
  facet normal 0.0980187 -0.995185 0
    outer loop
      vertex 7.04938 3.5114 3
      vertex 6.90937 3.49761 2.98
      vertex 7.04938 3.5114 2.98
    endloop
  endfacet
  facet normal 0.70692 -0.0230975 0.706917
    outer loop
      vertex 6.24 1.366 1.78
      vertex 6.24203 1.42813 1.78
      vertex 5.0446 1.50662 2.98
    endloop
  endfacet
  facet normal 0.661957 -0.249158 0.706919
    outer loop
      vertex 6.29042 1.67137 1.78
      vertex 5.20366 2.18877 2.98
      vertex 5.1541 2.0571 2.98
    endloop
  endfacet
  facet normal 0.448707 -0.546744 0.706918
    outer loop
      vertex 6.61168 2.11969 1.78
      vertex 5.88116 3.07171 2.98
      vertex 5.77241 2.98246 2.98
    endloop
  endfacet
  facet normal 0.849194 0.528081 0
    outer loop
      vertex 5.40234 -4.37848 3
      vertex 5.32804 -4.259 2.98
      vertex 5.32804 -4.259 3
    endloop
  endfacet
  facet normal 0.849194 0.528081 0
    outer loop
      vertex 5.32804 -4.259 2.98
      vertex 5.40234 -4.37848 3
      vertex 5.40234 -4.37848 2.98
    endloop
  endfacet
  facet normal 0.623782 0.333408 0.70692
    outer loop
      vertex 5.32804 -4.259 2.98
      vertex 6.36728 -3.659 1.78
      vertex 5.26172 -4.13492 2.98
    endloop
  endfacet
  facet normal 0.623766 0.333441 0.706918
    outer loop
      vertex 6.36728 -3.659 1.78
      vertex 6.33797 -3.60417 1.78
      vertex 5.26172 -4.13492 2.98
    endloop
  endfacet
  facet normal 0.644259 0.29189 0.706916
    outer loop
      vertex 5.26172 -4.13492 2.98
      vertex 6.31231 -3.54755 1.78
      vertex 5.20366 -4.00677 2.98
    endloop
  endfacet
  facet normal 0.574919 0.41199 0.706917
    outer loop
      vertex 6.43631 -3.76232 1.78
      vertex 6.4001 -3.71179 1.78
      vertex 5.40234 -4.37848 2.98
    endloop
  endfacet
  facet normal 0.697859 0.115134 0.70692
    outer loop
      vertex 6.25825 -3.36934 1.78
      vertex 6.24813 -3.308 1.78
      vertex 5.05839 -3.46463 2.98
    endloop
  endfacet
  facet normal 0.24907 0.661988 0.70692
    outer loop
      vertex 6.88463 -4.08358 1.78
      vertex 6.82645 -4.06169 1.78
      vertex 6.4989 -5.2199 2.98
    endloop
  endfacet
  facet normal 0.352268 0.935899 -0
    outer loop
      vertex 6.4989 -5.2199 2.98
      vertex 6.36723 -5.17034 3
      vertex 6.4989 -5.2199 3
    endloop
  endfacet
  facet normal 0.352268 0.935899 0
    outer loop
      vertex 6.36723 -5.17034 3
      vertex 6.4989 -5.2199 2.98
      vertex 6.36723 -5.17034 2.98
    endloop
  endfacet
  facet normal 0.160654 0.688809 0.706918
    outer loop
      vertex 7.00466 -4.11575 1.78
      vertex 6.94412 -4.10163 1.78
      vertex 6.63354 -5.26074 2.98
    endloop
  endfacet
  facet normal 0.0693281 0.703888 0.706919
    outer loop
      vertex 7.04938 -5.3294 2.98
      vertex 7.066 -4.12587 1.78
      vertex 6.90937 -5.31561 2.98
    endloop
  endfacet
  facet normal 0.0980187 0.995185 -0
    outer loop
      vertex 7.04938 -5.3294 2.98
      vertex 6.90937 -5.31561 3
      vertex 7.04938 -5.3294 3
    endloop
  endfacet
  facet normal 0.0980187 0.995185 0
    outer loop
      vertex 6.90937 -5.31561 3
      vertex 7.04938 -5.3294 2.98
      vertex 6.90937 -5.31561 2.98
    endloop
  endfacet
  facet normal 0.483503 0.51623 0.706917
    outer loop
      vertex 5.77241 -4.80046 2.98
      vertex 6.56362 -3.89825 1.78
      vertex 5.66972 -4.70428 2.98
    endloop
  endfacet
  facet normal 0.683594 0.729863 -0
    outer loop
      vertex 5.77241 -4.80046 2.98
      vertex 5.66972 -4.70428 3
      vertex 5.77241 -4.80046 3
    endloop
  endfacet
  facet normal 0.683594 0.729863 0
    outer loop
      vertex 5.66972 -4.70428 3
      vertex 5.77241 -4.80046 2.98
      vertex 5.66972 -4.70428 2.98
    endloop
  endfacet
  facet normal 0.516195 0.483542 0.706916
    outer loop
      vertex 6.51825 -3.85575 1.78
      vertex 6.47575 -3.81038 1.78
      vertex 5.57354 -4.60159 2.98
    endloop
  endfacet
  facet normal 0.48354 0.516193 0.706919
    outer loop
      vertex 6.56362 -3.89825 1.78
      vertex 6.51825 -3.85575 1.78
      vertex 5.66972 -4.70428 2.98
    endloop
  endfacet
  facet normal -0.0693281 0.703888 0.706919
    outer loop
      vertex 7.33062 -5.3294 2.98
      vertex 7.47063 -5.31561 2.98
      vertex 7.314 -4.12587 1.78
    endloop
  endfacet
  facet normal -0.333448 0.623762 0.706918
    outer loop
      vertex 8.14092 -5.11228 2.98
      vertex 8.265 -5.04595 2.98
      vertex 7.61017 -4.03603 1.78
    endloop
  endfacet
  facet normal -0.290288 0.956939 0
    outer loop
      vertex 7.88109 -5.2199 2.98
      vertex 7.74646 -5.26074 3
      vertex 7.88109 -5.2199 3
    endloop
  endfacet
  facet normal -0.290288 0.956939 0
    outer loop
      vertex 7.74646 -5.26074 3
      vertex 7.88109 -5.2199 2.98
      vertex 7.74646 -5.26074 2.98
    endloop
  endfacet
  facet normal -0.546721 0.448739 0.706915
    outer loop
      vertex 8.80645 -4.60159 2.98
      vertex 8.89571 -4.49284 2.98
      vertex 7.90425 -3.81038 1.78
    endloop
  endfacet
  facet normal -0.661989 0.249071 0.706919
    outer loop
      vertex 9.2259 -3.87509 2.98
      vertex 8.08958 -3.48937 1.78
      vertex 8.06769 -3.54755 1.78
    endloop
  endfacet
  facet normal -0.644259 0.29189 0.706916
    outer loop
      vertex 9.11828 -4.13492 2.98
      vertex 9.17634 -4.00677 2.98
      vertex 8.06769 -3.54755 1.78
    endloop
  endfacet
  facet normal -0.623763 0.333448 0.706918
    outer loop
      vertex 9.05195 -4.259 2.98
      vertex 9.11828 -4.13492 2.98
      vertex 8.01272 -3.659 1.78
    endloop
  endfacet
  facet normal -0.600674 0.373444 0.706916
    outer loop
      vertex 8.97766 -4.37848 2.98
      vertex 8.01272 -3.659 1.78
      vertex 7.9799 -3.71179 1.78
    endloop
  endfacet
  facet normal -0.600654 0.373473 0.706918
    outer loop
      vertex 8.97766 -4.37848 2.98
      vertex 9.05195 -4.259 2.98
      vertex 8.01272 -3.659 1.78
    endloop
  endfacet
  facet normal -0.881898 0.47144 0
    outer loop
      vertex 9.05195 -4.259 2.98
      vertex 9.11828 -4.13492 3
      vertex 9.11828 -4.13492 2.98
    endloop
  endfacet
  facet normal -0.881898 0.47144 0
    outer loop
      vertex 9.11828 -4.13492 3
      vertex 9.05195 -4.259 2.98
      vertex 9.05195 -4.259 3
    endloop
  endfacet
  facet normal -0.0326948 0.999465 0
    outer loop
      vertex 7.33062 -5.3294 2.98
      vertex 7.19 -5.334 3
      vertex 7.33062 -5.3294 3
    endloop
  endfacet
  facet normal -0.0326948 0.999465 0
    outer loop
      vertex 7.19 -5.334 3
      vertex 7.33062 -5.3294 2.98
      vertex 7.19 -5.334 2.98
    endloop
  endfacet
  facet normal -0.999465 -0.0326948 0
    outer loop
      vertex 9.34 1.366 2.98
      vertex 9.3354 1.50662 3
      vertex 9.3354 1.50662 2.98
    endloop
  endfacet
  facet normal -0.999465 -0.0326948 0
    outer loop
      vertex 9.3354 1.50662 3
      vertex 9.34 1.366 2.98
      vertex 9.34 1.366 3
    endloop
  endfacet
  facet normal -0.986641 -0.162912 0
    outer loop
      vertex 9.32161 1.64663 2.98
      vertex 9.29869 1.78544 3
      vertex 9.29869 1.78544 2.98
    endloop
  endfacet
  facet normal -0.986641 -0.162912 0
    outer loop
      vertex 9.29869 1.78544 3
      vertex 9.32161 1.64663 2.98
      vertex 9.32161 1.64663 3
    endloop
  endfacet
  facet normal -0.600654 -0.373473 0.706918
    outer loop
      vertex 9.05195 2.441 2.98
      vertex 8.97766 2.56048 2.98
      vertex 8.01272 1.841 1.78
    endloop
  endfacet
  facet normal -0.676839 0.205319 0.706918
    outer loop
      vertex 9.2259 -3.87509 2.98
      vertex 9.26674 -3.74046 2.98
      vertex 8.08958 -3.48937 1.78
    endloop
  endfacet
  facet normal -0.676829 0.205358 0.706916
    outer loop
      vertex 9.26674 -3.74046 2.98
      vertex 8.10763 -3.42988 1.78
      vertex 8.08958 -3.48937 1.78
    endloop
  endfacet
  facet normal -0.956939 0.290288 0
    outer loop
      vertex 9.2259 -3.87509 2.98
      vertex 9.26674 -3.74046 3
      vertex 9.26674 -3.74046 2.98
    endloop
  endfacet
  facet normal -0.956939 0.290288 0
    outer loop
      vertex 9.26674 -3.74046 3
      vertex 9.2259 -3.87509 2.98
      vertex 9.2259 -3.87509 3
    endloop
  endfacet
  facet normal -0.688811 0.160654 0.706915
    outer loop
      vertex 9.29869 -3.60344 2.98
      vertex 8.12175 -3.36934 1.78
      vertex 8.10763 -3.42988 1.78
    endloop
  endfacet
  facet normal -0.995185 0.0980187 0
    outer loop
      vertex 9.32161 -3.46463 2.98
      vertex 9.3354 -3.32462 3
      vertex 9.3354 -3.32462 2.98
    endloop
  endfacet
  facet normal -0.995185 0.0980187 0
    outer loop
      vertex 9.3354 -3.32462 3
      vertex 9.32161 -3.46463 2.98
      vertex 9.32161 -3.46463 3
    endloop
  endfacet
  facet normal -0.70692 -0.0230975 0.706917
    outer loop
      vertex 8.14 1.366 1.78
      vertex 9.3354 1.50662 2.98
      vertex 8.13797 1.42813 1.78
    endloop
  endfacet
  facet normal -0.623763 -0.333448 0.706918
    outer loop
      vertex 9.11828 2.31692 2.98
      vertex 9.05195 2.441 2.98
      vertex 8.01272 1.841 1.78
    endloop
  endfacet
  facet normal -0.516256 -0.483478 0.706915
    outer loop
      vertex 8.80645 2.78359 2.98
      vertex 8.71028 2.88628 2.98
      vertex 7.90425 1.99238 1.78
    endloop
  endfacet
  facet normal -0.54672 -0.448738 0.706917
    outer loop
      vertex 8.89571 2.67484 2.98
      vertex 8.80645 2.78359 2.98
      vertex 7.94369 1.94432 1.78
    endloop
  endfacet
  facet normal -0.516193 -0.48354 0.706919
    outer loop
      vertex 7.90425 1.99238 1.78
      vertex 8.71028 2.88628 2.98
      vertex 7.86175 2.03775 1.78
    endloop
  endfacet
  facet normal -0.448707 -0.546744 0.706918
    outer loop
      vertex 8.60759 2.98246 2.98
      vertex 8.49884 3.07171 2.98
      vertex 7.76832 2.11969 1.78
    endloop
  endfacet
  facet normal -0.205319 -0.67684 0.706917
    outer loop
      vertex 7.88109 3.4019 2.98
      vertex 7.74646 3.44274 2.98
      vertex 7.43588 2.28363 1.78
    endloop
  endfacet
  facet normal -0.205358 -0.676827 0.706919
    outer loop
      vertex 7.49537 2.26558 1.78
      vertex 7.88109 3.4019 2.98
      vertex 7.43588 2.28363 1.78
    endloop
  endfacet
  facet normal -0.333448 -0.623762 0.706918
    outer loop
      vertex 8.265 3.22795 2.98
      vertex 8.14092 3.29428 2.98
      vertex 7.61017 2.21803 1.78
    endloop
  endfacet
  facet normal 0.773006 -0.634398 0
    outer loop
      vertex 5.48429 2.67484 3
      vertex 5.57354 2.78359 2.98
      vertex 5.57354 2.78359 3
    endloop
  endfacet
  facet normal 0.773006 -0.634398 0
    outer loop
      vertex 5.57354 2.78359 2.98
      vertex 5.48429 2.67484 3
      vertex 5.48429 2.67484 2.98
    endloop
  endfacet
  facet normal 0.623782 -0.333408 0.70692
    outer loop
      vertex 6.36728 1.841 1.78
      vertex 5.32804 2.441 2.98
      vertex 5.26172 2.31692 2.98
    endloop
  endfacet
  facet normal 0.411987 -0.574921 0.706917
    outer loop
      vertex 6.66221 2.1559 1.78
      vertex 5.99552 3.15366 2.98
      vertex 5.88116 3.07171 2.98
    endloop
  endfacet
  facet normal 0.52803 -0.849226 0
    outer loop
      vertex 5.99552 3.15366 2.98
      vertex 6.115 3.22795 3
      vertex 5.99552 3.15366 3
    endloop
  endfacet
  facet normal 0.52803 -0.849226 0
    outer loop
      vertex 6.115 3.22795 3
      vertex 5.99552 3.15366 2.98
      vertex 6.115 3.22795 2.98
    endloop
  endfacet
  facet normal 0.47144 -0.881898 0
    outer loop
      vertex 6.115 3.22795 2.98
      vertex 6.23908 3.29428 3
      vertex 6.115 3.22795 3
    endloop
  endfacet
  facet normal 0.47144 -0.881898 0
    outer loop
      vertex 6.23908 3.29428 3
      vertex 6.115 3.22795 2.98
      vertex 6.23908 3.29428 2.98
    endloop
  endfacet
  facet normal 0.205357 -0.676826 0.706919
    outer loop
      vertex 6.88463 2.26558 1.78
      vertex 6.94412 2.28363 1.78
      vertex 6.4989 3.4019 2.98
    endloop
  endfacet
  facet normal 0.227086 -0.973875 0
    outer loop
      vertex 6.63354 3.44274 2.98
      vertex 6.77056 3.47469 3
      vertex 6.63354 3.44274 3
    endloop
  endfacet
  facet normal 0.227086 -0.973875 0
    outer loop
      vertex 6.77056 3.47469 3
      vertex 6.63354 3.44274 2.98
      vertex 6.77056 3.47469 2.98
    endloop
  endfacet
  facet normal 0.412683 -0.910875 0
    outer loop
      vertex 6.23908 3.29428 2.98
      vertex 6.36723 3.35234 3
      vertex 6.23908 3.29428 3
    endloop
  endfacet
  facet normal 0.412683 -0.910875 0
    outer loop
      vertex 6.36723 3.35234 3
      vertex 6.23908 3.29428 2.98
      vertex 6.36723 3.35234 2.98
    endloop
  endfacet
  facet normal 0.0326948 -0.999465 0
    outer loop
      vertex 7.04938 3.5114 2.98
      vertex 7.19 3.516 3
      vertex 7.04938 3.5114 3
    endloop
  endfacet
  facet normal 0.0326948 -0.999465 0
    outer loop
      vertex 7.19 3.516 3
      vertex 7.04938 3.5114 2.98
      vertex 7.19 3.516 2.98
    endloop
  endfacet
  facet normal -0.0230974 -0.706918 0.706918
    outer loop
      vertex 7.19 2.316 1.78
      vertex 7.25213 2.31397 1.78
      vertex 7.19 3.516 2.98
    endloop
  endfacet
  facet normal -0.0980187 -0.995185 0
    outer loop
      vertex 7.33062 3.5114 2.98
      vertex 7.47063 3.49761 3
      vertex 7.33062 3.5114 3
    endloop
  endfacet
  facet normal -0.0980187 -0.995185 -0
    outer loop
      vertex 7.47063 3.49761 3
      vertex 7.33062 3.5114 2.98
      vertex 7.47063 3.49761 2.98
    endloop
  endfacet
  facet normal 0.115227 -0.697848 0.706917
    outer loop
      vertex 7.00466 2.29775 1.78
      vertex 6.90937 3.49761 2.98
      vertex 6.77056 3.47469 2.98
    endloop
  endfacet
  facet normal 0.999465 -0.0326948 0
    outer loop
      vertex 5.04 1.366 3
      vertex 5.0446 1.50662 2.98
      vertex 5.0446 1.50662 3
    endloop
  endfacet
  facet normal 0.999465 -0.0326948 0
    outer loop
      vertex 5.0446 1.50662 2.98
      vertex 5.04 1.366 3
      vertex 5.04 1.366 2.98
    endloop
  endfacet
  facet normal 0.986641 -0.162912 0
    outer loop
      vertex 5.05839 1.64663 3
      vertex 5.08131 1.78544 2.98
      vertex 5.08131 1.78544 3
    endloop
  endfacet
  facet normal 0.986641 -0.162912 0
    outer loop
      vertex 5.08131 1.78544 2.98
      vertex 5.05839 1.64663 3
      vertex 5.05839 1.64663 2.98
    endloop
  endfacet
  facet normal 0.849194 -0.528081 0
    outer loop
      vertex 5.32804 2.441 3
      vertex 5.40234 2.56048 2.98
      vertex 5.40234 2.56048 3
    endloop
  endfacet
  facet normal 0.849194 -0.528081 0
    outer loop
      vertex 5.40234 2.56048 2.98
      vertex 5.32804 2.441 3
      vertex 5.32804 2.441 2.98
    endloop
  endfacet
  facet normal 0.910875 -0.412683 0
    outer loop
      vertex 5.20366 2.18877 3
      vertex 5.26172 2.31692 2.98
      vertex 5.26172 2.31692 3
    endloop
  endfacet
  facet normal 0.910875 -0.412683 0
    outer loop
      vertex 5.26172 2.31692 2.98
      vertex 5.20366 2.18877 3
      vertex 5.20366 2.18877 2.98
    endloop
  endfacet
  facet normal 0.973875 -0.227086 0
    outer loop
      vertex 5.08131 1.78544 3
      vertex 5.11326 1.92246 2.98
      vertex 5.11326 1.92246 3
    endloop
  endfacet
  facet normal 0.973875 -0.227086 0
    outer loop
      vertex 5.11326 1.92246 2.98
      vertex 5.08131 1.78544 3
      vertex 5.08131 1.78544 2.98
    endloop
  endfacet
  facet normal 0.910875 0.412683 0
    outer loop
      vertex 5.26172 -4.13492 3
      vertex 5.20366 -4.00677 2.98
      vertex 5.20366 -4.00677 3
    endloop
  endfacet
  facet normal 0.910875 0.412683 0
    outer loop
      vertex 5.20366 -4.00677 2.98
      vertex 5.26172 -4.13492 3
      vertex 5.26172 -4.13492 2.98
    endloop
  endfacet
  facet normal 0.881928 0.471385 0
    outer loop
      vertex 5.32804 -4.259 3
      vertex 5.26172 -4.13492 2.98
      vertex 5.26172 -4.13492 3
    endloop
  endfacet
  facet normal 0.881928 0.471385 0
    outer loop
      vertex 5.26172 -4.13492 2.98
      vertex 5.32804 -4.259 3
      vertex 5.32804 -4.259 2.98
    endloop
  endfacet
  facet normal 0.644224 0.29196 0.70692
    outer loop
      vertex 6.33797 -3.60417 1.78
      vertex 6.31231 -3.54755 1.78
      vertex 5.26172 -4.13492 2.98
    endloop
  endfacet
  facet normal 0.703884 0.0693987 0.706916
    outer loop
      vertex 6.24813 -3.308 1.78
      vertex 6.24203 -3.24613 1.78
      vertex 5.0446 -3.32462 2.98
    endloop
  endfacet
  facet normal 0.70692 0.0230975 0.706917
    outer loop
      vertex 6.24203 -3.24613 1.78
      vertex 6.24 -3.184 1.78
      vertex 5.0446 -3.32462 2.98
    endloop
  endfacet
  facet normal 0.291918 0.644245 0.706918
    outer loop
      vertex 6.82645 -4.06169 1.78
      vertex 6.76982 -4.03603 1.78
      vertex 6.23908 -5.11228 2.98
    endloop
  endfacet
  facet normal 0.333448 0.623764 0.706917
    outer loop
      vertex 6.23908 -5.11228 2.98
      vertex 6.76982 -4.03603 1.78
      vertex 6.115 -5.04595 2.98
    endloop
  endfacet
  facet normal 0.205357 0.676826 0.706919
    outer loop
      vertex 6.94412 -4.10163 1.78
      vertex 6.88463 -4.08358 1.78
      vertex 6.4989 -5.2199 2.98
    endloop
  endfacet
  facet normal -0.0693987 0.703884 0.706916
    outer loop
      vertex 7.33062 -5.3294 2.98
      vertex 7.314 -4.12587 1.78
      vertex 7.25213 -4.13197 1.78
    endloop
  endfacet
  facet normal -0.0230975 0.70692 0.706917
    outer loop
      vertex 7.33062 -5.3294 2.98
      vertex 7.25213 -4.13197 1.78
      vertex 7.19 -4.134 1.78
    endloop
  endfacet
  facet normal -0.115135 0.697865 0.706915
    outer loop
      vertex 7.60944 -5.29269 2.98
      vertex 7.37534 -4.11575 1.78
      vertex 7.314 -4.12587 1.78
    endloop
  endfacet
  facet normal -0.29189 0.644259 0.706916
    outer loop
      vertex 8.01277 -5.17034 2.98
      vertex 8.14092 -5.11228 2.98
      vertex 7.55355 -4.06169 1.78
    endloop
  endfacet
  facet normal -0.249142 0.661965 0.706916
    outer loop
      vertex 7.88109 -5.2199 2.98
      vertex 8.01277 -5.17034 2.98
      vertex 7.55355 -4.06169 1.78
    endloop
  endfacet
  facet normal -0.29196 0.644224 0.70692
    outer loop
      vertex 8.14092 -5.11228 2.98
      vertex 7.61017 -4.03603 1.78
      vertex 7.55355 -4.06169 1.78
    endloop
  endfacet
  facet normal -0.373474 0.600655 0.706917
    outer loop
      vertex 8.265 -5.04595 2.98
      vertex 8.38448 -4.97166 2.98
      vertex 7.71779 -3.9739 1.78
    endloop
  endfacet
  facet normal -0.634398 0.773006 0
    outer loop
      vertex 8.60759 -4.80046 2.98
      vertex 8.49884 -4.88971 3
      vertex 8.60759 -4.80046 3
    endloop
  endfacet
  facet normal -0.634398 0.773006 0
    outer loop
      vertex 8.49884 -4.88971 3
      vertex 8.60759 -4.80046 2.98
      vertex 8.49884 -4.88971 2.98
    endloop
  endfacet
  facet normal -0.516256 0.483478 0.706915
    outer loop
      vertex 8.71028 -4.70428 2.98
      vertex 8.80645 -4.60159 2.98
      vertex 7.90425 -3.81038 1.78
    endloop
  endfacet
  facet normal -0.48354 0.516193 0.706919
    outer loop
      vertex 8.71028 -4.70428 2.98
      vertex 7.86175 -3.85575 1.78
      vertex 7.81638 -3.89825 1.78
    endloop
  endfacet
  facet normal -0.644224 0.29196 0.70692
    outer loop
      vertex 9.11828 -4.13492 2.98
      vertex 8.06769 -3.54755 1.78
      vertex 8.04203 -3.60417 1.78
    endloop
  endfacet
  facet normal -0.849226 0.52803 0
    outer loop
      vertex 8.97766 -4.37848 2.98
      vertex 9.05195 -4.259 3
      vertex 9.05195 -4.259 2.98
    endloop
  endfacet
  facet normal -0.849226 0.52803 0
    outer loop
      vertex 9.05195 -4.259 3
      vertex 8.97766 -4.37848 2.98
      vertex 8.97766 -4.37848 3
    endloop
  endfacet
  facet normal -0.574921 0.411987 0.706918
    outer loop
      vertex 8.89571 -4.49284 2.98
      vertex 8.97766 -4.37848 2.98
      vertex 7.94369 -3.76232 1.78
    endloop
  endfacet
  facet normal -0.162912 0.986641 0
    outer loop
      vertex 7.60944 -5.29269 2.98
      vertex 7.47063 -5.31561 3
      vertex 7.60944 -5.29269 3
    endloop
  endfacet
  facet normal -0.162912 0.986641 0
    outer loop
      vertex 7.47063 -5.31561 3
      vertex 7.60944 -5.29269 2.98
      vertex 7.47063 -5.31561 2.98
    endloop
  endfacet
  facet normal -0.227086 0.973875 0
    outer loop
      vertex 7.74646 -5.26074 2.98
      vertex 7.60944 -5.29269 3
      vertex 7.74646 -5.26074 3
    endloop
  endfacet
  facet normal -0.227086 0.973875 0
    outer loop
      vertex 7.60944 -5.29269 3
      vertex 7.74646 -5.26074 2.98
      vertex 7.60944 -5.29269 2.98
    endloop
  endfacet
  facet normal -0.0980187 0.995185 0
    outer loop
      vertex 7.47063 -5.31561 2.98
      vertex 7.33062 -5.3294 3
      vertex 7.47063 -5.31561 3
    endloop
  endfacet
  facet normal -0.0980187 0.995185 0
    outer loop
      vertex 7.33062 -5.3294 3
      vertex 7.47063 -5.31561 2.98
      vertex 7.33062 -5.3294 2.98
    endloop
  endfacet
  facet normal -0.995185 -0.0980187 0
    outer loop
      vertex 9.3354 1.50662 2.98
      vertex 9.32161 1.64663 3
      vertex 9.32161 1.64663 2.98
    endloop
  endfacet
  facet normal -0.995185 -0.0980187 0
    outer loop
      vertex 9.32161 1.64663 3
      vertex 9.3354 1.50662 2.98
      vertex 9.3354 1.50662 3
    endloop
  endfacet
  facet normal -0.703888 -0.0693281 0.706919
    outer loop
      vertex 9.3354 1.50662 2.98
      vertex 9.32161 1.64663 2.98
      vertex 8.13187 1.49 1.78
    endloop
  endfacet
  facet normal -0.697846 -0.115227 0.706919
    outer loop
      vertex 9.32161 1.64663 2.98
      vertex 9.29869 1.78544 2.98
      vertex 8.13187 1.49 1.78
    endloop
  endfacet
  facet normal -0.881898 -0.47144 0
    outer loop
      vertex 9.11828 2.31692 2.98
      vertex 9.05195 2.441 3
      vertex 9.05195 2.441 2.98
    endloop
  endfacet
  facet normal -0.881898 -0.47144 0
    outer loop
      vertex 9.05195 2.441 3
      vertex 9.11828 2.31692 2.98
      vertex 9.11828 2.31692 3
    endloop
  endfacet
  facet normal -0.772971 -0.634441 0
    outer loop
      vertex 8.89571 2.67484 2.98
      vertex 8.80645 2.78359 3
      vertex 8.80645 2.78359 2.98
    endloop
  endfacet
  facet normal -0.772971 -0.634441 0
    outer loop
      vertex 8.80645 2.78359 3
      vertex 8.89571 2.67484 2.98
      vertex 8.89571 2.67484 3
    endloop
  endfacet
  facet normal -0.986641 0.162912 0
    outer loop
      vertex 9.29869 -3.60344 2.98
      vertex 9.32161 -3.46463 3
      vertex 9.32161 -3.46463 2.98
    endloop
  endfacet
  facet normal -0.986641 0.162912 0
    outer loop
      vertex 9.32161 -3.46463 3
      vertex 9.29869 -3.60344 2.98
      vertex 9.29869 -3.60344 3
    endloop
  endfacet
  facet normal -0.973875 0.227086 0
    outer loop
      vertex 9.26674 -3.74046 2.98
      vertex 9.29869 -3.60344 3
      vertex 9.29869 -3.60344 2.98
    endloop
  endfacet
  facet normal -0.973875 0.227086 0
    outer loop
      vertex 9.29869 -3.60344 3
      vertex 9.26674 -3.74046 2.98
      vertex 9.26674 -3.74046 3
    endloop
  endfacet
  facet normal -0.697865 0.115135 0.706915
    outer loop
      vertex 9.29869 -3.60344 2.98
      vertex 8.13187 -3.308 1.78
      vertex 8.12175 -3.36934 1.78
    endloop
  endfacet
  facet normal -0.703884 0.0693987 0.706916
    outer loop
      vertex 9.3354 -3.32462 2.98
      vertex 8.13797 -3.24613 1.78
      vertex 8.13187 -3.308 1.78
    endloop
  endfacet
  facet normal -0.973875 -0.227086 0
    outer loop
      vertex 9.29869 1.78544 2.98
      vertex 9.26674 1.92246 3
      vertex 9.26674 1.92246 2.98
    endloop
  endfacet
  facet normal -0.973875 -0.227086 0
    outer loop
      vertex 9.26674 1.92246 3
      vertex 9.29869 1.78544 2.98
      vertex 9.29869 1.78544 3
    endloop
  endfacet
  facet normal -0.676843 -0.205305 0.706919
    outer loop
      vertex 9.26674 1.92246 2.98
      vertex 9.2259 2.0571 2.98
      vertex 8.08958 1.67137 1.78
    endloop
  endfacet
  facet normal -0.688811 -0.160654 0.706915
    outer loop
      vertex 8.12175 1.55134 1.78
      vertex 9.29869 1.78544 2.98
      vertex 8.10763 1.61188 1.78
    endloop
  endfacet
  facet normal -0.574919 -0.41199 0.706917
    outer loop
      vertex 7.9799 1.89379 1.78
      vertex 8.97766 2.56048 2.98
      vertex 7.94369 1.94432 1.78
    endloop
  endfacet
  facet normal -0.54676 -0.448693 0.706914
    outer loop
      vertex 7.94369 1.94432 1.78
      vertex 8.80645 2.78359 2.98
      vertex 7.90425 1.99238 1.78
    endloop
  endfacet
  facet normal -0.411987 -0.574921 0.706917
    outer loop
      vertex 8.49884 3.07171 2.98
      vertex 8.38448 3.15366 2.98
      vertex 7.71779 2.1559 1.78
    endloop
  endfacet
  facet normal -0.411989 -0.574919 0.706918
    outer loop
      vertex 7.76832 2.11969 1.78
      vertex 8.49884 3.07171 2.98
      vertex 7.71779 2.1559 1.78
    endloop
  endfacet
  facet normal -0.160617 -0.688819 0.706916
    outer loop
      vertex 7.74646 3.44274 2.98
      vertex 7.60944 3.47469 2.98
      vertex 7.37534 2.29775 1.78
    endloop
  endfacet
  facet normal -0.160654 -0.688809 0.706918
    outer loop
      vertex 7.43588 2.28363 1.78
      vertex 7.74646 3.44274 2.98
      vertex 7.37534 2.29775 1.78
    endloop
  endfacet
  facet normal -0.0326948 -0.999465 0
    outer loop
      vertex 7.19 3.516 2.98
      vertex 7.33062 3.5114 3
      vertex 7.19 3.516 3
    endloop
  endfacet
  facet normal -0.0326948 -0.999465 -0
    outer loop
      vertex 7.33062 3.5114 3
      vertex 7.19 3.516 2.98
      vertex 7.33062 3.5114 2.98
    endloop
  endfacet
  facet normal -0.115227 -0.697848 0.706917
    outer loop
      vertex 7.60944 3.47469 2.98
      vertex 7.47063 3.49761 2.98
      vertex 7.37534 2.29775 1.78
    endloop
  endfacet
  facet normal -0.162912 -0.986641 0
    outer loop
      vertex 7.47063 3.49761 2.98
      vertex 7.60944 3.47469 3
      vertex 7.47063 3.49761 3
    endloop
  endfacet
  facet normal -0.162912 -0.986641 -0
    outer loop
      vertex 7.60944 3.47469 3
      vertex 7.47063 3.49761 2.98
      vertex 7.60944 3.47469 2.98
    endloop
  endfacet
  facet normal -0.47144 -0.881898 0
    outer loop
      vertex 8.14092 3.29428 2.98
      vertex 8.265 3.22795 3
      vertex 8.14092 3.29428 3
    endloop
  endfacet
  facet normal -0.47144 -0.881898 -0
    outer loop
      vertex 8.265 3.22795 3
      vertex 8.14092 3.29428 2.98
      vertex 8.265 3.22795 2.98
    endloop
  endfacet
  facet normal 0.729863 -0.683594 0
    outer loop
      vertex 5.57354 2.78359 3
      vertex 5.66972 2.88628 2.98
      vertex 5.66972 2.88628 3
    endloop
  endfacet
  facet normal 0.729863 -0.683594 0
    outer loop
      vertex 5.66972 2.88628 2.98
      vertex 5.57354 2.78359 3
      vertex 5.57354 2.78359 2.98
    endloop
  endfacet
  facet normal 0.333488 -0.62374 0.706919
    outer loop
      vertex 6.715 2.18872 1.78
      vertex 6.76982 2.21803 1.78
      vertex 6.115 3.22795 2.98
    endloop
  endfacet
  facet normal 0.333448 -0.623764 0.706917
    outer loop
      vertex 6.76982 2.21803 1.78
      vertex 6.23908 3.29428 2.98
      vertex 6.115 3.22795 2.98
    endloop
  endfacet
  facet normal 0.644228 -0.291962 0.706915
    outer loop
      vertex 6.31231 1.72955 1.78
      vertex 6.33797 1.78617 1.78
      vertex 5.20366 2.18877 2.98
    endloop
  endfacet
  facet normal 0.546758 -0.448692 0.706917
    outer loop
      vertex 6.43631 1.94432 1.78
      vertex 6.47575 1.99238 1.78
      vertex 5.57354 2.78359 2.98
    endloop
  endfacet
  facet normal 0.411989 -0.574919 0.706918
    outer loop
      vertex 6.61168 2.11969 1.78
      vertex 6.66221 2.1559 1.78
      vertex 5.88116 3.07171 2.98
    endloop
  endfacet
  facet normal 0.582481 -0.812844 0
    outer loop
      vertex 5.88116 3.07171 2.98
      vertex 5.99552 3.15366 3
      vertex 5.88116 3.07171 3
    endloop
  endfacet
  facet normal 0.582481 -0.812844 0
    outer loop
      vertex 5.99552 3.15366 3
      vertex 5.88116 3.07171 2.98
      vertex 5.99552 3.15366 2.98
    endloop
  endfacet
  facet normal 0.249158 -0.661957 0.706919
    outer loop
      vertex 6.88463 2.26558 1.78
      vertex 6.4989 3.4019 2.98
      vertex 6.36723 3.35234 2.98
    endloop
  endfacet
  facet normal 0.352268 -0.935899 0
    outer loop
      vertex 6.36723 3.35234 2.98
      vertex 6.4989 3.4019 3
      vertex 6.36723 3.35234 3
    endloop
  endfacet
  facet normal 0.352268 -0.935899 0
    outer loop
      vertex 6.4989 3.4019 3
      vertex 6.36723 3.35234 2.98
      vertex 6.4989 3.4019 2.98
    endloop
  endfacet
  facet normal 0.162912 -0.986641 0
    outer loop
      vertex 6.77056 3.47469 2.98
      vertex 6.90937 3.49761 3
      vertex 6.77056 3.47469 3
    endloop
  endfacet
  facet normal 0.162912 -0.986641 0
    outer loop
      vertex 6.90937 3.49761 3
      vertex 6.77056 3.47469 2.98
      vertex 6.90937 3.49761 2.98
    endloop
  endfacet
  facet normal 0.0693282 -0.70389 0.706917
    outer loop
      vertex 7.12787 2.31397 1.78
      vertex 7.04938 3.5114 2.98
      vertex 6.90937 3.49761 2.98
    endloop
  endfacet
  facet normal -0.0693983 -0.70388 0.70692
    outer loop
      vertex 7.314 2.30787 1.78
      vertex 7.47063 3.49761 2.98
      vertex 7.25213 2.31397 1.78
    endloop
  endfacet
  facet normal 0.205305 -0.676844 0.706917
    outer loop
      vertex 6.94412 2.28363 1.78
      vertex 6.63354 3.44274 2.98
      vertex 6.4989 3.4019 2.98
    endloop
  endfacet
  facet normal 0.995185 -0.0980187 0
    outer loop
      vertex 5.0446 1.50662 3
      vertex 5.05839 1.64663 2.98
      vertex 5.05839 1.64663 3
    endloop
  endfacet
  facet normal 0.995185 -0.0980187 0
    outer loop
      vertex 5.05839 1.64663 2.98
      vertex 5.0446 1.50662 3
      vertex 5.0446 1.50662 2.98
    endloop
  endfacet
  facet normal 0.623766 -0.333441 0.706918
    outer loop
      vertex 6.33797 1.78617 1.78
      vertex 6.36728 1.841 1.78
      vertex 5.26172 2.31692 2.98
    endloop
  endfacet
  facet normal 0.644257 -0.291889 0.706918
    outer loop
      vertex 6.33797 1.78617 1.78
      vertex 5.26172 2.31692 2.98
      vertex 5.20366 2.18877 2.98
    endloop
  endfacet
  facet normal -0.205319 0.67684 0.706917
    outer loop
      vertex 7.74646 -5.26074 2.98
      vertex 7.88109 -5.2199 2.98
      vertex 7.43588 -4.10163 1.78
    endloop
  endfacet
  facet normal -0.412683 0.910875 0
    outer loop
      vertex 8.14092 -5.11228 2.98
      vertex 8.01277 -5.17034 3
      vertex 8.14092 -5.11228 3
    endloop
  endfacet
  facet normal -0.412683 0.910875 0
    outer loop
      vertex 8.01277 -5.17034 3
      vertex 8.14092 -5.11228 2.98
      vertex 8.01277 -5.17034 2.98
    endloop
  endfacet
  facet normal -0.47144 0.881898 0
    outer loop
      vertex 8.265 -5.04595 2.98
      vertex 8.14092 -5.11228 3
      vertex 8.265 -5.04595 3
    endloop
  endfacet
  facet normal -0.47144 0.881898 0
    outer loop
      vertex 8.14092 -5.11228 3
      vertex 8.265 -5.04595 2.98
      vertex 8.14092 -5.11228 2.98
    endloop
  endfacet
  facet normal -0.52803 0.849226 0
    outer loop
      vertex 8.38448 -4.97166 2.98
      vertex 8.265 -5.04595 3
      vertex 8.38448 -4.97166 3
    endloop
  endfacet
  facet normal -0.52803 0.849226 0
    outer loop
      vertex 8.265 -5.04595 3
      vertex 8.38448 -4.97166 2.98
      vertex 8.265 -5.04595 2.98
    endloop
  endfacet
  facet normal -0.333441 0.623766 0.706918
    outer loop
      vertex 8.265 -5.04595 2.98
      vertex 7.665 -4.00672 1.78
      vertex 7.61017 -4.03603 1.78
    endloop
  endfacet
  facet normal -0.448708 0.546745 0.706917
    outer loop
      vertex 8.49884 -4.88971 2.98
      vertex 8.60759 -4.80046 2.98
      vertex 7.81638 -3.89825 1.78
    endloop
  endfacet
  facet normal -0.516193 0.48354 0.706919
    outer loop
      vertex 8.71028 -4.70428 2.98
      vertex 7.90425 -3.81038 1.78
      vertex 7.86175 -3.85575 1.78
    endloop
  endfacet
  facet normal -0.910875 0.412683 0
    outer loop
      vertex 9.11828 -4.13492 2.98
      vertex 9.17634 -4.00677 3
      vertex 9.17634 -4.00677 2.98
    endloop
  endfacet
  facet normal -0.910875 0.412683 0
    outer loop
      vertex 9.17634 -4.00677 3
      vertex 9.11828 -4.13492 2.98
      vertex 9.11828 -4.13492 3
    endloop
  endfacet
  facet normal -0.935908 0.352245 0
    outer loop
      vertex 9.17634 -4.00677 2.98
      vertex 9.2259 -3.87509 3
      vertex 9.2259 -3.87509 2.98
    endloop
  endfacet
  facet normal -0.935908 0.352245 0
    outer loop
      vertex 9.2259 -3.87509 3
      vertex 9.17634 -4.00677 2.98
      vertex 9.17634 -4.00677 3
    endloop
  endfacet
  facet normal -0.623766 -0.333441 0.706918
    outer loop
      vertex 8.04203 1.78617 1.78
      vertex 9.11828 2.31692 2.98
      vertex 8.01272 1.841 1.78
    endloop
  endfacet
  facet normal -0.644224 -0.29196 0.70692
    outer loop
      vertex 8.06769 1.72955 1.78
      vertex 9.11828 2.31692 2.98
      vertex 8.04203 1.78617 1.78
    endloop
  endfacet
  facet normal -0.910875 -0.412683 0
    outer loop
      vertex 9.17634 2.18877 2.98
      vertex 9.11828 2.31692 3
      vertex 9.11828 2.31692 2.98
    endloop
  endfacet
  facet normal -0.910875 -0.412683 0
    outer loop
      vertex 9.11828 2.31692 3
      vertex 9.17634 2.18877 2.98
      vertex 9.17634 2.18877 3
    endloop
  endfacet
  facet normal -0.812844 -0.582481 0
    outer loop
      vertex 8.97766 2.56048 2.98
      vertex 8.89571 2.67484 3
      vertex 8.89571 2.67484 2.98
    endloop
  endfacet
  facet normal -0.812844 -0.582481 0
    outer loop
      vertex 8.89571 2.67484 3
      vertex 8.97766 2.56048 2.98
      vertex 8.97766 2.56048 3
    endloop
  endfacet
  facet normal -0.676829 -0.205358 0.706916
    outer loop
      vertex 8.10763 1.61188 1.78
      vertex 9.26674 1.92246 2.98
      vertex 8.08958 1.67137 1.78
    endloop
  endfacet
  facet normal -0.688818 -0.160617 0.706917
    outer loop
      vertex 9.29869 1.78544 2.98
      vertex 9.26674 1.92246 2.98
      vertex 8.10763 1.61188 1.78
    endloop
  endfacet
  facet normal -0.483542 -0.516195 0.706916
    outer loop
      vertex 7.86175 2.03775 1.78
      vertex 8.60759 2.98246 2.98
      vertex 7.81638 2.08025 1.78
    endloop
  endfacet
  facet normal -0.582481 -0.812844 0
    outer loop
      vertex 8.38448 3.15366 2.98
      vertex 8.49884 3.07171 3
      vertex 8.38448 3.15366 3
    endloop
  endfacet
  facet normal -0.582481 -0.812844 -0
    outer loop
      vertex 8.49884 3.07171 3
      vertex 8.38448 3.15366 2.98
      vertex 8.49884 3.07171 2.98
    endloop
  endfacet
  facet normal -0.373444 -0.600674 0.706916
    outer loop
      vertex 7.71779 2.1559 1.78
      vertex 8.38448 3.15366 2.98
      vertex 7.665 2.18872 1.78
    endloop
  endfacet
  facet normal -0.227086 -0.973875 0
    outer loop
      vertex 7.60944 3.47469 2.98
      vertex 7.74646 3.44274 3
      vertex 7.60944 3.47469 3
    endloop
  endfacet
  facet normal -0.227086 -0.973875 -0
    outer loop
      vertex 7.74646 3.44274 3
      vertex 7.60944 3.47469 2.98
      vertex 7.74646 3.44274 2.98
    endloop
  endfacet
  facet normal -0.0693282 -0.70389 0.706917
    outer loop
      vertex 7.47063 3.49761 2.98
      vertex 7.33062 3.5114 2.98
      vertex 7.25213 2.31397 1.78
    endloop
  endfacet
  facet normal -0.0231249 -0.706918 0.706917
    outer loop
      vertex 7.25213 2.31397 1.78
      vertex 7.33062 3.5114 2.98
      vertex 7.19 3.516 2.98
    endloop
  endfacet
  facet normal -0.290288 -0.956939 0
    outer loop
      vertex 7.74646 3.44274 2.98
      vertex 7.88109 3.4019 3
      vertex 7.74646 3.44274 3
    endloop
  endfacet
  facet normal -0.290288 -0.956939 -0
    outer loop
      vertex 7.88109 3.4019 3
      vertex 7.74646 3.44274 2.98
      vertex 7.88109 3.4019 2.98
    endloop
  endfacet
  facet normal -0.249072 -0.661993 0.706915
    outer loop
      vertex 7.55355 2.24369 1.78
      vertex 8.01277 3.35234 2.98
      vertex 7.49537 2.26558 1.78
    endloop
  endfacet
  facet normal -0.291962 -0.644228 0.706915
    outer loop
      vertex 7.61017 2.21803 1.78
      vertex 8.01277 3.35234 2.98
      vertex 7.55355 2.24369 1.78
    endloop
  endfacet
  facet normal 0.683594 -0.729863 0
    outer loop
      vertex 5.66972 2.88628 2.98
      vertex 5.77241 2.98246 3
      vertex 5.66972 2.88628 3
    endloop
  endfacet
  facet normal 0.683594 -0.729863 0
    outer loop
      vertex 5.77241 2.98246 3
      vertex 5.66972 2.88628 2.98
      vertex 5.77241 2.98246 2.98
    endloop
  endfacet
  facet normal 0.373444 -0.600674 0.706916
    outer loop
      vertex 6.66221 2.1559 1.78
      vertex 6.715 2.18872 1.78
      vertex 5.99552 3.15366 2.98
    endloop
  endfacet
  facet normal 0.373473 -0.600654 0.706918
    outer loop
      vertex 6.715 2.18872 1.78
      vertex 6.115 3.22795 2.98
      vertex 5.99552 3.15366 2.98
    endloop
  endfacet
  facet normal 0.697848 -0.115227 0.706917
    outer loop
      vertex 6.25825 1.55134 1.78
      vertex 5.08131 1.78544 2.98
      vertex 5.05839 1.64663 2.98
    endloop
  endfacet
  facet normal 0.676843 -0.205305 0.706919
    outer loop
      vertex 6.29042 1.67137 1.78
      vertex 5.1541 2.0571 2.98
      vertex 5.11326 1.92246 2.98
    endloop
  endfacet
  facet normal 0.516229 -0.483502 0.706918
    outer loop
      vertex 6.51825 2.03775 1.78
      vertex 5.66972 2.88628 2.98
      vertex 5.57354 2.78359 2.98
    endloop
  endfacet
  facet normal 0.483502 -0.516229 0.706918
    outer loop
      vertex 6.51825 2.03775 1.78
      vertex 5.77241 2.98246 2.98
      vertex 5.66972 2.88628 2.98
    endloop
  endfacet
  facet normal 0.600674 -0.373444 0.706916
    outer loop
      vertex 6.36728 1.841 1.78
      vertex 6.4001 1.89379 1.78
      vertex 5.40234 2.56048 2.98
    endloop
  endfacet
  facet normal 0.546744 -0.448707 0.706918
    outer loop
      vertex 6.43631 1.94432 1.78
      vertex 5.57354 2.78359 2.98
      vertex 5.48429 2.67484 2.98
    endloop
  endfacet
  facet normal 0.574921 -0.411987 0.706918
    outer loop
      vertex 6.43631 1.94432 1.78
      vertex 5.48429 2.67484 2.98
      vertex 5.40234 2.56048 2.98
    endloop
  endfacet
  facet normal 0.291889 -0.644258 0.706917
    outer loop
      vertex 6.76982 2.21803 1.78
      vertex 6.36723 3.35234 2.98
      vertex 6.23908 3.29428 2.98
    endloop
  endfacet
  facet normal 0.290268 -0.956945 0
    outer loop
      vertex 6.4989 3.4019 2.98
      vertex 6.63354 3.44274 3
      vertex 6.4989 3.4019 3
    endloop
  endfacet
  facet normal 0.290268 -0.956945 0
    outer loop
      vertex 6.63354 3.44274 3
      vertex 6.4989 3.4019 2.98
      vertex 6.63354 3.44274 2.98
    endloop
  endfacet
  facet normal 0.160654 -0.688809 0.706918
    outer loop
      vertex 6.94412 2.28363 1.78
      vertex 7.00466 2.29775 1.78
      vertex 6.63354 3.44274 2.98
    endloop
  endfacet
  facet normal 0.160617 -0.688819 0.706916
    outer loop
      vertex 7.00466 2.29775 1.78
      vertex 6.77056 3.47469 2.98
      vertex 6.63354 3.44274 2.98
    endloop
  endfacet
  facet normal 0.688819 -0.160617 0.706916
    outer loop
      vertex 6.25825 1.55134 1.78
      vertex 5.11326 1.92246 2.98
      vertex 5.08131 1.78544 2.98
    endloop
  endfacet
  facet normal 0.676829 -0.205358 0.706916
    outer loop
      vertex 6.27237 1.61188 1.78
      vertex 6.29042 1.67137 1.78
      vertex 5.11326 1.92246 2.98
    endloop
  endfacet
  facet normal 0.935899 -0.352268 0
    outer loop
      vertex 5.1541 2.0571 3
      vertex 5.20366 2.18877 2.98
      vertex 5.20366 2.18877 3
    endloop
  endfacet
  facet normal 0.935899 -0.352268 0
    outer loop
      vertex 5.20366 2.18877 2.98
      vertex 5.1541 2.0571 3
      vertex 5.1541 2.0571 2.98
    endloop
  endfacet
  facet normal 0.881928 -0.471385 0
    outer loop
      vertex 5.26172 2.31692 3
      vertex 5.32804 2.441 2.98
      vertex 5.32804 2.441 3
    endloop
  endfacet
  facet normal 0.881928 -0.471385 0
    outer loop
      vertex 5.32804 2.441 2.98
      vertex 5.26172 2.31692 3
      vertex 5.26172 2.31692 2.98
    endloop
  endfacet
  facet normal -0.352245 0.935908 0
    outer loop
      vertex 8.01277 -5.17034 2.98
      vertex 7.88109 -5.2199 3
      vertex 8.01277 -5.17034 3
    endloop
  endfacet
  facet normal -0.352245 0.935908 0
    outer loop
      vertex 7.88109 -5.2199 3
      vertex 8.01277 -5.17034 2.98
      vertex 7.88109 -5.2199 2.98
    endloop
  endfacet
  facet normal -0.411987 0.574921 0.706917
    outer loop
      vertex 8.38448 -4.97166 2.98
      vertex 8.49884 -4.88971 2.98
      vertex 7.71779 -3.9739 1.78
    endloop
  endfacet
  facet normal -0.582481 0.812844 0
    outer loop
      vertex 8.49884 -4.88971 2.98
      vertex 8.38448 -4.97166 3
      vertex 8.49884 -4.88971 3
    endloop
  endfacet
  facet normal -0.582481 0.812844 0
    outer loop
      vertex 8.38448 -4.97166 3
      vertex 8.49884 -4.88971 2.98
      vertex 8.38448 -4.97166 2.98
    endloop
  endfacet
  facet normal -0.448691 0.546757 0.706918
    outer loop
      vertex 8.49884 -4.88971 2.98
      vertex 7.81638 -3.89825 1.78
      vertex 7.76832 -3.93769 1.78
    endloop
  endfacet
  facet normal -0.411989 0.574919 0.706918
    outer loop
      vertex 8.49884 -4.88971 2.98
      vertex 7.76832 -3.93769 1.78
      vertex 7.71779 -3.9739 1.78
    endloop
  endfacet
  facet normal -0.483503 0.51623 0.706917
    outer loop
      vertex 8.60759 -4.80046 2.98
      vertex 8.71028 -4.70428 2.98
      vertex 7.81638 -3.89825 1.78
    endloop
  endfacet
  facet normal -0.772971 0.634441 0
    outer loop
      vertex 8.80645 -4.60159 2.98
      vertex 8.89571 -4.49284 3
      vertex 8.89571 -4.49284 2.98
    endloop
  endfacet
  facet normal -0.772971 0.634441 0
    outer loop
      vertex 8.89571 -4.49284 3
      vertex 8.80645 -4.60159 2.98
      vertex 8.80645 -4.60159 3
    endloop
  endfacet
  facet normal -0.729898 0.683556 0
    outer loop
      vertex 8.71028 -4.70428 2.98
      vertex 8.80645 -4.60159 3
      vertex 8.80645 -4.60159 2.98
    endloop
  endfacet
  facet normal -0.729898 0.683556 0
    outer loop
      vertex 8.80645 -4.60159 3
      vertex 8.71028 -4.70428 2.98
      vertex 8.71028 -4.70428 3
    endloop
  endfacet
  facet normal -0.729898 -0.683556 0
    outer loop
      vertex 8.80645 2.78359 2.98
      vertex 8.71028 2.88628 3
      vertex 8.71028 2.88628 2.98
    endloop
  endfacet
  facet normal -0.729898 -0.683556 0
    outer loop
      vertex 8.71028 2.88628 3
      vertex 8.80645 2.78359 2.98
      vertex 8.80645 2.78359 3
    endloop
  endfacet
  facet normal -0.683594 -0.729863 0
    outer loop
      vertex 8.60759 2.98246 2.98
      vertex 8.71028 2.88628 3
      vertex 8.60759 2.98246 3
    endloop
  endfacet
  facet normal -0.683594 -0.729863 -0
    outer loop
      vertex 8.71028 2.88628 3
      vertex 8.60759 2.98246 2.98
      vertex 8.71028 2.88628 2.98
    endloop
  endfacet
  facet normal -0.52803 -0.849226 0
    outer loop
      vertex 8.265 3.22795 2.98
      vertex 8.38448 3.15366 3
      vertex 8.265 3.22795 3
    endloop
  endfacet
  facet normal -0.52803 -0.849226 -0
    outer loop
      vertex 8.38448 3.15366 3
      vertex 8.265 3.22795 2.98
      vertex 8.38448 3.15366 2.98
    endloop
  endfacet
  facet normal -0.333441 -0.623766 0.706918
    outer loop
      vertex 7.665 2.18872 1.78
      vertex 8.265 3.22795 2.98
      vertex 7.61017 2.21803 1.78
    endloop
  endfacet
  facet normal 0.661993 -0.249072 0.706915
    outer loop
      vertex 6.29042 1.67137 1.78
      vertex 6.31231 1.72955 1.78
      vertex 5.20366 2.18877 2.98
    endloop
  endfacet
  facet normal 0.448692 -0.546758 0.706917
    outer loop
      vertex 6.56362 2.08025 1.78
      vertex 6.61168 2.11969 1.78
      vertex 5.77241 2.98246 2.98
    endloop
  endfacet
  facet normal 0.516195 -0.483542 0.706916
    outer loop
      vertex 6.47575 1.99238 1.78
      vertex 6.51825 2.03775 1.78
      vertex 5.57354 2.78359 2.98
    endloop
  endfacet
  facet normal 0.291919 -0.644246 0.706916
    outer loop
      vertex 6.76982 2.21803 1.78
      vertex 6.82645 2.24369 1.78
      vertex 6.36723 3.35234 2.98
    endloop
  endfacet
  facet normal 0.249072 -0.661993 0.706915
    outer loop
      vertex 6.82645 2.24369 1.78
      vertex 6.88463 2.26558 1.78
      vertex 6.36723 3.35234 2.98
    endloop
  endfacet
  facet normal 0.115134 -0.697859 0.70692
    outer loop
      vertex 7.00466 2.29775 1.78
      vertex 7.066 2.30787 1.78
      vertex 6.90937 3.49761 2.98
    endloop
  endfacet
  facet normal 0.0693983 -0.70388 0.70692
    outer loop
      vertex 7.066 2.30787 1.78
      vertex 7.12787 2.31397 1.78
      vertex 6.90937 3.49761 2.98
    endloop
  endfacet
  facet normal 0.697859 -0.115134 0.70692
    outer loop
      vertex 6.24813 1.49 1.78
      vertex 6.25825 1.55134 1.78
      vertex 5.05839 1.64663 2.98
    endloop
  endfacet
  facet normal -0.683594 0.729863 0
    outer loop
      vertex 8.71028 -4.70428 2.98
      vertex 8.60759 -4.80046 3
      vertex 8.71028 -4.70428 3
    endloop
  endfacet
  facet normal -0.683594 0.729863 0
    outer loop
      vertex 8.60759 -4.80046 3
      vertex 8.71028 -4.70428 2.98
      vertex 8.60759 -4.80046 2.98
    endloop
  endfacet
  facet normal 0.483542 -0.516195 0.706916
    outer loop
      vertex 6.51825 2.03775 1.78
      vertex 6.56362 2.08025 1.78
      vertex 5.77241 2.98246 2.98
    endloop
  endfacet
  facet normal 0.688809 -0.160654 0.706918
    outer loop
      vertex 6.25825 1.55134 1.78
      vertex 6.27237 1.61188 1.78
      vertex 5.11326 1.92246 2.98
    endloop
  endfacet
  facet normal -0.352146 -0.935945 0
    outer loop
      vertex 7.49537 2.26558 1
      vertex 7.55355 2.24369 1.78
      vertex 7.49537 2.26558 1.78
    endloop
  endfacet
  facet normal -0.352146 -0.935945 -0
    outer loop
      vertex 7.55355 2.24369 1.78
      vertex 7.49537 2.26558 1
      vertex 7.55355 2.24369 1
    endloop
  endfacet
  facet normal -0.999467 -0.032656 0
    outer loop
      vertex 8.14 1.366 1
      vertex 8.13797 1.42813 1.78
      vertex 8.13797 1.42813 1
    endloop
  endfacet
  facet normal -0.999467 -0.032656 0
    outer loop
      vertex 8.13797 1.42813 1.78
      vertex 8.14 1.366 1
      vertex 8.14 1.366 1.78
    endloop
  endfacet
  facet normal -1 0 0
    outer loop
      vertex 8.14 -3.184 1
      vertex 8.14 1.366 1.78
      vertex 8.14 1.366 1
    endloop
  endfacet
  facet normal -1 -0 0
    outer loop
      vertex 8.14 1.366 1.78
      vertex 8.14 -3.184 1
      vertex 8.14 -3.184 1.78
    endloop
  endfacet
  facet normal -0.634376 -0.773025 0
    outer loop
      vertex 7.76832 2.11969 1
      vertex 7.81638 2.08025 1.78
      vertex 7.76832 2.11969 1.78
    endloop
  endfacet
  facet normal -0.634376 -0.773025 -0
    outer loop
      vertex 7.81638 2.08025 1.78
      vertex 7.76832 2.11969 1
      vertex 7.81638 2.08025 1
    endloop
  endfacet
  facet normal -0.773025 -0.634376 0
    outer loop
      vertex 7.94369 1.94432 1
      vertex 7.90425 1.99238 1.78
      vertex 7.90425 1.99238 1
    endloop
  endfacet
  facet normal -0.773025 -0.634376 0
    outer loop
      vertex 7.90425 1.99238 1.78
      vertex 7.94369 1.94432 1
      vertex 7.94369 1.94432 1.78
    endloop
  endfacet
  facet normal -0.995175 -0.0981181 0
    outer loop
      vertex 8.13797 1.42813 1
      vertex 8.13187 1.49 1.78
      vertex 8.13187 1.49 1
    endloop
  endfacet
  facet normal -0.995175 -0.0981181 0
    outer loop
      vertex 8.13187 1.49 1.78
      vertex 8.13797 1.42813 1
      vertex 8.13797 1.42813 1.78
    endloop
  endfacet
  facet normal 0.032656 -0.999467 0
    outer loop
      vertex 7.12787 2.31397 1
      vertex 7.19 2.316 1.78
      vertex 7.12787 2.31397 1.78
    endloop
  endfacet
  facet normal 0.032656 -0.999467 0
    outer loop
      vertex 7.19 2.316 1.78
      vertex 7.12787 2.31397 1
      vertex 7.19 2.316 1
    endloop
  endfacet
  facet normal 0.935945 0.352146 0
    outer loop
      vertex 6.31231 -3.54755 1.78
      vertex 6.29042 -3.48937 1
      vertex 6.29042 -3.48937 1.78
    endloop
  endfacet
  facet normal 0.935945 0.352146 0
    outer loop
      vertex 6.29042 -3.48937 1
      vertex 6.31231 -3.54755 1.78
      vertex 6.31231 -3.54755 1
    endloop
  endfacet
  facet normal -0.973863 0.227138 0
    outer loop
      vertex 8.10763 -3.42988 1
      vertex 8.12175 -3.36934 1.78
      vertex 8.12175 -3.36934 1
    endloop
  endfacet
  facet normal -0.973863 0.227138 0
    outer loop
      vertex 8.12175 -3.36934 1.78
      vertex 8.10763 -3.42988 1
      vertex 8.10763 -3.42988 1.78
    endloop
  endfacet
  facet normal 0.227138 -0.973863 0
    outer loop
      vertex 6.94412 2.28363 1
      vertex 7.00466 2.29775 1.78
      vertex 6.94412 2.28363 1.78
    endloop
  endfacet
  facet normal 0.227138 -0.973863 0
    outer loop
      vertex 7.00466 2.29775 1.78
      vertex 6.94412 2.28363 1
      vertex 7.00466 2.29775 1
    endloop
  endfacet
  facet normal -0.227138 -0.973863 0
    outer loop
      vertex 7.37534 2.29775 1
      vertex 7.43588 2.28363 1.78
      vertex 7.37534 2.29775 1.78
    endloop
  endfacet
  facet normal -0.227138 -0.973863 -0
    outer loop
      vertex 7.43588 2.28363 1.78
      vertex 7.37534 2.29775 1
      vertex 7.43588 2.28363 1
    endloop
  endfacet
  facet normal -0.729813 -0.683647 0
    outer loop
      vertex 7.90425 1.99238 1
      vertex 7.86175 2.03775 1.78
      vertex 7.86175 2.03775 1
    endloop
  endfacet
  facet normal -0.729813 -0.683647 0
    outer loop
      vertex 7.86175 2.03775 1.78
      vertex 7.90425 1.99238 1
      vertex 7.90425 1.99238 1.78
    endloop
  endfacet
  facet normal -0.527987 -0.849252 0
    outer loop
      vertex 7.665 2.18872 1
      vertex 7.71779 2.1559 1.78
      vertex 7.665 2.18872 1.78
    endloop
  endfacet
  facet normal -0.527987 -0.849252 -0
    outer loop
      vertex 7.71779 2.1559 1.78
      vertex 7.665 2.18872 1
      vertex 7.71779 2.1559 1
    endloop
  endfacet
  facet normal -0.582485 -0.812841 0
    outer loop
      vertex 7.71779 2.1559 1
      vertex 7.76832 2.11969 1.78
      vertex 7.71779 2.1559 1.78
    endloop
  endfacet
  facet normal -0.582485 -0.812841 -0
    outer loop
      vertex 7.76832 2.11969 1.78
      vertex 7.71779 2.1559 1
      vertex 7.76832 2.11969 1
    endloop
  endfacet
  facet normal -0.032656 0.999467 0
    outer loop
      vertex 7.25213 -4.13197 1
      vertex 7.19 -4.134 1.78
      vertex 7.25213 -4.13197 1.78
    endloop
  endfacet
  facet normal -0.032656 0.999467 0
    outer loop
      vertex 7.19 -4.134 1.78
      vertex 7.25213 -4.13197 1
      vertex 7.19 -4.134 1
    endloop
  endfacet
  facet normal -0.986662 0.162782 0
    outer loop
      vertex 8.12175 -3.36934 1
      vertex 8.13187 -3.308 1.78
      vertex 8.13187 -3.308 1
    endloop
  endfacet
  facet normal -0.986662 0.162782 0
    outer loop
      vertex 8.13187 -3.308 1.78
      vertex 8.12175 -3.36934 1
      vertex 8.12175 -3.36934 1.78
    endloop
  endfacet
  facet normal -0.935945 0.352146 0
    outer loop
      vertex 8.06769 -3.54755 1
      vertex 8.08958 -3.48937 1.78
      vertex 8.08958 -3.48937 1
    endloop
  endfacet
  facet normal -0.935945 0.352146 0
    outer loop
      vertex 8.08958 -3.48937 1.78
      vertex 8.06769 -3.54755 1
      vertex 8.06769 -3.54755 1.78
    endloop
  endfacet
  facet normal -0.881903 -0.471431 0
    outer loop
      vertex 8.04203 1.78617 1
      vertex 8.01272 1.841 1.78
      vertex 8.01272 1.841 1
    endloop
  endfacet
  facet normal -0.881903 -0.471431 0
    outer loop
      vertex 8.01272 1.841 1.78
      vertex 8.04203 1.78617 1
      vertex 8.04203 1.78617 1.78
    endloop
  endfacet
  facet normal 1 -0 0
    outer loop
      vertex 6.24 -3.184 1.78
      vertex 6.24 1.366 1
      vertex 6.24 1.366 1.78
    endloop
  endfacet
  facet normal 1 0 0
    outer loop
      vertex 6.24 1.366 1
      vertex 6.24 -3.184 1.78
      vertex 6.24 -3.184 1
    endloop
  endfacet
  facet normal 0.527987 -0.849252 0
    outer loop
      vertex 6.66221 2.1559 1
      vertex 6.715 2.18872 1.78
      vertex 6.66221 2.1559 1.78
    endloop
  endfacet
  facet normal 0.527987 -0.849252 0
    outer loop
      vertex 6.715 2.18872 1.78
      vertex 6.66221 2.1559 1
      vertex 6.715 2.18872 1
    endloop
  endfacet
  facet normal 0.582485 -0.812841 0
    outer loop
      vertex 6.61168 2.11969 1
      vertex 6.66221 2.1559 1.78
      vertex 6.61168 2.11969 1.78
    endloop
  endfacet
  facet normal 0.582485 -0.812841 0
    outer loop
      vertex 6.66221 2.1559 1.78
      vertex 6.61168 2.11969 1
      vertex 6.66221 2.1559 1
    endloop
  endfacet
  facet normal -0.290342 -0.956923 0
    outer loop
      vertex 7.43588 2.28363 1
      vertex 7.49537 2.26558 1.78
      vertex 7.43588 2.28363 1.78
    endloop
  endfacet
  facet normal -0.290342 -0.956923 -0
    outer loop
      vertex 7.49537 2.26558 1.78
      vertex 7.43588 2.28363 1
      vertex 7.49537 2.26558 1
    endloop
  endfacet
  facet normal -0.0981181 -0.995175 0
    outer loop
      vertex 7.25213 2.31397 1
      vertex 7.314 2.30787 1.78
      vertex 7.25213 2.31397 1.78
    endloop
  endfacet
  facet normal -0.0981181 -0.995175 -0
    outer loop
      vertex 7.314 2.30787 1.78
      vertex 7.25213 2.31397 1
      vertex 7.314 2.30787 1
    endloop
  endfacet
  facet normal -0.683647 -0.729813 0
    outer loop
      vertex 7.81638 2.08025 1
      vertex 7.86175 2.03775 1.78
      vertex 7.81638 2.08025 1.78
    endloop
  endfacet
  facet normal -0.683647 -0.729813 -0
    outer loop
      vertex 7.86175 2.03775 1.78
      vertex 7.81638 2.08025 1
      vertex 7.86175 2.03775 1
    endloop
  endfacet
  facet normal -0.471431 -0.881903 0
    outer loop
      vertex 7.61017 2.21803 1
      vertex 7.665 2.18872 1.78
      vertex 7.61017 2.21803 1.78
    endloop
  endfacet
  facet normal -0.471431 -0.881903 -0
    outer loop
      vertex 7.665 2.18872 1.78
      vertex 7.61017 2.21803 1
      vertex 7.665 2.18872 1
    endloop
  endfacet
  facet normal -0.412785 -0.910829 0
    outer loop
      vertex 7.55355 2.24369 1
      vertex 7.61017 2.21803 1.78
      vertex 7.55355 2.24369 1.78
    endloop
  endfacet
  facet normal -0.412785 -0.910829 -0
    outer loop
      vertex 7.61017 2.21803 1.78
      vertex 7.55355 2.24369 1
      vertex 7.61017 2.21803 1
    endloop
  endfacet
  facet normal -0.582485 0.812841 0
    outer loop
      vertex 7.76832 -3.93769 1
      vertex 7.71779 -3.9739 1.78
      vertex 7.76832 -3.93769 1.78
    endloop
  endfacet
  facet normal -0.582485 0.812841 0
    outer loop
      vertex 7.71779 -3.9739 1.78
      vertex 7.76832 -3.93769 1
      vertex 7.71779 -3.9739 1
    endloop
  endfacet
  facet normal -0.999467 0.032656 0
    outer loop
      vertex 8.13797 -3.24613 1
      vertex 8.14 -3.184 1.78
      vertex 8.14 -3.184 1
    endloop
  endfacet
  facet normal -0.999467 0.032656 0
    outer loop
      vertex 8.14 -3.184 1.78
      vertex 8.13797 -3.24613 1
      vertex 8.13797 -3.24613 1.78
    endloop
  endfacet
  facet normal -0.956923 0.290342 0
    outer loop
      vertex 8.08958 -3.48937 1
      vertex 8.10763 -3.42988 1.78
      vertex 8.10763 -3.42988 1
    endloop
  endfacet
  facet normal -0.956923 0.290342 0
    outer loop
      vertex 8.10763 -3.42988 1.78
      vertex 8.08958 -3.48937 1
      vertex 8.08958 -3.48937 1.78
    endloop
  endfacet
  facet normal -0.812841 -0.582485 0
    outer loop
      vertex 7.9799 1.89379 1
      vertex 7.94369 1.94432 1.78
      vertex 7.94369 1.94432 1
    endloop
  endfacet
  facet normal -0.812841 -0.582485 0
    outer loop
      vertex 7.94369 1.94432 1.78
      vertex 7.9799 1.89379 1
      vertex 7.9799 1.89379 1.78
    endloop
  endfacet
  facet normal -0.956923 -0.290342 0
    outer loop
      vertex 8.10763 1.61188 1
      vertex 8.08958 1.67137 1.78
      vertex 8.08958 1.67137 1
    endloop
  endfacet
  facet normal -0.956923 -0.290342 0
    outer loop
      vertex 8.08958 1.67137 1.78
      vertex 8.10763 1.61188 1
      vertex 8.10763 1.61188 1.78
    endloop
  endfacet
  facet normal -0.935945 -0.352146 0
    outer loop
      vertex 8.08958 1.67137 1
      vertex 8.06769 1.72955 1.78
      vertex 8.06769 1.72955 1
    endloop
  endfacet
  facet normal -0.935945 -0.352146 0
    outer loop
      vertex 8.06769 1.72955 1.78
      vertex 8.08958 1.67137 1
      vertex 8.08958 1.67137 1.78
    endloop
  endfacet
  facet normal -0.986662 -0.162782 0
    outer loop
      vertex 8.13187 1.49 1
      vertex 8.12175 1.55134 1.78
      vertex 8.12175 1.55134 1
    endloop
  endfacet
  facet normal -0.986662 -0.162782 0
    outer loop
      vertex 8.12175 1.55134 1.78
      vertex 8.13187 1.49 1
      vertex 8.13187 1.49 1.78
    endloop
  endfacet
  facet normal -0.973863 -0.227138 0
    outer loop
      vertex 8.12175 1.55134 1
      vertex 8.10763 1.61188 1.78
      vertex 8.10763 1.61188 1
    endloop
  endfacet
  facet normal -0.973863 -0.227138 0
    outer loop
      vertex 8.10763 1.61188 1.78
      vertex 8.12175 1.55134 1
      vertex 8.12175 1.55134 1.78
    endloop
  endfacet
  facet normal 0.881903 -0.471431 0
    outer loop
      vertex 6.33797 1.78617 1.78
      vertex 6.36728 1.841 1
      vertex 6.36728 1.841 1.78
    endloop
  endfacet
  facet normal 0.881903 -0.471431 0
    outer loop
      vertex 6.36728 1.841 1
      vertex 6.33797 1.78617 1.78
      vertex 6.33797 1.78617 1
    endloop
  endfacet
  facet normal 0.973863 -0.227138 0
    outer loop
      vertex 6.25825 1.55134 1.78
      vertex 6.27237 1.61188 1
      vertex 6.27237 1.61188 1.78
    endloop
  endfacet
  facet normal 0.973863 -0.227138 0
    outer loop
      vertex 6.27237 1.61188 1
      vertex 6.25825 1.55134 1.78
      vertex 6.25825 1.55134 1
    endloop
  endfacet
  facet normal 0.986662 -0.162782 0
    outer loop
      vertex 6.24813 1.49 1.78
      vertex 6.25825 1.55134 1
      vertex 6.25825 1.55134 1.78
    endloop
  endfacet
  facet normal 0.986662 -0.162782 0
    outer loop
      vertex 6.25825 1.55134 1
      vertex 6.24813 1.49 1.78
      vertex 6.24813 1.49 1
    endloop
  endfacet
  facet normal 0.773025 -0.634376 0
    outer loop
      vertex 6.43631 1.94432 1.78
      vertex 6.47575 1.99238 1
      vertex 6.47575 1.99238 1.78
    endloop
  endfacet
  facet normal 0.773025 -0.634376 0
    outer loop
      vertex 6.47575 1.99238 1
      vertex 6.43631 1.94432 1.78
      vertex 6.43631 1.94432 1
    endloop
  endfacet
  facet normal 0.683647 -0.729813 0
    outer loop
      vertex 6.51825 2.03775 1
      vertex 6.56362 2.08025 1.78
      vertex 6.51825 2.03775 1.78
    endloop
  endfacet
  facet normal 0.683647 -0.729813 0
    outer loop
      vertex 6.56362 2.08025 1.78
      vertex 6.51825 2.03775 1
      vertex 6.56362 2.08025 1
    endloop
  endfacet
  facet normal 0.634376 -0.773025 0
    outer loop
      vertex 6.56362 2.08025 1
      vertex 6.61168 2.11969 1.78
      vertex 6.56362 2.08025 1.78
    endloop
  endfacet
  facet normal 0.634376 -0.773025 0
    outer loop
      vertex 6.61168 2.11969 1.78
      vertex 6.56362 2.08025 1
      vertex 6.61168 2.11969 1
    endloop
  endfacet
  facet normal 0.471498 -0.881867 0
    outer loop
      vertex 6.715 2.18872 1
      vertex 6.76982 2.21803 1.78
      vertex 6.715 2.18872 1.78
    endloop
  endfacet
  facet normal 0.471498 -0.881867 0
    outer loop
      vertex 6.76982 2.21803 1.78
      vertex 6.715 2.18872 1
      vertex 6.76982 2.21803 1
    endloop
  endfacet
  facet normal 0.412724 -0.910856 0
    outer loop
      vertex 6.76982 2.21803 1
      vertex 6.82645 2.24369 1.78
      vertex 6.76982 2.21803 1.78
    endloop
  endfacet
  facet normal 0.412724 -0.910856 0
    outer loop
      vertex 6.82645 2.24369 1.78
      vertex 6.76982 2.21803 1
      vertex 6.82645 2.24369 1
    endloop
  endfacet
  facet normal 0.162782 -0.986662 0
    outer loop
      vertex 7.00466 2.29775 1
      vertex 7.066 2.30787 1.78
      vertex 7.00466 2.29775 1.78
    endloop
  endfacet
  facet normal 0.162782 -0.986662 0
    outer loop
      vertex 7.066 2.30787 1.78
      vertex 7.00466 2.29775 1
      vertex 7.066 2.30787 1
    endloop
  endfacet
  facet normal -0.032656 -0.999467 0
    outer loop
      vertex 7.19 2.316 1
      vertex 7.25213 2.31397 1.78
      vertex 7.19 2.316 1.78
    endloop
  endfacet
  facet normal -0.032656 -0.999467 -0
    outer loop
      vertex 7.25213 2.31397 1.78
      vertex 7.19 2.316 1
      vertex 7.25213 2.31397 1
    endloop
  endfacet
  facet normal -0.162782 -0.986662 0
    outer loop
      vertex 7.314 2.30787 1
      vertex 7.37534 2.29775 1.78
      vertex 7.314 2.30787 1.78
    endloop
  endfacet
  facet normal -0.162782 -0.986662 -0
    outer loop
      vertex 7.37534 2.29775 1.78
      vertex 7.314 2.30787 1
      vertex 7.37534 2.29775 1
    endloop
  endfacet
  facet normal -0.683647 0.729813 0
    outer loop
      vertex 7.86175 -3.85575 1
      vertex 7.81638 -3.89825 1.78
      vertex 7.86175 -3.85575 1.78
    endloop
  endfacet
  facet normal -0.683647 0.729813 0
    outer loop
      vertex 7.81638 -3.89825 1.78
      vertex 7.86175 -3.85575 1
      vertex 7.81638 -3.89825 1
    endloop
  endfacet
  facet normal -0.162782 0.986662 0
    outer loop
      vertex 7.37534 -4.11575 1
      vertex 7.314 -4.12587 1.78
      vertex 7.37534 -4.11575 1.78
    endloop
  endfacet
  facet normal -0.162782 0.986662 0
    outer loop
      vertex 7.314 -4.12587 1.78
      vertex 7.37534 -4.11575 1
      vertex 7.314 -4.12587 1
    endloop
  endfacet
  facet normal 0.582485 0.812841 -0
    outer loop
      vertex 6.66221 -3.9739 1
      vertex 6.61168 -3.93769 1.78
      vertex 6.66221 -3.9739 1.78
    endloop
  endfacet
  facet normal 0.582485 0.812841 0
    outer loop
      vertex 6.61168 -3.93769 1.78
      vertex 6.66221 -3.9739 1
      vertex 6.61168 -3.93769 1
    endloop
  endfacet
  facet normal 0.773025 0.634376 0
    outer loop
      vertex 6.47575 -3.81038 1.78
      vertex 6.43631 -3.76232 1
      vertex 6.43631 -3.76232 1.78
    endloop
  endfacet
  facet normal 0.773025 0.634376 0
    outer loop
      vertex 6.43631 -3.76232 1
      vertex 6.47575 -3.81038 1.78
      vertex 6.47575 -3.81038 1
    endloop
  endfacet
  facet normal 0.412724 0.910856 -0
    outer loop
      vertex 6.82645 -4.06169 1
      vertex 6.76982 -4.03603 1.78
      vertex 6.82645 -4.06169 1.78
    endloop
  endfacet
  facet normal 0.412724 0.910856 0
    outer loop
      vertex 6.76982 -4.03603 1.78
      vertex 6.82645 -4.06169 1
      vertex 6.76982 -4.03603 1
    endloop
  endfacet
  facet normal 0.227138 0.973863 -0
    outer loop
      vertex 7.00466 -4.11575 1
      vertex 6.94412 -4.10163 1.78
      vertex 7.00466 -4.11575 1.78
    endloop
  endfacet
  facet normal 0.227138 0.973863 0
    outer loop
      vertex 6.94412 -4.10163 1.78
      vertex 7.00466 -4.11575 1
      vertex 6.94412 -4.10163 1
    endloop
  endfacet
  facet normal -0.995175 0.0981181 0
    outer loop
      vertex 8.13187 -3.308 1
      vertex 8.13797 -3.24613 1.78
      vertex 8.13797 -3.24613 1
    endloop
  endfacet
  facet normal -0.995175 0.0981181 0
    outer loop
      vertex 8.13797 -3.24613 1.78
      vertex 8.13187 -3.308 1
      vertex 8.13187 -3.308 1.78
    endloop
  endfacet
  facet normal -0.849252 -0.527987 0
    outer loop
      vertex 8.01272 1.841 1
      vertex 7.9799 1.89379 1.78
      vertex 7.9799 1.89379 1
    endloop
  endfacet
  facet normal -0.849252 -0.527987 0
    outer loop
      vertex 7.9799 1.89379 1.78
      vertex 8.01272 1.841 1
      vertex 8.01272 1.841 1.78
    endloop
  endfacet
  facet normal -0.910829 -0.412785 0
    outer loop
      vertex 8.06769 1.72955 1
      vertex 8.04203 1.78617 1.78
      vertex 8.04203 1.78617 1
    endloop
  endfacet
  facet normal -0.910829 -0.412785 0
    outer loop
      vertex 8.04203 1.78617 1.78
      vertex 8.06769 1.72955 1
      vertex 8.06769 1.72955 1.78
    endloop
  endfacet
  facet normal 0.935945 -0.352146 0
    outer loop
      vertex 6.29042 1.67137 1.78
      vertex 6.31231 1.72955 1
      vertex 6.31231 1.72955 1.78
    endloop
  endfacet
  facet normal 0.935945 -0.352146 0
    outer loop
      vertex 6.31231 1.72955 1
      vertex 6.29042 1.67137 1.78
      vertex 6.29042 1.67137 1
    endloop
  endfacet
  facet normal 0.849252 -0.527987 0
    outer loop
      vertex 6.36728 1.841 1.78
      vertex 6.4001 1.89379 1
      vertex 6.4001 1.89379 1.78
    endloop
  endfacet
  facet normal 0.849252 -0.527987 0
    outer loop
      vertex 6.4001 1.89379 1
      vertex 6.36728 1.841 1.78
      vertex 6.36728 1.841 1
    endloop
  endfacet
  facet normal 0.812841 -0.582485 0
    outer loop
      vertex 6.4001 1.89379 1.78
      vertex 6.43631 1.94432 1
      vertex 6.43631 1.94432 1.78
    endloop
  endfacet
  facet normal 0.812841 -0.582485 0
    outer loop
      vertex 6.43631 1.94432 1
      vertex 6.4001 1.89379 1.78
      vertex 6.4001 1.89379 1
    endloop
  endfacet
  facet normal 0.956923 -0.290342 0
    outer loop
      vertex 6.27237 1.61188 1.78
      vertex 6.29042 1.67137 1
      vertex 6.29042 1.67137 1.78
    endloop
  endfacet
  facet normal 0.956923 -0.290342 0
    outer loop
      vertex 6.29042 1.67137 1
      vertex 6.27237 1.61188 1.78
      vertex 6.27237 1.61188 1
    endloop
  endfacet
  facet normal 0.999467 -0.032656 0
    outer loop
      vertex 6.24 1.366 1.78
      vertex 6.24203 1.42813 1
      vertex 6.24203 1.42813 1.78
    endloop
  endfacet
  facet normal 0.999467 -0.032656 0
    outer loop
      vertex 6.24203 1.42813 1
      vertex 6.24 1.366 1.78
      vertex 6.24 1.366 1
    endloop
  endfacet
  facet normal 0.986662 0.162782 0
    outer loop
      vertex 6.25825 -3.36934 1.78
      vertex 6.24813 -3.308 1
      vertex 6.24813 -3.308 1.78
    endloop
  endfacet
  facet normal 0.986662 0.162782 0
    outer loop
      vertex 6.24813 -3.308 1
      vertex 6.25825 -3.36934 1.78
      vertex 6.25825 -3.36934 1
    endloop
  endfacet
  facet normal 0.999467 0.032656 0
    outer loop
      vertex 6.24203 -3.24613 1.78
      vertex 6.24 -3.184 1
      vertex 6.24 -3.184 1.78
    endloop
  endfacet
  facet normal 0.999467 0.032656 0
    outer loop
      vertex 6.24 -3.184 1
      vertex 6.24203 -3.24613 1.78
      vertex 6.24203 -3.24613 1
    endloop
  endfacet
  facet normal 0.973863 0.227138 0
    outer loop
      vertex 6.27237 -3.42988 1.78
      vertex 6.25825 -3.36934 1
      vertex 6.25825 -3.36934 1.78
    endloop
  endfacet
  facet normal 0.973863 0.227138 0
    outer loop
      vertex 6.25825 -3.36934 1
      vertex 6.27237 -3.42988 1.78
      vertex 6.27237 -3.42988 1
    endloop
  endfacet
  facet normal 0.956923 0.290342 0
    outer loop
      vertex 6.29042 -3.48937 1.78
      vertex 6.27237 -3.42988 1
      vertex 6.27237 -3.42988 1.78
    endloop
  endfacet
  facet normal 0.956923 0.290342 0
    outer loop
      vertex 6.27237 -3.42988 1
      vertex 6.29042 -3.48937 1.78
      vertex 6.29042 -3.48937 1
    endloop
  endfacet
  facet normal 0.352146 -0.935945 0
    outer loop
      vertex 6.82645 2.24369 1
      vertex 6.88463 2.26558 1.78
      vertex 6.82645 2.24369 1.78
    endloop
  endfacet
  facet normal 0.352146 -0.935945 0
    outer loop
      vertex 6.88463 2.26558 1.78
      vertex 6.82645 2.24369 1
      vertex 6.88463 2.26558 1
    endloop
  endfacet
  facet normal 0.290342 -0.956923 0
    outer loop
      vertex 6.88463 2.26558 1
      vertex 6.94412 2.28363 1.78
      vertex 6.88463 2.26558 1.78
    endloop
  endfacet
  facet normal 0.290342 -0.956923 0
    outer loop
      vertex 6.94412 2.28363 1.78
      vertex 6.88463 2.26558 1
      vertex 6.94412 2.28363 1
    endloop
  endfacet
  facet normal 0.0981181 -0.995175 0
    outer loop
      vertex 7.066 2.30787 1
      vertex 7.12787 2.31397 1.78
      vertex 7.066 2.30787 1.78
    endloop
  endfacet
  facet normal 0.0981181 -0.995175 0
    outer loop
      vertex 7.12787 2.31397 1.78
      vertex 7.066 2.30787 1
      vertex 7.12787 2.31397 1
    endloop
  endfacet
  facet normal -0.812841 0.582485 0
    outer loop
      vertex 7.94369 -3.76232 1
      vertex 7.9799 -3.71179 1.78
      vertex 7.9799 -3.71179 1
    endloop
  endfacet
  facet normal -0.812841 0.582485 0
    outer loop
      vertex 7.9799 -3.71179 1.78
      vertex 7.94369 -3.76232 1
      vertex 7.94369 -3.76232 1.78
    endloop
  endfacet
  facet normal -0.0981181 0.995175 0
    outer loop
      vertex 7.314 -4.12587 1
      vertex 7.25213 -4.13197 1.78
      vertex 7.314 -4.12587 1.78
    endloop
  endfacet
  facet normal -0.0981181 0.995175 0
    outer loop
      vertex 7.25213 -4.13197 1.78
      vertex 7.314 -4.12587 1
      vertex 7.25213 -4.13197 1
    endloop
  endfacet
  facet normal -0.290342 0.956923 0
    outer loop
      vertex 7.49537 -4.08358 1
      vertex 7.43588 -4.10163 1.78
      vertex 7.49537 -4.08358 1.78
    endloop
  endfacet
  facet normal -0.290342 0.956923 0
    outer loop
      vertex 7.43588 -4.10163 1.78
      vertex 7.49537 -4.08358 1
      vertex 7.43588 -4.10163 1
    endloop
  endfacet
  facet normal -0.471431 0.881903 0
    outer loop
      vertex 7.665 -4.00672 1
      vertex 7.61017 -4.03603 1.78
      vertex 7.665 -4.00672 1.78
    endloop
  endfacet
  facet normal -0.471431 0.881903 0
    outer loop
      vertex 7.61017 -4.03603 1.78
      vertex 7.665 -4.00672 1
      vertex 7.61017 -4.03603 1
    endloop
  endfacet
  facet normal -0.352146 0.935945 0
    outer loop
      vertex 7.55355 -4.06169 1
      vertex 7.49537 -4.08358 1.78
      vertex 7.55355 -4.06169 1.78
    endloop
  endfacet
  facet normal -0.352146 0.935945 0
    outer loop
      vertex 7.49537 -4.08358 1.78
      vertex 7.55355 -4.06169 1
      vertex 7.49537 -4.08358 1
    endloop
  endfacet
  facet normal -0.412785 0.910829 0
    outer loop
      vertex 7.61017 -4.03603 1
      vertex 7.55355 -4.06169 1.78
      vertex 7.61017 -4.03603 1.78
    endloop
  endfacet
  facet normal -0.412785 0.910829 0
    outer loop
      vertex 7.55355 -4.06169 1.78
      vertex 7.61017 -4.03603 1
      vertex 7.55355 -4.06169 1
    endloop
  endfacet
  facet normal 0.849252 0.527987 0
    outer loop
      vertex 6.4001 -3.71179 1.78
      vertex 6.36728 -3.659 1
      vertex 6.36728 -3.659 1.78
    endloop
  endfacet
  facet normal 0.849252 0.527987 0
    outer loop
      vertex 6.36728 -3.659 1
      vertex 6.4001 -3.71179 1.78
      vertex 6.4001 -3.71179 1
    endloop
  endfacet
  facet normal 0.812841 0.582485 0
    outer loop
      vertex 6.43631 -3.76232 1.78
      vertex 6.4001 -3.71179 1
      vertex 6.4001 -3.71179 1.78
    endloop
  endfacet
  facet normal 0.812841 0.582485 0
    outer loop
      vertex 6.4001 -3.71179 1
      vertex 6.43631 -3.76232 1.78
      vertex 6.43631 -3.76232 1
    endloop
  endfacet
  facet normal 0.634376 0.773025 -0
    outer loop
      vertex 6.61168 -3.93769 1
      vertex 6.56362 -3.89825 1.78
      vertex 6.61168 -3.93769 1.78
    endloop
  endfacet
  facet normal 0.634376 0.773025 0
    outer loop
      vertex 6.56362 -3.89825 1.78
      vertex 6.61168 -3.93769 1
      vertex 6.56362 -3.89825 1
    endloop
  endfacet
  facet normal 0.683647 0.729813 -0
    outer loop
      vertex 6.56362 -3.89825 1
      vertex 6.51825 -3.85575 1.78
      vertex 6.56362 -3.89825 1.78
    endloop
  endfacet
  facet normal 0.683647 0.729813 0
    outer loop
      vertex 6.51825 -3.85575 1.78
      vertex 6.56362 -3.89825 1
      vertex 6.51825 -3.85575 1
    endloop
  endfacet
  facet normal 0.527987 0.849252 -0
    outer loop
      vertex 6.715 -4.00672 1
      vertex 6.66221 -3.9739 1.78
      vertex 6.715 -4.00672 1.78
    endloop
  endfacet
  facet normal 0.527987 0.849252 0
    outer loop
      vertex 6.66221 -3.9739 1.78
      vertex 6.715 -4.00672 1
      vertex 6.66221 -3.9739 1
    endloop
  endfacet
  facet normal 0.352146 0.935945 -0
    outer loop
      vertex 6.88463 -4.08358 1
      vertex 6.82645 -4.06169 1.78
      vertex 6.88463 -4.08358 1.78
    endloop
  endfacet
  facet normal 0.352146 0.935945 0
    outer loop
      vertex 6.82645 -4.06169 1.78
      vertex 6.88463 -4.08358 1
      vertex 6.82645 -4.06169 1
    endloop
  endfacet
  facet normal 0.290342 0.956923 -0
    outer loop
      vertex 6.94412 -4.10163 1
      vertex 6.88463 -4.08358 1.78
      vertex 6.94412 -4.10163 1.78
    endloop
  endfacet
  facet normal 0.290342 0.956923 0
    outer loop
      vertex 6.88463 -4.08358 1.78
      vertex 6.94412 -4.10163 1
      vertex 6.88463 -4.08358 1
    endloop
  endfacet
  facet normal 0.162782 0.986662 -0
    outer loop
      vertex 7.066 -4.12587 1
      vertex 7.00466 -4.11575 1.78
      vertex 7.066 -4.12587 1.78
    endloop
  endfacet
  facet normal 0.162782 0.986662 0
    outer loop
      vertex 7.00466 -4.11575 1.78
      vertex 7.066 -4.12587 1
      vertex 7.00466 -4.11575 1
    endloop
  endfacet
  facet normal 0.0981181 0.995175 -0
    outer loop
      vertex 7.12787 -4.13197 1
      vertex 7.066 -4.12587 1.78
      vertex 7.12787 -4.13197 1.78
    endloop
  endfacet
  facet normal 0.0981181 0.995175 0
    outer loop
      vertex 7.066 -4.12587 1.78
      vertex 7.12787 -4.13197 1
      vertex 7.066 -4.12587 1
    endloop
  endfacet
  facet normal 0.032656 0.999467 -0
    outer loop
      vertex 7.19 -4.134 1
      vertex 7.12787 -4.13197 1.78
      vertex 7.19 -4.134 1.78
    endloop
  endfacet
  facet normal 0.032656 0.999467 0
    outer loop
      vertex 7.12787 -4.13197 1.78
      vertex 7.19 -4.134 1
      vertex 7.12787 -4.13197 1
    endloop
  endfacet
  facet normal 0.910829 -0.412785 0
    outer loop
      vertex 6.31231 1.72955 1.78
      vertex 6.33797 1.78617 1
      vertex 6.33797 1.78617 1.78
    endloop
  endfacet
  facet normal 0.910829 -0.412785 0
    outer loop
      vertex 6.33797 1.78617 1
      vertex 6.31231 1.72955 1.78
      vertex 6.31231 1.72955 1
    endloop
  endfacet
  facet normal 0.995175 -0.0981181 0
    outer loop
      vertex 6.24203 1.42813 1.78
      vertex 6.24813 1.49 1
      vertex 6.24813 1.49 1.78
    endloop
  endfacet
  facet normal 0.995175 -0.0981181 0
    outer loop
      vertex 6.24813 1.49 1
      vertex 6.24203 1.42813 1.78
      vertex 6.24203 1.42813 1
    endloop
  endfacet
  facet normal 0.995175 0.0981181 0
    outer loop
      vertex 6.24813 -3.308 1.78
      vertex 6.24203 -3.24613 1
      vertex 6.24203 -3.24613 1.78
    endloop
  endfacet
  facet normal 0.995175 0.0981181 0
    outer loop
      vertex 6.24203 -3.24613 1
      vertex 6.24813 -3.308 1.78
      vertex 6.24813 -3.308 1
    endloop
  endfacet
  facet normal 0.729813 -0.683647 0
    outer loop
      vertex 6.47575 1.99238 1.78
      vertex 6.51825 2.03775 1
      vertex 6.51825 2.03775 1.78
    endloop
  endfacet
  facet normal 0.729813 -0.683647 0
    outer loop
      vertex 6.51825 2.03775 1
      vertex 6.47575 1.99238 1.78
      vertex 6.47575 1.99238 1
    endloop
  endfacet
  facet normal -0.881903 0.471431 0
    outer loop
      vertex 8.01272 -3.659 1
      vertex 8.04203 -3.60417 1.78
      vertex 8.04203 -3.60417 1
    endloop
  endfacet
  facet normal -0.881903 0.471431 0
    outer loop
      vertex 8.04203 -3.60417 1.78
      vertex 8.01272 -3.659 1
      vertex 8.01272 -3.659 1.78
    endloop
  endfacet
  facet normal -0.910829 0.412785 0
    outer loop
      vertex 8.04203 -3.60417 1
      vertex 8.06769 -3.54755 1.78
      vertex 8.06769 -3.54755 1
    endloop
  endfacet
  facet normal -0.910829 0.412785 0
    outer loop
      vertex 8.06769 -3.54755 1.78
      vertex 8.04203 -3.60417 1
      vertex 8.04203 -3.60417 1.78
    endloop
  endfacet
  facet normal -0.849252 0.527987 0
    outer loop
      vertex 7.9799 -3.71179 1
      vertex 8.01272 -3.659 1.78
      vertex 8.01272 -3.659 1
    endloop
  endfacet
  facet normal -0.849252 0.527987 0
    outer loop
      vertex 8.01272 -3.659 1.78
      vertex 7.9799 -3.71179 1
      vertex 7.9799 -3.71179 1.78
    endloop
  endfacet
  facet normal -0.634376 0.773025 0
    outer loop
      vertex 7.81638 -3.89825 1
      vertex 7.76832 -3.93769 1.78
      vertex 7.81638 -3.89825 1.78
    endloop
  endfacet
  facet normal -0.634376 0.773025 0
    outer loop
      vertex 7.76832 -3.93769 1.78
      vertex 7.81638 -3.89825 1
      vertex 7.76832 -3.93769 1
    endloop
  endfacet
  facet normal -0.729813 0.683647 0
    outer loop
      vertex 7.86175 -3.85575 1
      vertex 7.90425 -3.81038 1.78
      vertex 7.90425 -3.81038 1
    endloop
  endfacet
  facet normal -0.729813 0.683647 0
    outer loop
      vertex 7.90425 -3.81038 1.78
      vertex 7.86175 -3.85575 1
      vertex 7.86175 -3.85575 1.78
    endloop
  endfacet
  facet normal -0.773025 0.634376 0
    outer loop
      vertex 7.90425 -3.81038 1
      vertex 7.94369 -3.76232 1.78
      vertex 7.94369 -3.76232 1
    endloop
  endfacet
  facet normal -0.773025 0.634376 0
    outer loop
      vertex 7.94369 -3.76232 1.78
      vertex 7.90425 -3.81038 1
      vertex 7.90425 -3.81038 1.78
    endloop
  endfacet
  facet normal -0.227138 0.973863 0
    outer loop
      vertex 7.43588 -4.10163 1
      vertex 7.37534 -4.11575 1.78
      vertex 7.43588 -4.10163 1.78
    endloop
  endfacet
  facet normal -0.227138 0.973863 0
    outer loop
      vertex 7.37534 -4.11575 1.78
      vertex 7.43588 -4.10163 1
      vertex 7.37534 -4.11575 1
    endloop
  endfacet
  facet normal -0.527987 0.849252 0
    outer loop
      vertex 7.71779 -3.9739 1
      vertex 7.665 -4.00672 1.78
      vertex 7.71779 -3.9739 1.78
    endloop
  endfacet
  facet normal -0.527987 0.849252 0
    outer loop
      vertex 7.665 -4.00672 1.78
      vertex 7.71779 -3.9739 1
      vertex 7.665 -4.00672 1
    endloop
  endfacet
  facet normal 0.910829 0.412785 0
    outer loop
      vertex 6.33797 -3.60417 1.78
      vertex 6.31231 -3.54755 1
      vertex 6.31231 -3.54755 1.78
    endloop
  endfacet
  facet normal 0.910829 0.412785 0
    outer loop
      vertex 6.31231 -3.54755 1
      vertex 6.33797 -3.60417 1.78
      vertex 6.33797 -3.60417 1
    endloop
  endfacet
  facet normal 0.881903 0.471431 0
    outer loop
      vertex 6.36728 -3.659 1.78
      vertex 6.33797 -3.60417 1
      vertex 6.33797 -3.60417 1.78
    endloop
  endfacet
  facet normal 0.881903 0.471431 0
    outer loop
      vertex 6.33797 -3.60417 1
      vertex 6.36728 -3.659 1.78
      vertex 6.36728 -3.659 1
    endloop
  endfacet
  facet normal 0.729813 0.683647 0
    outer loop
      vertex 6.51825 -3.85575 1.78
      vertex 6.47575 -3.81038 1
      vertex 6.47575 -3.81038 1.78
    endloop
  endfacet
  facet normal 0.729813 0.683647 0
    outer loop
      vertex 6.47575 -3.81038 1
      vertex 6.51825 -3.85575 1.78
      vertex 6.51825 -3.85575 1
    endloop
  endfacet
  facet normal 0.471498 0.881867 -0
    outer loop
      vertex 6.76982 -4.03603 1
      vertex 6.715 -4.00672 1.78
      vertex 6.76982 -4.03603 1.78
    endloop
  endfacet
  facet normal 0.471498 0.881867 0
    outer loop
      vertex 6.715 -4.00672 1.78
      vertex 6.76982 -4.03603 1
      vertex 6.715 -4.00672 1
    endloop
  endfacet
  facet normal 1 -0 0
    outer loop
      vertex -10.5 9.816 1.8
      vertex -10.5 17.316 1
      vertex -10.5 17.316 1.8
    endloop
  endfacet
  facet normal 1 0 0
    outer loop
      vertex -10.5 17.316 1
      vertex -10.5 9.816 1.8
      vertex -10.5 9.816 1
    endloop
  endfacet
  facet normal -1 0 0
    outer loop
      vertex 3.5 9.816 1
      vertex 3.5 17.316 1.8
      vertex 3.5 17.316 1
    endloop
  endfacet
  facet normal -1 -0 0
    outer loop
      vertex 3.5 17.316 1.8
      vertex 3.5 9.816 1
      vertex 3.5 9.816 1.8
    endloop
  endfacet
  facet normal 0 1 -0
    outer loop
      vertex 3.5 9.816 1
      vertex -10.5 9.816 1.8
      vertex 3.5 9.816 1.8
    endloop
  endfacet
  facet normal 0 1 0
    outer loop
      vertex -10.5 9.816 1.8
      vertex 3.5 9.816 1
      vertex -10.5 9.816 1
    endloop
  endfacet
  facet normal 0 0 -1
    outer loop
      vertex -10.5 9.816 1.8
      vertex 3.5 17.316 1.8
      vertex 3.5 9.816 1.8
    endloop
  endfacet
  facet normal -0 0 -1
    outer loop
      vertex 3.5 17.316 1.8
      vertex -10.5 9.816 1.8
      vertex -10.5 17.316 1.8
    endloop
  endfacet
  facet normal 0 -1 0
    outer loop
      vertex -10.5 17.316 1
      vertex 3.5 17.316 1.8
      vertex -10.5 17.316 1.8
    endloop
  endfacet
  facet normal 0 -1 -0
    outer loop
      vertex 3.5 17.316 1.8
      vertex -10.5 17.316 1
      vertex 3.5 17.316 1
    endloop
  endfacet
endsolid OpenSCAD_Model
