solid OpenSCAD_Model
  facet normal 0.52769 0 0.849437
    outer loop
      vertex 10.261 19.995 3.68301
      vertex 10.2888 16.995 3.66574
      vertex 10.2888 19.995 3.66574
    endloop
  endfacet
  facet normal 0.52769 0 0.849437
    outer loop
      vertex 10.2888 16.995 3.66574
      vertex 10.261 19.995 3.68301
      vertex 10.261 16.995 3.68301
    endloop
  endfacet
  facet normal -0.412735 0 0.910851
    outer loop
      vertex 9.79331 19.995 3.7
      vertex 9.81966 16.995 3.71194
      vertex 9.81966 19.995 3.71194
    endloop
  endfacet
  facet normal -0.412735 0 0.910851
    outer loop
      vertex 9.81966 16.995 3.71194
      vertex 9.79331 19.995 3.7
      vertex 9.79331 16.995 3.7
    endloop
  endfacet
  facet normal -0.88187 0 -0.471492
    outer loop
      vertex 9.57799 16.995 3
      vertex 9.56256 19.995 3.02886
      vertex 9.57799 19.995 3
    endloop
  endfacet
  facet normal -0.88187 -0 -0.471492
    outer loop
      vertex 9.56256 19.995 3.02886
      vertex 9.57799 16.995 3
      vertex 9.56256 16.995 3.02886
    endloop
  endfacet
  facet normal 0.974071 -0 0.226244
    outer loop
      vertex 10.494 16.995 3.37941
      vertex 10.5014 19.995 3.34755
      vertex 10.494 19.995 3.37941
    endloop
  endfacet
  facet normal 0.974071 0 0.226244
    outer loop
      vertex 10.5014 19.995 3.34755
      vertex 10.494 16.995 3.37941
      vertex 10.5014 16.995 3.34755
    endloop
  endfacet
  facet normal 0.956922 -0 0.290347
    outer loop
      vertex 10.4845 16.995 3.41072
      vertex 10.494 19.995 3.37941
      vertex 10.4845 19.995 3.41072
    endloop
  endfacet
  facet normal 0.956922 0 0.290347
    outer loop
      vertex 10.494 19.995 3.37941
      vertex 10.4845 16.995 3.41072
      vertex 10.494 16.995 3.37941
    endloop
  endfacet
  facet normal 0.772336 -0 0.635215
    outer loop
      vertex 10.3869 16.995 3.57967
      vertex 10.4077 19.995 3.55438
      vertex 10.3869 19.995 3.57967
    endloop
  endfacet
  facet normal 0.772336 0 0.635215
    outer loop
      vertex 10.4077 19.995 3.55438
      vertex 10.3869 16.995 3.57967
      vertex 10.4077 16.995 3.55438
    endloop
  endfacet
  facet normal -0.999465 0 0.0327042
    outer loop
      vertex 9.511 16.995 3.25
      vertex 9.51207 19.995 3.2827
      vertex 9.511 19.995 3.25
    endloop
  endfacet
  facet normal -0.999465 0 0.0327042
    outer loop
      vertex 9.51207 19.995 3.2827
      vertex 9.511 16.995 3.25
      vertex 9.51207 16.995 3.2827
    endloop
  endfacet
  facet normal -0.910889 0 0.412651
    outer loop
      vertex 9.54906 16.995 3.44134
      vertex 9.56256 19.995 3.47114
      vertex 9.54906 19.995 3.44134
    endloop
  endfacet
  facet normal -0.910889 0 0.412651
    outer loop
      vertex 9.56256 19.995 3.47114
      vertex 9.54906 16.995 3.44134
      vertex 9.56256 16.995 3.47114
    endloop
  endfacet
  facet normal 0.683352 0 -0.730089
    outer loop
      vertex 10.3407 16.995 2.87408
      vertex 10.3646 19.995 2.89645
      vertex 10.3646 16.995 2.89645
    endloop
  endfacet
  facet normal 0.683352 0 -0.730089
    outer loop
      vertex 10.3646 19.995 2.89645
      vertex 10.3407 16.995 2.87408
      vertex 10.3407 19.995 2.87408
    endloop
  endfacet
  facet normal 0.910889 -0 0.412651
    outer loop
      vertex 10.4594 16.995 3.47114
      vertex 10.4729 19.995 3.44134
      vertex 10.4594 19.995 3.47114
    endloop
  endfacet
  facet normal 0.910889 0 0.412651
    outer loop
      vertex 10.4729 19.995 3.44134
      vertex 10.4594 16.995 3.47114
      vertex 10.4729 16.995 3.44134
    endloop
  endfacet
  facet normal 0.882251 -0 0.470779
    outer loop
      vertex 10.444 16.995 3.5
      vertex 10.4594 19.995 3.47114
      vertex 10.444 19.995 3.5
    endloop
  endfacet
  facet normal 0.882251 0 0.470779
    outer loop
      vertex 10.4594 19.995 3.47114
      vertex 10.444 16.995 3.5
      vertex 10.4594 16.995 3.47114
    endloop
  endfacet
  facet normal -0.0327042 0 0.999465
    outer loop
      vertex 9.9783 19.995 3.74893
      vertex 10.011 16.995 3.75
      vertex 10.011 19.995 3.75
    endloop
  endfacet
  facet normal -0.0327042 0 0.999465
    outer loop
      vertex 10.011 16.995 3.75
      vertex 9.9783 19.995 3.74893
      vertex 9.9783 16.995 3.74893
    endloop
  endfacet
  facet normal 0.352598 0 0.935775
    outer loop
      vertex 10.1717 19.995 3.72347
      vertex 10.2023 16.995 3.71194
      vertex 10.2023 19.995 3.71194
    endloop
  endfacet
  facet normal 0.352598 0 0.935775
    outer loop
      vertex 10.2023 16.995 3.71194
      vertex 10.1717 19.995 3.72347
      vertex 10.1717 16.995 3.72347
    endloop
  endfacet
  facet normal 0.163306 0 0.986575
    outer loop
      vertex 10.0763 19.995 3.74572
      vertex 10.1085 16.995 3.74039
      vertex 10.1085 19.995 3.74039
    endloop
  endfacet
  facet normal 0.163306 0 0.986575
    outer loop
      vertex 10.1085 16.995 3.74039
      vertex 10.0763 19.995 3.74572
      vertex 10.0763 16.995 3.74572
    endloop
  endfacet
  facet normal 0.0327042 0 0.999465
    outer loop
      vertex 10.011 19.995 3.75
      vertex 10.0437 16.995 3.74893
      vertex 10.0437 19.995 3.74893
    endloop
  endfacet
  facet normal 0.0327042 0 0.999465
    outer loop
      vertex 10.0437 16.995 3.74893
      vertex 10.011 19.995 3.75
      vertex 10.011 16.995 3.75
    endloop
  endfacet
  facet normal 0 1 0
    outer loop
      vertex 10.3154 19.995 3.64668
      vertex 10.261 19.995 3.68301
      vertex 10.2888 19.995 3.66574
    endloop
  endfacet
  facet normal 0 1 0
    outer loop
      vertex 10.3407 19.995 3.62592
      vertex 10.261 19.995 3.68301
      vertex 10.3154 19.995 3.64668
    endloop
  endfacet
  facet normal 0 1 0
    outer loop
      vertex 10.3646 19.995 3.60355
      vertex 10.261 19.995 3.68301
      vertex 10.3407 19.995 3.62592
    endloop
  endfacet
  facet normal 0 1 0
    outer loop
      vertex 10.3869 19.995 3.57967
      vertex 10.261 19.995 3.68301
      vertex 10.3646 19.995 3.60355
    endloop
  endfacet
  facet normal 0 1 0
    outer loop
      vertex 10.4077 19.995 3.55438
      vertex 10.261 19.995 3.68301
      vertex 10.3869 19.995 3.57967
    endloop
  endfacet
  facet normal 0 1 0
    outer loop
      vertex 10.4267 19.995 3.52779
      vertex 10.261 19.995 3.68301
      vertex 10.4077 19.995 3.55438
    endloop
  endfacet
  facet normal 0 1 0
    outer loop
      vertex 10.444 19.995 3.5
      vertex 10.261 19.995 3.68301
      vertex 10.4267 19.995 3.52779
    endloop
  endfacet
  facet normal 0 1 0
    outer loop
      vertex 10.4594 19.995 3.47114
      vertex 10.261 19.995 3.68301
      vertex 10.444 19.995 3.5
    endloop
  endfacet
  facet normal 0 1 0
    outer loop
      vertex 10.4729 19.995 3.44134
      vertex 10.261 19.995 3.68301
      vertex 10.4594 19.995 3.47114
    endloop
  endfacet
  facet normal 0 1 0
    outer loop
      vertex 10.4845 19.995 3.41072
      vertex 10.261 19.995 3.68301
      vertex 10.4729 19.995 3.44134
    endloop
  endfacet
  facet normal 0 1 0
    outer loop
      vertex 10.494 19.995 3.37941
      vertex 10.261 19.995 3.68301
      vertex 10.4845 19.995 3.41072
    endloop
  endfacet
  facet normal 0 1 0
    outer loop
      vertex 10.5014 19.995 3.34755
      vertex 10.261 19.995 3.68301
      vertex 10.494 19.995 3.37941
    endloop
  endfacet
  facet normal 0 1 0
    outer loop
      vertex 10.5067 19.995 3.31526
      vertex 10.261 19.995 3.68301
      vertex 10.5014 19.995 3.34755
    endloop
  endfacet
  facet normal 0 1 0
    outer loop
      vertex 10.5099 19.995 3.2827
      vertex 10.261 19.995 3.68301
      vertex 10.5067 19.995 3.31526
    endloop
  endfacet
  facet normal 0 1 0
    outer loop
      vertex 10.511 19.995 3.25
      vertex 10.261 19.995 3.68301
      vertex 10.5099 19.995 3.2827
    endloop
  endfacet
  facet normal 0 1 -0
    outer loop
      vertex 10.5099 19.995 3.2173
      vertex 10.261 19.995 3.68301
      vertex 10.511 19.995 3.25
    endloop
  endfacet
  facet normal 0 1 -0
    outer loop
      vertex 10.5067 19.995 3.18474
      vertex 10.261 19.995 3.68301
      vertex 10.5099 19.995 3.2173
    endloop
  endfacet
  facet normal 0 1 -0
    outer loop
      vertex 10.5014 19.995 3.15246
      vertex 10.261 19.995 3.68301
      vertex 10.5067 19.995 3.18474
    endloop
  endfacet
  facet normal 0 1 -0
    outer loop
      vertex 10.494 19.995 3.12059
      vertex 10.261 19.995 3.68301
      vertex 10.5014 19.995 3.15246
    endloop
  endfacet
  facet normal 0 1 -0
    outer loop
      vertex 10.4845 19.995 3.08928
      vertex 10.261 19.995 3.68301
      vertex 10.494 19.995 3.12059
    endloop
  endfacet
  facet normal 0 1 -0
    outer loop
      vertex 10.4729 19.995 3.05866
      vertex 10.261 19.995 3.68301
      vertex 10.4845 19.995 3.08928
    endloop
  endfacet
  facet normal 0 1 -0
    outer loop
      vertex 10.4594 19.995 3.02886
      vertex 10.261 19.995 3.68301
      vertex 10.4729 19.995 3.05866
    endloop
  endfacet
  facet normal 0 1 -0
    outer loop
      vertex 10.444 19.995 3
      vertex 10.261 19.995 3.68301
      vertex 10.4594 19.995 3.02886
    endloop
  endfacet
  facet normal 0 1 -0
    outer loop
      vertex 10.4267 19.995 2.97222
      vertex 10.261 19.995 3.68301
      vertex 10.444 19.995 3
    endloop
  endfacet
  facet normal 0 1 -0
    outer loop
      vertex 10.4077 19.995 2.94562
      vertex 10.261 19.995 3.68301
      vertex 10.4267 19.995 2.97222
    endloop
  endfacet
  facet normal 0 1 -0
    outer loop
      vertex 10.3869 19.995 2.92033
      vertex 10.261 19.995 3.68301
      vertex 10.4077 19.995 2.94562
    endloop
  endfacet
  facet normal 0 1 -0
    outer loop
      vertex 10.3646 19.995 2.89645
      vertex 10.261 19.995 3.68301
      vertex 10.3869 19.995 2.92033
    endloop
  endfacet
  facet normal 0 1 -0
    outer loop
      vertex 10.3407 19.995 2.87408
      vertex 10.261 19.995 3.68301
      vertex 10.3646 19.995 2.89645
    endloop
  endfacet
  facet normal 0 1 -0
    outer loop
      vertex 10.3154 19.995 2.85332
      vertex 10.261 19.995 3.68301
      vertex 10.3407 19.995 2.87408
    endloop
  endfacet
  facet normal 0 1 -0
    outer loop
      vertex 10.2888 19.995 2.83427
      vertex 10.261 19.995 3.68301
      vertex 10.3154 19.995 2.85332
    endloop
  endfacet
  facet normal 0 1 0
    outer loop
      vertex 10.261 19.995 3.68301
      vertex 10.2888 19.995 2.83427
      vertex 10.261 19.995 2.81699
    endloop
  endfacet
  facet normal 0 1 0
    outer loop
      vertex 10.0437 19.995 3.74893
      vertex 9.9783 19.995 3.74893
      vertex 10.011 19.995 3.75
    endloop
  endfacet
  facet normal 0 1 0
    outer loop
      vertex 10.0763 19.995 3.74572
      vertex 9.9783 19.995 3.74893
      vertex 10.0437 19.995 3.74893
    endloop
  endfacet
  facet normal 0 1 0
    outer loop
      vertex 10.0763 19.995 3.74572
      vertex 9.94574 19.995 3.74572
      vertex 9.9783 19.995 3.74893
    endloop
  endfacet
  facet normal 0 1 0
    outer loop
      vertex 10.1085 19.995 3.74039
      vertex 9.94574 19.995 3.74572
      vertex 10.0763 19.995 3.74572
    endloop
  endfacet
  facet normal 0 1 0
    outer loop
      vertex 10.1085 19.995 3.74039
      vertex 9.91345 19.995 3.74039
      vertex 9.94574 19.995 3.74572
    endloop
  endfacet
  facet normal 0 1 0
    outer loop
      vertex 10.1404 19.995 3.73296
      vertex 9.91345 19.995 3.74039
      vertex 10.1085 19.995 3.74039
    endloop
  endfacet
  facet normal 0 1 0
    outer loop
      vertex 10.1404 19.995 3.73296
      vertex 9.88159 19.995 3.73296
      vertex 9.91345 19.995 3.74039
    endloop
  endfacet
  facet normal 0 1 0
    outer loop
      vertex 10.1717 19.995 3.72347
      vertex 9.88159 19.995 3.73296
      vertex 10.1404 19.995 3.73296
    endloop
  endfacet
  facet normal 0 1 0
    outer loop
      vertex 10.1717 19.995 3.72347
      vertex 9.85028 19.995 3.72347
      vertex 9.88159 19.995 3.73296
    endloop
  endfacet
  facet normal 0 1 0
    outer loop
      vertex 10.2023 19.995 3.71194
      vertex 9.85028 19.995 3.72347
      vertex 10.1717 19.995 3.72347
    endloop
  endfacet
  facet normal 0 1 0
    outer loop
      vertex 10.2023 19.995 3.71194
      vertex 9.81966 19.995 3.71194
      vertex 9.85028 19.995 3.72347
    endloop
  endfacet
  facet normal 0 1 0
    outer loop
      vertex 10.2287 19.995 3.7
      vertex 9.81966 19.995 3.71194
      vertex 10.2023 19.995 3.71194
    endloop
  endfacet
  facet normal 0 1 0
    outer loop
      vertex 9.81966 19.995 3.71194
      vertex 10.2287 19.995 3.7
      vertex 9.79331 19.995 3.7
    endloop
  endfacet
  facet normal 0 1 0
    outer loop
      vertex 9.661 19.995 3.60688
      vertex 9.63508 19.995 3.57967
      vertex 9.65745 19.995 3.60355
    endloop
  endfacet
  facet normal 0 1 0
    outer loop
      vertex 9.661 19.995 3.60688
      vertex 9.61432 19.995 3.55438
      vertex 9.63508 19.995 3.57967
    endloop
  endfacet
  facet normal 0 1 0
    outer loop
      vertex 9.661 19.995 3.60688
      vertex 9.59526 19.995 3.52779
      vertex 9.61432 19.995 3.55438
    endloop
  endfacet
  facet normal 0 1 0
    outer loop
      vertex 9.661 19.995 3.60688
      vertex 9.57799 19.995 3.5
      vertex 9.59526 19.995 3.52779
    endloop
  endfacet
  facet normal 0 1 0
    outer loop
      vertex 9.661 19.995 3.60688
      vertex 9.56256 19.995 3.47114
      vertex 9.57799 19.995 3.5
    endloop
  endfacet
  facet normal 0 1 0
    outer loop
      vertex 9.661 19.995 3.60688
      vertex 9.54906 19.995 3.44134
      vertex 9.56256 19.995 3.47114
    endloop
  endfacet
  facet normal 0 1 0
    outer loop
      vertex 9.661 19.995 3.60688
      vertex 9.53753 19.995 3.41072
      vertex 9.54906 19.995 3.44134
    endloop
  endfacet
  facet normal 0 1 0
    outer loop
      vertex 9.661 19.995 3.60688
      vertex 9.52804 19.995 3.37941
      vertex 9.53753 19.995 3.41072
    endloop
  endfacet
  facet normal 0 1 0
    outer loop
      vertex 9.661 19.995 3.60688
      vertex 9.52061 19.995 3.34755
      vertex 9.52804 19.995 3.37941
    endloop
  endfacet
  facet normal 0 1 0
    outer loop
      vertex 9.661 19.995 3.60688
      vertex 9.51528 19.995 3.31526
      vertex 9.52061 19.995 3.34755
    endloop
  endfacet
  facet normal 0 1 0
    outer loop
      vertex 9.661 19.995 3.60688
      vertex 9.51207 19.995 3.2827
      vertex 9.51528 19.995 3.31526
    endloop
  endfacet
  facet normal 0 1 0
    outer loop
      vertex 9.661 19.995 3.60688
      vertex 9.511 19.995 3.25
      vertex 9.51207 19.995 3.2827
    endloop
  endfacet
  facet normal 0 1 0
    outer loop
      vertex 9.661 19.995 3.60688
      vertex 9.51207 19.995 3.2173
      vertex 9.511 19.995 3.25
    endloop
  endfacet
  facet normal 0 1 0
    outer loop
      vertex 9.661 19.995 3.60688
      vertex 9.51528 19.995 3.18474
      vertex 9.51207 19.995 3.2173
    endloop
  endfacet
  facet normal 0 1 0
    outer loop
      vertex 9.661 19.995 3.60688
      vertex 9.52061 19.995 3.15246
      vertex 9.51528 19.995 3.18474
    endloop
  endfacet
  facet normal 0 1 0
    outer loop
      vertex 9.661 19.995 3.60688
      vertex 9.52804 19.995 3.12059
      vertex 9.52061 19.995 3.15246
    endloop
  endfacet
  facet normal 0 1 0
    outer loop
      vertex 9.661 19.995 3.60688
      vertex 9.53753 19.995 3.08928
      vertex 9.52804 19.995 3.12059
    endloop
  endfacet
  facet normal 0 1 0
    outer loop
      vertex 9.661 19.995 3.60688
      vertex 9.54906 19.995 3.05866
      vertex 9.53753 19.995 3.08928
    endloop
  endfacet
  facet normal 0 1 0
    outer loop
      vertex 9.661 19.995 3.60688
      vertex 9.56256 19.995 3.02886
      vertex 9.54906 19.995 3.05866
    endloop
  endfacet
  facet normal 0 1 0
    outer loop
      vertex 9.661 19.995 3.60688
      vertex 9.57799 19.995 3
      vertex 9.56256 19.995 3.02886
    endloop
  endfacet
  facet normal 0 1 0
    outer loop
      vertex 9.661 19.995 3.60688
      vertex 9.59526 19.995 2.97222
      vertex 9.57799 19.995 3
    endloop
  endfacet
  facet normal 0 1 0
    outer loop
      vertex 9.661 19.995 3.60688
      vertex 9.61432 19.995 2.94562
      vertex 9.59526 19.995 2.97222
    endloop
  endfacet
  facet normal 0 1 0
    outer loop
      vertex 9.661 19.995 3.60688
      vertex 9.63508 19.995 2.92033
      vertex 9.61432 19.995 2.94562
    endloop
  endfacet
  facet normal 0 1 -0
    outer loop
      vertex 9.661 19.995 2.89312
      vertex 9.63508 19.995 2.92033
      vertex 9.661 19.995 3.60688
    endloop
  endfacet
  facet normal 0 1 0
    outer loop
      vertex 9.63508 19.995 2.92033
      vertex 9.661 19.995 2.89312
      vertex 9.65745 19.995 2.89645
    endloop
  endfacet
  facet normal -0.986649 0 0.162863
    outer loop
      vertex 9.51528 16.995 3.31526
      vertex 9.52061 19.995 3.34755
      vertex 9.51528 19.995 3.31526
    endloop
  endfacet
  facet normal -0.986649 0 0.162863
    outer loop
      vertex 9.52061 19.995 3.34755
      vertex 9.51528 16.995 3.31526
      vertex 9.52061 16.995 3.34755
    endloop
  endfacet
  facet normal -0.812762 0 0.582596
    outer loop
      vertex 9.59526 16.995 3.52779
      vertex 9.61432 19.995 3.55438
      vertex 9.59526 19.995 3.52779
    endloop
  endfacet
  facet normal -0.812762 0 0.582596
    outer loop
      vertex 9.61432 19.995 3.55438
      vertex 9.59526 16.995 3.52779
      vertex 9.61432 16.995 3.55438
    endloop
  endfacet
  facet normal -0.849352 0 0.527827
    outer loop
      vertex 9.57799 16.995 3.5
      vertex 9.59526 19.995 3.52779
      vertex 9.57799 19.995 3.5
    endloop
  endfacet
  facet normal -0.849352 0 0.527827
    outer loop
      vertex 9.59526 19.995 3.52779
      vertex 9.57799 16.995 3.5
      vertex 9.59526 16.995 3.52779
    endloop
  endfacet
  facet normal -0.162863 0 0.986649
    outer loop
      vertex 9.91345 19.995 3.74039
      vertex 9.94574 16.995 3.74572
      vertex 9.94574 19.995 3.74572
    endloop
  endfacet
  facet normal -0.162863 0 0.986649
    outer loop
      vertex 9.94574 16.995 3.74572
      vertex 9.91345 19.995 3.74039
      vertex 9.91345 16.995 3.74039
    endloop
  endfacet
  facet normal -0.352396 0 0.935851
    outer loop
      vertex 9.81966 19.995 3.71194
      vertex 9.85028 16.995 3.72347
      vertex 9.85028 19.995 3.72347
    endloop
  endfacet
  facet normal -0.352396 0 0.935851
    outer loop
      vertex 9.85028 16.995 3.72347
      vertex 9.81966 19.995 3.71194
      vertex 9.81966 16.995 3.71194
    endloop
  endfacet
  facet normal -0.227114 0 0.973868
    outer loop
      vertex 9.88159 19.995 3.73296
      vertex 9.91345 16.995 3.74039
      vertex 9.91345 19.995 3.74039
    endloop
  endfacet
  facet normal -0.227114 0 0.973868
    outer loop
      vertex 9.91345 16.995 3.74039
      vertex 9.88159 19.995 3.73296
      vertex 9.88159 16.995 3.73296
    endloop
  endfacet
  facet normal -0.729804 0 0.683656
    outer loop
      vertex 9.63508 16.995 3.57967
      vertex 9.65745 19.995 3.60355
      vertex 9.63508 19.995 3.57967
    endloop
  endfacet
  facet normal -0.729804 0 0.683656
    outer loop
      vertex 9.65745 19.995 3.60355
      vertex 9.63508 16.995 3.57967
      vertex 9.65745 16.995 3.60355
    endloop
  endfacet
  facet normal 0.999435 -0 0.0336201
    outer loop
      vertex 10.5099 16.995 3.2827
      vertex 10.511 19.995 3.25
      vertex 10.5099 19.995 3.2827
    endloop
  endfacet
  facet normal 0.999435 0 0.0336201
    outer loop
      vertex 10.511 19.995 3.25
      vertex 10.5099 16.995 3.2827
      vertex 10.511 16.995 3.25
    endloop
  endfacet
  facet normal 0.634335 0 -0.773058
    outer loop
      vertex 10.3154 16.995 2.85332
      vertex 10.3407 19.995 2.87408
      vertex 10.3407 16.995 2.87408
    endloop
  endfacet
  facet normal 0.634335 0 -0.773058
    outer loop
      vertex 10.3407 19.995 2.87408
      vertex 10.3154 16.995 2.85332
      vertex 10.3154 19.995 2.85332
    endloop
  endfacet
  facet normal 0.58225 0 -0.81301
    outer loop
      vertex 10.2888 16.995 2.83427
      vertex 10.3154 19.995 2.85332
      vertex 10.3154 16.995 2.85332
    endloop
  endfacet
  facet normal 0.58225 0 -0.81301
    outer loop
      vertex 10.3154 19.995 2.85332
      vertex 10.2888 16.995 2.83427
      vertex 10.2888 19.995 2.83427
    endloop
  endfacet
  facet normal -0.995175 0 -0.0981116
    outer loop
      vertex 9.51528 16.995 3.18474
      vertex 9.51207 19.995 3.2173
      vertex 9.51528 19.995 3.18474
    endloop
  endfacet
  facet normal -0.995175 -0 -0.0981116
    outer loop
      vertex 9.51207 19.995 3.2173
      vertex 9.51528 16.995 3.18474
      vertex 9.51207 16.995 3.2173
    endloop
  endfacet
  facet normal 0.995205 -0 0.0978089
    outer loop
      vertex 10.5067 16.995 3.31526
      vertex 10.5099 19.995 3.2827
      vertex 10.5067 19.995 3.31526
    endloop
  endfacet
  facet normal 0.995205 0 0.0978089
    outer loop
      vertex 10.5099 19.995 3.2827
      vertex 10.5067 16.995 3.31526
      vertex 10.5099 16.995 3.2827
    endloop
  endfacet
  facet normal 0.986796 -0 0.16197
    outer loop
      vertex 10.5014 16.995 3.34755
      vertex 10.5067 19.995 3.31526
      vertex 10.5014 19.995 3.34755
    endloop
  endfacet
  facet normal 0.986796 0 0.16197
    outer loop
      vertex 10.5067 19.995 3.31526
      vertex 10.5014 16.995 3.34755
      vertex 10.5067 16.995 3.31526
    endloop
  endfacet
  facet normal 0.935144 -0 0.354268
    outer loop
      vertex 10.4729 16.995 3.44134
      vertex 10.4845 19.995 3.41072
      vertex 10.4729 19.995 3.44134
    endloop
  endfacet
  facet normal 0.935144 0 0.354268
    outer loop
      vertex 10.4845 19.995 3.41072
      vertex 10.4729 16.995 3.44134
      vertex 10.4845 16.995 3.41072
    endloop
  endfacet
  facet normal 0.848941 -0 0.528488
    outer loop
      vertex 10.4267 16.995 3.52779
      vertex 10.444 19.995 3.5
      vertex 10.4267 19.995 3.52779
    endloop
  endfacet
  facet normal 0.848941 0 0.528488
    outer loop
      vertex 10.444 19.995 3.5
      vertex 10.4267 16.995 3.52779
      vertex 10.444 16.995 3.5
    endloop
  endfacet
  facet normal 0.81363 -0 0.581383
    outer loop
      vertex 10.4077 16.995 3.55438
      vertex 10.4267 19.995 3.52779
      vertex 10.4077 19.995 3.55438
    endloop
  endfacet
  facet normal 0.81363 0 0.581383
    outer loop
      vertex 10.4267 19.995 3.52779
      vertex 10.4077 16.995 3.55438
      vertex 10.4267 16.995 3.52779
    endloop
  endfacet
  facet normal 0.683352 0 0.730089
    outer loop
      vertex 10.3407 19.995 3.62592
      vertex 10.3646 16.995 3.60355
      vertex 10.3646 19.995 3.60355
    endloop
  endfacet
  facet normal 0.683352 0 0.730089
    outer loop
      vertex 10.3646 16.995 3.60355
      vertex 10.3407 19.995 3.62592
      vertex 10.3407 16.995 3.62592
    endloop
  endfacet
  facet normal 0.730872 -0 0.682515
    outer loop
      vertex 10.3646 16.995 3.60355
      vertex 10.3869 19.995 3.57967
      vertex 10.3646 19.995 3.60355
    endloop
  endfacet
  facet normal 0.730872 0 0.682515
    outer loop
      vertex 10.3869 19.995 3.57967
      vertex 10.3646 16.995 3.60355
      vertex 10.3869 16.995 3.57967
    endloop
  endfacet
  facet normal 0.634335 0 0.773058
    outer loop
      vertex 10.3154 19.995 3.64668
      vertex 10.3407 16.995 3.62592
      vertex 10.3407 19.995 3.62592
    endloop
  endfacet
  facet normal 0.634335 0 0.773058
    outer loop
      vertex 10.3407 16.995 3.62592
      vertex 10.3154 19.995 3.64668
      vertex 10.3154 16.995 3.64668
    endloop
  endfacet
  facet normal 0.582452 0 0.812865
    outer loop
      vertex 10.2888 19.995 3.66574
      vertex 10.3154 16.995 3.64668
      vertex 10.3154 19.995 3.64668
    endloop
  endfacet
  facet normal 0.582452 0 0.812865
    outer loop
      vertex 10.3154 16.995 3.64668
      vertex 10.2888 19.995 3.66574
      vertex 10.2888 16.995 3.66574
    endloop
  endfacet
  facet normal 0.412086 0 0.911145
    outer loop
      vertex 10.2023 19.995 3.71194
      vertex 10.2287 16.995 3.7
      vertex 10.2287 19.995 3.7
    endloop
  endfacet
  facet normal 0.412086 0 0.911145
    outer loop
      vertex 10.2287 16.995 3.7
      vertex 10.2023 19.995 3.71194
      vertex 10.2023 16.995 3.71194
    endloop
  endfacet
  facet normal 0.290152 0 0.956981
    outer loop
      vertex 10.1404 19.995 3.73296
      vertex 10.1717 16.995 3.72347
      vertex 10.1717 19.995 3.72347
    endloop
  endfacet
  facet normal 0.290152 0 0.956981
    outer loop
      vertex 10.1717 16.995 3.72347
      vertex 10.1404 19.995 3.73296
      vertex 10.1404 16.995 3.73296
    endloop
  endfacet
  facet normal 0.226844 0 0.973931
    outer loop
      vertex 10.1085 19.995 3.74039
      vertex 10.1404 16.995 3.73296
      vertex 10.1404 19.995 3.73296
    endloop
  endfacet
  facet normal 0.226844 0 0.973931
    outer loop
      vertex 10.1404 16.995 3.73296
      vertex 10.1085 19.995 3.74039
      vertex 10.1085 16.995 3.74039
    endloop
  endfacet
  facet normal 0.0979924 0 0.995187
    outer loop
      vertex 10.0437 19.995 3.74893
      vertex 10.0763 16.995 3.74572
      vertex 10.0763 19.995 3.74572
    endloop
  endfacet
  facet normal 0.0979924 0 0.995187
    outer loop
      vertex 10.0763 16.995 3.74572
      vertex 10.0437 19.995 3.74893
      vertex 10.0437 16.995 3.74893
    endloop
  endfacet
  facet normal -0.999465 0 -0.0327042
    outer loop
      vertex 9.51207 16.995 3.2173
      vertex 9.511 19.995 3.25
      vertex 9.51207 19.995 3.2173
    endloop
  endfacet
  facet normal -0.999465 -0 -0.0327042
    outer loop
      vertex 9.511 19.995 3.25
      vertex 9.51207 16.995 3.2173
      vertex 9.511 16.995 3.25
    endloop
  endfacet
  facet normal -0.957006 0 0.290067
    outer loop
      vertex 9.52804 16.995 3.37941
      vertex 9.53753 19.995 3.41072
      vertex 9.52804 19.995 3.37941
    endloop
  endfacet
  facet normal -0.957006 0 0.290067
    outer loop
      vertex 9.53753 19.995 3.41072
      vertex 9.52804 16.995 3.37941
      vertex 9.53753 16.995 3.41072
    endloop
  endfacet
  facet normal -0.995175 0 0.0981116
    outer loop
      vertex 9.51207 16.995 3.2827
      vertex 9.51528 19.995 3.31526
      vertex 9.51207 19.995 3.2827
    endloop
  endfacet
  facet normal -0.995175 0 0.0981116
    outer loop
      vertex 9.51528 19.995 3.31526
      vertex 9.51207 16.995 3.2827
      vertex 9.51528 16.995 3.31526
    endloop
  endfacet
  facet normal -0.973868 0 0.227114
    outer loop
      vertex 9.52061 16.995 3.34755
      vertex 9.52804 19.995 3.37941
      vertex 9.52061 19.995 3.34755
    endloop
  endfacet
  facet normal -0.973868 0 0.227114
    outer loop
      vertex 9.52804 19.995 3.37941
      vertex 9.52061 16.995 3.34755
      vertex 9.52804 16.995 3.37941
    endloop
  endfacet
  facet normal -0.935851 0 0.352396
    outer loop
      vertex 9.53753 16.995 3.41072
      vertex 9.54906 19.995 3.44134
      vertex 9.53753 19.995 3.41072
    endloop
  endfacet
  facet normal -0.935851 0 0.352396
    outer loop
      vertex 9.54906 19.995 3.44134
      vertex 9.53753 16.995 3.41072
      vertex 9.54906 16.995 3.44134
    endloop
  endfacet
  facet normal -0.88187 0 0.471492
    outer loop
      vertex 9.56256 16.995 3.47114
      vertex 9.57799 19.995 3.5
      vertex 9.56256 19.995 3.47114
    endloop
  endfacet
  facet normal -0.88187 0 0.471492
    outer loop
      vertex 9.57799 19.995 3.5
      vertex 9.56256 16.995 3.47114
      vertex 9.57799 16.995 3.5
    endloop
  endfacet
  facet normal -0.772935 0 0.634485
    outer loop
      vertex 9.61432 16.995 3.55438
      vertex 9.63508 19.995 3.57967
      vertex 9.61432 19.995 3.55438
    endloop
  endfacet
  facet normal -0.772935 0 0.634485
    outer loop
      vertex 9.63508 19.995 3.57967
      vertex 9.61432 16.995 3.55438
      vertex 9.63508 16.995 3.57967
    endloop
  endfacet
  facet normal -0.290067 0 0.957006
    outer loop
      vertex 9.85028 19.995 3.72347
      vertex 9.88159 16.995 3.73296
      vertex 9.88159 19.995 3.73296
    endloop
  endfacet
  facet normal -0.290067 0 0.957006
    outer loop
      vertex 9.88159 16.995 3.73296
      vertex 9.85028 19.995 3.72347
      vertex 9.85028 16.995 3.72347
    endloop
  endfacet
  facet normal -0.0981116 0 0.995175
    outer loop
      vertex 9.94574 19.995 3.74572
      vertex 9.9783 16.995 3.74893
      vertex 9.9783 19.995 3.74893
    endloop
  endfacet
  facet normal -0.0981116 0 0.995175
    outer loop
      vertex 9.9783 16.995 3.74893
      vertex 9.94574 19.995 3.74572
      vertex 9.94574 16.995 3.74572
    endloop
  endfacet
  facet normal -0.684146 0 0.729345
    outer loop
      vertex 9.65745 19.995 3.60355
      vertex 9.661 16.995 3.60688
      vertex 9.661 19.995 3.60688
    endloop
  endfacet
  facet normal -0.684146 0 0.729345
    outer loop
      vertex 9.661 16.995 3.60688
      vertex 9.65745 19.995 3.60355
      vertex 9.65745 16.995 3.60355
    endloop
  endfacet
  facet normal 0.986788 0 -0.162019
    outer loop
      vertex 10.5067 16.995 3.18474
      vertex 10.5014 19.995 3.15246
      vertex 10.5067 19.995 3.18474
    endloop
  endfacet
  facet normal 0.986788 0 -0.162019
    outer loop
      vertex 10.5014 19.995 3.15246
      vertex 10.5067 16.995 3.18474
      vertex 10.5014 16.995 3.15246
    endloop
  endfacet
  facet normal 0.956922 0 -0.290347
    outer loop
      vertex 10.494 16.995 3.12059
      vertex 10.4845 19.995 3.08928
      vertex 10.494 19.995 3.12059
    endloop
  endfacet
  facet normal 0.956922 0 -0.290347
    outer loop
      vertex 10.4845 19.995 3.08928
      vertex 10.494 16.995 3.12059
      vertex 10.4845 16.995 3.08928
    endloop
  endfacet
  facet normal 0.935144 0 -0.354268
    outer loop
      vertex 10.4845 16.995 3.08928
      vertex 10.4729 19.995 3.05866
      vertex 10.4845 19.995 3.08928
    endloop
  endfacet
  facet normal 0.935144 0 -0.354268
    outer loop
      vertex 10.4729 19.995 3.05866
      vertex 10.4845 16.995 3.08928
      vertex 10.4729 16.995 3.05866
    endloop
  endfacet
  facet normal 0.772336 0 -0.635215
    outer loop
      vertex 10.4077 16.995 2.94562
      vertex 10.3869 19.995 2.92033
      vertex 10.4077 19.995 2.94562
    endloop
  endfacet
  facet normal 0.772336 0 -0.635215
    outer loop
      vertex 10.3869 19.995 2.92033
      vertex 10.4077 16.995 2.94562
      vertex 10.3869 16.995 2.92033
    endloop
  endfacet
  facet normal -0.986641 0 -0.162912
    outer loop
      vertex 9.52061 16.995 3.15246
      vertex 9.51528 19.995 3.18474
      vertex 9.52061 19.995 3.15246
    endloop
  endfacet
  facet normal -0.986641 -0 -0.162912
    outer loop
      vertex 9.51528 19.995 3.18474
      vertex 9.52061 16.995 3.15246
      vertex 9.51528 16.995 3.18474
    endloop
  endfacet
  facet normal -0.910889 0 -0.412651
    outer loop
      vertex 9.56256 16.995 3.02886
      vertex 9.54906 19.995 3.05866
      vertex 9.56256 19.995 3.02886
    endloop
  endfacet
  facet normal -0.910889 -0 -0.412651
    outer loop
      vertex 9.54906 19.995 3.05866
      vertex 9.56256 16.995 3.02886
      vertex 9.54906 16.995 3.05866
    endloop
  endfacet
  facet normal -0.957006 0 -0.290067
    outer loop
      vertex 9.53753 16.995 3.08928
      vertex 9.52804 19.995 3.12059
      vertex 9.53753 19.995 3.08928
    endloop
  endfacet
  facet normal -0.957006 -0 -0.290067
    outer loop
      vertex 9.52804 19.995 3.12059
      vertex 9.53753 16.995 3.08928
      vertex 9.52804 16.995 3.12059
    endloop
  endfacet
  facet normal -0.812865 0 -0.582452
    outer loop
      vertex 9.61432 16.995 2.94562
      vertex 9.59526 19.995 2.97222
      vertex 9.61432 19.995 2.94562
    endloop
  endfacet
  facet normal -0.812865 -0 -0.582452
    outer loop
      vertex 9.59526 19.995 2.97222
      vertex 9.61432 16.995 2.94562
      vertex 9.59526 16.995 2.97222
    endloop
  endfacet
  facet normal -0.772935 0 -0.634485
    outer loop
      vertex 9.63508 16.995 2.92033
      vertex 9.61432 19.995 2.94562
      vertex 9.63508 19.995 2.92033
    endloop
  endfacet
  facet normal -0.772935 -0 -0.634485
    outer loop
      vertex 9.61432 19.995 2.94562
      vertex 9.63508 16.995 2.92033
      vertex 9.61432 16.995 2.94562
    endloop
  endfacet
  facet normal -0.684146 0 -0.729345
    outer loop
      vertex 9.65745 16.995 2.89645
      vertex 9.661 19.995 2.89312
      vertex 9.661 16.995 2.89312
    endloop
  endfacet
  facet normal -0.684146 0 -0.729345
    outer loop
      vertex 9.661 19.995 2.89312
      vertex 9.65745 16.995 2.89645
      vertex 9.65745 19.995 2.89645
    endloop
  endfacet
  facet normal 0 -1 0
    outer loop
      vertex 10.261 16.995 3.68301
      vertex 10.3154 16.995 3.64668
      vertex 10.2888 16.995 3.66574
    endloop
  endfacet
  facet normal 0 -1 0
    outer loop
      vertex 10.261 16.995 3.68301
      vertex 10.3407 16.995 3.62592
      vertex 10.3154 16.995 3.64668
    endloop
  endfacet
  facet normal 0 -1 0
    outer loop
      vertex 10.261 16.995 3.68301
      vertex 10.3646 16.995 3.60355
      vertex 10.3407 16.995 3.62592
    endloop
  endfacet
  facet normal 0 -1 0
    outer loop
      vertex 10.261 16.995 3.68301
      vertex 10.3869 16.995 3.57967
      vertex 10.3646 16.995 3.60355
    endloop
  endfacet
  facet normal 0 -1 0
    outer loop
      vertex 10.261 16.995 3.68301
      vertex 10.4077 16.995 3.55438
      vertex 10.3869 16.995 3.57967
    endloop
  endfacet
  facet normal 0 -1 0
    outer loop
      vertex 10.261 16.995 3.68301
      vertex 10.4267 16.995 3.52779
      vertex 10.4077 16.995 3.55438
    endloop
  endfacet
  facet normal 0 -1 0
    outer loop
      vertex 10.261 16.995 3.68301
      vertex 10.444 16.995 3.5
      vertex 10.4267 16.995 3.52779
    endloop
  endfacet
  facet normal 0 -1 0
    outer loop
      vertex 10.261 16.995 3.68301
      vertex 10.4594 16.995 3.47114
      vertex 10.444 16.995 3.5
    endloop
  endfacet
  facet normal 0 -1 0
    outer loop
      vertex 10.261 16.995 3.68301
      vertex 10.4729 16.995 3.44134
      vertex 10.4594 16.995 3.47114
    endloop
  endfacet
  facet normal 0 -1 0
    outer loop
      vertex 10.261 16.995 3.68301
      vertex 10.4845 16.995 3.41072
      vertex 10.4729 16.995 3.44134
    endloop
  endfacet
  facet normal 0 -1 0
    outer loop
      vertex 10.261 16.995 3.68301
      vertex 10.494 16.995 3.37941
      vertex 10.4845 16.995 3.41072
    endloop
  endfacet
  facet normal 0 -1 0
    outer loop
      vertex 10.261 16.995 3.68301
      vertex 10.5014 16.995 3.34755
      vertex 10.494 16.995 3.37941
    endloop
  endfacet
  facet normal 0 -1 0
    outer loop
      vertex 10.261 16.995 3.68301
      vertex 10.5067 16.995 3.31526
      vertex 10.5014 16.995 3.34755
    endloop
  endfacet
  facet normal 0 -1 0
    outer loop
      vertex 10.261 16.995 3.68301
      vertex 10.5099 16.995 3.2827
      vertex 10.5067 16.995 3.31526
    endloop
  endfacet
  facet normal 0 -1 0
    outer loop
      vertex 10.261 16.995 3.68301
      vertex 10.511 16.995 3.25
      vertex 10.5099 16.995 3.2827
    endloop
  endfacet
  facet normal 0 -1 0
    outer loop
      vertex 10.261 16.995 3.68301
      vertex 10.5099 16.995 3.2173
      vertex 10.511 16.995 3.25
    endloop
  endfacet
  facet normal 0 -1 0
    outer loop
      vertex 10.261 16.995 3.68301
      vertex 10.5067 16.995 3.18474
      vertex 10.5099 16.995 3.2173
    endloop
  endfacet
  facet normal 0 -1 0
    outer loop
      vertex 10.261 16.995 3.68301
      vertex 10.5014 16.995 3.15246
      vertex 10.5067 16.995 3.18474
    endloop
  endfacet
  facet normal 0 -1 0
    outer loop
      vertex 10.261 16.995 3.68301
      vertex 10.494 16.995 3.12059
      vertex 10.5014 16.995 3.15246
    endloop
  endfacet
  facet normal 0 -1 0
    outer loop
      vertex 10.261 16.995 3.68301
      vertex 10.4845 16.995 3.08928
      vertex 10.494 16.995 3.12059
    endloop
  endfacet
  facet normal 0 -1 0
    outer loop
      vertex 10.261 16.995 3.68301
      vertex 10.4729 16.995 3.05866
      vertex 10.4845 16.995 3.08928
    endloop
  endfacet
  facet normal 0 -1 0
    outer loop
      vertex 10.261 16.995 3.68301
      vertex 10.4594 16.995 3.02886
      vertex 10.4729 16.995 3.05866
    endloop
  endfacet
  facet normal 0 -1 0
    outer loop
      vertex 10.261 16.995 3.68301
      vertex 10.444 16.995 3
      vertex 10.4594 16.995 3.02886
    endloop
  endfacet
  facet normal 0 -1 0
    outer loop
      vertex 10.261 16.995 3.68301
      vertex 10.4267 16.995 2.97222
      vertex 10.444 16.995 3
    endloop
  endfacet
  facet normal 0 -1 0
    outer loop
      vertex 10.261 16.995 3.68301
      vertex 10.4077 16.995 2.94562
      vertex 10.4267 16.995 2.97222
    endloop
  endfacet
  facet normal 0 -1 0
    outer loop
      vertex 10.261 16.995 3.68301
      vertex 10.3869 16.995 2.92033
      vertex 10.4077 16.995 2.94562
    endloop
  endfacet
  facet normal 0 -1 0
    outer loop
      vertex 10.261 16.995 3.68301
      vertex 10.3646 16.995 2.89645
      vertex 10.3869 16.995 2.92033
    endloop
  endfacet
  facet normal 0 -1 0
    outer loop
      vertex 10.261 16.995 3.68301
      vertex 10.3407 16.995 2.87408
      vertex 10.3646 16.995 2.89645
    endloop
  endfacet
  facet normal 0 -1 0
    outer loop
      vertex 10.261 16.995 3.68301
      vertex 10.3154 16.995 2.85332
      vertex 10.3407 16.995 2.87408
    endloop
  endfacet
  facet normal 0 -1 0
    outer loop
      vertex 10.261 16.995 3.68301
      vertex 10.2888 16.995 2.83427
      vertex 10.3154 16.995 2.85332
    endloop
  endfacet
  facet normal -0 -1 0
    outer loop
      vertex 10.2888 16.995 2.83427
      vertex 10.261 16.995 3.68301
      vertex 10.261 16.995 2.81699
    endloop
  endfacet
  facet normal 0 -1 0
    outer loop
      vertex 9.63508 16.995 3.57967
      vertex 9.661 16.995 3.60688
      vertex 9.65745 16.995 3.60355
    endloop
  endfacet
  facet normal 0 -1 0
    outer loop
      vertex 9.61432 16.995 3.55438
      vertex 9.661 16.995 3.60688
      vertex 9.63508 16.995 3.57967
    endloop
  endfacet
  facet normal 0 -1 0
    outer loop
      vertex 9.59526 16.995 3.52779
      vertex 9.661 16.995 3.60688
      vertex 9.61432 16.995 3.55438
    endloop
  endfacet
  facet normal 0 -1 0
    outer loop
      vertex 9.57799 16.995 3.5
      vertex 9.661 16.995 3.60688
      vertex 9.59526 16.995 3.52779
    endloop
  endfacet
  facet normal 0 -1 0
    outer loop
      vertex 9.56256 16.995 3.47114
      vertex 9.661 16.995 3.60688
      vertex 9.57799 16.995 3.5
    endloop
  endfacet
  facet normal 0 -1 0
    outer loop
      vertex 9.54906 16.995 3.44134
      vertex 9.661 16.995 3.60688
      vertex 9.56256 16.995 3.47114
    endloop
  endfacet
  facet normal 0 -1 0
    outer loop
      vertex 9.53753 16.995 3.41072
      vertex 9.661 16.995 3.60688
      vertex 9.54906 16.995 3.44134
    endloop
  endfacet
  facet normal 0 -1 0
    outer loop
      vertex 9.52804 16.995 3.37941
      vertex 9.661 16.995 3.60688
      vertex 9.53753 16.995 3.41072
    endloop
  endfacet
  facet normal 0 -1 0
    outer loop
      vertex 9.52061 16.995 3.34755
      vertex 9.661 16.995 3.60688
      vertex 9.52804 16.995 3.37941
    endloop
  endfacet
  facet normal 0 -1 0
    outer loop
      vertex 9.51528 16.995 3.31526
      vertex 9.661 16.995 3.60688
      vertex 9.52061 16.995 3.34755
    endloop
  endfacet
  facet normal 0 -1 0
    outer loop
      vertex 9.51207 16.995 3.2827
      vertex 9.661 16.995 3.60688
      vertex 9.51528 16.995 3.31526
    endloop
  endfacet
  facet normal 0 -1 0
    outer loop
      vertex 9.511 16.995 3.25
      vertex 9.661 16.995 3.60688
      vertex 9.51207 16.995 3.2827
    endloop
  endfacet
  facet normal 0 -1 0
    outer loop
      vertex 9.51207 16.995 3.2173
      vertex 9.661 16.995 3.60688
      vertex 9.511 16.995 3.25
    endloop
  endfacet
  facet normal 0 -1 0
    outer loop
      vertex 9.51528 16.995 3.18474
      vertex 9.661 16.995 3.60688
      vertex 9.51207 16.995 3.2173
    endloop
  endfacet
  facet normal 0 -1 0
    outer loop
      vertex 9.52061 16.995 3.15246
      vertex 9.661 16.995 3.60688
      vertex 9.51528 16.995 3.18474
    endloop
  endfacet
  facet normal 0 -1 0
    outer loop
      vertex 9.52804 16.995 3.12059
      vertex 9.661 16.995 3.60688
      vertex 9.52061 16.995 3.15246
    endloop
  endfacet
  facet normal 0 -1 0
    outer loop
      vertex 9.53753 16.995 3.08928
      vertex 9.661 16.995 3.60688
      vertex 9.52804 16.995 3.12059
    endloop
  endfacet
  facet normal 0 -1 0
    outer loop
      vertex 9.54906 16.995 3.05866
      vertex 9.661 16.995 3.60688
      vertex 9.53753 16.995 3.08928
    endloop
  endfacet
  facet normal 0 -1 0
    outer loop
      vertex 9.56256 16.995 3.02886
      vertex 9.661 16.995 3.60688
      vertex 9.54906 16.995 3.05866
    endloop
  endfacet
  facet normal 0 -1 0
    outer loop
      vertex 9.57799 16.995 3
      vertex 9.661 16.995 3.60688
      vertex 9.56256 16.995 3.02886
    endloop
  endfacet
  facet normal 0 -1 0
    outer loop
      vertex 9.59526 16.995 2.97222
      vertex 9.661 16.995 3.60688
      vertex 9.57799 16.995 3
    endloop
  endfacet
  facet normal 0 -1 0
    outer loop
      vertex 9.61432 16.995 2.94562
      vertex 9.661 16.995 3.60688
      vertex 9.59526 16.995 2.97222
    endloop
  endfacet
  facet normal 0 -1 0
    outer loop
      vertex 9.63508 16.995 2.92033
      vertex 9.661 16.995 3.60688
      vertex 9.61432 16.995 2.94562
    endloop
  endfacet
  facet normal 0 -1 0
    outer loop
      vertex 9.661 16.995 2.89312
      vertex 9.63508 16.995 2.92033
      vertex 9.65745 16.995 2.89645
    endloop
  endfacet
  facet normal 0 -1 0
    outer loop
      vertex 9.63508 16.995 2.92033
      vertex 9.661 16.995 2.89312
      vertex 9.661 16.995 3.60688
    endloop
  endfacet
  facet normal 0 -1 0
    outer loop
      vertex 9.9783 16.995 3.74893
      vertex 10.0437 16.995 3.74893
      vertex 10.011 16.995 3.75
    endloop
  endfacet
  facet normal 0 -1 0
    outer loop
      vertex 9.94574 16.995 3.74572
      vertex 10.0437 16.995 3.74893
      vertex 9.9783 16.995 3.74893
    endloop
  endfacet
  facet normal 0 -1 0
    outer loop
      vertex 9.94574 16.995 3.74572
      vertex 10.0763 16.995 3.74572
      vertex 10.0437 16.995 3.74893
    endloop
  endfacet
  facet normal 0 -1 0
    outer loop
      vertex 9.91345 16.995 3.74039
      vertex 10.0763 16.995 3.74572
      vertex 9.94574 16.995 3.74572
    endloop
  endfacet
  facet normal 0 -1 0
    outer loop
      vertex 9.91345 16.995 3.74039
      vertex 10.1085 16.995 3.74039
      vertex 10.0763 16.995 3.74572
    endloop
  endfacet
  facet normal 0 -1 0
    outer loop
      vertex 9.88159 16.995 3.73296
      vertex 10.1085 16.995 3.74039
      vertex 9.91345 16.995 3.74039
    endloop
  endfacet
  facet normal 0 -1 0
    outer loop
      vertex 9.88159 16.995 3.73296
      vertex 10.1404 16.995 3.73296
      vertex 10.1085 16.995 3.74039
    endloop
  endfacet
  facet normal 0 -1 0
    outer loop
      vertex 9.85028 16.995 3.72347
      vertex 10.1404 16.995 3.73296
      vertex 9.88159 16.995 3.73296
    endloop
  endfacet
  facet normal 0 -1 0
    outer loop
      vertex 9.85028 16.995 3.72347
      vertex 10.1717 16.995 3.72347
      vertex 10.1404 16.995 3.73296
    endloop
  endfacet
  facet normal 0 -1 0
    outer loop
      vertex 9.81966 16.995 3.71194
      vertex 10.1717 16.995 3.72347
      vertex 9.85028 16.995 3.72347
    endloop
  endfacet
  facet normal 0 -1 0
    outer loop
      vertex 9.81966 16.995 3.71194
      vertex 10.2023 16.995 3.71194
      vertex 10.1717 16.995 3.72347
    endloop
  endfacet
  facet normal 0 -1 0
    outer loop
      vertex 9.79331 16.995 3.7
      vertex 10.2023 16.995 3.71194
      vertex 9.81966 16.995 3.71194
    endloop
  endfacet
  facet normal 0 -1 -0
    outer loop
      vertex 10.2023 16.995 3.71194
      vertex 9.79331 16.995 3.7
      vertex 10.2287 16.995 3.7
    endloop
  endfacet
  facet normal 0.999435 0 -0.0336201
    outer loop
      vertex 10.511 16.995 3.25
      vertex 10.5099 19.995 3.2173
      vertex 10.511 19.995 3.25
    endloop
  endfacet
  facet normal 0.999435 0 -0.0336201
    outer loop
      vertex 10.5099 19.995 3.2173
      vertex 10.511 16.995 3.25
      vertex 10.5099 16.995 3.2173
    endloop
  endfacet
  facet normal 0.974086 0 -0.226176
    outer loop
      vertex 10.5014 16.995 3.15246
      vertex 10.494 19.995 3.12059
      vertex 10.5014 19.995 3.15246
    endloop
  endfacet
  facet normal 0.974086 0 -0.226176
    outer loop
      vertex 10.494 19.995 3.12059
      vertex 10.5014 16.995 3.15246
      vertex 10.494 16.995 3.12059
    endloop
  endfacet
  facet normal 0.882251 0 -0.470779
    outer loop
      vertex 10.4594 16.995 3.02886
      vertex 10.444 19.995 3
      vertex 10.4594 19.995 3.02886
    endloop
  endfacet
  facet normal 0.882251 0 -0.470779
    outer loop
      vertex 10.444 19.995 3
      vertex 10.4594 16.995 3.02886
      vertex 10.444 16.995 3
    endloop
  endfacet
  facet normal 0.910889 0 -0.412651
    outer loop
      vertex 10.4729 16.995 3.05866
      vertex 10.4594 19.995 3.02886
      vertex 10.4729 19.995 3.05866
    endloop
  endfacet
  facet normal 0.910889 0 -0.412651
    outer loop
      vertex 10.4594 19.995 3.02886
      vertex 10.4729 16.995 3.05866
      vertex 10.4594 16.995 3.02886
    endloop
  endfacet
  facet normal 0.730872 0 -0.682515
    outer loop
      vertex 10.3869 16.995 2.92033
      vertex 10.3646 19.995 2.89645
      vertex 10.3869 19.995 2.92033
    endloop
  endfacet
  facet normal 0.730872 0 -0.682515
    outer loop
      vertex 10.3646 19.995 2.89645
      vertex 10.3869 16.995 2.92033
      vertex 10.3646 16.995 2.89645
    endloop
  endfacet
  facet normal 0.52791 0 -0.8493
    outer loop
      vertex 10.261 16.995 2.81699
      vertex 10.2888 19.995 2.83427
      vertex 10.2888 16.995 2.83427
    endloop
  endfacet
  facet normal 0.52791 0 -0.8493
    outer loop
      vertex 10.2888 19.995 2.83427
      vertex 10.261 16.995 2.81699
      vertex 10.261 19.995 2.81699
    endloop
  endfacet
  facet normal -0.973884 0 -0.227046
    outer loop
      vertex 9.52804 16.995 3.12059
      vertex 9.52061 19.995 3.15246
      vertex 9.52804 19.995 3.12059
    endloop
  endfacet
  facet normal -0.973884 -0 -0.227046
    outer loop
      vertex 9.52061 19.995 3.15246
      vertex 9.52804 16.995 3.12059
      vertex 9.52061 16.995 3.15246
    endloop
  endfacet
  facet normal -0.935851 0 -0.352396
    outer loop
      vertex 9.54906 16.995 3.05866
      vertex 9.53753 19.995 3.08928
      vertex 9.54906 19.995 3.05866
    endloop
  endfacet
  facet normal -0.935851 -0 -0.352396
    outer loop
      vertex 9.53753 19.995 3.08928
      vertex 9.54906 16.995 3.05866
      vertex 9.53753 16.995 3.08928
    endloop
  endfacet
  facet normal -0.849267 0 -0.527964
    outer loop
      vertex 9.59526 16.995 2.97222
      vertex 9.57799 19.995 3
      vertex 9.59526 19.995 2.97222
    endloop
  endfacet
  facet normal -0.849267 -0 -0.527964
    outer loop
      vertex 9.57799 19.995 3
      vertex 9.59526 16.995 2.97222
      vertex 9.57799 16.995 3
    endloop
  endfacet
  facet normal -0.729804 0 -0.683656
    outer loop
      vertex 9.65745 16.995 2.89645
      vertex 9.63508 19.995 2.92033
      vertex 9.65745 19.995 2.89645
    endloop
  endfacet
  facet normal -0.729804 -0 -0.683656
    outer loop
      vertex 9.63508 19.995 2.92033
      vertex 9.65745 16.995 2.89645
      vertex 9.63508 16.995 2.92033
    endloop
  endfacet
  facet normal 0.995205 0 -0.0978089
    outer loop
      vertex 10.5099 16.995 3.2173
      vertex 10.5067 19.995 3.18474
      vertex 10.5099 19.995 3.2173
    endloop
  endfacet
  facet normal 0.995205 0 -0.0978089
    outer loop
      vertex 10.5067 19.995 3.18474
      vertex 10.5099 16.995 3.2173
      vertex 10.5067 16.995 3.18474
    endloop
  endfacet
  facet normal 0.848856 0 -0.528625
    outer loop
      vertex 10.444 16.995 3
      vertex 10.4267 19.995 2.97222
      vertex 10.444 19.995 3
    endloop
  endfacet
  facet normal 0.848856 0 -0.528625
    outer loop
      vertex 10.4267 19.995 2.97222
      vertex 10.444 16.995 3
      vertex 10.4267 16.995 2.97222
    endloop
  endfacet
  facet normal 0.813733 0 -0.581238
    outer loop
      vertex 10.4267 16.995 2.97222
      vertex 10.4077 19.995 2.94562
      vertex 10.4267 19.995 2.97222
    endloop
  endfacet
  facet normal 0.813733 0 -0.581238
    outer loop
      vertex 10.4077 19.995 2.94562
      vertex 10.4267 16.995 2.97222
      vertex 10.4077 16.995 2.94562
    endloop
  endfacet
  facet normal 0.882251 -0 0.470779
    outer loop
      vertex -12.581 16.995 3.5
      vertex -12.5656 19.995 3.47114
      vertex -12.581 19.995 3.5
    endloop
  endfacet
  facet normal 0.882251 0 0.470779
    outer loop
      vertex -12.5656 19.995 3.47114
      vertex -12.581 16.995 3.5
      vertex -12.5656 16.995 3.47114
    endloop
  endfacet
  facet normal 0.412086 0 0.911145
    outer loop
      vertex -12.8227 19.995 3.71194
      vertex -12.7963 16.995 3.7
      vertex -12.7963 19.995 3.7
    endloop
  endfacet
  facet normal 0.412086 0 0.911145
    outer loop
      vertex -12.7963 16.995 3.7
      vertex -12.8227 19.995 3.71194
      vertex -12.8227 16.995 3.71194
    endloop
  endfacet
  facet normal -0.352598 0 0.935775
    outer loop
      vertex -13.2053 19.995 3.71194
      vertex -13.1747 16.995 3.72347
      vertex -13.1747 19.995 3.72347
    endloop
  endfacet
  facet normal -0.352598 0 0.935775
    outer loop
      vertex -13.1747 16.995 3.72347
      vertex -13.2053 19.995 3.71194
      vertex -13.2053 16.995 3.71194
    endloop
  endfacet
  facet normal -0.910889 0 0.412651
    outer loop
      vertex -13.4759 16.995 3.44134
      vertex -13.4624 19.995 3.47114
      vertex -13.4759 19.995 3.44134
    endloop
  endfacet
  facet normal -0.910889 0 0.412651
    outer loop
      vertex -13.4624 19.995 3.47114
      vertex -13.4759 16.995 3.44134
      vertex -13.4624 16.995 3.47114
    endloop
  endfacet
  facet normal 0.999435 0 -0.0336201
    outer loop
      vertex -12.514 16.995 3.25
      vertex -12.5151 19.995 3.2173
      vertex -12.514 19.995 3.25
    endloop
  endfacet
  facet normal 0.999435 0 -0.0336201
    outer loop
      vertex -12.5151 19.995 3.2173
      vertex -12.514 16.995 3.25
      vertex -12.5151 16.995 3.2173
    endloop
  endfacet
  facet normal -0.730872 0 0.682515
    outer loop
      vertex -13.3899 16.995 3.57967
      vertex -13.3676 19.995 3.60355
      vertex -13.3899 19.995 3.57967
    endloop
  endfacet
  facet normal -0.730872 0 0.682515
    outer loop
      vertex -13.3676 19.995 3.60355
      vertex -13.3899 16.995 3.57967
      vertex -13.3676 16.995 3.60355
    endloop
  endfacet
  facet normal -0.163306 0 0.986575
    outer loop
      vertex -13.1115 19.995 3.74039
      vertex -13.0793 16.995 3.74572
      vertex -13.0793 19.995 3.74572
    endloop
  endfacet
  facet normal -0.163306 0 0.986575
    outer loop
      vertex -13.0793 16.995 3.74572
      vertex -13.1115 19.995 3.74039
      vertex -13.1115 16.995 3.74039
    endloop
  endfacet
  facet normal 0.81363 -0 0.581383
    outer loop
      vertex -12.6173 16.995 3.55438
      vertex -12.5983 19.995 3.52779
      vertex -12.6173 19.995 3.55438
    endloop
  endfacet
  facet normal 0.81363 0 0.581383
    outer loop
      vertex -12.5983 19.995 3.52779
      vertex -12.6173 16.995 3.55438
      vertex -12.5983 16.995 3.52779
    endloop
  endfacet
  facet normal 0.772336 -0 0.635215
    outer loop
      vertex -12.6381 16.995 3.57967
      vertex -12.6173 19.995 3.55438
      vertex -12.6381 19.995 3.57967
    endloop
  endfacet
  facet normal 0.772336 0 0.635215
    outer loop
      vertex -12.6173 19.995 3.55438
      vertex -12.6381 16.995 3.57967
      vertex -12.6173 16.995 3.55438
    endloop
  endfacet
  facet normal 0.730872 -0 0.682515
    outer loop
      vertex -12.6604 16.995 3.60355
      vertex -12.6381 19.995 3.57967
      vertex -12.6604 19.995 3.60355
    endloop
  endfacet
  facet normal 0.730872 0 0.682515
    outer loop
      vertex -12.6381 19.995 3.57967
      vertex -12.6604 16.995 3.60355
      vertex -12.6381 16.995 3.57967
    endloop
  endfacet
  facet normal 0.0327042 0 0.999465
    outer loop
      vertex -13.014 19.995 3.75
      vertex -12.9813 16.995 3.74893
      vertex -12.9813 19.995 3.74893
    endloop
  endfacet
  facet normal 0.0327042 0 0.999465
    outer loop
      vertex -12.9813 16.995 3.74893
      vertex -13.014 19.995 3.75
      vertex -13.014 16.995 3.75
    endloop
  endfacet
  facet normal 0.352598 0 0.935775
    outer loop
      vertex -12.8533 19.995 3.72347
      vertex -12.8227 16.995 3.71194
      vertex -12.8227 19.995 3.71194
    endloop
  endfacet
  facet normal 0.352598 0 0.935775
    outer loop
      vertex -12.8227 16.995 3.71194
      vertex -12.8533 19.995 3.72347
      vertex -12.8533 16.995 3.72347
    endloop
  endfacet
  facet normal 0.226844 0 0.973931
    outer loop
      vertex -12.9165 19.995 3.74039
      vertex -12.8846 16.995 3.73296
      vertex -12.8846 19.995 3.73296
    endloop
  endfacet
  facet normal 0.226844 0 0.973931
    outer loop
      vertex -12.8846 16.995 3.73296
      vertex -12.9165 19.995 3.74039
      vertex -12.9165 16.995 3.74039
    endloop
  endfacet
  facet normal -0.999435 0 0.0336201
    outer loop
      vertex -13.514 16.995 3.25
      vertex -13.5129 19.995 3.2827
      vertex -13.514 19.995 3.25
    endloop
  endfacet
  facet normal -0.999435 0 0.0336201
    outer loop
      vertex -13.5129 19.995 3.2827
      vertex -13.514 16.995 3.25
      vertex -13.5129 16.995 3.2827
    endloop
  endfacet
  facet normal 0 -1 0
    outer loop
      vertex -12.664 16.995 3.60688
      vertex -12.6381 16.995 3.57967
      vertex -12.6604 16.995 3.60355
    endloop
  endfacet
  facet normal 0 -1 0
    outer loop
      vertex -12.664 16.995 3.60688
      vertex -12.6173 16.995 3.55438
      vertex -12.6381 16.995 3.57967
    endloop
  endfacet
  facet normal 0 -1 0
    outer loop
      vertex -12.664 16.995 3.60688
      vertex -12.5983 16.995 3.52779
      vertex -12.6173 16.995 3.55438
    endloop
  endfacet
  facet normal 0 -1 0
    outer loop
      vertex -12.664 16.995 3.60688
      vertex -12.581 16.995 3.5
      vertex -12.5983 16.995 3.52779
    endloop
  endfacet
  facet normal 0 -1 0
    outer loop
      vertex -12.664 16.995 3.60688
      vertex -12.5656 16.995 3.47114
      vertex -12.581 16.995 3.5
    endloop
  endfacet
  facet normal 0 -1 0
    outer loop
      vertex -12.664 16.995 3.60688
      vertex -12.5521 16.995 3.44134
      vertex -12.5656 16.995 3.47114
    endloop
  endfacet
  facet normal 0 -1 0
    outer loop
      vertex -12.664 16.995 3.60688
      vertex -12.5405 16.995 3.41072
      vertex -12.5521 16.995 3.44134
    endloop
  endfacet
  facet normal 0 -1 0
    outer loop
      vertex -12.664 16.995 3.60688
      vertex -12.531 16.995 3.37941
      vertex -12.5405 16.995 3.41072
    endloop
  endfacet
  facet normal 0 -1 0
    outer loop
      vertex -12.664 16.995 3.60688
      vertex -12.5236 16.995 3.34755
      vertex -12.531 16.995 3.37941
    endloop
  endfacet
  facet normal 0 -1 0
    outer loop
      vertex -12.664 16.995 3.60688
      vertex -12.5183 16.995 3.31526
      vertex -12.5236 16.995 3.34755
    endloop
  endfacet
  facet normal 0 -1 0
    outer loop
      vertex -12.664 16.995 3.60688
      vertex -12.5151 16.995 3.2827
      vertex -12.5183 16.995 3.31526
    endloop
  endfacet
  facet normal 0 -1 0
    outer loop
      vertex -12.664 16.995 3.60688
      vertex -12.514 16.995 3.25
      vertex -12.5151 16.995 3.2827
    endloop
  endfacet
  facet normal 0 -1 0
    outer loop
      vertex -12.664 16.995 3.60688
      vertex -12.5151 16.995 3.2173
      vertex -12.514 16.995 3.25
    endloop
  endfacet
  facet normal 0 -1 0
    outer loop
      vertex -12.664 16.995 3.60688
      vertex -12.5183 16.995 3.18474
      vertex -12.5151 16.995 3.2173
    endloop
  endfacet
  facet normal 0 -1 0
    outer loop
      vertex -12.664 16.995 3.60688
      vertex -12.5236 16.995 3.15246
      vertex -12.5183 16.995 3.18474
    endloop
  endfacet
  facet normal 0 -1 0
    outer loop
      vertex -12.664 16.995 3.60688
      vertex -12.531 16.995 3.12059
      vertex -12.5236 16.995 3.15246
    endloop
  endfacet
  facet normal 0 -1 0
    outer loop
      vertex -12.664 16.995 3.60688
      vertex -12.5405 16.995 3.08928
      vertex -12.531 16.995 3.12059
    endloop
  endfacet
  facet normal 0 -1 0
    outer loop
      vertex -12.664 16.995 3.60688
      vertex -12.5521 16.995 3.05866
      vertex -12.5405 16.995 3.08928
    endloop
  endfacet
  facet normal 0 -1 0
    outer loop
      vertex -12.664 16.995 3.60688
      vertex -12.5656 16.995 3.02886
      vertex -12.5521 16.995 3.05866
    endloop
  endfacet
  facet normal 0 -1 0
    outer loop
      vertex -12.664 16.995 3.60688
      vertex -12.581 16.995 3
      vertex -12.5656 16.995 3.02886
    endloop
  endfacet
  facet normal 0 -1 0
    outer loop
      vertex -12.664 16.995 3.60688
      vertex -12.5983 16.995 2.97222
      vertex -12.581 16.995 3
    endloop
  endfacet
  facet normal 0 -1 0
    outer loop
      vertex -12.664 16.995 3.60688
      vertex -12.6173 16.995 2.94562
      vertex -12.5983 16.995 2.97222
    endloop
  endfacet
  facet normal 0 -1 0
    outer loop
      vertex -12.664 16.995 3.60688
      vertex -12.6381 16.995 2.92033
      vertex -12.6173 16.995 2.94562
    endloop
  endfacet
  facet normal 0 -1 0
    outer loop
      vertex -12.664 16.995 2.89312
      vertex -12.6381 16.995 2.92033
      vertex -12.664 16.995 3.60688
    endloop
  endfacet
  facet normal 0 -1 0
    outer loop
      vertex -12.6381 16.995 2.92033
      vertex -12.664 16.995 2.89312
      vertex -12.6604 16.995 2.89645
    endloop
  endfacet
  facet normal 0 -1 0
    outer loop
      vertex -13.0467 16.995 3.74893
      vertex -12.9813 16.995 3.74893
      vertex -13.014 16.995 3.75
    endloop
  endfacet
  facet normal 0 -1 0
    outer loop
      vertex -13.0793 16.995 3.74572
      vertex -12.9813 16.995 3.74893
      vertex -13.0467 16.995 3.74893
    endloop
  endfacet
  facet normal 0 -1 0
    outer loop
      vertex -13.0793 16.995 3.74572
      vertex -12.9487 16.995 3.74572
      vertex -12.9813 16.995 3.74893
    endloop
  endfacet
  facet normal 0 -1 0
    outer loop
      vertex -13.1115 16.995 3.74039
      vertex -12.9487 16.995 3.74572
      vertex -13.0793 16.995 3.74572
    endloop
  endfacet
  facet normal 0 -1 0
    outer loop
      vertex -13.1115 16.995 3.74039
      vertex -12.9165 16.995 3.74039
      vertex -12.9487 16.995 3.74572
    endloop
  endfacet
  facet normal 0 -1 0
    outer loop
      vertex -13.1434 16.995 3.73296
      vertex -12.9165 16.995 3.74039
      vertex -13.1115 16.995 3.74039
    endloop
  endfacet
  facet normal 0 -1 0
    outer loop
      vertex -13.1434 16.995 3.73296
      vertex -12.8846 16.995 3.73296
      vertex -12.9165 16.995 3.74039
    endloop
  endfacet
  facet normal 0 -1 0
    outer loop
      vertex -13.1747 16.995 3.72347
      vertex -12.8846 16.995 3.73296
      vertex -13.1434 16.995 3.73296
    endloop
  endfacet
  facet normal 0 -1 0
    outer loop
      vertex -13.1747 16.995 3.72347
      vertex -12.8533 16.995 3.72347
      vertex -12.8846 16.995 3.73296
    endloop
  endfacet
  facet normal 0 -1 0
    outer loop
      vertex -13.2053 16.995 3.71194
      vertex -12.8533 16.995 3.72347
      vertex -13.1747 16.995 3.72347
    endloop
  endfacet
  facet normal 0 -1 0
    outer loop
      vertex -13.2053 16.995 3.71194
      vertex -12.8227 16.995 3.71194
      vertex -12.8533 16.995 3.72347
    endloop
  endfacet
  facet normal 0 -1 0
    outer loop
      vertex -13.2317 16.995 3.7
      vertex -12.8227 16.995 3.71194
      vertex -13.2053 16.995 3.71194
    endloop
  endfacet
  facet normal 0 -1 -0
    outer loop
      vertex -12.8227 16.995 3.71194
      vertex -13.2317 16.995 3.7
      vertex -12.7963 16.995 3.7
    endloop
  endfacet
  facet normal 0 -1 0
    outer loop
      vertex -13.3184 16.995 3.64668
      vertex -13.264 16.995 3.68301
      vertex -13.2918 16.995 3.66574
    endloop
  endfacet
  facet normal 0 -1 0
    outer loop
      vertex -13.3437 16.995 3.62592
      vertex -13.264 16.995 3.68301
      vertex -13.3184 16.995 3.64668
    endloop
  endfacet
  facet normal 0 -1 0
    outer loop
      vertex -13.3676 16.995 3.60355
      vertex -13.264 16.995 3.68301
      vertex -13.3437 16.995 3.62592
    endloop
  endfacet
  facet normal 0 -1 0
    outer loop
      vertex -13.3899 16.995 3.57967
      vertex -13.264 16.995 3.68301
      vertex -13.3676 16.995 3.60355
    endloop
  endfacet
  facet normal 0 -1 0
    outer loop
      vertex -13.4107 16.995 3.55438
      vertex -13.264 16.995 3.68301
      vertex -13.3899 16.995 3.57967
    endloop
  endfacet
  facet normal 0 -1 0
    outer loop
      vertex -13.4297 16.995 3.52779
      vertex -13.264 16.995 3.68301
      vertex -13.4107 16.995 3.55438
    endloop
  endfacet
  facet normal 0 -1 0
    outer loop
      vertex -13.447 16.995 3.5
      vertex -13.264 16.995 3.68301
      vertex -13.4297 16.995 3.52779
    endloop
  endfacet
  facet normal 0 -1 0
    outer loop
      vertex -13.4624 16.995 3.47114
      vertex -13.264 16.995 3.68301
      vertex -13.447 16.995 3.5
    endloop
  endfacet
  facet normal 0 -1 0
    outer loop
      vertex -13.4759 16.995 3.44134
      vertex -13.264 16.995 3.68301
      vertex -13.4624 16.995 3.47114
    endloop
  endfacet
  facet normal 0 -1 0
    outer loop
      vertex -13.4875 16.995 3.41072
      vertex -13.264 16.995 3.68301
      vertex -13.4759 16.995 3.44134
    endloop
  endfacet
  facet normal 0 -1 0
    outer loop
      vertex -13.497 16.995 3.37941
      vertex -13.264 16.995 3.68301
      vertex -13.4875 16.995 3.41072
    endloop
  endfacet
  facet normal 0 -1 0
    outer loop
      vertex -13.5044 16.995 3.34755
      vertex -13.264 16.995 3.68301
      vertex -13.497 16.995 3.37941
    endloop
  endfacet
  facet normal 0 -1 0
    outer loop
      vertex -13.5097 16.995 3.31526
      vertex -13.264 16.995 3.68301
      vertex -13.5044 16.995 3.34755
    endloop
  endfacet
  facet normal 0 -1 0
    outer loop
      vertex -13.5129 16.995 3.2827
      vertex -13.264 16.995 3.68301
      vertex -13.5097 16.995 3.31526
    endloop
  endfacet
  facet normal 0 -1 0
    outer loop
      vertex -13.514 16.995 3.25
      vertex -13.264 16.995 3.68301
      vertex -13.5129 16.995 3.2827
    endloop
  endfacet
  facet normal 0 -1 0
    outer loop
      vertex -13.5129 16.995 3.2173
      vertex -13.264 16.995 3.68301
      vertex -13.514 16.995 3.25
    endloop
  endfacet
  facet normal 0 -1 0
    outer loop
      vertex -13.5097 16.995 3.18474
      vertex -13.264 16.995 3.68301
      vertex -13.5129 16.995 3.2173
    endloop
  endfacet
  facet normal 0 -1 0
    outer loop
      vertex -13.5044 16.995 3.15246
      vertex -13.264 16.995 3.68301
      vertex -13.5097 16.995 3.18474
    endloop
  endfacet
  facet normal 0 -1 0
    outer loop
      vertex -13.497 16.995 3.12059
      vertex -13.264 16.995 3.68301
      vertex -13.5044 16.995 3.15246
    endloop
  endfacet
  facet normal 0 -1 0
    outer loop
      vertex -13.4875 16.995 3.08928
      vertex -13.264 16.995 3.68301
      vertex -13.497 16.995 3.12059
    endloop
  endfacet
  facet normal 0 -1 0
    outer loop
      vertex -13.4759 16.995 3.05866
      vertex -13.264 16.995 3.68301
      vertex -13.4875 16.995 3.08928
    endloop
  endfacet
  facet normal 0 -1 0
    outer loop
      vertex -13.4624 16.995 3.02886
      vertex -13.264 16.995 3.68301
      vertex -13.4759 16.995 3.05866
    endloop
  endfacet
  facet normal 0 -1 0
    outer loop
      vertex -13.447 16.995 3
      vertex -13.264 16.995 3.68301
      vertex -13.4624 16.995 3.02886
    endloop
  endfacet
  facet normal 0 -1 0
    outer loop
      vertex -13.4297 16.995 2.97222
      vertex -13.264 16.995 3.68301
      vertex -13.447 16.995 3
    endloop
  endfacet
  facet normal 0 -1 0
    outer loop
      vertex -13.4107 16.995 2.94562
      vertex -13.264 16.995 3.68301
      vertex -13.4297 16.995 2.97222
    endloop
  endfacet
  facet normal 0 -1 0
    outer loop
      vertex -13.3899 16.995 2.92033
      vertex -13.264 16.995 3.68301
      vertex -13.4107 16.995 2.94562
    endloop
  endfacet
  facet normal 0 -1 0
    outer loop
      vertex -13.3676 16.995 2.89645
      vertex -13.264 16.995 3.68301
      vertex -13.3899 16.995 2.92033
    endloop
  endfacet
  facet normal 0 -1 0
    outer loop
      vertex -13.3437 16.995 2.87408
      vertex -13.264 16.995 3.68301
      vertex -13.3676 16.995 2.89645
    endloop
  endfacet
  facet normal 0 -1 0
    outer loop
      vertex -13.3184 16.995 2.85332
      vertex -13.264 16.995 3.68301
      vertex -13.3437 16.995 2.87408
    endloop
  endfacet
  facet normal 0 -1 0
    outer loop
      vertex -13.2918 16.995 2.83427
      vertex -13.264 16.995 3.68301
      vertex -13.3184 16.995 2.85332
    endloop
  endfacet
  facet normal 0 -1 -0
    outer loop
      vertex -13.264 16.995 3.68301
      vertex -13.2918 16.995 2.83427
      vertex -13.264 16.995 2.81699
    endloop
  endfacet
  facet normal -0.935144 0 0.354268
    outer loop
      vertex -13.4875 16.995 3.41072
      vertex -13.4759 19.995 3.44134
      vertex -13.4875 19.995 3.41072
    endloop
  endfacet
  facet normal -0.935144 0 0.354268
    outer loop
      vertex -13.4759 19.995 3.44134
      vertex -13.4875 16.995 3.41072
      vertex -13.4759 16.995 3.44134
    endloop
  endfacet
  facet normal -0.974071 0 0.226244
    outer loop
      vertex -13.5044 16.995 3.34755
      vertex -13.497 19.995 3.37941
      vertex -13.5044 19.995 3.34755
    endloop
  endfacet
  facet normal -0.974071 0 0.226244
    outer loop
      vertex -13.497 19.995 3.37941
      vertex -13.5044 16.995 3.34755
      vertex -13.497 16.995 3.37941
    endloop
  endfacet
  facet normal -0.848941 0 0.528488
    outer loop
      vertex -13.447 16.995 3.5
      vertex -13.4297 19.995 3.52779
      vertex -13.447 19.995 3.5
    endloop
  endfacet
  facet normal -0.848941 0 0.528488
    outer loop
      vertex -13.4297 19.995 3.52779
      vertex -13.447 16.995 3.5
      vertex -13.4297 16.995 3.52779
    endloop
  endfacet
  facet normal -0.81363 0 0.581383
    outer loop
      vertex -13.4297 16.995 3.52779
      vertex -13.4107 19.995 3.55438
      vertex -13.4297 19.995 3.52779
    endloop
  endfacet
  facet normal -0.81363 0 0.581383
    outer loop
      vertex -13.4107 19.995 3.55438
      vertex -13.4297 16.995 3.52779
      vertex -13.4107 16.995 3.55438
    endloop
  endfacet
  facet normal -0.0327042 0 0.999465
    outer loop
      vertex -13.0467 19.995 3.74893
      vertex -13.014 16.995 3.75
      vertex -13.014 19.995 3.75
    endloop
  endfacet
  facet normal -0.0327042 0 0.999465
    outer loop
      vertex -13.014 16.995 3.75
      vertex -13.0467 19.995 3.74893
      vertex -13.0467 16.995 3.74893
    endloop
  endfacet
  facet normal -0.52769 0 0.849437
    outer loop
      vertex -13.2918 19.995 3.66574
      vertex -13.264 16.995 3.68301
      vertex -13.264 19.995 3.68301
    endloop
  endfacet
  facet normal -0.52769 0 0.849437
    outer loop
      vertex -13.264 16.995 3.68301
      vertex -13.2918 19.995 3.66574
      vertex -13.2918 16.995 3.66574
    endloop
  endfacet
  facet normal -0.683352 0 0.730089
    outer loop
      vertex -13.3676 19.995 3.60355
      vertex -13.3437 16.995 3.62592
      vertex -13.3437 19.995 3.62592
    endloop
  endfacet
  facet normal -0.683352 0 0.730089
    outer loop
      vertex -13.3437 16.995 3.62592
      vertex -13.3676 19.995 3.60355
      vertex -13.3676 16.995 3.60355
    endloop
  endfacet
  facet normal 0.999435 -0 0.0336201
    outer loop
      vertex -12.5151 16.995 3.2827
      vertex -12.514 19.995 3.25
      vertex -12.5151 19.995 3.2827
    endloop
  endfacet
  facet normal 0.999435 0 0.0336201
    outer loop
      vertex -12.514 19.995 3.25
      vertex -12.5151 16.995 3.2827
      vertex -12.514 16.995 3.25
    endloop
  endfacet
  facet normal 0.956922 0 -0.290347
    outer loop
      vertex -12.531 16.995 3.12059
      vertex -12.5405 19.995 3.08928
      vertex -12.531 19.995 3.12059
    endloop
  endfacet
  facet normal 0.956922 0 -0.290347
    outer loop
      vertex -12.5405 19.995 3.08928
      vertex -12.531 16.995 3.12059
      vertex -12.5405 16.995 3.08928
    endloop
  endfacet
  facet normal -0.974086 0 -0.226176
    outer loop
      vertex -13.497 16.995 3.12059
      vertex -13.5044 19.995 3.15246
      vertex -13.497 19.995 3.12059
    endloop
  endfacet
  facet normal -0.974086 -0 -0.226176
    outer loop
      vertex -13.5044 19.995 3.15246
      vertex -13.497 16.995 3.12059
      vertex -13.5044 16.995 3.15246
    endloop
  endfacet
  facet normal -0.910889 0 -0.412651
    outer loop
      vertex -13.4624 16.995 3.02886
      vertex -13.4759 19.995 3.05866
      vertex -13.4624 19.995 3.02886
    endloop
  endfacet
  facet normal -0.910889 -0 -0.412651
    outer loop
      vertex -13.4759 19.995 3.05866
      vertex -13.4624 16.995 3.02886
      vertex -13.4759 16.995 3.05866
    endloop
  endfacet
  facet normal 0.956922 -0 0.290347
    outer loop
      vertex -12.5405 16.995 3.41072
      vertex -12.531 19.995 3.37941
      vertex -12.5405 19.995 3.41072
    endloop
  endfacet
  facet normal 0.956922 0 0.290347
    outer loop
      vertex -12.531 19.995 3.37941
      vertex -12.5405 16.995 3.41072
      vertex -12.531 16.995 3.37941
    endloop
  endfacet
  facet normal 0.910889 -0 0.412651
    outer loop
      vertex -12.5656 16.995 3.47114
      vertex -12.5521 19.995 3.44134
      vertex -12.5656 19.995 3.47114
    endloop
  endfacet
  facet normal 0.910889 0 0.412651
    outer loop
      vertex -12.5521 19.995 3.44134
      vertex -12.5656 16.995 3.47114
      vertex -12.5521 16.995 3.44134
    endloop
  endfacet
  facet normal 0.848941 -0 0.528488
    outer loop
      vertex -12.5983 16.995 3.52779
      vertex -12.581 19.995 3.5
      vertex -12.5983 19.995 3.52779
    endloop
  endfacet
  facet normal 0.848941 0 0.528488
    outer loop
      vertex -12.581 19.995 3.5
      vertex -12.5983 16.995 3.52779
      vertex -12.581 16.995 3.5
    endloop
  endfacet
  facet normal 0.679042 0 0.734099
    outer loop
      vertex -12.664 19.995 3.60688
      vertex -12.6604 16.995 3.60355
      vertex -12.6604 19.995 3.60355
    endloop
  endfacet
  facet normal 0.679042 0 0.734099
    outer loop
      vertex -12.6604 16.995 3.60355
      vertex -12.664 19.995 3.60688
      vertex -12.664 16.995 3.60688
    endloop
  endfacet
  facet normal 0.163306 0 0.986575
    outer loop
      vertex -12.9487 19.995 3.74572
      vertex -12.9165 16.995 3.74039
      vertex -12.9165 19.995 3.74039
    endloop
  endfacet
  facet normal 0.163306 0 0.986575
    outer loop
      vertex -12.9165 16.995 3.74039
      vertex -12.9487 19.995 3.74572
      vertex -12.9487 16.995 3.74572
    endloop
  endfacet
  facet normal 0.0979924 0 0.995187
    outer loop
      vertex -12.9813 19.995 3.74893
      vertex -12.9487 16.995 3.74572
      vertex -12.9487 19.995 3.74572
    endloop
  endfacet
  facet normal 0.0979924 0 0.995187
    outer loop
      vertex -12.9487 16.995 3.74572
      vertex -12.9813 19.995 3.74893
      vertex -12.9813 16.995 3.74893
    endloop
  endfacet
  facet normal 0.290152 0 0.956981
    outer loop
      vertex -12.8846 19.995 3.73296
      vertex -12.8533 16.995 3.72347
      vertex -12.8533 19.995 3.72347
    endloop
  endfacet
  facet normal 0.290152 0 0.956981
    outer loop
      vertex -12.8533 16.995 3.72347
      vertex -12.8846 19.995 3.73296
      vertex -12.8846 16.995 3.73296
    endloop
  endfacet
  facet normal -0.986796 0 0.16197
    outer loop
      vertex -13.5097 16.995 3.31526
      vertex -13.5044 19.995 3.34755
      vertex -13.5097 19.995 3.31526
    endloop
  endfacet
  facet normal -0.986796 0 0.16197
    outer loop
      vertex -13.5044 19.995 3.34755
      vertex -13.5097 16.995 3.31526
      vertex -13.5044 16.995 3.34755
    endloop
  endfacet
  facet normal -0.995205 0 0.0978089
    outer loop
      vertex -13.5129 16.995 3.2827
      vertex -13.5097 19.995 3.31526
      vertex -13.5129 19.995 3.2827
    endloop
  endfacet
  facet normal -0.995205 0 0.0978089
    outer loop
      vertex -13.5097 19.995 3.31526
      vertex -13.5129 16.995 3.2827
      vertex -13.5097 16.995 3.31526
    endloop
  endfacet
  facet normal -0.956922 0 0.290347
    outer loop
      vertex -13.497 16.995 3.37941
      vertex -13.4875 19.995 3.41072
      vertex -13.497 19.995 3.37941
    endloop
  endfacet
  facet normal -0.956922 0 0.290347
    outer loop
      vertex -13.4875 19.995 3.41072
      vertex -13.497 16.995 3.37941
      vertex -13.4875 16.995 3.41072
    endloop
  endfacet
  facet normal -0.882251 0 0.470779
    outer loop
      vertex -13.4624 16.995 3.47114
      vertex -13.447 19.995 3.5
      vertex -13.4624 19.995 3.47114
    endloop
  endfacet
  facet normal -0.882251 0 0.470779
    outer loop
      vertex -13.447 19.995 3.5
      vertex -13.4624 16.995 3.47114
      vertex -13.447 16.995 3.5
    endloop
  endfacet
  facet normal -0.772336 0 0.635215
    outer loop
      vertex -13.4107 16.995 3.55438
      vertex -13.3899 19.995 3.57967
      vertex -13.4107 19.995 3.55438
    endloop
  endfacet
  facet normal -0.772336 0 0.635215
    outer loop
      vertex -13.3899 19.995 3.57967
      vertex -13.4107 16.995 3.55438
      vertex -13.3899 16.995 3.57967
    endloop
  endfacet
  facet normal -0.226844 0 0.973931
    outer loop
      vertex -13.1434 19.995 3.73296
      vertex -13.1115 16.995 3.74039
      vertex -13.1115 19.995 3.74039
    endloop
  endfacet
  facet normal -0.226844 0 0.973931
    outer loop
      vertex -13.1115 16.995 3.74039
      vertex -13.1434 19.995 3.73296
      vertex -13.1434 16.995 3.73296
    endloop
  endfacet
  facet normal -0.290152 0 0.956981
    outer loop
      vertex -13.1747 19.995 3.72347
      vertex -13.1434 16.995 3.73296
      vertex -13.1434 19.995 3.73296
    endloop
  endfacet
  facet normal -0.290152 0 0.956981
    outer loop
      vertex -13.1434 16.995 3.73296
      vertex -13.1747 19.995 3.72347
      vertex -13.1747 16.995 3.72347
    endloop
  endfacet
  facet normal -0.0979924 0 0.995187
    outer loop
      vertex -13.0793 19.995 3.74572
      vertex -13.0467 16.995 3.74893
      vertex -13.0467 19.995 3.74893
    endloop
  endfacet
  facet normal -0.0979924 0 0.995187
    outer loop
      vertex -13.0467 16.995 3.74893
      vertex -13.0793 19.995 3.74572
      vertex -13.0793 16.995 3.74572
    endloop
  endfacet
  facet normal -0.412086 0 0.911145
    outer loop
      vertex -13.2317 19.995 3.7
      vertex -13.2053 16.995 3.71194
      vertex -13.2053 19.995 3.71194
    endloop
  endfacet
  facet normal -0.412086 0 0.911145
    outer loop
      vertex -13.2053 16.995 3.71194
      vertex -13.2317 19.995 3.7
      vertex -13.2317 16.995 3.7
    endloop
  endfacet
  facet normal -0.634335 0 0.773058
    outer loop
      vertex -13.3437 19.995 3.62592
      vertex -13.3184 16.995 3.64668
      vertex -13.3184 19.995 3.64668
    endloop
  endfacet
  facet normal -0.634335 0 0.773058
    outer loop
      vertex -13.3184 16.995 3.64668
      vertex -13.3437 19.995 3.62592
      vertex -13.3437 16.995 3.62592
    endloop
  endfacet
  facet normal -0.582452 0 0.812865
    outer loop
      vertex -13.3184 19.995 3.64668
      vertex -13.2918 16.995 3.66574
      vertex -13.2918 19.995 3.66574
    endloop
  endfacet
  facet normal -0.582452 0 0.812865
    outer loop
      vertex -13.2918 16.995 3.66574
      vertex -13.3184 19.995 3.64668
      vertex -13.3184 16.995 3.64668
    endloop
  endfacet
  facet normal 0.995205 0 -0.0978089
    outer loop
      vertex -12.5151 16.995 3.2173
      vertex -12.5183 19.995 3.18474
      vertex -12.5151 19.995 3.2173
    endloop
  endfacet
  facet normal 0.995205 0 -0.0978089
    outer loop
      vertex -12.5183 19.995 3.18474
      vertex -12.5151 16.995 3.2173
      vertex -12.5183 16.995 3.18474
    endloop
  endfacet
  facet normal 0.935144 0 -0.354268
    outer loop
      vertex -12.5405 16.995 3.08928
      vertex -12.5521 19.995 3.05866
      vertex -12.5405 19.995 3.08928
    endloop
  endfacet
  facet normal 0.935144 0 -0.354268
    outer loop
      vertex -12.5521 19.995 3.05866
      vertex -12.5405 16.995 3.08928
      vertex -12.5521 16.995 3.05866
    endloop
  endfacet
  facet normal -0.999435 0 -0.0336201
    outer loop
      vertex -13.5129 16.995 3.2173
      vertex -13.514 19.995 3.25
      vertex -13.5129 19.995 3.2173
    endloop
  endfacet
  facet normal -0.999435 -0 -0.0336201
    outer loop
      vertex -13.514 19.995 3.25
      vertex -13.5129 16.995 3.2173
      vertex -13.514 16.995 3.25
    endloop
  endfacet
  facet normal -0.935144 0 -0.354268
    outer loop
      vertex -13.4759 16.995 3.05866
      vertex -13.4875 19.995 3.08928
      vertex -13.4759 19.995 3.05866
    endloop
  endfacet
  facet normal -0.935144 -0 -0.354268
    outer loop
      vertex -13.4875 19.995 3.08928
      vertex -13.4759 16.995 3.05866
      vertex -13.4875 16.995 3.08928
    endloop
  endfacet
  facet normal 0 1 0
    outer loop
      vertex -12.6381 19.995 3.57967
      vertex -12.664 19.995 3.60688
      vertex -12.6604 19.995 3.60355
    endloop
  endfacet
  facet normal 0 1 0
    outer loop
      vertex -12.6173 19.995 3.55438
      vertex -12.664 19.995 3.60688
      vertex -12.6381 19.995 3.57967
    endloop
  endfacet
  facet normal 0 1 0
    outer loop
      vertex -12.5983 19.995 3.52779
      vertex -12.664 19.995 3.60688
      vertex -12.6173 19.995 3.55438
    endloop
  endfacet
  facet normal 0 1 0
    outer loop
      vertex -12.581 19.995 3.5
      vertex -12.664 19.995 3.60688
      vertex -12.5983 19.995 3.52779
    endloop
  endfacet
  facet normal 0 1 0
    outer loop
      vertex -12.5656 19.995 3.47114
      vertex -12.664 19.995 3.60688
      vertex -12.581 19.995 3.5
    endloop
  endfacet
  facet normal 0 1 0
    outer loop
      vertex -12.5521 19.995 3.44134
      vertex -12.664 19.995 3.60688
      vertex -12.5656 19.995 3.47114
    endloop
  endfacet
  facet normal 0 1 0
    outer loop
      vertex -12.5405 19.995 3.41072
      vertex -12.664 19.995 3.60688
      vertex -12.5521 19.995 3.44134
    endloop
  endfacet
  facet normal 0 1 0
    outer loop
      vertex -12.531 19.995 3.37941
      vertex -12.664 19.995 3.60688
      vertex -12.5405 19.995 3.41072
    endloop
  endfacet
  facet normal 0 1 0
    outer loop
      vertex -12.5236 19.995 3.34755
      vertex -12.664 19.995 3.60688
      vertex -12.531 19.995 3.37941
    endloop
  endfacet
  facet normal 0 1 0
    outer loop
      vertex -12.5183 19.995 3.31526
      vertex -12.664 19.995 3.60688
      vertex -12.5236 19.995 3.34755
    endloop
  endfacet
  facet normal 0 1 0
    outer loop
      vertex -12.5151 19.995 3.2827
      vertex -12.664 19.995 3.60688
      vertex -12.5183 19.995 3.31526
    endloop
  endfacet
  facet normal 0 1 0
    outer loop
      vertex -12.514 19.995 3.25
      vertex -12.664 19.995 3.60688
      vertex -12.5151 19.995 3.2827
    endloop
  endfacet
  facet normal 0 1 -0
    outer loop
      vertex -12.5151 19.995 3.2173
      vertex -12.664 19.995 3.60688
      vertex -12.514 19.995 3.25
    endloop
  endfacet
  facet normal 0 1 -0
    outer loop
      vertex -12.5183 19.995 3.18474
      vertex -12.664 19.995 3.60688
      vertex -12.5151 19.995 3.2173
    endloop
  endfacet
  facet normal 0 1 -0
    outer loop
      vertex -12.5236 19.995 3.15246
      vertex -12.664 19.995 3.60688
      vertex -12.5183 19.995 3.18474
    endloop
  endfacet
  facet normal 0 1 -0
    outer loop
      vertex -12.531 19.995 3.12059
      vertex -12.664 19.995 3.60688
      vertex -12.5236 19.995 3.15246
    endloop
  endfacet
  facet normal 0 1 -0
    outer loop
      vertex -12.5405 19.995 3.08928
      vertex -12.664 19.995 3.60688
      vertex -12.531 19.995 3.12059
    endloop
  endfacet
  facet normal 0 1 -0
    outer loop
      vertex -12.5521 19.995 3.05866
      vertex -12.664 19.995 3.60688
      vertex -12.5405 19.995 3.08928
    endloop
  endfacet
  facet normal 0 1 -0
    outer loop
      vertex -12.5656 19.995 3.02886
      vertex -12.664 19.995 3.60688
      vertex -12.5521 19.995 3.05866
    endloop
  endfacet
  facet normal 0 1 -0
    outer loop
      vertex -12.581 19.995 3
      vertex -12.664 19.995 3.60688
      vertex -12.5656 19.995 3.02886
    endloop
  endfacet
  facet normal 0 1 -0
    outer loop
      vertex -12.5983 19.995 2.97222
      vertex -12.664 19.995 3.60688
      vertex -12.581 19.995 3
    endloop
  endfacet
  facet normal 0 1 -0
    outer loop
      vertex -12.6173 19.995 2.94562
      vertex -12.664 19.995 3.60688
      vertex -12.5983 19.995 2.97222
    endloop
  endfacet
  facet normal 0 1 -0
    outer loop
      vertex -12.6381 19.995 2.92033
      vertex -12.664 19.995 3.60688
      vertex -12.6173 19.995 2.94562
    endloop
  endfacet
  facet normal 0 1 0
    outer loop
      vertex -12.664 19.995 2.89312
      vertex -12.6381 19.995 2.92033
      vertex -12.6604 19.995 2.89645
    endloop
  endfacet
  facet normal 0 1 0
    outer loop
      vertex -12.6381 19.995 2.92033
      vertex -12.664 19.995 2.89312
      vertex -12.664 19.995 3.60688
    endloop
  endfacet
  facet normal 0 1 0
    outer loop
      vertex -13.264 19.995 3.68301
      vertex -13.3184 19.995 3.64668
      vertex -13.2918 19.995 3.66574
    endloop
  endfacet
  facet normal 0 1 0
    outer loop
      vertex -13.264 19.995 3.68301
      vertex -13.3437 19.995 3.62592
      vertex -13.3184 19.995 3.64668
    endloop
  endfacet
  facet normal 0 1 0
    outer loop
      vertex -13.264 19.995 3.68301
      vertex -13.3676 19.995 3.60355
      vertex -13.3437 19.995 3.62592
    endloop
  endfacet
  facet normal 0 1 0
    outer loop
      vertex -13.264 19.995 3.68301
      vertex -13.3899 19.995 3.57967
      vertex -13.3676 19.995 3.60355
    endloop
  endfacet
  facet normal 0 1 0
    outer loop
      vertex -13.264 19.995 3.68301
      vertex -13.4107 19.995 3.55438
      vertex -13.3899 19.995 3.57967
    endloop
  endfacet
  facet normal 0 1 0
    outer loop
      vertex -13.264 19.995 3.68301
      vertex -13.4297 19.995 3.52779
      vertex -13.4107 19.995 3.55438
    endloop
  endfacet
  facet normal 0 1 0
    outer loop
      vertex -13.264 19.995 3.68301
      vertex -13.447 19.995 3.5
      vertex -13.4297 19.995 3.52779
    endloop
  endfacet
  facet normal 0 1 0
    outer loop
      vertex -13.264 19.995 3.68301
      vertex -13.4624 19.995 3.47114
      vertex -13.447 19.995 3.5
    endloop
  endfacet
  facet normal 0 1 0
    outer loop
      vertex -13.264 19.995 3.68301
      vertex -13.4759 19.995 3.44134
      vertex -13.4624 19.995 3.47114
    endloop
  endfacet
  facet normal 0 1 0
    outer loop
      vertex -13.264 19.995 3.68301
      vertex -13.4875 19.995 3.41072
      vertex -13.4759 19.995 3.44134
    endloop
  endfacet
  facet normal 0 1 0
    outer loop
      vertex -13.264 19.995 3.68301
      vertex -13.497 19.995 3.37941
      vertex -13.4875 19.995 3.41072
    endloop
  endfacet
  facet normal 0 1 0
    outer loop
      vertex -13.264 19.995 3.68301
      vertex -13.5044 19.995 3.34755
      vertex -13.497 19.995 3.37941
    endloop
  endfacet
  facet normal 0 1 0
    outer loop
      vertex -13.264 19.995 3.68301
      vertex -13.5097 19.995 3.31526
      vertex -13.5044 19.995 3.34755
    endloop
  endfacet
  facet normal 0 1 0
    outer loop
      vertex -13.264 19.995 3.68301
      vertex -13.5129 19.995 3.2827
      vertex -13.5097 19.995 3.31526
    endloop
  endfacet
  facet normal 0 1 0
    outer loop
      vertex -13.264 19.995 3.68301
      vertex -13.514 19.995 3.25
      vertex -13.5129 19.995 3.2827
    endloop
  endfacet
  facet normal 0 1 0
    outer loop
      vertex -13.264 19.995 3.68301
      vertex -13.5129 19.995 3.2173
      vertex -13.514 19.995 3.25
    endloop
  endfacet
  facet normal 0 1 0
    outer loop
      vertex -13.264 19.995 3.68301
      vertex -13.5097 19.995 3.18474
      vertex -13.5129 19.995 3.2173
    endloop
  endfacet
  facet normal 0 1 0
    outer loop
      vertex -13.264 19.995 3.68301
      vertex -13.5044 19.995 3.15246
      vertex -13.5097 19.995 3.18474
    endloop
  endfacet
  facet normal 0 1 0
    outer loop
      vertex -13.264 19.995 3.68301
      vertex -13.497 19.995 3.12059
      vertex -13.5044 19.995 3.15246
    endloop
  endfacet
  facet normal 0 1 0
    outer loop
      vertex -13.264 19.995 3.68301
      vertex -13.4875 19.995 3.08928
      vertex -13.497 19.995 3.12059
    endloop
  endfacet
  facet normal 0 1 0
    outer loop
      vertex -13.264 19.995 3.68301
      vertex -13.4759 19.995 3.05866
      vertex -13.4875 19.995 3.08928
    endloop
  endfacet
  facet normal 0 1 0
    outer loop
      vertex -13.264 19.995 3.68301
      vertex -13.4624 19.995 3.02886
      vertex -13.4759 19.995 3.05866
    endloop
  endfacet
  facet normal 0 1 0
    outer loop
      vertex -13.264 19.995 3.68301
      vertex -13.447 19.995 3
      vertex -13.4624 19.995 3.02886
    endloop
  endfacet
  facet normal 0 1 0
    outer loop
      vertex -13.264 19.995 3.68301
      vertex -13.4297 19.995 2.97222
      vertex -13.447 19.995 3
    endloop
  endfacet
  facet normal 0 1 0
    outer loop
      vertex -13.264 19.995 3.68301
      vertex -13.4107 19.995 2.94562
      vertex -13.4297 19.995 2.97222
    endloop
  endfacet
  facet normal 0 1 0
    outer loop
      vertex -13.264 19.995 3.68301
      vertex -13.3899 19.995 2.92033
      vertex -13.4107 19.995 2.94562
    endloop
  endfacet
  facet normal 0 1 0
    outer loop
      vertex -13.264 19.995 3.68301
      vertex -13.3676 19.995 2.89645
      vertex -13.3899 19.995 2.92033
    endloop
  endfacet
  facet normal 0 1 0
    outer loop
      vertex -13.264 19.995 3.68301
      vertex -13.3437 19.995 2.87408
      vertex -13.3676 19.995 2.89645
    endloop
  endfacet
  facet normal 0 1 0
    outer loop
      vertex -13.264 19.995 3.68301
      vertex -13.3184 19.995 2.85332
      vertex -13.3437 19.995 2.87408
    endloop
  endfacet
  facet normal 0 1 0
    outer loop
      vertex -13.264 19.995 3.68301
      vertex -13.2918 19.995 2.83427
      vertex -13.3184 19.995 2.85332
    endloop
  endfacet
  facet normal -0 1 0
    outer loop
      vertex -13.2918 19.995 2.83427
      vertex -13.264 19.995 3.68301
      vertex -13.264 19.995 2.81699
    endloop
  endfacet
  facet normal 0 1 0
    outer loop
      vertex -12.9813 19.995 3.74893
      vertex -13.0467 19.995 3.74893
      vertex -13.014 19.995 3.75
    endloop
  endfacet
  facet normal 0 1 0
    outer loop
      vertex -12.9487 19.995 3.74572
      vertex -13.0467 19.995 3.74893
      vertex -12.9813 19.995 3.74893
    endloop
  endfacet
  facet normal 0 1 0
    outer loop
      vertex -12.9487 19.995 3.74572
      vertex -13.0793 19.995 3.74572
      vertex -13.0467 19.995 3.74893
    endloop
  endfacet
  facet normal 0 1 0
    outer loop
      vertex -12.9165 19.995 3.74039
      vertex -13.0793 19.995 3.74572
      vertex -12.9487 19.995 3.74572
    endloop
  endfacet
  facet normal 0 1 0
    outer loop
      vertex -12.9165 19.995 3.74039
      vertex -13.1115 19.995 3.74039
      vertex -13.0793 19.995 3.74572
    endloop
  endfacet
  facet normal 0 1 0
    outer loop
      vertex -12.8846 19.995 3.73296
      vertex -13.1115 19.995 3.74039
      vertex -12.9165 19.995 3.74039
    endloop
  endfacet
  facet normal 0 1 0
    outer loop
      vertex -12.8846 19.995 3.73296
      vertex -13.1434 19.995 3.73296
      vertex -13.1115 19.995 3.74039
    endloop
  endfacet
  facet normal 0 1 0
    outer loop
      vertex -12.8533 19.995 3.72347
      vertex -13.1434 19.995 3.73296
      vertex -12.8846 19.995 3.73296
    endloop
  endfacet
  facet normal 0 1 0
    outer loop
      vertex -12.8533 19.995 3.72347
      vertex -13.1747 19.995 3.72347
      vertex -13.1434 19.995 3.73296
    endloop
  endfacet
  facet normal 0 1 0
    outer loop
      vertex -12.8227 19.995 3.71194
      vertex -13.1747 19.995 3.72347
      vertex -12.8533 19.995 3.72347
    endloop
  endfacet
  facet normal 0 1 0
    outer loop
      vertex -12.8227 19.995 3.71194
      vertex -13.2053 19.995 3.71194
      vertex -13.1747 19.995 3.72347
    endloop
  endfacet
  facet normal 0 1 0
    outer loop
      vertex -12.7963 19.995 3.7
      vertex -13.2053 19.995 3.71194
      vertex -12.8227 19.995 3.71194
    endloop
  endfacet
  facet normal 0 1 0
    outer loop
      vertex -13.2053 19.995 3.71194
      vertex -12.7963 19.995 3.7
      vertex -13.2317 19.995 3.7
    endloop
  endfacet
  facet normal 0.986796 -0 0.16197
    outer loop
      vertex -12.5236 16.995 3.34755
      vertex -12.5183 19.995 3.31526
      vertex -12.5236 19.995 3.34755
    endloop
  endfacet
  facet normal 0.986796 0 0.16197
    outer loop
      vertex -12.5183 19.995 3.31526
      vertex -12.5236 16.995 3.34755
      vertex -12.5183 16.995 3.31526
    endloop
  endfacet
  facet normal 0.935144 -0 0.354268
    outer loop
      vertex -12.5521 16.995 3.44134
      vertex -12.5405 19.995 3.41072
      vertex -12.5521 19.995 3.44134
    endloop
  endfacet
  facet normal 0.935144 0 0.354268
    outer loop
      vertex -12.5405 19.995 3.41072
      vertex -12.5521 16.995 3.44134
      vertex -12.5405 16.995 3.41072
    endloop
  endfacet
  facet normal 0.974086 0 -0.226176
    outer loop
      vertex -12.5236 16.995 3.15246
      vertex -12.531 19.995 3.12059
      vertex -12.5236 19.995 3.15246
    endloop
  endfacet
  facet normal 0.974086 0 -0.226176
    outer loop
      vertex -12.531 19.995 3.12059
      vertex -12.5236 16.995 3.15246
      vertex -12.531 16.995 3.12059
    endloop
  endfacet
  facet normal 0.882251 0 -0.470779
    outer loop
      vertex -12.5656 16.995 3.02886
      vertex -12.581 19.995 3
      vertex -12.5656 19.995 3.02886
    endloop
  endfacet
  facet normal 0.882251 0 -0.470779
    outer loop
      vertex -12.581 19.995 3
      vertex -12.5656 16.995 3.02886
      vertex -12.581 16.995 3
    endloop
  endfacet
  facet normal 0.910889 0 -0.412651
    outer loop
      vertex -12.5521 16.995 3.05866
      vertex -12.5656 19.995 3.02886
      vertex -12.5521 19.995 3.05866
    endloop
  endfacet
  facet normal 0.910889 0 -0.412651
    outer loop
      vertex -12.5656 19.995 3.02886
      vertex -12.5521 16.995 3.05866
      vertex -12.5656 16.995 3.02886
    endloop
  endfacet
  facet normal 0.679042 0 -0.734099
    outer loop
      vertex -12.664 16.995 2.89312
      vertex -12.6604 19.995 2.89645
      vertex -12.6604 16.995 2.89645
    endloop
  endfacet
  facet normal 0.679042 0 -0.734099
    outer loop
      vertex -12.6604 19.995 2.89645
      vertex -12.664 16.995 2.89312
      vertex -12.664 19.995 2.89312
    endloop
  endfacet
  facet normal 0.813733 0 -0.581238
    outer loop
      vertex -12.5983 16.995 2.97222
      vertex -12.6173 19.995 2.94562
      vertex -12.5983 19.995 2.97222
    endloop
  endfacet
  facet normal 0.813733 0 -0.581238
    outer loop
      vertex -12.6173 19.995 2.94562
      vertex -12.5983 16.995 2.97222
      vertex -12.6173 16.995 2.94562
    endloop
  endfacet
  facet normal 0.848856 0 -0.528625
    outer loop
      vertex -12.581 16.995 3
      vertex -12.5983 19.995 2.97222
      vertex -12.581 19.995 3
    endloop
  endfacet
  facet normal 0.848856 0 -0.528625
    outer loop
      vertex -12.5983 19.995 2.97222
      vertex -12.581 16.995 3
      vertex -12.5983 16.995 2.97222
    endloop
  endfacet
  facet normal -0.813733 0 -0.581238
    outer loop
      vertex -13.4107 16.995 2.94562
      vertex -13.4297 19.995 2.97222
      vertex -13.4107 19.995 2.94562
    endloop
  endfacet
  facet normal -0.813733 -0 -0.581238
    outer loop
      vertex -13.4297 19.995 2.97222
      vertex -13.4107 16.995 2.94562
      vertex -13.4297 16.995 2.97222
    endloop
  endfacet
  facet normal 0.974071 -0 0.226244
    outer loop
      vertex -12.531 16.995 3.37941
      vertex -12.5236 19.995 3.34755
      vertex -12.531 19.995 3.37941
    endloop
  endfacet
  facet normal 0.974071 0 0.226244
    outer loop
      vertex -12.5236 19.995 3.34755
      vertex -12.531 16.995 3.37941
      vertex -12.5236 16.995 3.34755
    endloop
  endfacet
  facet normal 0.995205 -0 0.0978089
    outer loop
      vertex -12.5183 16.995 3.31526
      vertex -12.5151 19.995 3.2827
      vertex -12.5183 19.995 3.31526
    endloop
  endfacet
  facet normal 0.995205 0 0.0978089
    outer loop
      vertex -12.5151 19.995 3.2827
      vertex -12.5183 16.995 3.31526
      vertex -12.5151 16.995 3.2827
    endloop
  endfacet
  facet normal 0.986788 0 -0.162019
    outer loop
      vertex -12.5183 16.995 3.18474
      vertex -12.5236 19.995 3.15246
      vertex -12.5183 19.995 3.18474
    endloop
  endfacet
  facet normal 0.986788 0 -0.162019
    outer loop
      vertex -12.5236 19.995 3.15246
      vertex -12.5183 16.995 3.18474
      vertex -12.5236 16.995 3.15246
    endloop
  endfacet
  facet normal 0.730872 0 -0.682515
    outer loop
      vertex -12.6381 16.995 2.92033
      vertex -12.6604 19.995 2.89645
      vertex -12.6381 19.995 2.92033
    endloop
  endfacet
  facet normal 0.730872 0 -0.682515
    outer loop
      vertex -12.6604 19.995 2.89645
      vertex -12.6381 16.995 2.92033
      vertex -12.6604 16.995 2.89645
    endloop
  endfacet
  facet normal -0.52791 0 -0.8493
    outer loop
      vertex -13.2918 16.995 2.83427
      vertex -13.264 19.995 2.81699
      vertex -13.264 16.995 2.81699
    endloop
  endfacet
  facet normal -0.52791 0 -0.8493
    outer loop
      vertex -13.264 19.995 2.81699
      vertex -13.2918 16.995 2.83427
      vertex -13.2918 19.995 2.83427
    endloop
  endfacet
  facet normal -0.882251 0 -0.470779
    outer loop
      vertex -13.447 16.995 3
      vertex -13.4624 19.995 3.02886
      vertex -13.447 19.995 3
    endloop
  endfacet
  facet normal -0.882251 -0 -0.470779
    outer loop
      vertex -13.4624 19.995 3.02886
      vertex -13.447 16.995 3
      vertex -13.4624 16.995 3.02886
    endloop
  endfacet
  facet normal -0.848856 0 -0.528625
    outer loop
      vertex -13.4297 16.995 2.97222
      vertex -13.447 19.995 3
      vertex -13.4297 19.995 2.97222
    endloop
  endfacet
  facet normal -0.848856 -0 -0.528625
    outer loop
      vertex -13.447 19.995 3
      vertex -13.4297 16.995 2.97222
      vertex -13.447 16.995 3
    endloop
  endfacet
  facet normal -0.683352 0 -0.730089
    outer loop
      vertex -13.3676 16.995 2.89645
      vertex -13.3437 19.995 2.87408
      vertex -13.3437 16.995 2.87408
    endloop
  endfacet
  facet normal -0.683352 0 -0.730089
    outer loop
      vertex -13.3437 19.995 2.87408
      vertex -13.3676 16.995 2.89645
      vertex -13.3676 19.995 2.89645
    endloop
  endfacet
  facet normal -0.956922 0 -0.290347
    outer loop
      vertex -13.4875 16.995 3.08928
      vertex -13.497 19.995 3.12059
      vertex -13.4875 19.995 3.08928
    endloop
  endfacet
  facet normal -0.956922 -0 -0.290347
    outer loop
      vertex -13.497 19.995 3.12059
      vertex -13.4875 16.995 3.08928
      vertex -13.497 16.995 3.12059
    endloop
  endfacet
  facet normal -0.986788 0 -0.162019
    outer loop
      vertex -13.5044 16.995 3.15246
      vertex -13.5097 19.995 3.18474
      vertex -13.5044 19.995 3.15246
    endloop
  endfacet
  facet normal -0.986788 -0 -0.162019
    outer loop
      vertex -13.5097 19.995 3.18474
      vertex -13.5044 16.995 3.15246
      vertex -13.5097 16.995 3.18474
    endloop
  endfacet
  facet normal -0.995205 0 -0.0978089
    outer loop
      vertex -13.5097 16.995 3.18474
      vertex -13.5129 19.995 3.2173
      vertex -13.5097 19.995 3.18474
    endloop
  endfacet
  facet normal -0.995205 -0 -0.0978089
    outer loop
      vertex -13.5129 19.995 3.2173
      vertex -13.5097 16.995 3.18474
      vertex -13.5129 16.995 3.2173
    endloop
  endfacet
  facet normal 0.772336 0 -0.635215
    outer loop
      vertex -12.6173 16.995 2.94562
      vertex -12.6381 19.995 2.92033
      vertex -12.6173 19.995 2.94562
    endloop
  endfacet
  facet normal 0.772336 0 -0.635215
    outer loop
      vertex -12.6381 19.995 2.92033
      vertex -12.6173 16.995 2.94562
      vertex -12.6381 16.995 2.92033
    endloop
  endfacet
  facet normal -0.58225 0 -0.81301
    outer loop
      vertex -13.3184 16.995 2.85332
      vertex -13.2918 19.995 2.83427
      vertex -13.2918 16.995 2.83427
    endloop
  endfacet
  facet normal -0.58225 0 -0.81301
    outer loop
      vertex -13.2918 19.995 2.83427
      vertex -13.3184 16.995 2.85332
      vertex -13.3184 19.995 2.85332
    endloop
  endfacet
  facet normal -0.634335 0 -0.773058
    outer loop
      vertex -13.3437 16.995 2.87408
      vertex -13.3184 19.995 2.85332
      vertex -13.3184 16.995 2.85332
    endloop
  endfacet
  facet normal -0.634335 0 -0.773058
    outer loop
      vertex -13.3184 19.995 2.85332
      vertex -13.3437 16.995 2.87408
      vertex -13.3437 19.995 2.87408
    endloop
  endfacet
  facet normal -0.772336 0 -0.635215
    outer loop
      vertex -13.3899 16.995 2.92033
      vertex -13.4107 19.995 2.94562
      vertex -13.3899 19.995 2.92033
    endloop
  endfacet
  facet normal -0.772336 -0 -0.635215
    outer loop
      vertex -13.4107 19.995 2.94562
      vertex -13.3899 16.995 2.92033
      vertex -13.4107 16.995 2.94562
    endloop
  endfacet
  facet normal -0.730872 0 -0.682515
    outer loop
      vertex -13.3676 16.995 2.89645
      vertex -13.3899 19.995 2.92033
      vertex -13.3676 19.995 2.89645
    endloop
  endfacet
  facet normal -0.730872 -0 -0.682515
    outer loop
      vertex -13.3899 19.995 2.92033
      vertex -13.3676 16.995 2.89645
      vertex -13.3899 16.995 2.92033
    endloop
  endfacet
  facet normal 0.634335 0 0.773058
    outer loop
      vertex 10.3154 -2.179 3.64668
      vertex 10.3407 -5.179 3.62592
      vertex 10.3407 -2.179 3.62592
    endloop
  endfacet
  facet normal 0.634335 0 0.773058
    outer loop
      vertex 10.3407 -5.179 3.62592
      vertex 10.3154 -2.179 3.64668
      vertex 10.3154 -5.179 3.64668
    endloop
  endfacet
  facet normal -0.412735 0 0.910851
    outer loop
      vertex 9.79331 -2.179 3.7
      vertex 9.81966 -5.179 3.71194
      vertex 9.81966 -2.179 3.71194
    endloop
  endfacet
  facet normal -0.412735 0 0.910851
    outer loop
      vertex 9.81966 -5.179 3.71194
      vertex 9.79331 -2.179 3.7
      vertex 9.79331 -5.179 3.7
    endloop
  endfacet
  facet normal -0.935851 0 0.352396
    outer loop
      vertex 9.53753 -5.179 3.41072
      vertex 9.54906 -2.179 3.44134
      vertex 9.53753 -2.179 3.41072
    endloop
  endfacet
  facet normal -0.935851 0 0.352396
    outer loop
      vertex 9.54906 -2.179 3.44134
      vertex 9.53753 -5.179 3.41072
      vertex 9.54906 -5.179 3.44134
    endloop
  endfacet
  facet normal 0.910889 -0 0.412651
    outer loop
      vertex 10.4594 -5.179 3.47114
      vertex 10.4729 -2.179 3.44134
      vertex 10.4594 -2.179 3.47114
    endloop
  endfacet
  facet normal 0.910889 0 0.412651
    outer loop
      vertex 10.4729 -2.179 3.44134
      vertex 10.4594 -5.179 3.47114
      vertex 10.4729 -5.179 3.44134
    endloop
  endfacet
  facet normal 0.882251 -0 0.470779
    outer loop
      vertex 10.444 -5.179 3.5
      vertex 10.4594 -2.179 3.47114
      vertex 10.444 -2.179 3.5
    endloop
  endfacet
  facet normal 0.882251 0 0.470779
    outer loop
      vertex 10.4594 -2.179 3.47114
      vertex 10.444 -5.179 3.5
      vertex 10.4594 -5.179 3.47114
    endloop
  endfacet
  facet normal 0.352598 0 0.935775
    outer loop
      vertex 10.1717 -2.179 3.72347
      vertex 10.2023 -5.179 3.71194
      vertex 10.2023 -2.179 3.71194
    endloop
  endfacet
  facet normal 0.352598 0 0.935775
    outer loop
      vertex 10.2023 -5.179 3.71194
      vertex 10.1717 -2.179 3.72347
      vertex 10.1717 -5.179 3.72347
    endloop
  endfacet
  facet normal -0.995175 0 0.0981116
    outer loop
      vertex 9.51207 -5.179 3.2827
      vertex 9.51528 -2.179 3.31526
      vertex 9.51207 -2.179 3.2827
    endloop
  endfacet
  facet normal -0.995175 0 0.0981116
    outer loop
      vertex 9.51528 -2.179 3.31526
      vertex 9.51207 -5.179 3.2827
      vertex 9.51528 -5.179 3.31526
    endloop
  endfacet
  facet normal -0.772935 0 0.634485
    outer loop
      vertex 9.61432 -5.179 3.55438
      vertex 9.63508 -2.179 3.57967
      vertex 9.61432 -2.179 3.55438
    endloop
  endfacet
  facet normal -0.772935 0 0.634485
    outer loop
      vertex 9.63508 -2.179 3.57967
      vertex 9.61432 -5.179 3.55438
      vertex 9.63508 -5.179 3.57967
    endloop
  endfacet
  facet normal -0.227114 0 0.973868
    outer loop
      vertex 9.88159 -2.179 3.73296
      vertex 9.91345 -5.179 3.74039
      vertex 9.91345 -2.179 3.74039
    endloop
  endfacet
  facet normal -0.227114 0 0.973868
    outer loop
      vertex 9.91345 -5.179 3.74039
      vertex 9.88159 -2.179 3.73296
      vertex 9.88159 -5.179 3.73296
    endloop
  endfacet
  facet normal 0.935144 0 -0.354268
    outer loop
      vertex 10.4845 -5.179 3.08928
      vertex 10.4729 -2.179 3.05866
      vertex 10.4845 -2.179 3.08928
    endloop
  endfacet
  facet normal 0.935144 0 -0.354268
    outer loop
      vertex 10.4729 -2.179 3.05866
      vertex 10.4845 -5.179 3.08928
      vertex 10.4729 -5.179 3.05866
    endloop
  endfacet
  facet normal 0.986796 -0 0.16197
    outer loop
      vertex 10.5014 -5.179 3.34755
      vertex 10.5067 -2.179 3.31526
      vertex 10.5014 -2.179 3.34755
    endloop
  endfacet
  facet normal 0.986796 0 0.16197
    outer loop
      vertex 10.5067 -2.179 3.31526
      vertex 10.5014 -5.179 3.34755
      vertex 10.5067 -5.179 3.31526
    endloop
  endfacet
  facet normal 0.974071 -0 0.226244
    outer loop
      vertex 10.494 -5.179 3.37941
      vertex 10.5014 -2.179 3.34755
      vertex 10.494 -2.179 3.37941
    endloop
  endfacet
  facet normal 0.974071 0 0.226244
    outer loop
      vertex 10.5014 -2.179 3.34755
      vertex 10.494 -5.179 3.37941
      vertex 10.5014 -5.179 3.34755
    endloop
  endfacet
  facet normal 0.772336 -0 0.635215
    outer loop
      vertex 10.3869 -5.179 3.57967
      vertex 10.4077 -2.179 3.55438
      vertex 10.3869 -2.179 3.57967
    endloop
  endfacet
  facet normal 0.772336 0 0.635215
    outer loop
      vertex 10.4077 -2.179 3.55438
      vertex 10.3869 -5.179 3.57967
      vertex 10.4077 -5.179 3.55438
    endloop
  endfacet
  facet normal 0.81363 -0 0.581383
    outer loop
      vertex 10.4077 -5.179 3.55438
      vertex 10.4267 -2.179 3.52779
      vertex 10.4077 -2.179 3.55438
    endloop
  endfacet
  facet normal 0.81363 0 0.581383
    outer loop
      vertex 10.4267 -2.179 3.52779
      vertex 10.4077 -5.179 3.55438
      vertex 10.4267 -5.179 3.52779
    endloop
  endfacet
  facet normal 0.52769 0 0.849437
    outer loop
      vertex 10.261 -2.179 3.68301
      vertex 10.2888 -5.179 3.66574
      vertex 10.2888 -2.179 3.66574
    endloop
  endfacet
  facet normal 0.52769 0 0.849437
    outer loop
      vertex 10.2888 -5.179 3.66574
      vertex 10.261 -2.179 3.68301
      vertex 10.261 -5.179 3.68301
    endloop
  endfacet
  facet normal -0.0327042 0 0.999465
    outer loop
      vertex 9.9783 -2.179 3.74893
      vertex 10.011 -5.179 3.75
      vertex 10.011 -2.179 3.75
    endloop
  endfacet
  facet normal -0.0327042 0 0.999465
    outer loop
      vertex 10.011 -5.179 3.75
      vertex 9.9783 -2.179 3.74893
      vertex 9.9783 -5.179 3.74893
    endloop
  endfacet
  facet normal 0.0327042 0 0.999465
    outer loop
      vertex 10.011 -2.179 3.75
      vertex 10.0437 -5.179 3.74893
      vertex 10.0437 -2.179 3.74893
    endloop
  endfacet
  facet normal 0.0327042 0 0.999465
    outer loop
      vertex 10.0437 -5.179 3.74893
      vertex 10.011 -2.179 3.75
      vertex 10.011 -5.179 3.75
    endloop
  endfacet
  facet normal 0.163306 0 0.986575
    outer loop
      vertex 10.0763 -2.179 3.74572
      vertex 10.1085 -5.179 3.74039
      vertex 10.1085 -2.179 3.74039
    endloop
  endfacet
  facet normal 0.163306 0 0.986575
    outer loop
      vertex 10.1085 -5.179 3.74039
      vertex 10.0763 -2.179 3.74572
      vertex 10.0763 -5.179 3.74572
    endloop
  endfacet
  facet normal -0.999465 0 -0.0327042
    outer loop
      vertex 9.51207 -5.179 3.2173
      vertex 9.511 -2.179 3.25
      vertex 9.51207 -2.179 3.2173
    endloop
  endfacet
  facet normal -0.999465 -0 -0.0327042
    outer loop
      vertex 9.511 -2.179 3.25
      vertex 9.51207 -5.179 3.2173
      vertex 9.511 -5.179 3.25
    endloop
  endfacet
  facet normal -0.986649 0 0.162863
    outer loop
      vertex 9.51528 -5.179 3.31526
      vertex 9.52061 -2.179 3.34755
      vertex 9.51528 -2.179 3.31526
    endloop
  endfacet
  facet normal -0.986649 0 0.162863
    outer loop
      vertex 9.52061 -2.179 3.34755
      vertex 9.51528 -5.179 3.31526
      vertex 9.52061 -5.179 3.34755
    endloop
  endfacet
  facet normal -0.88187 0 0.471492
    outer loop
      vertex 9.56256 -5.179 3.47114
      vertex 9.57799 -2.179 3.5
      vertex 9.56256 -2.179 3.47114
    endloop
  endfacet
  facet normal -0.88187 0 0.471492
    outer loop
      vertex 9.57799 -2.179 3.5
      vertex 9.56256 -5.179 3.47114
      vertex 9.57799 -5.179 3.5
    endloop
  endfacet
  facet normal -0.849352 0 0.527827
    outer loop
      vertex 9.57799 -5.179 3.5
      vertex 9.59526 -2.179 3.52779
      vertex 9.57799 -2.179 3.5
    endloop
  endfacet
  facet normal -0.849352 0 0.527827
    outer loop
      vertex 9.59526 -2.179 3.52779
      vertex 9.57799 -5.179 3.5
      vertex 9.59526 -5.179 3.52779
    endloop
  endfacet
  facet normal -0.0981116 0 0.995175
    outer loop
      vertex 9.94574 -2.179 3.74572
      vertex 9.9783 -5.179 3.74893
      vertex 9.9783 -2.179 3.74893
    endloop
  endfacet
  facet normal -0.0981116 0 0.995175
    outer loop
      vertex 9.9783 -5.179 3.74893
      vertex 9.94574 -2.179 3.74572
      vertex 9.94574 -5.179 3.74572
    endloop
  endfacet
  facet normal -0.729804 0 0.683656
    outer loop
      vertex 9.63508 -5.179 3.57967
      vertex 9.65745 -2.179 3.60355
      vertex 9.63508 -2.179 3.57967
    endloop
  endfacet
  facet normal -0.729804 0 0.683656
    outer loop
      vertex 9.65745 -2.179 3.60355
      vertex 9.63508 -5.179 3.57967
      vertex 9.65745 -5.179 3.60355
    endloop
  endfacet
  facet normal 0.999435 -0 0.0336201
    outer loop
      vertex 10.5099 -5.179 3.2827
      vertex 10.511 -2.179 3.25
      vertex 10.5099 -2.179 3.2827
    endloop
  endfacet
  facet normal 0.999435 0 0.0336201
    outer loop
      vertex 10.511 -2.179 3.25
      vertex 10.5099 -5.179 3.2827
      vertex 10.511 -5.179 3.25
    endloop
  endfacet
  facet normal 0.772336 0 -0.635215
    outer loop
      vertex 10.4077 -5.179 2.94562
      vertex 10.3869 -2.179 2.92033
      vertex 10.4077 -2.179 2.94562
    endloop
  endfacet
  facet normal 0.772336 0 -0.635215
    outer loop
      vertex 10.3869 -2.179 2.92033
      vertex 10.4077 -5.179 2.94562
      vertex 10.3869 -5.179 2.92033
    endloop
  endfacet
  facet normal 0.634335 0 -0.773058
    outer loop
      vertex 10.3154 -5.179 2.85332
      vertex 10.3407 -2.179 2.87408
      vertex 10.3407 -5.179 2.87408
    endloop
  endfacet
  facet normal 0.634335 0 -0.773058
    outer loop
      vertex 10.3407 -2.179 2.87408
      vertex 10.3154 -5.179 2.85332
      vertex 10.3154 -2.179 2.85332
    endloop
  endfacet
  facet normal -0.973884 0 -0.227046
    outer loop
      vertex 9.52804 -5.179 3.12059
      vertex 9.52061 -2.179 3.15246
      vertex 9.52804 -2.179 3.12059
    endloop
  endfacet
  facet normal -0.973884 -0 -0.227046
    outer loop
      vertex 9.52061 -2.179 3.15246
      vertex 9.52804 -5.179 3.12059
      vertex 9.52061 -5.179 3.15246
    endloop
  endfacet
  facet normal -0.995175 0 -0.0981116
    outer loop
      vertex 9.51528 -5.179 3.18474
      vertex 9.51207 -2.179 3.2173
      vertex 9.51528 -2.179 3.18474
    endloop
  endfacet
  facet normal -0.995175 -0 -0.0981116
    outer loop
      vertex 9.51207 -2.179 3.2173
      vertex 9.51528 -5.179 3.18474
      vertex 9.51207 -5.179 3.2173
    endloop
  endfacet
  facet normal -0.772935 0 -0.634485
    outer loop
      vertex 9.63508 -5.179 2.92033
      vertex 9.61432 -2.179 2.94562
      vertex 9.63508 -2.179 2.92033
    endloop
  endfacet
  facet normal -0.772935 -0 -0.634485
    outer loop
      vertex 9.61432 -2.179 2.94562
      vertex 9.63508 -5.179 2.92033
      vertex 9.61432 -5.179 2.94562
    endloop
  endfacet
  facet normal 0.995205 -0 0.0978089
    outer loop
      vertex 10.5067 -5.179 3.31526
      vertex 10.5099 -2.179 3.2827
      vertex 10.5067 -2.179 3.31526
    endloop
  endfacet
  facet normal 0.995205 0 0.0978089
    outer loop
      vertex 10.5099 -2.179 3.2827
      vertex 10.5067 -5.179 3.31526
      vertex 10.5099 -5.179 3.2827
    endloop
  endfacet
  facet normal 0.935144 -0 0.354268
    outer loop
      vertex 10.4729 -5.179 3.44134
      vertex 10.4845 -2.179 3.41072
      vertex 10.4729 -2.179 3.44134
    endloop
  endfacet
  facet normal 0.935144 0 0.354268
    outer loop
      vertex 10.4845 -2.179 3.41072
      vertex 10.4729 -5.179 3.44134
      vertex 10.4845 -5.179 3.41072
    endloop
  endfacet
  facet normal 0.956922 -0 0.290347
    outer loop
      vertex 10.4845 -5.179 3.41072
      vertex 10.494 -2.179 3.37941
      vertex 10.4845 -2.179 3.41072
    endloop
  endfacet
  facet normal 0.956922 0 0.290347
    outer loop
      vertex 10.494 -2.179 3.37941
      vertex 10.4845 -5.179 3.41072
      vertex 10.494 -5.179 3.37941
    endloop
  endfacet
  facet normal 0.730872 -0 0.682515
    outer loop
      vertex 10.3646 -5.179 3.60355
      vertex 10.3869 -2.179 3.57967
      vertex 10.3646 -2.179 3.60355
    endloop
  endfacet
  facet normal 0.730872 0 0.682515
    outer loop
      vertex 10.3869 -2.179 3.57967
      vertex 10.3646 -5.179 3.60355
      vertex 10.3869 -5.179 3.57967
    endloop
  endfacet
  facet normal 0.683352 0 0.730089
    outer loop
      vertex 10.3407 -2.179 3.62592
      vertex 10.3646 -5.179 3.60355
      vertex 10.3646 -2.179 3.60355
    endloop
  endfacet
  facet normal 0.683352 0 0.730089
    outer loop
      vertex 10.3646 -5.179 3.60355
      vertex 10.3407 -2.179 3.62592
      vertex 10.3407 -5.179 3.62592
    endloop
  endfacet
  facet normal 0.582452 0 0.812865
    outer loop
      vertex 10.2888 -2.179 3.66574
      vertex 10.3154 -5.179 3.64668
      vertex 10.3154 -2.179 3.64668
    endloop
  endfacet
  facet normal 0.582452 0 0.812865
    outer loop
      vertex 10.3154 -5.179 3.64668
      vertex 10.2888 -2.179 3.66574
      vertex 10.2888 -5.179 3.66574
    endloop
  endfacet
  facet normal 0.412086 0 0.911145
    outer loop
      vertex 10.2023 -2.179 3.71194
      vertex 10.2287 -5.179 3.7
      vertex 10.2287 -2.179 3.7
    endloop
  endfacet
  facet normal 0.412086 0 0.911145
    outer loop
      vertex 10.2287 -5.179 3.7
      vertex 10.2023 -2.179 3.71194
      vertex 10.2023 -5.179 3.71194
    endloop
  endfacet
  facet normal 0.226844 0 0.973931
    outer loop
      vertex 10.1085 -2.179 3.74039
      vertex 10.1404 -5.179 3.73296
      vertex 10.1404 -2.179 3.73296
    endloop
  endfacet
  facet normal 0.226844 0 0.973931
    outer loop
      vertex 10.1404 -5.179 3.73296
      vertex 10.1085 -2.179 3.74039
      vertex 10.1085 -5.179 3.74039
    endloop
  endfacet
  facet normal 0.290152 0 0.956981
    outer loop
      vertex 10.1404 -2.179 3.73296
      vertex 10.1717 -5.179 3.72347
      vertex 10.1717 -2.179 3.72347
    endloop
  endfacet
  facet normal 0.290152 0 0.956981
    outer loop
      vertex 10.1717 -5.179 3.72347
      vertex 10.1404 -2.179 3.73296
      vertex 10.1404 -5.179 3.73296
    endloop
  endfacet
  facet normal 0 1 0
    outer loop
      vertex 10.0437 -2.179 3.74893
      vertex 9.9783 -2.179 3.74893
      vertex 10.011 -2.179 3.75
    endloop
  endfacet
  facet normal 0 1 0
    outer loop
      vertex 10.0763 -2.179 3.74572
      vertex 9.9783 -2.179 3.74893
      vertex 10.0437 -2.179 3.74893
    endloop
  endfacet
  facet normal 0 1 0
    outer loop
      vertex 10.0763 -2.179 3.74572
      vertex 9.94574 -2.179 3.74572
      vertex 9.9783 -2.179 3.74893
    endloop
  endfacet
  facet normal 0 1 0
    outer loop
      vertex 10.1085 -2.179 3.74039
      vertex 9.94574 -2.179 3.74572
      vertex 10.0763 -2.179 3.74572
    endloop
  endfacet
  facet normal 0 1 0
    outer loop
      vertex 10.1085 -2.179 3.74039
      vertex 9.91345 -2.179 3.74039
      vertex 9.94574 -2.179 3.74572
    endloop
  endfacet
  facet normal 0 1 0
    outer loop
      vertex 10.1404 -2.179 3.73296
      vertex 9.91345 -2.179 3.74039
      vertex 10.1085 -2.179 3.74039
    endloop
  endfacet
  facet normal 0 1 0
    outer loop
      vertex 10.1404 -2.179 3.73296
      vertex 9.88159 -2.179 3.73296
      vertex 9.91345 -2.179 3.74039
    endloop
  endfacet
  facet normal 0 1 0
    outer loop
      vertex 10.1717 -2.179 3.72347
      vertex 9.88159 -2.179 3.73296
      vertex 10.1404 -2.179 3.73296
    endloop
  endfacet
  facet normal 0 1 0
    outer loop
      vertex 10.1717 -2.179 3.72347
      vertex 9.85028 -2.179 3.72347
      vertex 9.88159 -2.179 3.73296
    endloop
  endfacet
  facet normal 0 1 0
    outer loop
      vertex 10.2023 -2.179 3.71194
      vertex 9.85028 -2.179 3.72347
      vertex 10.1717 -2.179 3.72347
    endloop
  endfacet
  facet normal 0 1 0
    outer loop
      vertex 10.2023 -2.179 3.71194
      vertex 9.81966 -2.179 3.71194
      vertex 9.85028 -2.179 3.72347
    endloop
  endfacet
  facet normal 0 1 0
    outer loop
      vertex 10.2287 -2.179 3.7
      vertex 9.81966 -2.179 3.71194
      vertex 10.2023 -2.179 3.71194
    endloop
  endfacet
  facet normal 0 1 0
    outer loop
      vertex 9.81966 -2.179 3.71194
      vertex 10.2287 -2.179 3.7
      vertex 9.79331 -2.179 3.7
    endloop
  endfacet
  facet normal 0 1 0
    outer loop
      vertex 9.661 -2.179 3.60688
      vertex 9.63508 -2.179 3.57967
      vertex 9.65745 -2.179 3.60355
    endloop
  endfacet
  facet normal 0 1 0
    outer loop
      vertex 9.661 -2.179 3.60688
      vertex 9.61432 -2.179 3.55438
      vertex 9.63508 -2.179 3.57967
    endloop
  endfacet
  facet normal 0 1 0
    outer loop
      vertex 9.661 -2.179 3.60688
      vertex 9.59526 -2.179 3.52779
      vertex 9.61432 -2.179 3.55438
    endloop
  endfacet
  facet normal 0 1 0
    outer loop
      vertex 9.661 -2.179 3.60688
      vertex 9.57799 -2.179 3.5
      vertex 9.59526 -2.179 3.52779
    endloop
  endfacet
  facet normal 0 1 0
    outer loop
      vertex 9.661 -2.179 3.60688
      vertex 9.56256 -2.179 3.47114
      vertex 9.57799 -2.179 3.5
    endloop
  endfacet
  facet normal 0 1 0
    outer loop
      vertex 9.661 -2.179 3.60688
      vertex 9.54906 -2.179 3.44134
      vertex 9.56256 -2.179 3.47114
    endloop
  endfacet
  facet normal 0 1 0
    outer loop
      vertex 9.661 -2.179 3.60688
      vertex 9.53753 -2.179 3.41072
      vertex 9.54906 -2.179 3.44134
    endloop
  endfacet
  facet normal 0 1 0
    outer loop
      vertex 9.661 -2.179 3.60688
      vertex 9.52804 -2.179 3.37941
      vertex 9.53753 -2.179 3.41072
    endloop
  endfacet
  facet normal 0 1 0
    outer loop
      vertex 9.661 -2.179 3.60688
      vertex 9.52061 -2.179 3.34755
      vertex 9.52804 -2.179 3.37941
    endloop
  endfacet
  facet normal 0 1 0
    outer loop
      vertex 9.661 -2.179 3.60688
      vertex 9.51528 -2.179 3.31526
      vertex 9.52061 -2.179 3.34755
    endloop
  endfacet
  facet normal 0 1 0
    outer loop
      vertex 9.661 -2.179 3.60688
      vertex 9.51207 -2.179 3.2827
      vertex 9.51528 -2.179 3.31526
    endloop
  endfacet
  facet normal 0 1 0
    outer loop
      vertex 9.661 -2.179 3.60688
      vertex 9.511 -2.179 3.25
      vertex 9.51207 -2.179 3.2827
    endloop
  endfacet
  facet normal 0 1 0
    outer loop
      vertex 9.661 -2.179 3.60688
      vertex 9.51207 -2.179 3.2173
      vertex 9.511 -2.179 3.25
    endloop
  endfacet
  facet normal 0 1 0
    outer loop
      vertex 9.661 -2.179 3.60688
      vertex 9.51528 -2.179 3.18474
      vertex 9.51207 -2.179 3.2173
    endloop
  endfacet
  facet normal 0 1 0
    outer loop
      vertex 9.661 -2.179 3.60688
      vertex 9.52061 -2.179 3.15246
      vertex 9.51528 -2.179 3.18474
    endloop
  endfacet
  facet normal 0 1 0
    outer loop
      vertex 9.661 -2.179 3.60688
      vertex 9.52804 -2.179 3.12059
      vertex 9.52061 -2.179 3.15246
    endloop
  endfacet
  facet normal 0 1 0
    outer loop
      vertex 9.661 -2.179 3.60688
      vertex 9.53753 -2.179 3.08928
      vertex 9.52804 -2.179 3.12059
    endloop
  endfacet
  facet normal 0 1 0
    outer loop
      vertex 9.661 -2.179 3.60688
      vertex 9.54906 -2.179 3.05866
      vertex 9.53753 -2.179 3.08928
    endloop
  endfacet
  facet normal 0 1 0
    outer loop
      vertex 9.661 -2.179 3.60688
      vertex 9.56256 -2.179 3.02886
      vertex 9.54906 -2.179 3.05866
    endloop
  endfacet
  facet normal 0 1 0
    outer loop
      vertex 9.661 -2.179 3.60688
      vertex 9.57799 -2.179 3
      vertex 9.56256 -2.179 3.02886
    endloop
  endfacet
  facet normal 0 1 0
    outer loop
      vertex 9.661 -2.179 3.60688
      vertex 9.59526 -2.179 2.97222
      vertex 9.57799 -2.179 3
    endloop
  endfacet
  facet normal 0 1 0
    outer loop
      vertex 9.661 -2.179 3.60688
      vertex 9.61432 -2.179 2.94562
      vertex 9.59526 -2.179 2.97222
    endloop
  endfacet
  facet normal 0 1 0
    outer loop
      vertex 9.661 -2.179 3.60688
      vertex 9.63508 -2.179 2.92033
      vertex 9.61432 -2.179 2.94562
    endloop
  endfacet
  facet normal 0 1 -0
    outer loop
      vertex 9.661 -2.179 2.89312
      vertex 9.63508 -2.179 2.92033
      vertex 9.661 -2.179 3.60688
    endloop
  endfacet
  facet normal 0 1 0
    outer loop
      vertex 9.63508 -2.179 2.92033
      vertex 9.661 -2.179 2.89312
      vertex 9.65745 -2.179 2.89645
    endloop
  endfacet
  facet normal 0 1 0
    outer loop
      vertex 10.3154 -2.179 3.64668
      vertex 10.261 -2.179 3.68301
      vertex 10.2888 -2.179 3.66574
    endloop
  endfacet
  facet normal 0 1 0
    outer loop
      vertex 10.3407 -2.179 3.62592
      vertex 10.261 -2.179 3.68301
      vertex 10.3154 -2.179 3.64668
    endloop
  endfacet
  facet normal 0 1 0
    outer loop
      vertex 10.3646 -2.179 3.60355
      vertex 10.261 -2.179 3.68301
      vertex 10.3407 -2.179 3.62592
    endloop
  endfacet
  facet normal 0 1 0
    outer loop
      vertex 10.3869 -2.179 3.57967
      vertex 10.261 -2.179 3.68301
      vertex 10.3646 -2.179 3.60355
    endloop
  endfacet
  facet normal 0 1 0
    outer loop
      vertex 10.4077 -2.179 3.55438
      vertex 10.261 -2.179 3.68301
      vertex 10.3869 -2.179 3.57967
    endloop
  endfacet
  facet normal 0 1 0
    outer loop
      vertex 10.4267 -2.179 3.52779
      vertex 10.261 -2.179 3.68301
      vertex 10.4077 -2.179 3.55438
    endloop
  endfacet
  facet normal 0 1 0
    outer loop
      vertex 10.444 -2.179 3.5
      vertex 10.261 -2.179 3.68301
      vertex 10.4267 -2.179 3.52779
    endloop
  endfacet
  facet normal 0 1 0
    outer loop
      vertex 10.4594 -2.179 3.47114
      vertex 10.261 -2.179 3.68301
      vertex 10.444 -2.179 3.5
    endloop
  endfacet
  facet normal 0 1 0
    outer loop
      vertex 10.4729 -2.179 3.44134
      vertex 10.261 -2.179 3.68301
      vertex 10.4594 -2.179 3.47114
    endloop
  endfacet
  facet normal 0 1 0
    outer loop
      vertex 10.4845 -2.179 3.41072
      vertex 10.261 -2.179 3.68301
      vertex 10.4729 -2.179 3.44134
    endloop
  endfacet
  facet normal 0 1 0
    outer loop
      vertex 10.494 -2.179 3.37941
      vertex 10.261 -2.179 3.68301
      vertex 10.4845 -2.179 3.41072
    endloop
  endfacet
  facet normal 0 1 0
    outer loop
      vertex 10.5014 -2.179 3.34755
      vertex 10.261 -2.179 3.68301
      vertex 10.494 -2.179 3.37941
    endloop
  endfacet
  facet normal 0 1 0
    outer loop
      vertex 10.5067 -2.179 3.31526
      vertex 10.261 -2.179 3.68301
      vertex 10.5014 -2.179 3.34755
    endloop
  endfacet
  facet normal 0 1 0
    outer loop
      vertex 10.5099 -2.179 3.2827
      vertex 10.261 -2.179 3.68301
      vertex 10.5067 -2.179 3.31526
    endloop
  endfacet
  facet normal 0 1 0
    outer loop
      vertex 10.511 -2.179 3.25
      vertex 10.261 -2.179 3.68301
      vertex 10.5099 -2.179 3.2827
    endloop
  endfacet
  facet normal 0 1 -0
    outer loop
      vertex 10.5099 -2.179 3.2173
      vertex 10.261 -2.179 3.68301
      vertex 10.511 -2.179 3.25
    endloop
  endfacet
  facet normal 0 1 -0
    outer loop
      vertex 10.5067 -2.179 3.18474
      vertex 10.261 -2.179 3.68301
      vertex 10.5099 -2.179 3.2173
    endloop
  endfacet
  facet normal 0 1 -0
    outer loop
      vertex 10.5014 -2.179 3.15246
      vertex 10.261 -2.179 3.68301
      vertex 10.5067 -2.179 3.18474
    endloop
  endfacet
  facet normal 0 1 -0
    outer loop
      vertex 10.494 -2.179 3.12059
      vertex 10.261 -2.179 3.68301
      vertex 10.5014 -2.179 3.15246
    endloop
  endfacet
  facet normal 0 1 -0
    outer loop
      vertex 10.4845 -2.179 3.08928
      vertex 10.261 -2.179 3.68301
      vertex 10.494 -2.179 3.12059
    endloop
  endfacet
  facet normal 0 1 -0
    outer loop
      vertex 10.4729 -2.179 3.05866
      vertex 10.261 -2.179 3.68301
      vertex 10.4845 -2.179 3.08928
    endloop
  endfacet
  facet normal 0 1 -0
    outer loop
      vertex 10.4594 -2.179 3.02886
      vertex 10.261 -2.179 3.68301
      vertex 10.4729 -2.179 3.05866
    endloop
  endfacet
  facet normal 0 1 -0
    outer loop
      vertex 10.444 -2.179 3
      vertex 10.261 -2.179 3.68301
      vertex 10.4594 -2.179 3.02886
    endloop
  endfacet
  facet normal 0 1 -0
    outer loop
      vertex 10.4267 -2.179 2.97222
      vertex 10.261 -2.179 3.68301
      vertex 10.444 -2.179 3
    endloop
  endfacet
  facet normal 0 1 -0
    outer loop
      vertex 10.4077 -2.179 2.94562
      vertex 10.261 -2.179 3.68301
      vertex 10.4267 -2.179 2.97222
    endloop
  endfacet
  facet normal 0 1 -0
    outer loop
      vertex 10.3869 -2.179 2.92033
      vertex 10.261 -2.179 3.68301
      vertex 10.4077 -2.179 2.94562
    endloop
  endfacet
  facet normal 0 1 -0
    outer loop
      vertex 10.3646 -2.179 2.89645
      vertex 10.261 -2.179 3.68301
      vertex 10.3869 -2.179 2.92033
    endloop
  endfacet
  facet normal 0 1 -0
    outer loop
      vertex 10.3407 -2.179 2.87408
      vertex 10.261 -2.179 3.68301
      vertex 10.3646 -2.179 2.89645
    endloop
  endfacet
  facet normal 0 1 -0
    outer loop
      vertex 10.3154 -2.179 2.85332
      vertex 10.261 -2.179 3.68301
      vertex 10.3407 -2.179 2.87408
    endloop
  endfacet
  facet normal 0 1 -0
    outer loop
      vertex 10.2888 -2.179 2.83427
      vertex 10.261 -2.179 3.68301
      vertex 10.3154 -2.179 2.85332
    endloop
  endfacet
  facet normal 0 1 0
    outer loop
      vertex 10.261 -2.179 3.68301
      vertex 10.2888 -2.179 2.83427
      vertex 10.261 -2.179 2.81699
    endloop
  endfacet
  facet normal -0.973868 0 0.227114
    outer loop
      vertex 9.52061 -5.179 3.34755
      vertex 9.52804 -2.179 3.37941
      vertex 9.52061 -2.179 3.34755
    endloop
  endfacet
  facet normal -0.973868 0 0.227114
    outer loop
      vertex 9.52804 -2.179 3.37941
      vertex 9.52061 -5.179 3.34755
      vertex 9.52804 -5.179 3.37941
    endloop
  endfacet
  facet normal -0.957006 0 0.290067
    outer loop
      vertex 9.52804 -5.179 3.37941
      vertex 9.53753 -2.179 3.41072
      vertex 9.52804 -2.179 3.37941
    endloop
  endfacet
  facet normal -0.957006 0 0.290067
    outer loop
      vertex 9.53753 -2.179 3.41072
      vertex 9.52804 -5.179 3.37941
      vertex 9.53753 -5.179 3.41072
    endloop
  endfacet
  facet normal -0.910889 0 0.412651
    outer loop
      vertex 9.54906 -5.179 3.44134
      vertex 9.56256 -2.179 3.47114
      vertex 9.54906 -2.179 3.44134
    endloop
  endfacet
  facet normal -0.910889 0 0.412651
    outer loop
      vertex 9.56256 -2.179 3.47114
      vertex 9.54906 -5.179 3.44134
      vertex 9.56256 -5.179 3.47114
    endloop
  endfacet
  facet normal -0.812762 0 0.582596
    outer loop
      vertex 9.59526 -5.179 3.52779
      vertex 9.61432 -2.179 3.55438
      vertex 9.59526 -2.179 3.52779
    endloop
  endfacet
  facet normal -0.812762 0 0.582596
    outer loop
      vertex 9.61432 -2.179 3.55438
      vertex 9.59526 -5.179 3.52779
      vertex 9.61432 -5.179 3.55438
    endloop
  endfacet
  facet normal -0.352396 0 0.935851
    outer loop
      vertex 9.81966 -2.179 3.71194
      vertex 9.85028 -5.179 3.72347
      vertex 9.85028 -2.179 3.72347
    endloop
  endfacet
  facet normal -0.352396 0 0.935851
    outer loop
      vertex 9.85028 -5.179 3.72347
      vertex 9.81966 -2.179 3.71194
      vertex 9.81966 -5.179 3.71194
    endloop
  endfacet
  facet normal -0.162863 0 0.986649
    outer loop
      vertex 9.91345 -2.179 3.74039
      vertex 9.94574 -5.179 3.74572
      vertex 9.94574 -2.179 3.74572
    endloop
  endfacet
  facet normal -0.162863 0 0.986649
    outer loop
      vertex 9.94574 -5.179 3.74572
      vertex 9.91345 -2.179 3.74039
      vertex 9.91345 -5.179 3.74039
    endloop
  endfacet
  facet normal -0.684146 0 0.729345
    outer loop
      vertex 9.65745 -2.179 3.60355
      vertex 9.661 -5.179 3.60688
      vertex 9.661 -2.179 3.60688
    endloop
  endfacet
  facet normal -0.684146 0 0.729345
    outer loop
      vertex 9.661 -5.179 3.60688
      vertex 9.65745 -2.179 3.60355
      vertex 9.65745 -5.179 3.60355
    endloop
  endfacet
  facet normal 0.999435 0 -0.0336201
    outer loop
      vertex 10.511 -5.179 3.25
      vertex 10.5099 -2.179 3.2173
      vertex 10.511 -2.179 3.25
    endloop
  endfacet
  facet normal 0.999435 0 -0.0336201
    outer loop
      vertex 10.5099 -2.179 3.2173
      vertex 10.511 -5.179 3.25
      vertex 10.5099 -5.179 3.2173
    endloop
  endfacet
  facet normal 0.986788 0 -0.162019
    outer loop
      vertex 10.5067 -5.179 3.18474
      vertex 10.5014 -2.179 3.15246
      vertex 10.5067 -2.179 3.18474
    endloop
  endfacet
  facet normal 0.986788 0 -0.162019
    outer loop
      vertex 10.5014 -2.179 3.15246
      vertex 10.5067 -5.179 3.18474
      vertex 10.5014 -5.179 3.15246
    endloop
  endfacet
  facet normal 0.882251 0 -0.470779
    outer loop
      vertex 10.4594 -5.179 3.02886
      vertex 10.444 -2.179 3
      vertex 10.4594 -2.179 3.02886
    endloop
  endfacet
  facet normal 0.882251 0 -0.470779
    outer loop
      vertex 10.444 -2.179 3
      vertex 10.4594 -5.179 3.02886
      vertex 10.444 -5.179 3
    endloop
  endfacet
  facet normal 0.730872 0 -0.682515
    outer loop
      vertex 10.3869 -5.179 2.92033
      vertex 10.3646 -2.179 2.89645
      vertex 10.3869 -2.179 2.92033
    endloop
  endfacet
  facet normal 0.730872 0 -0.682515
    outer loop
      vertex 10.3646 -2.179 2.89645
      vertex 10.3869 -5.179 2.92033
      vertex 10.3646 -5.179 2.89645
    endloop
  endfacet
  facet normal 0.683352 0 -0.730089
    outer loop
      vertex 10.3407 -5.179 2.87408
      vertex 10.3646 -2.179 2.89645
      vertex 10.3646 -5.179 2.89645
    endloop
  endfacet
  facet normal 0.683352 0 -0.730089
    outer loop
      vertex 10.3646 -2.179 2.89645
      vertex 10.3407 -5.179 2.87408
      vertex 10.3407 -2.179 2.87408
    endloop
  endfacet
  facet normal 0.58225 0 -0.81301
    outer loop
      vertex 10.2888 -5.179 2.83427
      vertex 10.3154 -2.179 2.85332
      vertex 10.3154 -5.179 2.85332
    endloop
  endfacet
  facet normal 0.58225 0 -0.81301
    outer loop
      vertex 10.3154 -2.179 2.85332
      vertex 10.2888 -5.179 2.83427
      vertex 10.2888 -2.179 2.83427
    endloop
  endfacet
  facet normal -0.910889 0 -0.412651
    outer loop
      vertex 9.56256 -5.179 3.02886
      vertex 9.54906 -2.179 3.05866
      vertex 9.56256 -2.179 3.02886
    endloop
  endfacet
  facet normal -0.910889 -0 -0.412651
    outer loop
      vertex 9.54906 -2.179 3.05866
      vertex 9.56256 -5.179 3.02886
      vertex 9.54906 -5.179 3.05866
    endloop
  endfacet
  facet normal -0.957006 0 -0.290067
    outer loop
      vertex 9.53753 -5.179 3.08928
      vertex 9.52804 -2.179 3.12059
      vertex 9.53753 -2.179 3.08928
    endloop
  endfacet
  facet normal -0.957006 -0 -0.290067
    outer loop
      vertex 9.52804 -2.179 3.12059
      vertex 9.53753 -5.179 3.08928
      vertex 9.52804 -5.179 3.12059
    endloop
  endfacet
  facet normal -0.935851 0 -0.352396
    outer loop
      vertex 9.54906 -5.179 3.05866
      vertex 9.53753 -2.179 3.08928
      vertex 9.54906 -2.179 3.05866
    endloop
  endfacet
  facet normal -0.935851 -0 -0.352396
    outer loop
      vertex 9.53753 -2.179 3.08928
      vertex 9.54906 -5.179 3.05866
      vertex 9.53753 -5.179 3.08928
    endloop
  endfacet
  facet normal -0.986641 0 -0.162912
    outer loop
      vertex 9.52061 -5.179 3.15246
      vertex 9.51528 -2.179 3.18474
      vertex 9.52061 -2.179 3.15246
    endloop
  endfacet
  facet normal -0.986641 -0 -0.162912
    outer loop
      vertex 9.51528 -2.179 3.18474
      vertex 9.52061 -5.179 3.15246
      vertex 9.51528 -5.179 3.18474
    endloop
  endfacet
  facet normal -0.849267 0 -0.527964
    outer loop
      vertex 9.59526 -5.179 2.97222
      vertex 9.57799 -2.179 3
      vertex 9.59526 -2.179 2.97222
    endloop
  endfacet
  facet normal -0.849267 -0 -0.527964
    outer loop
      vertex 9.57799 -2.179 3
      vertex 9.59526 -5.179 2.97222
      vertex 9.57799 -5.179 3
    endloop
  endfacet
  facet normal -0.812865 0 -0.582452
    outer loop
      vertex 9.61432 -5.179 2.94562
      vertex 9.59526 -2.179 2.97222
      vertex 9.61432 -2.179 2.94562
    endloop
  endfacet
  facet normal -0.812865 -0 -0.582452
    outer loop
      vertex 9.59526 -2.179 2.97222
      vertex 9.61432 -5.179 2.94562
      vertex 9.59526 -5.179 2.97222
    endloop
  endfacet
  facet normal -0.88187 0 -0.471492
    outer loop
      vertex 9.57799 -5.179 3
      vertex 9.56256 -2.179 3.02886
      vertex 9.57799 -2.179 3
    endloop
  endfacet
  facet normal -0.88187 -0 -0.471492
    outer loop
      vertex 9.56256 -2.179 3.02886
      vertex 9.57799 -5.179 3
      vertex 9.56256 -5.179 3.02886
    endloop
  endfacet
  facet normal -0.684146 0 -0.729345
    outer loop
      vertex 9.65745 -5.179 2.89645
      vertex 9.661 -2.179 2.89312
      vertex 9.661 -5.179 2.89312
    endloop
  endfacet
  facet normal -0.684146 0 -0.729345
    outer loop
      vertex 9.661 -2.179 2.89312
      vertex 9.65745 -5.179 2.89645
      vertex 9.65745 -2.179 2.89645
    endloop
  endfacet
  facet normal 0.848941 -0 0.528488
    outer loop
      vertex 10.4267 -5.179 3.52779
      vertex 10.444 -2.179 3.5
      vertex 10.4267 -2.179 3.52779
    endloop
  endfacet
  facet normal 0.848941 0 0.528488
    outer loop
      vertex 10.444 -2.179 3.5
      vertex 10.4267 -5.179 3.52779
      vertex 10.444 -5.179 3.5
    endloop
  endfacet
  facet normal 0.0979924 0 0.995187
    outer loop
      vertex 10.0437 -2.179 3.74893
      vertex 10.0763 -5.179 3.74572
      vertex 10.0763 -2.179 3.74572
    endloop
  endfacet
  facet normal 0.0979924 0 0.995187
    outer loop
      vertex 10.0763 -5.179 3.74572
      vertex 10.0437 -2.179 3.74893
      vertex 10.0437 -5.179 3.74893
    endloop
  endfacet
  facet normal 0 -1 0
    outer loop
      vertex 10.261 -5.179 3.68301
      vertex 10.3154 -5.179 3.64668
      vertex 10.2888 -5.179 3.66574
    endloop
  endfacet
  facet normal 0 -1 0
    outer loop
      vertex 10.261 -5.179 3.68301
      vertex 10.3407 -5.179 3.62592
      vertex 10.3154 -5.179 3.64668
    endloop
  endfacet
  facet normal 0 -1 0
    outer loop
      vertex 10.261 -5.179 3.68301
      vertex 10.3646 -5.179 3.60355
      vertex 10.3407 -5.179 3.62592
    endloop
  endfacet
  facet normal 0 -1 0
    outer loop
      vertex 10.261 -5.179 3.68301
      vertex 10.3869 -5.179 3.57967
      vertex 10.3646 -5.179 3.60355
    endloop
  endfacet
  facet normal 0 -1 0
    outer loop
      vertex 10.261 -5.179 3.68301
      vertex 10.4077 -5.179 3.55438
      vertex 10.3869 -5.179 3.57967
    endloop
  endfacet
  facet normal 0 -1 0
    outer loop
      vertex 10.261 -5.179 3.68301
      vertex 10.4267 -5.179 3.52779
      vertex 10.4077 -5.179 3.55438
    endloop
  endfacet
  facet normal 0 -1 0
    outer loop
      vertex 10.261 -5.179 3.68301
      vertex 10.444 -5.179 3.5
      vertex 10.4267 -5.179 3.52779
    endloop
  endfacet
  facet normal 0 -1 0
    outer loop
      vertex 10.261 -5.179 3.68301
      vertex 10.4594 -5.179 3.47114
      vertex 10.444 -5.179 3.5
    endloop
  endfacet
  facet normal 0 -1 0
    outer loop
      vertex 10.261 -5.179 3.68301
      vertex 10.4729 -5.179 3.44134
      vertex 10.4594 -5.179 3.47114
    endloop
  endfacet
  facet normal 0 -1 0
    outer loop
      vertex 10.261 -5.179 3.68301
      vertex 10.4845 -5.179 3.41072
      vertex 10.4729 -5.179 3.44134
    endloop
  endfacet
  facet normal 0 -1 0
    outer loop
      vertex 10.261 -5.179 3.68301
      vertex 10.494 -5.179 3.37941
      vertex 10.4845 -5.179 3.41072
    endloop
  endfacet
  facet normal 0 -1 0
    outer loop
      vertex 10.261 -5.179 3.68301
      vertex 10.5014 -5.179 3.34755
      vertex 10.494 -5.179 3.37941
    endloop
  endfacet
  facet normal 0 -1 0
    outer loop
      vertex 10.261 -5.179 3.68301
      vertex 10.5067 -5.179 3.31526
      vertex 10.5014 -5.179 3.34755
    endloop
  endfacet
  facet normal 0 -1 0
    outer loop
      vertex 10.261 -5.179 3.68301
      vertex 10.5099 -5.179 3.2827
      vertex 10.5067 -5.179 3.31526
    endloop
  endfacet
  facet normal 0 -1 0
    outer loop
      vertex 10.261 -5.179 3.68301
      vertex 10.511 -5.179 3.25
      vertex 10.5099 -5.179 3.2827
    endloop
  endfacet
  facet normal 0 -1 0
    outer loop
      vertex 10.261 -5.179 3.68301
      vertex 10.5099 -5.179 3.2173
      vertex 10.511 -5.179 3.25
    endloop
  endfacet
  facet normal 0 -1 0
    outer loop
      vertex 10.261 -5.179 3.68301
      vertex 10.5067 -5.179 3.18474
      vertex 10.5099 -5.179 3.2173
    endloop
  endfacet
  facet normal 0 -1 0
    outer loop
      vertex 10.261 -5.179 3.68301
      vertex 10.5014 -5.179 3.15246
      vertex 10.5067 -5.179 3.18474
    endloop
  endfacet
  facet normal 0 -1 0
    outer loop
      vertex 10.261 -5.179 3.68301
      vertex 10.494 -5.179 3.12059
      vertex 10.5014 -5.179 3.15246
    endloop
  endfacet
  facet normal 0 -1 0
    outer loop
      vertex 10.261 -5.179 3.68301
      vertex 10.4845 -5.179 3.08928
      vertex 10.494 -5.179 3.12059
    endloop
  endfacet
  facet normal 0 -1 0
    outer loop
      vertex 10.261 -5.179 3.68301
      vertex 10.4729 -5.179 3.05866
      vertex 10.4845 -5.179 3.08928
    endloop
  endfacet
  facet normal 0 -1 0
    outer loop
      vertex 10.261 -5.179 3.68301
      vertex 10.4594 -5.179 3.02886
      vertex 10.4729 -5.179 3.05866
    endloop
  endfacet
  facet normal 0 -1 0
    outer loop
      vertex 10.261 -5.179 3.68301
      vertex 10.444 -5.179 3
      vertex 10.4594 -5.179 3.02886
    endloop
  endfacet
  facet normal 0 -1 0
    outer loop
      vertex 10.261 -5.179 3.68301
      vertex 10.4267 -5.179 2.97222
      vertex 10.444 -5.179 3
    endloop
  endfacet
  facet normal 0 -1 0
    outer loop
      vertex 10.261 -5.179 3.68301
      vertex 10.4077 -5.179 2.94562
      vertex 10.4267 -5.179 2.97222
    endloop
  endfacet
  facet normal 0 -1 0
    outer loop
      vertex 10.261 -5.179 3.68301
      vertex 10.3869 -5.179 2.92033
      vertex 10.4077 -5.179 2.94562
    endloop
  endfacet
  facet normal 0 -1 0
    outer loop
      vertex 10.261 -5.179 3.68301
      vertex 10.3646 -5.179 2.89645
      vertex 10.3869 -5.179 2.92033
    endloop
  endfacet
  facet normal 0 -1 0
    outer loop
      vertex 10.261 -5.179 3.68301
      vertex 10.3407 -5.179 2.87408
      vertex 10.3646 -5.179 2.89645
    endloop
  endfacet
  facet normal 0 -1 0
    outer loop
      vertex 10.261 -5.179 3.68301
      vertex 10.3154 -5.179 2.85332
      vertex 10.3407 -5.179 2.87408
    endloop
  endfacet
  facet normal 0 -1 0
    outer loop
      vertex 10.261 -5.179 3.68301
      vertex 10.2888 -5.179 2.83427
      vertex 10.3154 -5.179 2.85332
    endloop
  endfacet
  facet normal -0 -1 0
    outer loop
      vertex 10.2888 -5.179 2.83427
      vertex 10.261 -5.179 3.68301
      vertex 10.261 -5.179 2.81699
    endloop
  endfacet
  facet normal 0 -1 0
    outer loop
      vertex 9.63508 -5.179 3.57967
      vertex 9.661 -5.179 3.60688
      vertex 9.65745 -5.179 3.60355
    endloop
  endfacet
  facet normal 0 -1 0
    outer loop
      vertex 9.61432 -5.179 3.55438
      vertex 9.661 -5.179 3.60688
      vertex 9.63508 -5.179 3.57967
    endloop
  endfacet
  facet normal 0 -1 0
    outer loop
      vertex 9.59526 -5.179 3.52779
      vertex 9.661 -5.179 3.60688
      vertex 9.61432 -5.179 3.55438
    endloop
  endfacet
  facet normal 0 -1 0
    outer loop
      vertex 9.57799 -5.179 3.5
      vertex 9.661 -5.179 3.60688
      vertex 9.59526 -5.179 3.52779
    endloop
  endfacet
  facet normal 0 -1 0
    outer loop
      vertex 9.56256 -5.179 3.47114
      vertex 9.661 -5.179 3.60688
      vertex 9.57799 -5.179 3.5
    endloop
  endfacet
  facet normal 0 -1 0
    outer loop
      vertex 9.54906 -5.179 3.44134
      vertex 9.661 -5.179 3.60688
      vertex 9.56256 -5.179 3.47114
    endloop
  endfacet
  facet normal 0 -1 0
    outer loop
      vertex 9.53753 -5.179 3.41072
      vertex 9.661 -5.179 3.60688
      vertex 9.54906 -5.179 3.44134
    endloop
  endfacet
  facet normal 0 -1 0
    outer loop
      vertex 9.52804 -5.179 3.37941
      vertex 9.661 -5.179 3.60688
      vertex 9.53753 -5.179 3.41072
    endloop
  endfacet
  facet normal 0 -1 0
    outer loop
      vertex 9.52061 -5.179 3.34755
      vertex 9.661 -5.179 3.60688
      vertex 9.52804 -5.179 3.37941
    endloop
  endfacet
  facet normal 0 -1 0
    outer loop
      vertex 9.51528 -5.179 3.31526
      vertex 9.661 -5.179 3.60688
      vertex 9.52061 -5.179 3.34755
    endloop
  endfacet
  facet normal 0 -1 0
    outer loop
      vertex 9.51207 -5.179 3.2827
      vertex 9.661 -5.179 3.60688
      vertex 9.51528 -5.179 3.31526
    endloop
  endfacet
  facet normal 0 -1 0
    outer loop
      vertex 9.511 -5.179 3.25
      vertex 9.661 -5.179 3.60688
      vertex 9.51207 -5.179 3.2827
    endloop
  endfacet
  facet normal 0 -1 0
    outer loop
      vertex 9.51207 -5.179 3.2173
      vertex 9.661 -5.179 3.60688
      vertex 9.511 -5.179 3.25
    endloop
  endfacet
  facet normal 0 -1 0
    outer loop
      vertex 9.51528 -5.179 3.18474
      vertex 9.661 -5.179 3.60688
      vertex 9.51207 -5.179 3.2173
    endloop
  endfacet
  facet normal 0 -1 0
    outer loop
      vertex 9.52061 -5.179 3.15246
      vertex 9.661 -5.179 3.60688
      vertex 9.51528 -5.179 3.18474
    endloop
  endfacet
  facet normal 0 -1 0
    outer loop
      vertex 9.52804 -5.179 3.12059
      vertex 9.661 -5.179 3.60688
      vertex 9.52061 -5.179 3.15246
    endloop
  endfacet
  facet normal 0 -1 0
    outer loop
      vertex 9.53753 -5.179 3.08928
      vertex 9.661 -5.179 3.60688
      vertex 9.52804 -5.179 3.12059
    endloop
  endfacet
  facet normal 0 -1 0
    outer loop
      vertex 9.54906 -5.179 3.05866
      vertex 9.661 -5.179 3.60688
      vertex 9.53753 -5.179 3.08928
    endloop
  endfacet
  facet normal 0 -1 0
    outer loop
      vertex 9.56256 -5.179 3.02886
      vertex 9.661 -5.179 3.60688
      vertex 9.54906 -5.179 3.05866
    endloop
  endfacet
  facet normal 0 -1 0
    outer loop
      vertex 9.57799 -5.179 3
      vertex 9.661 -5.179 3.60688
      vertex 9.56256 -5.179 3.02886
    endloop
  endfacet
  facet normal 0 -1 0
    outer loop
      vertex 9.59526 -5.179 2.97222
      vertex 9.661 -5.179 3.60688
      vertex 9.57799 -5.179 3
    endloop
  endfacet
  facet normal 0 -1 0
    outer loop
      vertex 9.61432 -5.179 2.94562
      vertex 9.661 -5.179 3.60688
      vertex 9.59526 -5.179 2.97222
    endloop
  endfacet
  facet normal 0 -1 0
    outer loop
      vertex 9.63508 -5.179 2.92033
      vertex 9.661 -5.179 3.60688
      vertex 9.61432 -5.179 2.94562
    endloop
  endfacet
  facet normal 0 -1 0
    outer loop
      vertex 9.661 -5.179 2.89312
      vertex 9.63508 -5.179 2.92033
      vertex 9.65745 -5.179 2.89645
    endloop
  endfacet
  facet normal 0 -1 0
    outer loop
      vertex 9.63508 -5.179 2.92033
      vertex 9.661 -5.179 2.89312
      vertex 9.661 -5.179 3.60688
    endloop
  endfacet
  facet normal 0 -1 0
    outer loop
      vertex 9.9783 -5.179 3.74893
      vertex 10.0437 -5.179 3.74893
      vertex 10.011 -5.179 3.75
    endloop
  endfacet
  facet normal 0 -1 0
    outer loop
      vertex 9.94574 -5.179 3.74572
      vertex 10.0437 -5.179 3.74893
      vertex 9.9783 -5.179 3.74893
    endloop
  endfacet
  facet normal 0 -1 0
    outer loop
      vertex 9.94574 -5.179 3.74572
      vertex 10.0763 -5.179 3.74572
      vertex 10.0437 -5.179 3.74893
    endloop
  endfacet
  facet normal 0 -1 0
    outer loop
      vertex 9.91345 -5.179 3.74039
      vertex 10.0763 -5.179 3.74572
      vertex 9.94574 -5.179 3.74572
    endloop
  endfacet
  facet normal 0 -1 0
    outer loop
      vertex 9.91345 -5.179 3.74039
      vertex 10.1085 -5.179 3.74039
      vertex 10.0763 -5.179 3.74572
    endloop
  endfacet
  facet normal 0 -1 0
    outer loop
      vertex 9.88159 -5.179 3.73296
      vertex 10.1085 -5.179 3.74039
      vertex 9.91345 -5.179 3.74039
    endloop
  endfacet
  facet normal 0 -1 0
    outer loop
      vertex 9.88159 -5.179 3.73296
      vertex 10.1404 -5.179 3.73296
      vertex 10.1085 -5.179 3.74039
    endloop
  endfacet
  facet normal 0 -1 0
    outer loop
      vertex 9.85028 -5.179 3.72347
      vertex 10.1404 -5.179 3.73296
      vertex 9.88159 -5.179 3.73296
    endloop
  endfacet
  facet normal 0 -1 0
    outer loop
      vertex 9.85028 -5.179 3.72347
      vertex 10.1717 -5.179 3.72347
      vertex 10.1404 -5.179 3.73296
    endloop
  endfacet
  facet normal 0 -1 0
    outer loop
      vertex 9.81966 -5.179 3.71194
      vertex 10.1717 -5.179 3.72347
      vertex 9.85028 -5.179 3.72347
    endloop
  endfacet
  facet normal 0 -1 0
    outer loop
      vertex 9.81966 -5.179 3.71194
      vertex 10.2023 -5.179 3.71194
      vertex 10.1717 -5.179 3.72347
    endloop
  endfacet
  facet normal 0 -1 0
    outer loop
      vertex 9.79331 -5.179 3.7
      vertex 10.2023 -5.179 3.71194
      vertex 9.81966 -5.179 3.71194
    endloop
  endfacet
  facet normal 0 -1 -0
    outer loop
      vertex 10.2023 -5.179 3.71194
      vertex 9.79331 -5.179 3.7
      vertex 10.2287 -5.179 3.7
    endloop
  endfacet
  facet normal -0.999465 0 0.0327042
    outer loop
      vertex 9.511 -5.179 3.25
      vertex 9.51207 -2.179 3.2827
      vertex 9.511 -2.179 3.25
    endloop
  endfacet
  facet normal -0.999465 0 0.0327042
    outer loop
      vertex 9.51207 -2.179 3.2827
      vertex 9.511 -5.179 3.25
      vertex 9.51207 -5.179 3.2827
    endloop
  endfacet
  facet normal -0.290067 0 0.957006
    outer loop
      vertex 9.85028 -2.179 3.72347
      vertex 9.88159 -5.179 3.73296
      vertex 9.88159 -2.179 3.73296
    endloop
  endfacet
  facet normal -0.290067 0 0.957006
    outer loop
      vertex 9.88159 -5.179 3.73296
      vertex 9.85028 -2.179 3.72347
      vertex 9.85028 -5.179 3.72347
    endloop
  endfacet
  facet normal 0.995205 0 -0.0978089
    outer loop
      vertex 10.5099 -5.179 3.2173
      vertex 10.5067 -2.179 3.18474
      vertex 10.5099 -2.179 3.2173
    endloop
  endfacet
  facet normal 0.995205 0 -0.0978089
    outer loop
      vertex 10.5067 -2.179 3.18474
      vertex 10.5099 -5.179 3.2173
      vertex 10.5067 -5.179 3.18474
    endloop
  endfacet
  facet normal 0.956922 0 -0.290347
    outer loop
      vertex 10.494 -5.179 3.12059
      vertex 10.4845 -2.179 3.08928
      vertex 10.494 -2.179 3.12059
    endloop
  endfacet
  facet normal 0.956922 0 -0.290347
    outer loop
      vertex 10.4845 -2.179 3.08928
      vertex 10.494 -5.179 3.12059
      vertex 10.4845 -5.179 3.08928
    endloop
  endfacet
  facet normal 0.910889 0 -0.412651
    outer loop
      vertex 10.4729 -5.179 3.05866
      vertex 10.4594 -2.179 3.02886
      vertex 10.4729 -2.179 3.05866
    endloop
  endfacet
  facet normal 0.910889 0 -0.412651
    outer loop
      vertex 10.4594 -2.179 3.02886
      vertex 10.4729 -5.179 3.05866
      vertex 10.4594 -5.179 3.02886
    endloop
  endfacet
  facet normal 0.52791 0 -0.8493
    outer loop
      vertex 10.261 -5.179 2.81699
      vertex 10.2888 -2.179 2.83427
      vertex 10.2888 -5.179 2.83427
    endloop
  endfacet
  facet normal 0.52791 0 -0.8493
    outer loop
      vertex 10.2888 -2.179 2.83427
      vertex 10.261 -5.179 2.81699
      vertex 10.261 -2.179 2.81699
    endloop
  endfacet
  facet normal -0.729804 0 -0.683656
    outer loop
      vertex 9.65745 -5.179 2.89645
      vertex 9.63508 -2.179 2.92033
      vertex 9.65745 -2.179 2.89645
    endloop
  endfacet
  facet normal -0.729804 -0 -0.683656
    outer loop
      vertex 9.63508 -2.179 2.92033
      vertex 9.65745 -5.179 2.89645
      vertex 9.63508 -5.179 2.92033
    endloop
  endfacet
  facet normal 0.974086 0 -0.226176
    outer loop
      vertex 10.5014 -5.179 3.15246
      vertex 10.494 -2.179 3.12059
      vertex 10.5014 -2.179 3.15246
    endloop
  endfacet
  facet normal 0.974086 0 -0.226176
    outer loop
      vertex 10.494 -2.179 3.12059
      vertex 10.5014 -5.179 3.15246
      vertex 10.494 -5.179 3.12059
    endloop
  endfacet
  facet normal 0.848856 0 -0.528625
    outer loop
      vertex 10.444 -5.179 3
      vertex 10.4267 -2.179 2.97222
      vertex 10.444 -2.179 3
    endloop
  endfacet
  facet normal 0.848856 0 -0.528625
    outer loop
      vertex 10.4267 -2.179 2.97222
      vertex 10.444 -5.179 3
      vertex 10.4267 -5.179 2.97222
    endloop
  endfacet
  facet normal 0.813733 0 -0.581238
    outer loop
      vertex 10.4267 -5.179 2.97222
      vertex 10.4077 -2.179 2.94562
      vertex 10.4267 -2.179 2.97222
    endloop
  endfacet
  facet normal 0.813733 0 -0.581238
    outer loop
      vertex 10.4077 -2.179 2.94562
      vertex 10.4267 -5.179 2.97222
      vertex 10.4077 -5.179 2.94562
    endloop
  endfacet
  facet normal 0.882251 -0 0.470779
    outer loop
      vertex -12.581 -5.179 3.5
      vertex -12.5656 -2.179 3.47114
      vertex -12.581 -2.179 3.5
    endloop
  endfacet
  facet normal 0.882251 0 0.470779
    outer loop
      vertex -12.5656 -2.179 3.47114
      vertex -12.581 -5.179 3.5
      vertex -12.5656 -5.179 3.47114
    endloop
  endfacet
  facet normal 0.412086 0 0.911145
    outer loop
      vertex -12.8227 -2.179 3.71194
      vertex -12.7963 -5.179 3.7
      vertex -12.7963 -2.179 3.7
    endloop
  endfacet
  facet normal 0.412086 0 0.911145
    outer loop
      vertex -12.7963 -5.179 3.7
      vertex -12.8227 -2.179 3.71194
      vertex -12.8227 -5.179 3.71194
    endloop
  endfacet
  facet normal -0.352598 0 0.935775
    outer loop
      vertex -13.2053 -2.179 3.71194
      vertex -13.1747 -5.179 3.72347
      vertex -13.1747 -2.179 3.72347
    endloop
  endfacet
  facet normal -0.352598 0 0.935775
    outer loop
      vertex -13.1747 -5.179 3.72347
      vertex -13.2053 -2.179 3.71194
      vertex -13.2053 -5.179 3.71194
    endloop
  endfacet
  facet normal -0.910889 0 0.412651
    outer loop
      vertex -13.4759 -5.179 3.44134
      vertex -13.4624 -2.179 3.47114
      vertex -13.4759 -2.179 3.44134
    endloop
  endfacet
  facet normal -0.910889 0 0.412651
    outer loop
      vertex -13.4624 -2.179 3.47114
      vertex -13.4759 -5.179 3.44134
      vertex -13.4624 -5.179 3.47114
    endloop
  endfacet
  facet normal -0.730872 0 0.682515
    outer loop
      vertex -13.3899 -5.179 3.57967
      vertex -13.3676 -2.179 3.60355
      vertex -13.3899 -2.179 3.57967
    endloop
  endfacet
  facet normal -0.730872 0 0.682515
    outer loop
      vertex -13.3676 -2.179 3.60355
      vertex -13.3899 -5.179 3.57967
      vertex -13.3676 -5.179 3.60355
    endloop
  endfacet
  facet normal -0.163306 0 0.986575
    outer loop
      vertex -13.1115 -2.179 3.74039
      vertex -13.0793 -5.179 3.74572
      vertex -13.0793 -2.179 3.74572
    endloop
  endfacet
  facet normal -0.163306 0 0.986575
    outer loop
      vertex -13.0793 -5.179 3.74572
      vertex -13.1115 -2.179 3.74039
      vertex -13.1115 -5.179 3.74039
    endloop
  endfacet
  facet normal 0.995205 -0 0.0978089
    outer loop
      vertex -12.5183 -5.179 3.31526
      vertex -12.5151 -2.179 3.2827
      vertex -12.5183 -2.179 3.31526
    endloop
  endfacet
  facet normal 0.995205 0 0.0978089
    outer loop
      vertex -12.5151 -2.179 3.2827
      vertex -12.5183 -5.179 3.31526
      vertex -12.5151 -5.179 3.2827
    endloop
  endfacet
  facet normal 0.81363 -0 0.581383
    outer loop
      vertex -12.6173 -5.179 3.55438
      vertex -12.5983 -2.179 3.52779
      vertex -12.6173 -2.179 3.55438
    endloop
  endfacet
  facet normal 0.81363 0 0.581383
    outer loop
      vertex -12.5983 -2.179 3.52779
      vertex -12.6173 -5.179 3.55438
      vertex -12.5983 -5.179 3.52779
    endloop
  endfacet
  facet normal 0.730872 -0 0.682515
    outer loop
      vertex -12.6604 -5.179 3.60355
      vertex -12.6381 -2.179 3.57967
      vertex -12.6604 -2.179 3.60355
    endloop
  endfacet
  facet normal 0.730872 0 0.682515
    outer loop
      vertex -12.6381 -2.179 3.57967
      vertex -12.6604 -5.179 3.60355
      vertex -12.6381 -5.179 3.57967
    endloop
  endfacet
  facet normal 0.0327042 0 0.999465
    outer loop
      vertex -13.014 -2.179 3.75
      vertex -12.9813 -5.179 3.74893
      vertex -12.9813 -2.179 3.74893
    endloop
  endfacet
  facet normal 0.0327042 0 0.999465
    outer loop
      vertex -12.9813 -5.179 3.74893
      vertex -13.014 -2.179 3.75
      vertex -13.014 -5.179 3.75
    endloop
  endfacet
  facet normal 0.352598 0 0.935775
    outer loop
      vertex -12.8533 -2.179 3.72347
      vertex -12.8227 -5.179 3.71194
      vertex -12.8227 -2.179 3.71194
    endloop
  endfacet
  facet normal 0.352598 0 0.935775
    outer loop
      vertex -12.8227 -5.179 3.71194
      vertex -12.8533 -2.179 3.72347
      vertex -12.8533 -5.179 3.72347
    endloop
  endfacet
  facet normal 0.226844 0 0.973931
    outer loop
      vertex -12.9165 -2.179 3.74039
      vertex -12.8846 -5.179 3.73296
      vertex -12.8846 -2.179 3.73296
    endloop
  endfacet
  facet normal 0.226844 0 0.973931
    outer loop
      vertex -12.8846 -5.179 3.73296
      vertex -12.9165 -2.179 3.74039
      vertex -12.9165 -5.179 3.74039
    endloop
  endfacet
  facet normal -0.999435 0 0.0336201
    outer loop
      vertex -13.514 -5.179 3.25
      vertex -13.5129 -2.179 3.2827
      vertex -13.514 -2.179 3.25
    endloop
  endfacet
  facet normal -0.999435 0 0.0336201
    outer loop
      vertex -13.5129 -2.179 3.2827
      vertex -13.514 -5.179 3.25
      vertex -13.5129 -5.179 3.2827
    endloop
  endfacet
  facet normal -0.935144 0 0.354268
    outer loop
      vertex -13.4875 -5.179 3.41072
      vertex -13.4759 -2.179 3.44134
      vertex -13.4875 -2.179 3.41072
    endloop
  endfacet
  facet normal -0.935144 0 0.354268
    outer loop
      vertex -13.4759 -2.179 3.44134
      vertex -13.4875 -5.179 3.41072
      vertex -13.4759 -5.179 3.44134
    endloop
  endfacet
  facet normal -0.974071 0 0.226244
    outer loop
      vertex -13.5044 -5.179 3.34755
      vertex -13.497 -2.179 3.37941
      vertex -13.5044 -2.179 3.34755
    endloop
  endfacet
  facet normal -0.974071 0 0.226244
    outer loop
      vertex -13.497 -2.179 3.37941
      vertex -13.5044 -5.179 3.34755
      vertex -13.497 -5.179 3.37941
    endloop
  endfacet
  facet normal -0.848941 0 0.528488
    outer loop
      vertex -13.447 -5.179 3.5
      vertex -13.4297 -2.179 3.52779
      vertex -13.447 -2.179 3.5
    endloop
  endfacet
  facet normal -0.848941 0 0.528488
    outer loop
      vertex -13.4297 -2.179 3.52779
      vertex -13.447 -5.179 3.5
      vertex -13.4297 -5.179 3.52779
    endloop
  endfacet
  facet normal -0.81363 0 0.581383
    outer loop
      vertex -13.4297 -5.179 3.52779
      vertex -13.4107 -2.179 3.55438
      vertex -13.4297 -2.179 3.52779
    endloop
  endfacet
  facet normal -0.81363 0 0.581383
    outer loop
      vertex -13.4107 -2.179 3.55438
      vertex -13.4297 -5.179 3.52779
      vertex -13.4107 -5.179 3.55438
    endloop
  endfacet
  facet normal -0.0327042 0 0.999465
    outer loop
      vertex -13.0467 -2.179 3.74893
      vertex -13.014 -5.179 3.75
      vertex -13.014 -2.179 3.75
    endloop
  endfacet
  facet normal -0.0327042 0 0.999465
    outer loop
      vertex -13.014 -5.179 3.75
      vertex -13.0467 -2.179 3.74893
      vertex -13.0467 -5.179 3.74893
    endloop
  endfacet
  facet normal -0.52769 0 0.849437
    outer loop
      vertex -13.2918 -2.179 3.66574
      vertex -13.264 -5.179 3.68301
      vertex -13.264 -2.179 3.68301
    endloop
  endfacet
  facet normal -0.52769 0 0.849437
    outer loop
      vertex -13.264 -5.179 3.68301
      vertex -13.2918 -2.179 3.66574
      vertex -13.2918 -5.179 3.66574
    endloop
  endfacet
  facet normal -0.683352 0 0.730089
    outer loop
      vertex -13.3676 -2.179 3.60355
      vertex -13.3437 -5.179 3.62592
      vertex -13.3437 -2.179 3.62592
    endloop
  endfacet
  facet normal -0.683352 0 0.730089
    outer loop
      vertex -13.3437 -5.179 3.62592
      vertex -13.3676 -2.179 3.60355
      vertex -13.3676 -5.179 3.60355
    endloop
  endfacet
  facet normal 0.956922 0 -0.290347
    outer loop
      vertex -12.531 -5.179 3.12059
      vertex -12.5405 -2.179 3.08928
      vertex -12.531 -2.179 3.12059
    endloop
  endfacet
  facet normal 0.956922 0 -0.290347
    outer loop
      vertex -12.5405 -2.179 3.08928
      vertex -12.531 -5.179 3.12059
      vertex -12.5405 -5.179 3.08928
    endloop
  endfacet
  facet normal -0.910889 0 -0.412651
    outer loop
      vertex -13.4624 -5.179 3.02886
      vertex -13.4759 -2.179 3.05866
      vertex -13.4624 -2.179 3.02886
    endloop
  endfacet
  facet normal -0.910889 -0 -0.412651
    outer loop
      vertex -13.4759 -2.179 3.05866
      vertex -13.4624 -5.179 3.02886
      vertex -13.4759 -5.179 3.05866
    endloop
  endfacet
  facet normal 0.956922 -0 0.290347
    outer loop
      vertex -12.5405 -5.179 3.41072
      vertex -12.531 -2.179 3.37941
      vertex -12.5405 -2.179 3.41072
    endloop
  endfacet
  facet normal 0.956922 0 0.290347
    outer loop
      vertex -12.531 -2.179 3.37941
      vertex -12.5405 -5.179 3.41072
      vertex -12.531 -5.179 3.37941
    endloop
  endfacet
  facet normal 0.848941 -0 0.528488
    outer loop
      vertex -12.5983 -5.179 3.52779
      vertex -12.581 -2.179 3.5
      vertex -12.5983 -2.179 3.52779
    endloop
  endfacet
  facet normal 0.848941 0 0.528488
    outer loop
      vertex -12.581 -2.179 3.5
      vertex -12.5983 -5.179 3.52779
      vertex -12.581 -5.179 3.5
    endloop
  endfacet
  facet normal 0.679042 0 0.734099
    outer loop
      vertex -12.664 -2.179 3.60688
      vertex -12.6604 -5.179 3.60355
      vertex -12.6604 -2.179 3.60355
    endloop
  endfacet
  facet normal 0.679042 0 0.734099
    outer loop
      vertex -12.6604 -5.179 3.60355
      vertex -12.664 -2.179 3.60688
      vertex -12.664 -5.179 3.60688
    endloop
  endfacet
  facet normal 0.772336 -0 0.635215
    outer loop
      vertex -12.6381 -5.179 3.57967
      vertex -12.6173 -2.179 3.55438
      vertex -12.6381 -2.179 3.57967
    endloop
  endfacet
  facet normal 0.772336 0 0.635215
    outer loop
      vertex -12.6173 -2.179 3.55438
      vertex -12.6381 -5.179 3.57967
      vertex -12.6173 -5.179 3.55438
    endloop
  endfacet
  facet normal 0.163306 0 0.986575
    outer loop
      vertex -12.9487 -2.179 3.74572
      vertex -12.9165 -5.179 3.74039
      vertex -12.9165 -2.179 3.74039
    endloop
  endfacet
  facet normal 0.163306 0 0.986575
    outer loop
      vertex -12.9165 -5.179 3.74039
      vertex -12.9487 -2.179 3.74572
      vertex -12.9487 -5.179 3.74572
    endloop
  endfacet
  facet normal 0.0979924 0 0.995187
    outer loop
      vertex -12.9813 -2.179 3.74893
      vertex -12.9487 -5.179 3.74572
      vertex -12.9487 -2.179 3.74572
    endloop
  endfacet
  facet normal 0.0979924 0 0.995187
    outer loop
      vertex -12.9487 -5.179 3.74572
      vertex -12.9813 -2.179 3.74893
      vertex -12.9813 -5.179 3.74893
    endloop
  endfacet
  facet normal 0.290152 0 0.956981
    outer loop
      vertex -12.8846 -2.179 3.73296
      vertex -12.8533 -5.179 3.72347
      vertex -12.8533 -2.179 3.72347
    endloop
  endfacet
  facet normal 0.290152 0 0.956981
    outer loop
      vertex -12.8533 -5.179 3.72347
      vertex -12.8846 -2.179 3.73296
      vertex -12.8846 -5.179 3.73296
    endloop
  endfacet
  facet normal 0 -1 0
    outer loop
      vertex -12.664 -5.179 3.60688
      vertex -12.6381 -5.179 3.57967
      vertex -12.6604 -5.179 3.60355
    endloop
  endfacet
  facet normal 0 -1 0
    outer loop
      vertex -12.664 -5.179 3.60688
      vertex -12.6173 -5.179 3.55438
      vertex -12.6381 -5.179 3.57967
    endloop
  endfacet
  facet normal 0 -1 0
    outer loop
      vertex -12.664 -5.179 3.60688
      vertex -12.5983 -5.179 3.52779
      vertex -12.6173 -5.179 3.55438
    endloop
  endfacet
  facet normal 0 -1 0
    outer loop
      vertex -12.664 -5.179 3.60688
      vertex -12.581 -5.179 3.5
      vertex -12.5983 -5.179 3.52779
    endloop
  endfacet
  facet normal 0 -1 0
    outer loop
      vertex -12.664 -5.179 3.60688
      vertex -12.5656 -5.179 3.47114
      vertex -12.581 -5.179 3.5
    endloop
  endfacet
  facet normal 0 -1 0
    outer loop
      vertex -12.664 -5.179 3.60688
      vertex -12.5521 -5.179 3.44134
      vertex -12.5656 -5.179 3.47114
    endloop
  endfacet
  facet normal 0 -1 0
    outer loop
      vertex -12.664 -5.179 3.60688
      vertex -12.5405 -5.179 3.41072
      vertex -12.5521 -5.179 3.44134
    endloop
  endfacet
  facet normal 0 -1 0
    outer loop
      vertex -12.664 -5.179 3.60688
      vertex -12.531 -5.179 3.37941
      vertex -12.5405 -5.179 3.41072
    endloop
  endfacet
  facet normal 0 -1 0
    outer loop
      vertex -12.664 -5.179 3.60688
      vertex -12.5236 -5.179 3.34755
      vertex -12.531 -5.179 3.37941
    endloop
  endfacet
  facet normal 0 -1 0
    outer loop
      vertex -12.664 -5.179 3.60688
      vertex -12.5183 -5.179 3.31526
      vertex -12.5236 -5.179 3.34755
    endloop
  endfacet
  facet normal 0 -1 0
    outer loop
      vertex -12.664 -5.179 3.60688
      vertex -12.5151 -5.179 3.2827
      vertex -12.5183 -5.179 3.31526
    endloop
  endfacet
  facet normal 0 -1 0
    outer loop
      vertex -12.664 -5.179 3.60688
      vertex -12.514 -5.179 3.25
      vertex -12.5151 -5.179 3.2827
    endloop
  endfacet
  facet normal 0 -1 0
    outer loop
      vertex -12.664 -5.179 3.60688
      vertex -12.5151 -5.179 3.2173
      vertex -12.514 -5.179 3.25
    endloop
  endfacet
  facet normal 0 -1 0
    outer loop
      vertex -12.664 -5.179 3.60688
      vertex -12.5183 -5.179 3.18474
      vertex -12.5151 -5.179 3.2173
    endloop
  endfacet
  facet normal 0 -1 0
    outer loop
      vertex -12.664 -5.179 3.60688
      vertex -12.5236 -5.179 3.15246
      vertex -12.5183 -5.179 3.18474
    endloop
  endfacet
  facet normal 0 -1 0
    outer loop
      vertex -12.664 -5.179 3.60688
      vertex -12.531 -5.179 3.12059
      vertex -12.5236 -5.179 3.15246
    endloop
  endfacet
  facet normal 0 -1 0
    outer loop
      vertex -12.664 -5.179 3.60688
      vertex -12.5405 -5.179 3.08928
      vertex -12.531 -5.179 3.12059
    endloop
  endfacet
  facet normal 0 -1 0
    outer loop
      vertex -12.664 -5.179 3.60688
      vertex -12.5521 -5.179 3.05866
      vertex -12.5405 -5.179 3.08928
    endloop
  endfacet
  facet normal 0 -1 0
    outer loop
      vertex -12.664 -5.179 3.60688
      vertex -12.5656 -5.179 3.02886
      vertex -12.5521 -5.179 3.05866
    endloop
  endfacet
  facet normal 0 -1 0
    outer loop
      vertex -12.664 -5.179 3.60688
      vertex -12.581 -5.179 3
      vertex -12.5656 -5.179 3.02886
    endloop
  endfacet
  facet normal 0 -1 0
    outer loop
      vertex -12.664 -5.179 3.60688
      vertex -12.5983 -5.179 2.97222
      vertex -12.581 -5.179 3
    endloop
  endfacet
  facet normal 0 -1 0
    outer loop
      vertex -12.664 -5.179 3.60688
      vertex -12.6173 -5.179 2.94562
      vertex -12.5983 -5.179 2.97222
    endloop
  endfacet
  facet normal 0 -1 0
    outer loop
      vertex -12.664 -5.179 3.60688
      vertex -12.6381 -5.179 2.92033
      vertex -12.6173 -5.179 2.94562
    endloop
  endfacet
  facet normal 0 -1 0
    outer loop
      vertex -12.664 -5.179 2.89312
      vertex -12.6381 -5.179 2.92033
      vertex -12.664 -5.179 3.60688
    endloop
  endfacet
  facet normal 0 -1 0
    outer loop
      vertex -12.6381 -5.179 2.92033
      vertex -12.664 -5.179 2.89312
      vertex -12.6604 -5.179 2.89645
    endloop
  endfacet
  facet normal 0 -1 0
    outer loop
      vertex -13.3184 -5.179 3.64668
      vertex -13.264 -5.179 3.68301
      vertex -13.2918 -5.179 3.66574
    endloop
  endfacet
  facet normal 0 -1 0
    outer loop
      vertex -13.3437 -5.179 3.62592
      vertex -13.264 -5.179 3.68301
      vertex -13.3184 -5.179 3.64668
    endloop
  endfacet
  facet normal 0 -1 0
    outer loop
      vertex -13.3676 -5.179 3.60355
      vertex -13.264 -5.179 3.68301
      vertex -13.3437 -5.179 3.62592
    endloop
  endfacet
  facet normal 0 -1 0
    outer loop
      vertex -13.3899 -5.179 3.57967
      vertex -13.264 -5.179 3.68301
      vertex -13.3676 -5.179 3.60355
    endloop
  endfacet
  facet normal 0 -1 0
    outer loop
      vertex -13.4107 -5.179 3.55438
      vertex -13.264 -5.179 3.68301
      vertex -13.3899 -5.179 3.57967
    endloop
  endfacet
  facet normal 0 -1 0
    outer loop
      vertex -13.4297 -5.179 3.52779
      vertex -13.264 -5.179 3.68301
      vertex -13.4107 -5.179 3.55438
    endloop
  endfacet
  facet normal 0 -1 0
    outer loop
      vertex -13.447 -5.179 3.5
      vertex -13.264 -5.179 3.68301
      vertex -13.4297 -5.179 3.52779
    endloop
  endfacet
  facet normal 0 -1 0
    outer loop
      vertex -13.4624 -5.179 3.47114
      vertex -13.264 -5.179 3.68301
      vertex -13.447 -5.179 3.5
    endloop
  endfacet
  facet normal 0 -1 0
    outer loop
      vertex -13.4759 -5.179 3.44134
      vertex -13.264 -5.179 3.68301
      vertex -13.4624 -5.179 3.47114
    endloop
  endfacet
  facet normal 0 -1 0
    outer loop
      vertex -13.4875 -5.179 3.41072
      vertex -13.264 -5.179 3.68301
      vertex -13.4759 -5.179 3.44134
    endloop
  endfacet
  facet normal 0 -1 0
    outer loop
      vertex -13.497 -5.179 3.37941
      vertex -13.264 -5.179 3.68301
      vertex -13.4875 -5.179 3.41072
    endloop
  endfacet
  facet normal 0 -1 0
    outer loop
      vertex -13.5044 -5.179 3.34755
      vertex -13.264 -5.179 3.68301
      vertex -13.497 -5.179 3.37941
    endloop
  endfacet
  facet normal 0 -1 0
    outer loop
      vertex -13.5097 -5.179 3.31526
      vertex -13.264 -5.179 3.68301
      vertex -13.5044 -5.179 3.34755
    endloop
  endfacet
  facet normal 0 -1 0
    outer loop
      vertex -13.5129 -5.179 3.2827
      vertex -13.264 -5.179 3.68301
      vertex -13.5097 -5.179 3.31526
    endloop
  endfacet
  facet normal 0 -1 0
    outer loop
      vertex -13.514 -5.179 3.25
      vertex -13.264 -5.179 3.68301
      vertex -13.5129 -5.179 3.2827
    endloop
  endfacet
  facet normal 0 -1 0
    outer loop
      vertex -13.5129 -5.179 3.2173
      vertex -13.264 -5.179 3.68301
      vertex -13.514 -5.179 3.25
    endloop
  endfacet
  facet normal 0 -1 0
    outer loop
      vertex -13.5097 -5.179 3.18474
      vertex -13.264 -5.179 3.68301
      vertex -13.5129 -5.179 3.2173
    endloop
  endfacet
  facet normal 0 -1 0
    outer loop
      vertex -13.5044 -5.179 3.15246
      vertex -13.264 -5.179 3.68301
      vertex -13.5097 -5.179 3.18474
    endloop
  endfacet
  facet normal 0 -1 0
    outer loop
      vertex -13.497 -5.179 3.12059
      vertex -13.264 -5.179 3.68301
      vertex -13.5044 -5.179 3.15246
    endloop
  endfacet
  facet normal 0 -1 0
    outer loop
      vertex -13.4875 -5.179 3.08928
      vertex -13.264 -5.179 3.68301
      vertex -13.497 -5.179 3.12059
    endloop
  endfacet
  facet normal 0 -1 0
    outer loop
      vertex -13.4759 -5.179 3.05866
      vertex -13.264 -5.179 3.68301
      vertex -13.4875 -5.179 3.08928
    endloop
  endfacet
  facet normal 0 -1 0
    outer loop
      vertex -13.4624 -5.179 3.02886
      vertex -13.264 -5.179 3.68301
      vertex -13.4759 -5.179 3.05866
    endloop
  endfacet
  facet normal 0 -1 0
    outer loop
      vertex -13.447 -5.179 3
      vertex -13.264 -5.179 3.68301
      vertex -13.4624 -5.179 3.02886
    endloop
  endfacet
  facet normal 0 -1 0
    outer loop
      vertex -13.4297 -5.179 2.97222
      vertex -13.264 -5.179 3.68301
      vertex -13.447 -5.179 3
    endloop
  endfacet
  facet normal 0 -1 0
    outer loop
      vertex -13.4107 -5.179 2.94562
      vertex -13.264 -5.179 3.68301
      vertex -13.4297 -5.179 2.97222
    endloop
  endfacet
  facet normal 0 -1 0
    outer loop
      vertex -13.3899 -5.179 2.92033
      vertex -13.264 -5.179 3.68301
      vertex -13.4107 -5.179 2.94562
    endloop
  endfacet
  facet normal 0 -1 0
    outer loop
      vertex -13.3676 -5.179 2.89645
      vertex -13.264 -5.179 3.68301
      vertex -13.3899 -5.179 2.92033
    endloop
  endfacet
  facet normal 0 -1 0
    outer loop
      vertex -13.3437 -5.179 2.87408
      vertex -13.264 -5.179 3.68301
      vertex -13.3676 -5.179 2.89645
    endloop
  endfacet
  facet normal 0 -1 0
    outer loop
      vertex -13.3184 -5.179 2.85332
      vertex -13.264 -5.179 3.68301
      vertex -13.3437 -5.179 2.87408
    endloop
  endfacet
  facet normal 0 -1 0
    outer loop
      vertex -13.2918 -5.179 2.83427
      vertex -13.264 -5.179 3.68301
      vertex -13.3184 -5.179 2.85332
    endloop
  endfacet
  facet normal 0 -1 -0
    outer loop
      vertex -13.264 -5.179 3.68301
      vertex -13.2918 -5.179 2.83427
      vertex -13.264 -5.179 2.81699
    endloop
  endfacet
  facet normal 0 -1 0
    outer loop
      vertex -13.0467 -5.179 3.74893
      vertex -12.9813 -5.179 3.74893
      vertex -13.014 -5.179 3.75
    endloop
  endfacet
  facet normal 0 -1 0
    outer loop
      vertex -13.0793 -5.179 3.74572
      vertex -12.9813 -5.179 3.74893
      vertex -13.0467 -5.179 3.74893
    endloop
  endfacet
  facet normal 0 -1 0
    outer loop
      vertex -13.0793 -5.179 3.74572
      vertex -12.9487 -5.179 3.74572
      vertex -12.9813 -5.179 3.74893
    endloop
  endfacet
  facet normal 0 -1 0
    outer loop
      vertex -13.1115 -5.179 3.74039
      vertex -12.9487 -5.179 3.74572
      vertex -13.0793 -5.179 3.74572
    endloop
  endfacet
  facet normal 0 -1 0
    outer loop
      vertex -13.1115 -5.179 3.74039
      vertex -12.9165 -5.179 3.74039
      vertex -12.9487 -5.179 3.74572
    endloop
  endfacet
  facet normal 0 -1 0
    outer loop
      vertex -13.1434 -5.179 3.73296
      vertex -12.9165 -5.179 3.74039
      vertex -13.1115 -5.179 3.74039
    endloop
  endfacet
  facet normal 0 -1 0
    outer loop
      vertex -13.1434 -5.179 3.73296
      vertex -12.8846 -5.179 3.73296
      vertex -12.9165 -5.179 3.74039
    endloop
  endfacet
  facet normal 0 -1 0
    outer loop
      vertex -13.1747 -5.179 3.72347
      vertex -12.8846 -5.179 3.73296
      vertex -13.1434 -5.179 3.73296
    endloop
  endfacet
  facet normal 0 -1 0
    outer loop
      vertex -13.1747 -5.179 3.72347
      vertex -12.8533 -5.179 3.72347
      vertex -12.8846 -5.179 3.73296
    endloop
  endfacet
  facet normal 0 -1 0
    outer loop
      vertex -13.2053 -5.179 3.71194
      vertex -12.8533 -5.179 3.72347
      vertex -13.1747 -5.179 3.72347
    endloop
  endfacet
  facet normal 0 -1 0
    outer loop
      vertex -13.2053 -5.179 3.71194
      vertex -12.8227 -5.179 3.71194
      vertex -12.8533 -5.179 3.72347
    endloop
  endfacet
  facet normal 0 -1 0
    outer loop
      vertex -13.2317 -5.179 3.7
      vertex -12.8227 -5.179 3.71194
      vertex -13.2053 -5.179 3.71194
    endloop
  endfacet
  facet normal 0 -1 -0
    outer loop
      vertex -12.8227 -5.179 3.71194
      vertex -13.2317 -5.179 3.7
      vertex -12.7963 -5.179 3.7
    endloop
  endfacet
  facet normal -0.986796 0 0.16197
    outer loop
      vertex -13.5097 -5.179 3.31526
      vertex -13.5044 -2.179 3.34755
      vertex -13.5097 -2.179 3.31526
    endloop
  endfacet
  facet normal -0.986796 0 0.16197
    outer loop
      vertex -13.5044 -2.179 3.34755
      vertex -13.5097 -5.179 3.31526
      vertex -13.5044 -5.179 3.34755
    endloop
  endfacet
  facet normal -0.995205 0 0.0978089
    outer loop
      vertex -13.5129 -5.179 3.2827
      vertex -13.5097 -2.179 3.31526
      vertex -13.5129 -2.179 3.2827
    endloop
  endfacet
  facet normal -0.995205 0 0.0978089
    outer loop
      vertex -13.5097 -2.179 3.31526
      vertex -13.5129 -5.179 3.2827
      vertex -13.5097 -5.179 3.31526
    endloop
  endfacet
  facet normal -0.956922 0 0.290347
    outer loop
      vertex -13.497 -5.179 3.37941
      vertex -13.4875 -2.179 3.41072
      vertex -13.497 -2.179 3.37941
    endloop
  endfacet
  facet normal -0.956922 0 0.290347
    outer loop
      vertex -13.4875 -2.179 3.41072
      vertex -13.497 -5.179 3.37941
      vertex -13.4875 -5.179 3.41072
    endloop
  endfacet
  facet normal -0.882251 0 0.470779
    outer loop
      vertex -13.4624 -5.179 3.47114
      vertex -13.447 -2.179 3.5
      vertex -13.4624 -2.179 3.47114
    endloop
  endfacet
  facet normal -0.882251 0 0.470779
    outer loop
      vertex -13.447 -2.179 3.5
      vertex -13.4624 -5.179 3.47114
      vertex -13.447 -5.179 3.5
    endloop
  endfacet
  facet normal -0.772336 0 0.635215
    outer loop
      vertex -13.4107 -5.179 3.55438
      vertex -13.3899 -2.179 3.57967
      vertex -13.4107 -2.179 3.55438
    endloop
  endfacet
  facet normal -0.772336 0 0.635215
    outer loop
      vertex -13.3899 -2.179 3.57967
      vertex -13.4107 -5.179 3.55438
      vertex -13.3899 -5.179 3.57967
    endloop
  endfacet
  facet normal -0.226844 0 0.973931
    outer loop
      vertex -13.1434 -2.179 3.73296
      vertex -13.1115 -5.179 3.74039
      vertex -13.1115 -2.179 3.74039
    endloop
  endfacet
  facet normal -0.226844 0 0.973931
    outer loop
      vertex -13.1115 -5.179 3.74039
      vertex -13.1434 -2.179 3.73296
      vertex -13.1434 -5.179 3.73296
    endloop
  endfacet
  facet normal -0.290152 0 0.956981
    outer loop
      vertex -13.1747 -2.179 3.72347
      vertex -13.1434 -5.179 3.73296
      vertex -13.1434 -2.179 3.73296
    endloop
  endfacet
  facet normal -0.290152 0 0.956981
    outer loop
      vertex -13.1434 -5.179 3.73296
      vertex -13.1747 -2.179 3.72347
      vertex -13.1747 -5.179 3.72347
    endloop
  endfacet
  facet normal -0.0979924 0 0.995187
    outer loop
      vertex -13.0793 -2.179 3.74572
      vertex -13.0467 -5.179 3.74893
      vertex -13.0467 -2.179 3.74893
    endloop
  endfacet
  facet normal -0.0979924 0 0.995187
    outer loop
      vertex -13.0467 -5.179 3.74893
      vertex -13.0793 -2.179 3.74572
      vertex -13.0793 -5.179 3.74572
    endloop
  endfacet
  facet normal -0.412086 0 0.911145
    outer loop
      vertex -13.2317 -2.179 3.7
      vertex -13.2053 -5.179 3.71194
      vertex -13.2053 -2.179 3.71194
    endloop
  endfacet
  facet normal -0.412086 0 0.911145
    outer loop
      vertex -13.2053 -5.179 3.71194
      vertex -13.2317 -2.179 3.7
      vertex -13.2317 -5.179 3.7
    endloop
  endfacet
  facet normal -0.634335 0 0.773058
    outer loop
      vertex -13.3437 -2.179 3.62592
      vertex -13.3184 -5.179 3.64668
      vertex -13.3184 -2.179 3.64668
    endloop
  endfacet
  facet normal -0.634335 0 0.773058
    outer loop
      vertex -13.3184 -5.179 3.64668
      vertex -13.3437 -2.179 3.62592
      vertex -13.3437 -5.179 3.62592
    endloop
  endfacet
  facet normal -0.582452 0 0.812865
    outer loop
      vertex -13.3184 -2.179 3.64668
      vertex -13.2918 -5.179 3.66574
      vertex -13.2918 -2.179 3.66574
    endloop
  endfacet
  facet normal -0.582452 0 0.812865
    outer loop
      vertex -13.2918 -5.179 3.66574
      vertex -13.3184 -2.179 3.64668
      vertex -13.3184 -5.179 3.64668
    endloop
  endfacet
  facet normal 0.999435 -0 0.0336201
    outer loop
      vertex -12.5151 -5.179 3.2827
      vertex -12.514 -2.179 3.25
      vertex -12.5151 -2.179 3.2827
    endloop
  endfacet
  facet normal 0.999435 0 0.0336201
    outer loop
      vertex -12.514 -2.179 3.25
      vertex -12.5151 -5.179 3.2827
      vertex -12.514 -5.179 3.25
    endloop
  endfacet
  facet normal 0.999435 0 -0.0336201
    outer loop
      vertex -12.514 -5.179 3.25
      vertex -12.5151 -2.179 3.2173
      vertex -12.514 -2.179 3.25
    endloop
  endfacet
  facet normal 0.999435 0 -0.0336201
    outer loop
      vertex -12.5151 -2.179 3.2173
      vertex -12.514 -5.179 3.25
      vertex -12.5151 -5.179 3.2173
    endloop
  endfacet
  facet normal 0.995205 0 -0.0978089
    outer loop
      vertex -12.5151 -5.179 3.2173
      vertex -12.5183 -2.179 3.18474
      vertex -12.5151 -2.179 3.2173
    endloop
  endfacet
  facet normal 0.995205 0 -0.0978089
    outer loop
      vertex -12.5183 -2.179 3.18474
      vertex -12.5151 -5.179 3.2173
      vertex -12.5183 -5.179 3.18474
    endloop
  endfacet
  facet normal 0.935144 0 -0.354268
    outer loop
      vertex -12.5405 -5.179 3.08928
      vertex -12.5521 -2.179 3.05866
      vertex -12.5405 -2.179 3.08928
    endloop
  endfacet
  facet normal 0.935144 0 -0.354268
    outer loop
      vertex -12.5521 -2.179 3.05866
      vertex -12.5405 -5.179 3.08928
      vertex -12.5521 -5.179 3.05866
    endloop
  endfacet
  facet normal 0.679042 0 -0.734099
    outer loop
      vertex -12.664 -5.179 2.89312
      vertex -12.6604 -2.179 2.89645
      vertex -12.6604 -5.179 2.89645
    endloop
  endfacet
  facet normal 0.679042 0 -0.734099
    outer loop
      vertex -12.6604 -2.179 2.89645
      vertex -12.664 -5.179 2.89312
      vertex -12.664 -2.179 2.89312
    endloop
  endfacet
  facet normal 0.813733 0 -0.581238
    outer loop
      vertex -12.5983 -5.179 2.97222
      vertex -12.6173 -2.179 2.94562
      vertex -12.5983 -2.179 2.97222
    endloop
  endfacet
  facet normal 0.813733 0 -0.581238
    outer loop
      vertex -12.6173 -2.179 2.94562
      vertex -12.5983 -5.179 2.97222
      vertex -12.6173 -5.179 2.94562
    endloop
  endfacet
  facet normal 0 1 0
    outer loop
      vertex -12.6381 -2.179 3.57967
      vertex -12.664 -2.179 3.60688
      vertex -12.6604 -2.179 3.60355
    endloop
  endfacet
  facet normal 0 1 0
    outer loop
      vertex -12.6173 -2.179 3.55438
      vertex -12.664 -2.179 3.60688
      vertex -12.6381 -2.179 3.57967
    endloop
  endfacet
  facet normal 0 1 0
    outer loop
      vertex -12.5983 -2.179 3.52779
      vertex -12.664 -2.179 3.60688
      vertex -12.6173 -2.179 3.55438
    endloop
  endfacet
  facet normal 0 1 0
    outer loop
      vertex -12.581 -2.179 3.5
      vertex -12.664 -2.179 3.60688
      vertex -12.5983 -2.179 3.52779
    endloop
  endfacet
  facet normal 0 1 0
    outer loop
      vertex -12.5656 -2.179 3.47114
      vertex -12.664 -2.179 3.60688
      vertex -12.581 -2.179 3.5
    endloop
  endfacet
  facet normal 0 1 0
    outer loop
      vertex -12.5521 -2.179 3.44134
      vertex -12.664 -2.179 3.60688
      vertex -12.5656 -2.179 3.47114
    endloop
  endfacet
  facet normal 0 1 0
    outer loop
      vertex -12.5405 -2.179 3.41072
      vertex -12.664 -2.179 3.60688
      vertex -12.5521 -2.179 3.44134
    endloop
  endfacet
  facet normal 0 1 0
    outer loop
      vertex -12.531 -2.179 3.37941
      vertex -12.664 -2.179 3.60688
      vertex -12.5405 -2.179 3.41072
    endloop
  endfacet
  facet normal 0 1 0
    outer loop
      vertex -12.5236 -2.179 3.34755
      vertex -12.664 -2.179 3.60688
      vertex -12.531 -2.179 3.37941
    endloop
  endfacet
  facet normal 0 1 0
    outer loop
      vertex -12.5183 -2.179 3.31526
      vertex -12.664 -2.179 3.60688
      vertex -12.5236 -2.179 3.34755
    endloop
  endfacet
  facet normal 0 1 0
    outer loop
      vertex -12.5151 -2.179 3.2827
      vertex -12.664 -2.179 3.60688
      vertex -12.5183 -2.179 3.31526
    endloop
  endfacet
  facet normal 0 1 0
    outer loop
      vertex -12.514 -2.179 3.25
      vertex -12.664 -2.179 3.60688
      vertex -12.5151 -2.179 3.2827
    endloop
  endfacet
  facet normal 0 1 -0
    outer loop
      vertex -12.5151 -2.179 3.2173
      vertex -12.664 -2.179 3.60688
      vertex -12.514 -2.179 3.25
    endloop
  endfacet
  facet normal 0 1 -0
    outer loop
      vertex -12.5183 -2.179 3.18474
      vertex -12.664 -2.179 3.60688
      vertex -12.5151 -2.179 3.2173
    endloop
  endfacet
  facet normal 0 1 -0
    outer loop
      vertex -12.5236 -2.179 3.15246
      vertex -12.664 -2.179 3.60688
      vertex -12.5183 -2.179 3.18474
    endloop
  endfacet
  facet normal 0 1 -0
    outer loop
      vertex -12.531 -2.179 3.12059
      vertex -12.664 -2.179 3.60688
      vertex -12.5236 -2.179 3.15246
    endloop
  endfacet
  facet normal 0 1 -0
    outer loop
      vertex -12.5405 -2.179 3.08928
      vertex -12.664 -2.179 3.60688
      vertex -12.531 -2.179 3.12059
    endloop
  endfacet
  facet normal 0 1 -0
    outer loop
      vertex -12.5521 -2.179 3.05866
      vertex -12.664 -2.179 3.60688
      vertex -12.5405 -2.179 3.08928
    endloop
  endfacet
  facet normal 0 1 -0
    outer loop
      vertex -12.5656 -2.179 3.02886
      vertex -12.664 -2.179 3.60688
      vertex -12.5521 -2.179 3.05866
    endloop
  endfacet
  facet normal 0 1 -0
    outer loop
      vertex -12.581 -2.179 3
      vertex -12.664 -2.179 3.60688
      vertex -12.5656 -2.179 3.02886
    endloop
  endfacet
  facet normal 0 1 -0
    outer loop
      vertex -12.5983 -2.179 2.97222
      vertex -12.664 -2.179 3.60688
      vertex -12.581 -2.179 3
    endloop
  endfacet
  facet normal 0 1 -0
    outer loop
      vertex -12.6173 -2.179 2.94562
      vertex -12.664 -2.179 3.60688
      vertex -12.5983 -2.179 2.97222
    endloop
  endfacet
  facet normal 0 1 -0
    outer loop
      vertex -12.6381 -2.179 2.92033
      vertex -12.664 -2.179 3.60688
      vertex -12.6173 -2.179 2.94562
    endloop
  endfacet
  facet normal 0 1 0
    outer loop
      vertex -12.664 -2.179 2.89312
      vertex -12.6381 -2.179 2.92033
      vertex -12.6604 -2.179 2.89645
    endloop
  endfacet
  facet normal 0 1 0
    outer loop
      vertex -12.6381 -2.179 2.92033
      vertex -12.664 -2.179 2.89312
      vertex -12.664 -2.179 3.60688
    endloop
  endfacet
  facet normal 0 1 0
    outer loop
      vertex -13.264 -2.179 3.68301
      vertex -13.3184 -2.179 3.64668
      vertex -13.2918 -2.179 3.66574
    endloop
  endfacet
  facet normal 0 1 0
    outer loop
      vertex -13.264 -2.179 3.68301
      vertex -13.3437 -2.179 3.62592
      vertex -13.3184 -2.179 3.64668
    endloop
  endfacet
  facet normal 0 1 0
    outer loop
      vertex -13.264 -2.179 3.68301
      vertex -13.3676 -2.179 3.60355
      vertex -13.3437 -2.179 3.62592
    endloop
  endfacet
  facet normal 0 1 0
    outer loop
      vertex -13.264 -2.179 3.68301
      vertex -13.3899 -2.179 3.57967
      vertex -13.3676 -2.179 3.60355
    endloop
  endfacet
  facet normal 0 1 0
    outer loop
      vertex -13.264 -2.179 3.68301
      vertex -13.4107 -2.179 3.55438
      vertex -13.3899 -2.179 3.57967
    endloop
  endfacet
  facet normal 0 1 0
    outer loop
      vertex -13.264 -2.179 3.68301
      vertex -13.4297 -2.179 3.52779
      vertex -13.4107 -2.179 3.55438
    endloop
  endfacet
  facet normal 0 1 0
    outer loop
      vertex -13.264 -2.179 3.68301
      vertex -13.447 -2.179 3.5
      vertex -13.4297 -2.179 3.52779
    endloop
  endfacet
  facet normal 0 1 0
    outer loop
      vertex -13.264 -2.179 3.68301
      vertex -13.4624 -2.179 3.47114
      vertex -13.447 -2.179 3.5
    endloop
  endfacet
  facet normal 0 1 0
    outer loop
      vertex -13.264 -2.179 3.68301
      vertex -13.4759 -2.179 3.44134
      vertex -13.4624 -2.179 3.47114
    endloop
  endfacet
  facet normal 0 1 0
    outer loop
      vertex -13.264 -2.179 3.68301
      vertex -13.4875 -2.179 3.41072
      vertex -13.4759 -2.179 3.44134
    endloop
  endfacet
  facet normal 0 1 0
    outer loop
      vertex -13.264 -2.179 3.68301
      vertex -13.497 -2.179 3.37941
      vertex -13.4875 -2.179 3.41072
    endloop
  endfacet
  facet normal 0 1 0
    outer loop
      vertex -13.264 -2.179 3.68301
      vertex -13.5044 -2.179 3.34755
      vertex -13.497 -2.179 3.37941
    endloop
  endfacet
  facet normal 0 1 0
    outer loop
      vertex -13.264 -2.179 3.68301
      vertex -13.5097 -2.179 3.31526
      vertex -13.5044 -2.179 3.34755
    endloop
  endfacet
  facet normal 0 1 0
    outer loop
      vertex -13.264 -2.179 3.68301
      vertex -13.5129 -2.179 3.2827
      vertex -13.5097 -2.179 3.31526
    endloop
  endfacet
  facet normal 0 1 0
    outer loop
      vertex -13.264 -2.179 3.68301
      vertex -13.514 -2.179 3.25
      vertex -13.5129 -2.179 3.2827
    endloop
  endfacet
  facet normal 0 1 0
    outer loop
      vertex -13.264 -2.179 3.68301
      vertex -13.5129 -2.179 3.2173
      vertex -13.514 -2.179 3.25
    endloop
  endfacet
  facet normal 0 1 0
    outer loop
      vertex -13.264 -2.179 3.68301
      vertex -13.5097 -2.179 3.18474
      vertex -13.5129 -2.179 3.2173
    endloop
  endfacet
  facet normal 0 1 0
    outer loop
      vertex -13.264 -2.179 3.68301
      vertex -13.5044 -2.179 3.15246
      vertex -13.5097 -2.179 3.18474
    endloop
  endfacet
  facet normal 0 1 0
    outer loop
      vertex -13.264 -2.179 3.68301
      vertex -13.497 -2.179 3.12059
      vertex -13.5044 -2.179 3.15246
    endloop
  endfacet
  facet normal 0 1 0
    outer loop
      vertex -13.264 -2.179 3.68301
      vertex -13.4875 -2.179 3.08928
      vertex -13.497 -2.179 3.12059
    endloop
  endfacet
  facet normal 0 1 0
    outer loop
      vertex -13.264 -2.179 3.68301
      vertex -13.4759 -2.179 3.05866
      vertex -13.4875 -2.179 3.08928
    endloop
  endfacet
  facet normal 0 1 0
    outer loop
      vertex -13.264 -2.179 3.68301
      vertex -13.4624 -2.179 3.02886
      vertex -13.4759 -2.179 3.05866
    endloop
  endfacet
  facet normal 0 1 0
    outer loop
      vertex -13.264 -2.179 3.68301
      vertex -13.447 -2.179 3
      vertex -13.4624 -2.179 3.02886
    endloop
  endfacet
  facet normal 0 1 0
    outer loop
      vertex -13.264 -2.179 3.68301
      vertex -13.4297 -2.179 2.97222
      vertex -13.447 -2.179 3
    endloop
  endfacet
  facet normal 0 1 0
    outer loop
      vertex -13.264 -2.179 3.68301
      vertex -13.4107 -2.179 2.94562
      vertex -13.4297 -2.179 2.97222
    endloop
  endfacet
  facet normal 0 1 0
    outer loop
      vertex -13.264 -2.179 3.68301
      vertex -13.3899 -2.179 2.92033
      vertex -13.4107 -2.179 2.94562
    endloop
  endfacet
  facet normal 0 1 0
    outer loop
      vertex -13.264 -2.179 3.68301
      vertex -13.3676 -2.179 2.89645
      vertex -13.3899 -2.179 2.92033
    endloop
  endfacet
  facet normal 0 1 0
    outer loop
      vertex -13.264 -2.179 3.68301
      vertex -13.3437 -2.179 2.87408
      vertex -13.3676 -2.179 2.89645
    endloop
  endfacet
  facet normal 0 1 0
    outer loop
      vertex -13.264 -2.179 3.68301
      vertex -13.3184 -2.179 2.85332
      vertex -13.3437 -2.179 2.87408
    endloop
  endfacet
  facet normal 0 1 0
    outer loop
      vertex -13.264 -2.179 3.68301
      vertex -13.2918 -2.179 2.83427
      vertex -13.3184 -2.179 2.85332
    endloop
  endfacet
  facet normal -0 1 0
    outer loop
      vertex -13.2918 -2.179 2.83427
      vertex -13.264 -2.179 3.68301
      vertex -13.264 -2.179 2.81699
    endloop
  endfacet
  facet normal 0 1 0
    outer loop
      vertex -12.9813 -2.179 3.74893
      vertex -13.0467 -2.179 3.74893
      vertex -13.014 -2.179 3.75
    endloop
  endfacet
  facet normal 0 1 0
    outer loop
      vertex -12.9487 -2.179 3.74572
      vertex -13.0467 -2.179 3.74893
      vertex -12.9813 -2.179 3.74893
    endloop
  endfacet
  facet normal 0 1 0
    outer loop
      vertex -12.9487 -2.179 3.74572
      vertex -13.0793 -2.179 3.74572
      vertex -13.0467 -2.179 3.74893
    endloop
  endfacet
  facet normal 0 1 0
    outer loop
      vertex -12.9165 -2.179 3.74039
      vertex -13.0793 -2.179 3.74572
      vertex -12.9487 -2.179 3.74572
    endloop
  endfacet
  facet normal 0 1 0
    outer loop
      vertex -12.9165 -2.179 3.74039
      vertex -13.1115 -2.179 3.74039
      vertex -13.0793 -2.179 3.74572
    endloop
  endfacet
  facet normal 0 1 0
    outer loop
      vertex -12.8846 -2.179 3.73296
      vertex -13.1115 -2.179 3.74039
      vertex -12.9165 -2.179 3.74039
    endloop
  endfacet
  facet normal 0 1 0
    outer loop
      vertex -12.8846 -2.179 3.73296
      vertex -13.1434 -2.179 3.73296
      vertex -13.1115 -2.179 3.74039
    endloop
  endfacet
  facet normal 0 1 0
    outer loop
      vertex -12.8533 -2.179 3.72347
      vertex -13.1434 -2.179 3.73296
      vertex -12.8846 -2.179 3.73296
    endloop
  endfacet
  facet normal 0 1 0
    outer loop
      vertex -12.8533 -2.179 3.72347
      vertex -13.1747 -2.179 3.72347
      vertex -13.1434 -2.179 3.73296
    endloop
  endfacet
  facet normal 0 1 0
    outer loop
      vertex -12.8227 -2.179 3.71194
      vertex -13.1747 -2.179 3.72347
      vertex -12.8533 -2.179 3.72347
    endloop
  endfacet
  facet normal 0 1 0
    outer loop
      vertex -12.8227 -2.179 3.71194
      vertex -13.2053 -2.179 3.71194
      vertex -13.1747 -2.179 3.72347
    endloop
  endfacet
  facet normal 0 1 0
    outer loop
      vertex -12.7963 -2.179 3.7
      vertex -13.2053 -2.179 3.71194
      vertex -12.8227 -2.179 3.71194
    endloop
  endfacet
  facet normal 0 1 0
    outer loop
      vertex -13.2053 -2.179 3.71194
      vertex -12.7963 -2.179 3.7
      vertex -13.2317 -2.179 3.7
    endloop
  endfacet
  facet normal -0.935144 0 -0.354268
    outer loop
      vertex -13.4759 -5.179 3.05866
      vertex -13.4875 -2.179 3.08928
      vertex -13.4759 -2.179 3.05866
    endloop
  endfacet
  facet normal -0.935144 -0 -0.354268
    outer loop
      vertex -13.4875 -2.179 3.08928
      vertex -13.4759 -5.179 3.05866
      vertex -13.4875 -5.179 3.08928
    endloop
  endfacet
  facet normal 0.986796 -0 0.16197
    outer loop
      vertex -12.5236 -5.179 3.34755
      vertex -12.5183 -2.179 3.31526
      vertex -12.5236 -2.179 3.34755
    endloop
  endfacet
  facet normal 0.986796 0 0.16197
    outer loop
      vertex -12.5183 -2.179 3.31526
      vertex -12.5236 -5.179 3.34755
      vertex -12.5183 -5.179 3.31526
    endloop
  endfacet
  facet normal 0.974071 -0 0.226244
    outer loop
      vertex -12.531 -5.179 3.37941
      vertex -12.5236 -2.179 3.34755
      vertex -12.531 -2.179 3.37941
    endloop
  endfacet
  facet normal 0.974071 0 0.226244
    outer loop
      vertex -12.5236 -2.179 3.34755
      vertex -12.531 -5.179 3.37941
      vertex -12.5236 -5.179 3.34755
    endloop
  endfacet
  facet normal 0.910889 -0 0.412651
    outer loop
      vertex -12.5656 -5.179 3.47114
      vertex -12.5521 -2.179 3.44134
      vertex -12.5656 -2.179 3.47114
    endloop
  endfacet
  facet normal 0.910889 0 0.412651
    outer loop
      vertex -12.5521 -2.179 3.44134
      vertex -12.5656 -5.179 3.47114
      vertex -12.5521 -5.179 3.44134
    endloop
  endfacet
  facet normal 0.935144 -0 0.354268
    outer loop
      vertex -12.5521 -5.179 3.44134
      vertex -12.5405 -2.179 3.41072
      vertex -12.5521 -2.179 3.44134
    endloop
  endfacet
  facet normal 0.935144 0 0.354268
    outer loop
      vertex -12.5405 -2.179 3.41072
      vertex -12.5521 -5.179 3.44134
      vertex -12.5405 -5.179 3.41072
    endloop
  endfacet
  facet normal 0.974086 0 -0.226176
    outer loop
      vertex -12.5236 -5.179 3.15246
      vertex -12.531 -2.179 3.12059
      vertex -12.5236 -2.179 3.15246
    endloop
  endfacet
  facet normal 0.974086 0 -0.226176
    outer loop
      vertex -12.531 -2.179 3.12059
      vertex -12.5236 -5.179 3.15246
      vertex -12.531 -5.179 3.12059
    endloop
  endfacet
  facet normal 0.882251 0 -0.470779
    outer loop
      vertex -12.5656 -5.179 3.02886
      vertex -12.581 -2.179 3
      vertex -12.5656 -2.179 3.02886
    endloop
  endfacet
  facet normal 0.882251 0 -0.470779
    outer loop
      vertex -12.581 -2.179 3
      vertex -12.5656 -5.179 3.02886
      vertex -12.581 -5.179 3
    endloop
  endfacet
  facet normal 0.910889 0 -0.412651
    outer loop
      vertex -12.5521 -5.179 3.05866
      vertex -12.5656 -2.179 3.02886
      vertex -12.5521 -2.179 3.05866
    endloop
  endfacet
  facet normal 0.910889 0 -0.412651
    outer loop
      vertex -12.5656 -2.179 3.02886
      vertex -12.5521 -5.179 3.05866
      vertex -12.5656 -5.179 3.02886
    endloop
  endfacet
  facet normal 0.730872 0 -0.682515
    outer loop
      vertex -12.6381 -5.179 2.92033
      vertex -12.6604 -2.179 2.89645
      vertex -12.6381 -2.179 2.92033
    endloop
  endfacet
  facet normal 0.730872 0 -0.682515
    outer loop
      vertex -12.6604 -2.179 2.89645
      vertex -12.6381 -5.179 2.92033
      vertex -12.6604 -5.179 2.89645
    endloop
  endfacet
  facet normal 0.848856 0 -0.528625
    outer loop
      vertex -12.581 -5.179 3
      vertex -12.5983 -2.179 2.97222
      vertex -12.581 -2.179 3
    endloop
  endfacet
  facet normal 0.848856 0 -0.528625
    outer loop
      vertex -12.5983 -2.179 2.97222
      vertex -12.581 -5.179 3
      vertex -12.5983 -5.179 2.97222
    endloop
  endfacet
  facet normal -0.848856 0 -0.528625
    outer loop
      vertex -13.4297 -5.179 2.97222
      vertex -13.447 -2.179 3
      vertex -13.4297 -2.179 2.97222
    endloop
  endfacet
  facet normal -0.848856 -0 -0.528625
    outer loop
      vertex -13.447 -2.179 3
      vertex -13.4297 -5.179 2.97222
      vertex -13.447 -5.179 3
    endloop
  endfacet
  facet normal -0.730872 0 -0.682515
    outer loop
      vertex -13.3676 -5.179 2.89645
      vertex -13.3899 -2.179 2.92033
      vertex -13.3676 -2.179 2.89645
    endloop
  endfacet
  facet normal -0.730872 -0 -0.682515
    outer loop
      vertex -13.3899 -2.179 2.92033
      vertex -13.3676 -5.179 2.89645
      vertex -13.3899 -5.179 2.92033
    endloop
  endfacet
  facet normal -0.986788 0 -0.162019
    outer loop
      vertex -13.5044 -5.179 3.15246
      vertex -13.5097 -2.179 3.18474
      vertex -13.5044 -2.179 3.15246
    endloop
  endfacet
  facet normal -0.986788 -0 -0.162019
    outer loop
      vertex -13.5097 -2.179 3.18474
      vertex -13.5044 -5.179 3.15246
      vertex -13.5097 -5.179 3.18474
    endloop
  endfacet
  facet normal -0.995205 0 -0.0978089
    outer loop
      vertex -13.5097 -5.179 3.18474
      vertex -13.5129 -2.179 3.2173
      vertex -13.5097 -2.179 3.18474
    endloop
  endfacet
  facet normal -0.995205 -0 -0.0978089
    outer loop
      vertex -13.5129 -2.179 3.2173
      vertex -13.5097 -5.179 3.18474
      vertex -13.5129 -5.179 3.2173
    endloop
  endfacet
  facet normal -0.999435 0 -0.0336201
    outer loop
      vertex -13.5129 -5.179 3.2173
      vertex -13.514 -2.179 3.25
      vertex -13.5129 -2.179 3.2173
    endloop
  endfacet
  facet normal -0.999435 -0 -0.0336201
    outer loop
      vertex -13.514 -2.179 3.25
      vertex -13.5129 -5.179 3.2173
      vertex -13.514 -5.179 3.25
    endloop
  endfacet
  facet normal 0.986788 0 -0.162019
    outer loop
      vertex -12.5183 -5.179 3.18474
      vertex -12.5236 -2.179 3.15246
      vertex -12.5183 -2.179 3.18474
    endloop
  endfacet
  facet normal 0.986788 0 -0.162019
    outer loop
      vertex -12.5236 -2.179 3.15246
      vertex -12.5183 -5.179 3.18474
      vertex -12.5236 -5.179 3.15246
    endloop
  endfacet
  facet normal 0.772336 0 -0.635215
    outer loop
      vertex -12.6173 -5.179 2.94562
      vertex -12.6381 -2.179 2.92033
      vertex -12.6173 -2.179 2.94562
    endloop
  endfacet
  facet normal 0.772336 0 -0.635215
    outer loop
      vertex -12.6381 -2.179 2.92033
      vertex -12.6173 -5.179 2.94562
      vertex -12.6381 -5.179 2.92033
    endloop
  endfacet
  facet normal -0.634335 0 -0.773058
    outer loop
      vertex -13.3437 -5.179 2.87408
      vertex -13.3184 -2.179 2.85332
      vertex -13.3184 -5.179 2.85332
    endloop
  endfacet
  facet normal -0.634335 0 -0.773058
    outer loop
      vertex -13.3184 -2.179 2.85332
      vertex -13.3437 -5.179 2.87408
      vertex -13.3437 -2.179 2.87408
    endloop
  endfacet
  facet normal -0.882251 0 -0.470779
    outer loop
      vertex -13.447 -5.179 3
      vertex -13.4624 -2.179 3.02886
      vertex -13.447 -2.179 3
    endloop
  endfacet
  facet normal -0.882251 -0 -0.470779
    outer loop
      vertex -13.4624 -2.179 3.02886
      vertex -13.447 -5.179 3
      vertex -13.4624 -5.179 3.02886
    endloop
  endfacet
  facet normal -0.683352 0 -0.730089
    outer loop
      vertex -13.3676 -5.179 2.89645
      vertex -13.3437 -2.179 2.87408
      vertex -13.3437 -5.179 2.87408
    endloop
  endfacet
  facet normal -0.683352 0 -0.730089
    outer loop
      vertex -13.3437 -2.179 2.87408
      vertex -13.3676 -5.179 2.89645
      vertex -13.3676 -2.179 2.89645
    endloop
  endfacet
  facet normal -0.956922 0 -0.290347
    outer loop
      vertex -13.4875 -5.179 3.08928
      vertex -13.497 -2.179 3.12059
      vertex -13.4875 -2.179 3.08928
    endloop
  endfacet
  facet normal -0.956922 -0 -0.290347
    outer loop
      vertex -13.497 -2.179 3.12059
      vertex -13.4875 -5.179 3.08928
      vertex -13.497 -5.179 3.12059
    endloop
  endfacet
  facet normal -0.974086 0 -0.226176
    outer loop
      vertex -13.497 -5.179 3.12059
      vertex -13.5044 -2.179 3.15246
      vertex -13.497 -2.179 3.12059
    endloop
  endfacet
  facet normal -0.974086 -0 -0.226176
    outer loop
      vertex -13.5044 -2.179 3.15246
      vertex -13.497 -5.179 3.12059
      vertex -13.5044 -5.179 3.15246
    endloop
  endfacet
  facet normal -0.52791 0 -0.8493
    outer loop
      vertex -13.2918 -5.179 2.83427
      vertex -13.264 -2.179 2.81699
      vertex -13.264 -5.179 2.81699
    endloop
  endfacet
  facet normal -0.52791 0 -0.8493
    outer loop
      vertex -13.264 -2.179 2.81699
      vertex -13.2918 -5.179 2.83427
      vertex -13.2918 -2.179 2.83427
    endloop
  endfacet
  facet normal -0.58225 0 -0.81301
    outer loop
      vertex -13.3184 -5.179 2.85332
      vertex -13.2918 -2.179 2.83427
      vertex -13.2918 -5.179 2.83427
    endloop
  endfacet
  facet normal -0.58225 0 -0.81301
    outer loop
      vertex -13.2918 -2.179 2.83427
      vertex -13.3184 -5.179 2.85332
      vertex -13.3184 -2.179 2.85332
    endloop
  endfacet
  facet normal -0.772336 0 -0.635215
    outer loop
      vertex -13.3899 -5.179 2.92033
      vertex -13.4107 -2.179 2.94562
      vertex -13.3899 -2.179 2.92033
    endloop
  endfacet
  facet normal -0.772336 -0 -0.635215
    outer loop
      vertex -13.4107 -2.179 2.94562
      vertex -13.3899 -5.179 2.92033
      vertex -13.4107 -5.179 2.94562
    endloop
  endfacet
  facet normal -0.813733 0 -0.581238
    outer loop
      vertex -13.4107 -5.179 2.94562
      vertex -13.4297 -2.179 2.97222
      vertex -13.4107 -2.179 2.94562
    endloop
  endfacet
  facet normal -0.813733 -0 -0.581238
    outer loop
      vertex -13.4297 -2.179 2.97222
      vertex -13.4107 -5.179 2.94562
      vertex -13.4297 -5.179 2.97222
    endloop
  endfacet
  facet normal -1 0 0
    outer loop
      vertex 7.8 -10.884 2.5
      vertex 7.8 -9.284 7.56
      vertex 7.8 -9.284 2.5
    endloop
  endfacet
  facet normal -1 -0 0
    outer loop
      vertex 7.8 -9.284 7.56
      vertex 7.8 -10.884 2.5
      vertex 7.8 -10.884 7.56
    endloop
  endfacet
  facet normal 1 -0 0
    outer loop
      vertex 9.4 -10.884 7.56
      vertex 9.4 -9.284 2.5
      vertex 9.4 -9.284 7.56
    endloop
  endfacet
  facet normal 1 0 0
    outer loop
      vertex 9.4 -9.284 2.5
      vertex 9.4 -10.884 7.56
      vertex 9.4 -10.884 2.5
    endloop
  endfacet
  facet normal 0 -1 0
    outer loop
      vertex 7.8 -10.884 2.5
      vertex 9.4 -10.884 7.56
      vertex 7.8 -10.884 7.56
    endloop
  endfacet
  facet normal 0 -1 -0
    outer loop
      vertex 9.4 -10.884 7.56
      vertex 7.8 -10.884 2.5
      vertex 9.4 -10.884 2.5
    endloop
  endfacet
  facet normal -0 0 1
    outer loop
      vertex 7.8 -9.284 7.56
      vertex 9.4 -10.884 7.56
      vertex 9.4 -9.284 7.56
    endloop
  endfacet
  facet normal 0 0 1
    outer loop
      vertex 9.4 -10.884 7.56
      vertex 7.8 -9.284 7.56
      vertex 7.8 -10.884 7.56
    endloop
  endfacet
  facet normal 0 1 -0
    outer loop
      vertex 9.4 -9.284 2.5
      vertex 7.8 -9.284 7.56
      vertex 9.4 -9.284 7.56
    endloop
  endfacet
  facet normal 0 1 0
    outer loop
      vertex 7.8 -9.284 7.56
      vertex 9.4 -9.284 2.5
      vertex 7.8 -9.284 2.5
    endloop
  endfacet
  facet normal -1 0 0
    outer loop
      vertex 7.8 24.316 2.5
      vertex 7.8 25.916 7.56
      vertex 7.8 25.916 2.5
    endloop
  endfacet
  facet normal -1 -0 0
    outer loop
      vertex 7.8 25.916 7.56
      vertex 7.8 24.316 2.5
      vertex 7.8 24.316 7.56
    endloop
  endfacet
  facet normal 1 -0 0
    outer loop
      vertex 9.4 24.316 7.56
      vertex 9.4 25.916 2.5
      vertex 9.4 25.916 7.56
    endloop
  endfacet
  facet normal 1 0 0
    outer loop
      vertex 9.4 25.916 2.5
      vertex 9.4 24.316 7.56
      vertex 9.4 24.316 2.5
    endloop
  endfacet
  facet normal -0 0 1
    outer loop
      vertex 7.8 25.916 7.56
      vertex 9.4 24.316 7.56
      vertex 9.4 25.916 7.56
    endloop
  endfacet
  facet normal 0 0 1
    outer loop
      vertex 9.4 24.316 7.56
      vertex 7.8 25.916 7.56
      vertex 7.8 24.316 7.56
    endloop
  endfacet
  facet normal 0 1 -0
    outer loop
      vertex 9.4 25.916 2.5
      vertex 7.8 25.916 7.56
      vertex 9.4 25.916 7.56
    endloop
  endfacet
  facet normal 0 1 0
    outer loop
      vertex 7.8 25.916 7.56
      vertex 9.4 25.916 2.5
      vertex 7.8 25.916 2.5
    endloop
  endfacet
  facet normal 0 -1 0
    outer loop
      vertex 7.8 24.316 2.5
      vertex 9.4 24.316 7.56
      vertex 7.8 24.316 7.56
    endloop
  endfacet
  facet normal 0 -1 -0
    outer loop
      vertex 9.4 24.316 7.56
      vertex 7.8 24.316 2.5
      vertex 9.4 24.316 2.5
    endloop
  endfacet
  facet normal -1 0 0
    outer loop
      vertex -13 -10.884 3.7
      vertex -13 -9.284 7.56
      vertex -13 -9.284 3.7
    endloop
  endfacet
  facet normal -1 -0 0
    outer loop
      vertex -13 -9.284 7.56
      vertex -13 -10.884 3.7
      vertex -13 -10.884 7.56
    endloop
  endfacet
  facet normal 1 -0 0
    outer loop
      vertex -11.4 -10.884 7.56
      vertex -11.4 -9.284 2.5
      vertex -11.4 -9.284 7.56
    endloop
  endfacet
  facet normal 1 0 0
    outer loop
      vertex -11.4 -9.284 2.5
      vertex -11.4 -10.884 7.56
      vertex -11.4 -10.884 2.5
    endloop
  endfacet
  facet normal -0 0 1
    outer loop
      vertex -13 -9.284 7.56
      vertex -11.4 -10.884 7.56
      vertex -11.4 -9.284 7.56
    endloop
  endfacet
  facet normal 0 0 1
    outer loop
      vertex -11.4 -10.884 7.56
      vertex -13 -9.284 7.56
      vertex -13 -10.884 7.56
    endloop
  endfacet
  facet normal 0 1 0
    outer loop
      vertex -11.4 -9.284 7.56
      vertex -12.664 -9.284 3.7
      vertex -13 -9.284 7.56
    endloop
  endfacet
  facet normal 0 1 -0
    outer loop
      vertex -11.4 -9.284 2.5
      vertex -12.664 -9.284 3.7
      vertex -11.4 -9.284 7.56
    endloop
  endfacet
  facet normal 0 1 0
    outer loop
      vertex -12.664 -9.284 3.7
      vertex -11.4 -9.284 2.5
      vertex -12.664 -9.284 2.5
    endloop
  endfacet
  facet normal 0 1 0
    outer loop
      vertex -13 -9.284 7.56
      vertex -12.664 -9.284 3.7
      vertex -13 -9.284 3.7
    endloop
  endfacet
  facet normal 0 -1 0
    outer loop
      vertex -12.664 -10.884 3.7
      vertex -13 -10.884 7.56
      vertex -13 -10.884 3.7
    endloop
  endfacet
  facet normal 0 -1 0
    outer loop
      vertex -13 -10.884 7.56
      vertex -12.664 -10.884 3.7
      vertex -11.4 -10.884 7.56
    endloop
  endfacet
  facet normal 0 -1 0
    outer loop
      vertex -11.4 -10.884 2.5
      vertex -12.664 -10.884 3.7
      vertex -12.664 -10.884 2.5
    endloop
  endfacet
  facet normal 0 -1 0
    outer loop
      vertex -12.664 -10.884 3.7
      vertex -11.4 -10.884 2.5
      vertex -11.4 -10.884 7.56
    endloop
  endfacet
  facet normal -1 0 0
    outer loop
      vertex -14.614 -12.879 1
      vertex -14.614 27.695 2.5
      vertex -14.614 27.695 1
    endloop
  endfacet
  facet normal -1 -0 0
    outer loop
      vertex -14.614 27.695 2.5
      vertex -14.614 -12.879 1
      vertex -14.614 -12.879 2.5
    endloop
  endfacet
  facet normal 0 0 -1
    outer loop
      vertex 8.14 1.366 1
      vertex 11.611 -12.879 1
      vertex 8.14 -3.184 1
    endloop
  endfacet
  facet normal 0 0 -1
    outer loop
      vertex 11.611 -12.879 1
      vertex 8.13797 -3.24613 1
      vertex 8.14 -3.184 1
    endloop
  endfacet
  facet normal 0 0 -1
    outer loop
      vertex 11.611 -12.879 1
      vertex 8.13187 -3.308 1
      vertex 8.13797 -3.24613 1
    endloop
  endfacet
  facet normal 0 0 -1
    outer loop
      vertex 11.611 -12.879 1
      vertex 8.12175 -3.36934 1
      vertex 8.13187 -3.308 1
    endloop
  endfacet
  facet normal 0 0 -1
    outer loop
      vertex 11.611 -12.879 1
      vertex 8.10763 -3.42988 1
      vertex 8.12175 -3.36934 1
    endloop
  endfacet
  facet normal 0 0 -1
    outer loop
      vertex 11.611 -12.879 1
      vertex 8.08958 -3.48937 1
      vertex 8.10763 -3.42988 1
    endloop
  endfacet
  facet normal 0 0 -1
    outer loop
      vertex 11.611 -12.879 1
      vertex 8.06769 -3.54755 1
      vertex 8.08958 -3.48937 1
    endloop
  endfacet
  facet normal 0 0 -1
    outer loop
      vertex 11.611 -12.879 1
      vertex 8.04203 -3.60417 1
      vertex 8.06769 -3.54755 1
    endloop
  endfacet
  facet normal 0 0 -1
    outer loop
      vertex 11.611 -12.879 1
      vertex 8.01272 -3.659 1
      vertex 8.04203 -3.60417 1
    endloop
  endfacet
  facet normal 0 0 -1
    outer loop
      vertex 11.611 -12.879 1
      vertex 7.9799 -3.71179 1
      vertex 8.01272 -3.659 1
    endloop
  endfacet
  facet normal 0 0 -1
    outer loop
      vertex 11.611 -12.879 1
      vertex 7.94369 -3.76232 1
      vertex 7.9799 -3.71179 1
    endloop
  endfacet
  facet normal 0 0 -1
    outer loop
      vertex 11.611 -12.879 1
      vertex 7.90425 -3.81038 1
      vertex 7.94369 -3.76232 1
    endloop
  endfacet
  facet normal 0 0 -1
    outer loop
      vertex 11.611 -12.879 1
      vertex 7.86175 -3.85575 1
      vertex 7.90425 -3.81038 1
    endloop
  endfacet
  facet normal 0 0 -1
    outer loop
      vertex 11.611 -12.879 1
      vertex 7.81638 -3.89825 1
      vertex 7.86175 -3.85575 1
    endloop
  endfacet
  facet normal 0 0 -1
    outer loop
      vertex 11.611 -12.879 1
      vertex 7.76832 -3.93769 1
      vertex 7.81638 -3.89825 1
    endloop
  endfacet
  facet normal 0 0 -1
    outer loop
      vertex 11.611 -12.879 1
      vertex 7.71779 -3.9739 1
      vertex 7.76832 -3.93769 1
    endloop
  endfacet
  facet normal 0 0 -1
    outer loop
      vertex 11.611 -12.879 1
      vertex 7.665 -4.00672 1
      vertex 7.71779 -3.9739 1
    endloop
  endfacet
  facet normal 0 0 -1
    outer loop
      vertex 11.611 -12.879 1
      vertex 7.61017 -4.03603 1
      vertex 7.665 -4.00672 1
    endloop
  endfacet
  facet normal 0 0 -1
    outer loop
      vertex 11.611 -12.879 1
      vertex 7.55355 -4.06169 1
      vertex 7.61017 -4.03603 1
    endloop
  endfacet
  facet normal 0 0 -1
    outer loop
      vertex 11.611 -12.879 1
      vertex 7.49537 -4.08358 1
      vertex 7.55355 -4.06169 1
    endloop
  endfacet
  facet normal 0 0 -1
    outer loop
      vertex 11.611 -12.879 1
      vertex 7.43588 -4.10163 1
      vertex 7.49537 -4.08358 1
    endloop
  endfacet
  facet normal 0 0 -1
    outer loop
      vertex 11.611 -12.879 1
      vertex 7.37534 -4.11575 1
      vertex 7.43588 -4.10163 1
    endloop
  endfacet
  facet normal 0 0 -1
    outer loop
      vertex 11.611 -12.879 1
      vertex 7.314 -4.12587 1
      vertex 7.37534 -4.11575 1
    endloop
  endfacet
  facet normal 0 0 -1
    outer loop
      vertex 11.611 -12.879 1
      vertex 7.25213 -4.13197 1
      vertex 7.314 -4.12587 1
    endloop
  endfacet
  facet normal 0 0 -1
    outer loop
      vertex 11.611 -12.879 1
      vertex 7.19 -4.134 1
      vertex 7.25213 -4.13197 1
    endloop
  endfacet
  facet normal 0 0 -1
    outer loop
      vertex 11.611 -12.879 1
      vertex 7.12787 -4.13197 1
      vertex 7.19 -4.134 1
    endloop
  endfacet
  facet normal 0 0 -1
    outer loop
      vertex 11.611 -12.879 1
      vertex 7.066 -4.12587 1
      vertex 7.12787 -4.13197 1
    endloop
  endfacet
  facet normal 0 0 -1
    outer loop
      vertex 11.611 -12.879 1
      vertex 7.00466 -4.11575 1
      vertex 7.066 -4.12587 1
    endloop
  endfacet
  facet normal 0 0 -1
    outer loop
      vertex 11.611 -12.879 1
      vertex 6.94412 -4.10163 1
      vertex 7.00466 -4.11575 1
    endloop
  endfacet
  facet normal 0 0 -1
    outer loop
      vertex 11.611 -12.879 1
      vertex 6.88463 -4.08358 1
      vertex 6.94412 -4.10163 1
    endloop
  endfacet
  facet normal 0 0 -1
    outer loop
      vertex 11.611 -12.879 1
      vertex 6.82645 -4.06169 1
      vertex 6.88463 -4.08358 1
    endloop
  endfacet
  facet normal 0 0 -1
    outer loop
      vertex 11.611 -12.879 1
      vertex 6.76982 -4.03603 1
      vertex 6.82645 -4.06169 1
    endloop
  endfacet
  facet normal 0 0 -1
    outer loop
      vertex 11.611 -12.879 1
      vertex 6.715 -4.00672 1
      vertex 6.76982 -4.03603 1
    endloop
  endfacet
  facet normal 0 0 -1
    outer loop
      vertex 11.611 -12.879 1
      vertex 6.66221 -3.9739 1
      vertex 6.715 -4.00672 1
    endloop
  endfacet
  facet normal 0 0 -1
    outer loop
      vertex 11.611 -12.879 1
      vertex 6.61168 -3.93769 1
      vertex 6.66221 -3.9739 1
    endloop
  endfacet
  facet normal 0 0 -1
    outer loop
      vertex -14.614 -12.879 1
      vertex 6.61168 -3.93769 1
      vertex 11.611 -12.879 1
    endloop
  endfacet
  facet normal -0 0 -1
    outer loop
      vertex 6.61168 -3.93769 1
      vertex -14.614 -12.879 1
      vertex 6.56362 -3.89825 1
    endloop
  endfacet
  facet normal -0 0 -1
    outer loop
      vertex 6.56362 -3.89825 1
      vertex -14.614 -12.879 1
      vertex 6.51825 -3.85575 1
    endloop
  endfacet
  facet normal -0 0 -1
    outer loop
      vertex 6.51825 -3.85575 1
      vertex -14.614 -12.879 1
      vertex 6.47575 -3.81038 1
    endloop
  endfacet
  facet normal -0 0 -1
    outer loop
      vertex 6.47575 -3.81038 1
      vertex -14.614 -12.879 1
      vertex 6.43631 -3.76232 1
    endloop
  endfacet
  facet normal -0 0 -1
    outer loop
      vertex 6.43631 -3.76232 1
      vertex -14.614 -12.879 1
      vertex 6.4001 -3.71179 1
    endloop
  endfacet
  facet normal 0 0 -1
    outer loop
      vertex -10.5 9.816 1
      vertex 6.24 1.366 1
      vertex 6.24 -3.184 1
    endloop
  endfacet
  facet normal 0 0 -1
    outer loop
      vertex -14.614 -12.879 1
      vertex 6.24 -3.184 1
      vertex 6.24203 -3.24613 1
    endloop
  endfacet
  facet normal 0 0 -1
    outer loop
      vertex -14.614 -12.879 1
      vertex 6.24203 -3.24613 1
      vertex 6.24813 -3.308 1
    endloop
  endfacet
  facet normal 0 0 -1
    outer loop
      vertex -14.614 -12.879 1
      vertex 6.24813 -3.308 1
      vertex 6.25825 -3.36934 1
    endloop
  endfacet
  facet normal 0 0 -1
    outer loop
      vertex 6.24 1.366 1
      vertex -10.5 9.816 1
      vertex 3.5 9.816 1
    endloop
  endfacet
  facet normal 0 0 -1
    outer loop
      vertex -14.614 -12.879 1
      vertex 6.25825 -3.36934 1
      vertex 6.27237 -3.42988 1
    endloop
  endfacet
  facet normal 0 0 -1
    outer loop
      vertex -14.614 -12.879 1
      vertex 6.27237 -3.42988 1
      vertex 6.29042 -3.48937 1
    endloop
  endfacet
  facet normal 0 0 -1
    outer loop
      vertex -14.614 -12.879 1
      vertex 6.29042 -3.48937 1
      vertex 6.31231 -3.54755 1
    endloop
  endfacet
  facet normal 0 0 -1
    outer loop
      vertex -14.614 -12.879 1
      vertex 6.31231 -3.54755 1
      vertex 6.33797 -3.60417 1
    endloop
  endfacet
  facet normal 0 0 -1
    outer loop
      vertex -14.614 -12.879 1
      vertex 6.33797 -3.60417 1
      vertex 6.36728 -3.659 1
    endloop
  endfacet
  facet normal -0 0 -1
    outer loop
      vertex 6.4001 -3.71179 1
      vertex -14.614 -12.879 1
      vertex 6.36728 -3.659 1
    endloop
  endfacet
  facet normal 0 0 -1
    outer loop
      vertex -14.614 27.695 1
      vertex -10.5 9.816 1
      vertex -14.614 -12.879 1
    endloop
  endfacet
  facet normal -0 0 -1
    outer loop
      vertex 6.24 -3.184 1
      vertex -14.614 -12.879 1
      vertex -10.5 9.816 1
    endloop
  endfacet
  facet normal 0 0 -1
    outer loop
      vertex 8.13797 1.42813 1
      vertex 11.611 -12.879 1
      vertex 8.14 1.366 1
    endloop
  endfacet
  facet normal 0 0 -1
    outer loop
      vertex 11.611 -12.879 1
      vertex 8.13797 1.42813 1
      vertex 11.611 27.695 1
    endloop
  endfacet
  facet normal 0 0 -1
    outer loop
      vertex 8.13187 1.49 1
      vertex 11.611 27.695 1
      vertex 8.13797 1.42813 1
    endloop
  endfacet
  facet normal 0 0 -1
    outer loop
      vertex 8.12175 1.55134 1
      vertex 11.611 27.695 1
      vertex 8.13187 1.49 1
    endloop
  endfacet
  facet normal 0 0 -1
    outer loop
      vertex 8.10763 1.61188 1
      vertex 11.611 27.695 1
      vertex 8.12175 1.55134 1
    endloop
  endfacet
  facet normal 0 0 -1
    outer loop
      vertex 8.08958 1.67137 1
      vertex 11.611 27.695 1
      vertex 8.10763 1.61188 1
    endloop
  endfacet
  facet normal 0 0 -1
    outer loop
      vertex 8.06769 1.72955 1
      vertex 11.611 27.695 1
      vertex 8.08958 1.67137 1
    endloop
  endfacet
  facet normal 0 0 -1
    outer loop
      vertex 8.04203 1.78617 1
      vertex 11.611 27.695 1
      vertex 8.06769 1.72955 1
    endloop
  endfacet
  facet normal 0 0 -1
    outer loop
      vertex 8.01272 1.841 1
      vertex 11.611 27.695 1
      vertex 8.04203 1.78617 1
    endloop
  endfacet
  facet normal 0 0 -1
    outer loop
      vertex 7.9799 1.89379 1
      vertex 11.611 27.695 1
      vertex 8.01272 1.841 1
    endloop
  endfacet
  facet normal 0 0 -1
    outer loop
      vertex 7.94369 1.94432 1
      vertex 11.611 27.695 1
      vertex 7.9799 1.89379 1
    endloop
  endfacet
  facet normal 0 0 -1
    outer loop
      vertex 7.90425 1.99238 1
      vertex 11.611 27.695 1
      vertex 7.94369 1.94432 1
    endloop
  endfacet
  facet normal 0 0 -1
    outer loop
      vertex 7.86175 2.03775 1
      vertex 11.611 27.695 1
      vertex 7.90425 1.99238 1
    endloop
  endfacet
  facet normal 0 0 -1
    outer loop
      vertex 3.5 9.816 1
      vertex 7.86175 2.03775 1
      vertex 7.81638 2.08025 1
    endloop
  endfacet
  facet normal 0 0 -1
    outer loop
      vertex 3.5 9.816 1
      vertex 7.81638 2.08025 1
      vertex 7.76832 2.11969 1
    endloop
  endfacet
  facet normal 0 0 -1
    outer loop
      vertex 3.5 9.816 1
      vertex 7.76832 2.11969 1
      vertex 7.71779 2.1559 1
    endloop
  endfacet
  facet normal 0 0 -1
    outer loop
      vertex 3.5 9.816 1
      vertex 7.71779 2.1559 1
      vertex 7.665 2.18872 1
    endloop
  endfacet
  facet normal 0 0 -1
    outer loop
      vertex 3.5 9.816 1
      vertex 7.665 2.18872 1
      vertex 7.61017 2.21803 1
    endloop
  endfacet
  facet normal 0 0 -1
    outer loop
      vertex 3.5 9.816 1
      vertex 7.61017 2.21803 1
      vertex 7.55355 2.24369 1
    endloop
  endfacet
  facet normal 0 0 -1
    outer loop
      vertex 3.5 9.816 1
      vertex 7.55355 2.24369 1
      vertex 7.49537 2.26558 1
    endloop
  endfacet
  facet normal 0 0 -1
    outer loop
      vertex 3.5 9.816 1
      vertex 7.49537 2.26558 1
      vertex 7.43588 2.28363 1
    endloop
  endfacet
  facet normal 0 0 -1
    outer loop
      vertex 3.5 9.816 1
      vertex 7.43588 2.28363 1
      vertex 7.37534 2.29775 1
    endloop
  endfacet
  facet normal 0 0 -1
    outer loop
      vertex 3.5 9.816 1
      vertex 7.37534 2.29775 1
      vertex 7.314 2.30787 1
    endloop
  endfacet
  facet normal 0 0 -1
    outer loop
      vertex 3.5 9.816 1
      vertex 7.314 2.30787 1
      vertex 7.25213 2.31397 1
    endloop
  endfacet
  facet normal 0 0 -1
    outer loop
      vertex 3.5 9.816 1
      vertex 7.25213 2.31397 1
      vertex 7.19 2.316 1
    endloop
  endfacet
  facet normal 0 0 -1
    outer loop
      vertex 3.5 9.816 1
      vertex 7.19 2.316 1
      vertex 7.12787 2.31397 1
    endloop
  endfacet
  facet normal 0 0 -1
    outer loop
      vertex 3.5 9.816 1
      vertex 7.12787 2.31397 1
      vertex 7.066 2.30787 1
    endloop
  endfacet
  facet normal 0 0 -1
    outer loop
      vertex 3.5 9.816 1
      vertex 7.066 2.30787 1
      vertex 7.00466 2.29775 1
    endloop
  endfacet
  facet normal 0 0 -1
    outer loop
      vertex 3.5 9.816 1
      vertex 7.00466 2.29775 1
      vertex 6.94412 2.28363 1
    endloop
  endfacet
  facet normal 0 0 -1
    outer loop
      vertex 3.5 9.816 1
      vertex 6.94412 2.28363 1
      vertex 6.88463 2.26558 1
    endloop
  endfacet
  facet normal 0 0 -1
    outer loop
      vertex 3.5 9.816 1
      vertex 6.88463 2.26558 1
      vertex 6.82645 2.24369 1
    endloop
  endfacet
  facet normal 0 0 -1
    outer loop
      vertex 3.5 9.816 1
      vertex 6.82645 2.24369 1
      vertex 6.76982 2.21803 1
    endloop
  endfacet
  facet normal 0 0 -1
    outer loop
      vertex 3.5 9.816 1
      vertex 6.76982 2.21803 1
      vertex 6.715 2.18872 1
    endloop
  endfacet
  facet normal 0 0 -1
    outer loop
      vertex 3.5 9.816 1
      vertex 6.715 2.18872 1
      vertex 6.66221 2.1559 1
    endloop
  endfacet
  facet normal 0 0 -1
    outer loop
      vertex 3.5 9.816 1
      vertex 6.66221 2.1559 1
      vertex 6.61168 2.11969 1
    endloop
  endfacet
  facet normal 0 0 -1
    outer loop
      vertex 3.5 9.816 1
      vertex 6.61168 2.11969 1
      vertex 6.56362 2.08025 1
    endloop
  endfacet
  facet normal 0 0 -1
    outer loop
      vertex 3.5 9.816 1
      vertex 6.56362 2.08025 1
      vertex 6.51825 2.03775 1
    endloop
  endfacet
  facet normal 0 0 -1
    outer loop
      vertex 3.5 9.816 1
      vertex 6.51825 2.03775 1
      vertex 6.47575 1.99238 1
    endloop
  endfacet
  facet normal 0 0 -1
    outer loop
      vertex 3.5 9.816 1
      vertex 6.47575 1.99238 1
      vertex 6.43631 1.94432 1
    endloop
  endfacet
  facet normal 0 0 -1
    outer loop
      vertex 3.5 9.816 1
      vertex 6.43631 1.94432 1
      vertex 6.4001 1.89379 1
    endloop
  endfacet
  facet normal 0 0 -1
    outer loop
      vertex 3.5 9.816 1
      vertex 6.4001 1.89379 1
      vertex 6.36728 1.841 1
    endloop
  endfacet
  facet normal 0 0 -1
    outer loop
      vertex 3.5 9.816 1
      vertex 6.36728 1.841 1
      vertex 6.33797 1.78617 1
    endloop
  endfacet
  facet normal 0 0 -1
    outer loop
      vertex 3.5 9.816 1
      vertex 6.33797 1.78617 1
      vertex 6.31231 1.72955 1
    endloop
  endfacet
  facet normal 0 0 -1
    outer loop
      vertex 3.5 9.816 1
      vertex 6.31231 1.72955 1
      vertex 6.29042 1.67137 1
    endloop
  endfacet
  facet normal 0 0 -1
    outer loop
      vertex 3.5 9.816 1
      vertex 6.29042 1.67137 1
      vertex 6.27237 1.61188 1
    endloop
  endfacet
  facet normal 0 0 -1
    outer loop
      vertex 3.5 9.816 1
      vertex 6.27237 1.61188 1
      vertex 6.25825 1.55134 1
    endloop
  endfacet
  facet normal 0 0 -1
    outer loop
      vertex 3.5 9.816 1
      vertex 6.24203 1.42813 1
      vertex 6.24 1.366 1
    endloop
  endfacet
  facet normal 0 0 -1
    outer loop
      vertex 3.5 9.816 1
      vertex 6.24813 1.49 1
      vertex 6.24203 1.42813 1
    endloop
  endfacet
  facet normal 0 0 -1
    outer loop
      vertex 3.5 9.816 1
      vertex 6.25825 1.55134 1
      vertex 6.24813 1.49 1
    endloop
  endfacet
  facet normal 0 0 -1
    outer loop
      vertex 7.86175 2.03775 1
      vertex 3.5 9.816 1
      vertex 11.611 27.695 1
    endloop
  endfacet
  facet normal 0 0 -1
    outer loop
      vertex 3.5 17.316 1
      vertex 11.611 27.695 1
      vertex 3.5 9.816 1
    endloop
  endfacet
  facet normal 0 0 -1
    outer loop
      vertex -14.614 27.695 1
      vertex 3.5 17.316 1
      vertex -10.5 17.316 1
    endloop
  endfacet
  facet normal 0 0 -1
    outer loop
      vertex 3.5 17.316 1
      vertex -14.614 27.695 1
      vertex 11.611 27.695 1
    endloop
  endfacet
  facet normal 0 0 -1
    outer loop
      vertex -10.5 9.816 1
      vertex -14.614 27.695 1
      vertex -10.5 17.316 1
    endloop
  endfacet
  facet normal 1 -0 0
    outer loop
      vertex 11.611 -12.879 2.5
      vertex 11.611 27.695 1
      vertex 11.611 27.695 2.5
    endloop
  endfacet
  facet normal 1 0 0
    outer loop
      vertex 11.611 27.695 1
      vertex 11.611 -12.879 2.5
      vertex 11.611 -12.879 1
    endloop
  endfacet
  facet normal 0 0 1
    outer loop
      vertex 9.661 -11.529 2.5
      vertex -12.664 -11.529 2.5
      vertex 9.661 -11.679 2.5
    endloop
  endfacet
  facet normal 0 0 1
    outer loop
      vertex 11.611 27.695 2.5
      vertex 10.261 26.495 2.5
      vertex 11.611 -12.879 2.5
    endloop
  endfacet
  facet normal 0 0 1
    outer loop
      vertex 11.611 27.695 2.5
      vertex 9.661 26.495 2.5
      vertex 10.261 26.495 2.5
    endloop
  endfacet
  facet normal 0 0 1
    outer loop
      vertex 9.4 24.316 2.5
      vertex 9.661 26.495 2.5
      vertex 9.4 25.916 2.5
    endloop
  endfacet
  facet normal 0 0 1
    outer loop
      vertex 9.661 26.495 2.5
      vertex 7.8 25.916 2.5
      vertex 9.4 25.916 2.5
    endloop
  endfacet
  facet normal 0 0 1
    outer loop
      vertex 11.611 27.695 2.5
      vertex 7.8 25.916 2.5
      vertex 9.661 26.495 2.5
    endloop
  endfacet
  facet normal 0 0 1
    outer loop
      vertex -12.664 26.495 2.5
      vertex 7.8 24.316 2.5
      vertex 7.8 25.916 2.5
    endloop
  endfacet
  facet normal 0 0 1
    outer loop
      vertex 7.8 24.316 2.5
      vertex 7.60944 3.47469 2.5
      vertex 7.74646 3.44274 2.5
    endloop
  endfacet
  facet normal 0 0 1
    outer loop
      vertex 7.8 24.316 2.5
      vertex 7.47063 3.49761 2.5
      vertex 7.60944 3.47469 2.5
    endloop
  endfacet
  facet normal 0 0 1
    outer loop
      vertex 7.8 24.316 2.5
      vertex 7.33062 3.5114 2.5
      vertex 7.47063 3.49761 2.5
    endloop
  endfacet
  facet normal 0 0 1
    outer loop
      vertex 7.8 24.316 2.5
      vertex 7.19 3.516 2.5
      vertex 7.33062 3.5114 2.5
    endloop
  endfacet
  facet normal 0 0 1
    outer loop
      vertex 7.8 24.316 2.5
      vertex 7.04938 3.5114 2.5
      vertex 7.19 3.516 2.5
    endloop
  endfacet
  facet normal 0 0 1
    outer loop
      vertex 7.8 24.316 2.5
      vertex 6.90937 3.49761 2.5
      vertex 7.04938 3.5114 2.5
    endloop
  endfacet
  facet normal 0 0 1
    outer loop
      vertex 7.8 24.316 2.5
      vertex 6.77056 3.47469 2.5
      vertex 6.90937 3.49761 2.5
    endloop
  endfacet
  facet normal 0 0 1
    outer loop
      vertex 7.8 24.316 2.5
      vertex 6.63354 3.44274 2.5
      vertex 6.77056 3.47469 2.5
    endloop
  endfacet
  facet normal 0 0 1
    outer loop
      vertex 7.8 24.316 2.5
      vertex 6.4989 3.4019 2.5
      vertex 6.63354 3.44274 2.5
    endloop
  endfacet
  facet normal 0 0 1
    outer loop
      vertex 7.8 24.316 2.5
      vertex 6.36723 3.35234 2.5
      vertex 6.4989 3.4019 2.5
    endloop
  endfacet
  facet normal 0 0 1
    outer loop
      vertex 7.8 24.316 2.5
      vertex 6.23908 3.29428 2.5
      vertex 6.36723 3.35234 2.5
    endloop
  endfacet
  facet normal 0 0 1
    outer loop
      vertex 7.8 24.316 2.5
      vertex 6.115 3.22795 2.5
      vertex 6.23908 3.29428 2.5
    endloop
  endfacet
  facet normal 0 0 1
    outer loop
      vertex 7.8 24.316 2.5
      vertex 5.99552 3.15366 2.5
      vertex 6.115 3.22795 2.5
    endloop
  endfacet
  facet normal 0 0 1
    outer loop
      vertex 7.8 24.316 2.5
      vertex 5.88116 3.07171 2.5
      vertex 5.99552 3.15366 2.5
    endloop
  endfacet
  facet normal 0 0 1
    outer loop
      vertex 7.8 24.316 2.5
      vertex -12.664 26.495 2.5
      vertex 5.88116 3.07171 2.5
    endloop
  endfacet
  facet normal 0 0 1
    outer loop
      vertex 5.88116 3.07171 2.5
      vertex -12.664 26.495 2.5
      vertex 5.77241 2.98246 2.5
    endloop
  endfacet
  facet normal 0 0 1
    outer loop
      vertex 5.77241 2.98246 2.5
      vertex -12.664 26.495 2.5
      vertex 5.66972 2.88628 2.5
    endloop
  endfacet
  facet normal 0 0 1
    outer loop
      vertex 5.66972 2.88628 2.5
      vertex -12.664 26.495 2.5
      vertex 5.57354 2.78359 2.5
    endloop
  endfacet
  facet normal 0 0 1
    outer loop
      vertex 5.57354 2.78359 2.5
      vertex -12.664 26.495 2.5
      vertex 5.48429 2.67484 2.5
    endloop
  endfacet
  facet normal 0 0 1
    outer loop
      vertex 5.48429 2.67484 2.5
      vertex -12.664 26.495 2.5
      vertex 5.40234 2.56048 2.5
    endloop
  endfacet
  facet normal 0 0 1
    outer loop
      vertex 5.40234 2.56048 2.5
      vertex -12.664 26.495 2.5
      vertex 5.32804 2.441 2.5
    endloop
  endfacet
  facet normal 0 0 1
    outer loop
      vertex 5.32804 2.441 2.5
      vertex -12.664 26.495 2.5
      vertex 5.26172 2.31692 2.5
    endloop
  endfacet
  facet normal 0 0 1
    outer loop
      vertex 5.26172 2.31692 2.5
      vertex -12.664 26.495 2.5
      vertex 5.20366 2.18877 2.5
    endloop
  endfacet
  facet normal 0 -0 1
    outer loop
      vertex -11.4 -9.284 2.5
      vertex 5.20366 2.18877 2.5
      vertex -12.664 26.495 2.5
    endloop
  endfacet
  facet normal 0 0 1
    outer loop
      vertex 5.20366 2.18877 2.5
      vertex -11.4 -9.284 2.5
      vertex 5.1541 2.0571 2.5
    endloop
  endfacet
  facet normal 0 0 1
    outer loop
      vertex 5.1541 2.0571 2.5
      vertex -11.4 -9.284 2.5
      vertex 5.11326 1.92246 2.5
    endloop
  endfacet
  facet normal 0 0 1
    outer loop
      vertex 5.04 1.366 2.5
      vertex -11.4 -9.284 2.5
      vertex 5.04 -3.184 2.5
    endloop
  endfacet
  facet normal 0 0 1
    outer loop
      vertex 5.0446 1.50662 2.5
      vertex -11.4 -9.284 2.5
      vertex 5.04 1.366 2.5
    endloop
  endfacet
  facet normal 0 0 1
    outer loop
      vertex 5.05839 1.64663 2.5
      vertex -11.4 -9.284 2.5
      vertex 5.0446 1.50662 2.5
    endloop
  endfacet
  facet normal 0 0 1
    outer loop
      vertex 5.11326 1.92246 2.5
      vertex -11.4 -9.284 2.5
      vertex 5.08131 1.78544 2.5
    endloop
  endfacet
  facet normal 0 0 1
    outer loop
      vertex 5.08131 1.78544 2.5
      vertex -11.4 -9.284 2.5
      vertex 5.05839 1.64663 2.5
    endloop
  endfacet
  facet normal -0 0 1
    outer loop
      vertex -14.614 27.695 2.5
      vertex 7.8 25.916 2.5
      vertex 11.611 27.695 2.5
    endloop
  endfacet
  facet normal 0 0 1
    outer loop
      vertex 7.8 25.916 2.5
      vertex -14.614 27.695 2.5
      vertex -12.664 26.495 2.5
    endloop
  endfacet
  facet normal 0 0 1
    outer loop
      vertex -13.264 26.495 2.5
      vertex -14.614 27.695 2.5
      vertex -13.264 -11.679 2.5
    endloop
  endfacet
  facet normal 0 0 1
    outer loop
      vertex -12.664 26.495 2.5
      vertex -14.614 27.695 2.5
      vertex -13.264 26.495 2.5
    endloop
  endfacet
  facet normal -0 0 1
    outer loop
      vertex 10.261 -11.679 2.5
      vertex 11.611 -12.879 2.5
      vertex 10.261 26.495 2.5
    endloop
  endfacet
  facet normal -0 0 1
    outer loop
      vertex 9.661 -11.679 2.5
      vertex 11.611 -12.879 2.5
      vertex 10.261 -11.679 2.5
    endloop
  endfacet
  facet normal 0 0 1
    outer loop
      vertex -12.664 -11.679 2.5
      vertex 9.661 -11.679 2.5
      vertex -12.664 -11.529 2.5
    endloop
  endfacet
  facet normal 0 0 1
    outer loop
      vertex 9.661 -11.679 2.5
      vertex -12.664 -11.679 2.5
      vertex 11.611 -12.879 2.5
    endloop
  endfacet
  facet normal 0 0 1
    outer loop
      vertex -14.614 -12.879 2.5
      vertex -12.664 -11.679 2.5
      vertex -13.264 -11.679 2.5
    endloop
  endfacet
  facet normal 0 0 1
    outer loop
      vertex -12.664 -11.679 2.5
      vertex -14.614 -12.879 2.5
      vertex 11.611 -12.879 2.5
    endloop
  endfacet
  facet normal 0 0 1
    outer loop
      vertex -14.614 -12.879 2.5
      vertex -13.264 -11.679 2.5
      vertex -14.614 27.695 2.5
    endloop
  endfacet
  facet normal 0 0 1
    outer loop
      vertex -11.4 -9.284 2.5
      vertex -12.664 26.495 2.5
      vertex -12.664 -9.284 2.5
    endloop
  endfacet
  facet normal -0 0 1
    outer loop
      vertex 9.34 -3.184 2.5
      vertex 9.661 -10.929 2.5
      vertex 9.34 1.366 2.5
    endloop
  endfacet
  facet normal 0 0 1
    outer loop
      vertex 9.661 26.495 2.5
      vertex 9.3354 1.50662 2.5
      vertex 9.34 1.366 2.5
    endloop
  endfacet
  facet normal 0 0 1
    outer loop
      vertex 9.4 24.316 2.5
      vertex 9.32161 1.64663 2.5
      vertex 9.3354 1.50662 2.5
    endloop
  endfacet
  facet normal 0 0 1
    outer loop
      vertex 9.4 24.316 2.5
      vertex 9.29869 1.78544 2.5
      vertex 9.32161 1.64663 2.5
    endloop
  endfacet
  facet normal 0 0 1
    outer loop
      vertex 9.4 24.316 2.5
      vertex 9.26674 1.92246 2.5
      vertex 9.29869 1.78544 2.5
    endloop
  endfacet
  facet normal 0 0 1
    outer loop
      vertex 9.4 24.316 2.5
      vertex 9.2259 2.0571 2.5
      vertex 9.26674 1.92246 2.5
    endloop
  endfacet
  facet normal 0 0 1
    outer loop
      vertex 9.4 24.316 2.5
      vertex 9.17634 2.18877 2.5
      vertex 9.2259 2.0571 2.5
    endloop
  endfacet
  facet normal 0 0 1
    outer loop
      vertex 9.4 24.316 2.5
      vertex 9.11828 2.31692 2.5
      vertex 9.17634 2.18877 2.5
    endloop
  endfacet
  facet normal 0 0 1
    outer loop
      vertex 9.4 24.316 2.5
      vertex 9.05195 2.441 2.5
      vertex 9.11828 2.31692 2.5
    endloop
  endfacet
  facet normal 0 0 1
    outer loop
      vertex 9.4 24.316 2.5
      vertex 8.97766 2.56048 2.5
      vertex 9.05195 2.441 2.5
    endloop
  endfacet
  facet normal 0 0 1
    outer loop
      vertex 9.4 24.316 2.5
      vertex 8.89571 2.67484 2.5
      vertex 8.97766 2.56048 2.5
    endloop
  endfacet
  facet normal 0 0 1
    outer loop
      vertex 9.4 24.316 2.5
      vertex 8.80645 2.78359 2.5
      vertex 8.89571 2.67484 2.5
    endloop
  endfacet
  facet normal 0 0 1
    outer loop
      vertex 9.4 24.316 2.5
      vertex 8.71028 2.88628 2.5
      vertex 8.80645 2.78359 2.5
    endloop
  endfacet
  facet normal 0 0 1
    outer loop
      vertex 9.4 24.316 2.5
      vertex 8.60759 2.98246 2.5
      vertex 8.71028 2.88628 2.5
    endloop
  endfacet
  facet normal 0 0 1
    outer loop
      vertex 9.4 24.316 2.5
      vertex 8.49884 3.07171 2.5
      vertex 8.60759 2.98246 2.5
    endloop
  endfacet
  facet normal 0 0 1
    outer loop
      vertex 9.4 24.316 2.5
      vertex 8.38448 3.15366 2.5
      vertex 8.49884 3.07171 2.5
    endloop
  endfacet
  facet normal 0 0 1
    outer loop
      vertex 9.4 24.316 2.5
      vertex 8.265 3.22795 2.5
      vertex 8.38448 3.15366 2.5
    endloop
  endfacet
  facet normal 0 0 1
    outer loop
      vertex 9.4 24.316 2.5
      vertex 8.14092 3.29428 2.5
      vertex 8.265 3.22795 2.5
    endloop
  endfacet
  facet normal 0 0 1
    outer loop
      vertex 9.4 24.316 2.5
      vertex 8.01277 3.35234 2.5
      vertex 8.14092 3.29428 2.5
    endloop
  endfacet
  facet normal 0 0 1
    outer loop
      vertex 9.4 24.316 2.5
      vertex 7.88109 3.4019 2.5
      vertex 8.01277 3.35234 2.5
    endloop
  endfacet
  facet normal 0 0 1
    outer loop
      vertex 7.74646 3.44274 2.5
      vertex 9.4 24.316 2.5
      vertex 7.8 24.316 2.5
    endloop
  endfacet
  facet normal 0 0 1
    outer loop
      vertex 9.4 24.316 2.5
      vertex 7.74646 3.44274 2.5
      vertex 7.88109 3.4019 2.5
    endloop
  endfacet
  facet normal 0 0 1
    outer loop
      vertex 9.3354 1.50662 2.5
      vertex 9.661 26.495 2.5
      vertex 9.4 24.316 2.5
    endloop
  endfacet
  facet normal 0 0 1
    outer loop
      vertex 9.661 26.495 2.5
      vertex 9.34 1.366 2.5
      vertex 9.661 -10.929 2.5
    endloop
  endfacet
  facet normal -0 0 1
    outer loop
      vertex 9.4 -10.884 2.5
      vertex 9.661 -10.929 2.5
      vertex 9.4 -9.284 2.5
    endloop
  endfacet
  facet normal -0 0 1
    outer loop
      vertex 7.8 -10.884 2.5
      vertex 9.661 -10.929 2.5
      vertex 9.4 -10.884 2.5
    endloop
  endfacet
  facet normal -0 0 1
    outer loop
      vertex 7.47063 -5.31561 2.5
      vertex 7.8 -9.284 2.5
      vertex 7.60944 -5.29269 2.5
    endloop
  endfacet
  facet normal -0 0 1
    outer loop
      vertex 7.33062 -5.3294 2.5
      vertex 7.8 -9.284 2.5
      vertex 7.47063 -5.31561 2.5
    endloop
  endfacet
  facet normal -0 0 1
    outer loop
      vertex 7.19 -5.334 2.5
      vertex 7.8 -9.284 2.5
      vertex 7.33062 -5.3294 2.5
    endloop
  endfacet
  facet normal 0 0 1
    outer loop
      vertex 7.04938 -5.3294 2.5
      vertex 7.8 -9.284 2.5
      vertex 7.19 -5.334 2.5
    endloop
  endfacet
  facet normal 0 0 1
    outer loop
      vertex 6.90937 -5.31561 2.5
      vertex 7.8 -9.284 2.5
      vertex 7.04938 -5.3294 2.5
    endloop
  endfacet
  facet normal 0 0 1
    outer loop
      vertex 6.77056 -5.29269 2.5
      vertex 7.8 -9.284 2.5
      vertex 6.90937 -5.31561 2.5
    endloop
  endfacet
  facet normal 0 0 1
    outer loop
      vertex 6.63354 -5.26074 2.5
      vertex 7.8 -9.284 2.5
      vertex 6.77056 -5.29269 2.5
    endloop
  endfacet
  facet normal 0 0 1
    outer loop
      vertex 6.4989 -5.2199 2.5
      vertex 7.8 -9.284 2.5
      vertex 6.63354 -5.26074 2.5
    endloop
  endfacet
  facet normal 0 0 1
    outer loop
      vertex 6.36723 -5.17034 2.5
      vertex 7.8 -9.284 2.5
      vertex 6.4989 -5.2199 2.5
    endloop
  endfacet
  facet normal 0 0 1
    outer loop
      vertex 6.23908 -5.11228 2.5
      vertex 7.8 -9.284 2.5
      vertex 6.36723 -5.17034 2.5
    endloop
  endfacet
  facet normal 0 0 1
    outer loop
      vertex 6.115 -5.04595 2.5
      vertex 7.8 -9.284 2.5
      vertex 6.23908 -5.11228 2.5
    endloop
  endfacet
  facet normal 0 0 1
    outer loop
      vertex 5.99552 -4.97166 2.5
      vertex 7.8 -9.284 2.5
      vertex 6.115 -5.04595 2.5
    endloop
  endfacet
  facet normal 0 0 1
    outer loop
      vertex 5.88116 -4.88971 2.5
      vertex 7.8 -9.284 2.5
      vertex 5.99552 -4.97166 2.5
    endloop
  endfacet
  facet normal 0 0 1
    outer loop
      vertex 5.77241 -4.80046 2.5
      vertex 7.8 -9.284 2.5
      vertex 5.88116 -4.88971 2.5
    endloop
  endfacet
  facet normal 0 0 1
    outer loop
      vertex 5.66972 -4.70428 2.5
      vertex 7.8 -9.284 2.5
      vertex 5.77241 -4.80046 2.5
    endloop
  endfacet
  facet normal 0 0 1
    outer loop
      vertex 7.8 -9.284 2.5
      vertex 5.66972 -4.70428 2.5
      vertex 7.8 -10.884 2.5
    endloop
  endfacet
  facet normal 0 0 1
    outer loop
      vertex 5.57354 -4.60159 2.5
      vertex 7.8 -10.884 2.5
      vertex 5.66972 -4.70428 2.5
    endloop
  endfacet
  facet normal 0 0 1
    outer loop
      vertex -11.4 -10.884 2.5
      vertex 5.57354 -4.60159 2.5
      vertex 5.48429 -4.49284 2.5
    endloop
  endfacet
  facet normal 0 0 1
    outer loop
      vertex -11.4 -9.284 2.5
      vertex 5.48429 -4.49284 2.5
      vertex 5.40234 -4.37848 2.5
    endloop
  endfacet
  facet normal 0 0 1
    outer loop
      vertex -11.4 -9.284 2.5
      vertex 5.40234 -4.37848 2.5
      vertex 5.32804 -4.259 2.5
    endloop
  endfacet
  facet normal 0 0 1
    outer loop
      vertex -11.4 -9.284 2.5
      vertex 5.32804 -4.259 2.5
      vertex 5.26172 -4.13492 2.5
    endloop
  endfacet
  facet normal 0 0 1
    outer loop
      vertex -11.4 -9.284 2.5
      vertex 5.26172 -4.13492 2.5
      vertex 5.20366 -4.00677 2.5
    endloop
  endfacet
  facet normal 0 0 1
    outer loop
      vertex -11.4 -9.284 2.5
      vertex 5.0446 -3.32462 2.5
      vertex 5.04 -3.184 2.5
    endloop
  endfacet
  facet normal 0 0 1
    outer loop
      vertex -11.4 -9.284 2.5
      vertex 5.05839 -3.46463 2.5
      vertex 5.0446 -3.32462 2.5
    endloop
  endfacet
  facet normal 0 0 1
    outer loop
      vertex -11.4 -9.284 2.5
      vertex 5.08131 -3.60344 2.5
      vertex 5.05839 -3.46463 2.5
    endloop
  endfacet
  facet normal 0 0 1
    outer loop
      vertex -11.4 -9.284 2.5
      vertex 5.11326 -3.74046 2.5
      vertex 5.08131 -3.60344 2.5
    endloop
  endfacet
  facet normal 0 0 1
    outer loop
      vertex -11.4 -9.284 2.5
      vertex 5.1541 -3.87509 2.5
      vertex 5.11326 -3.74046 2.5
    endloop
  endfacet
  facet normal 0 0 1
    outer loop
      vertex -11.4 -9.284 2.5
      vertex 5.20366 -4.00677 2.5
      vertex 5.1541 -3.87509 2.5
    endloop
  endfacet
  facet normal 0 0 1
    outer loop
      vertex 5.48429 -4.49284 2.5
      vertex -11.4 -9.284 2.5
      vertex -11.4 -10.884 2.5
    endloop
  endfacet
  facet normal 0 0 1
    outer loop
      vertex 5.57354 -4.60159 2.5
      vertex -11.4 -10.884 2.5
      vertex 7.8 -10.884 2.5
    endloop
  endfacet
  facet normal 0 0 1
    outer loop
      vertex -12.664 -10.929 2.5
      vertex 7.8 -10.884 2.5
      vertex -11.4 -10.884 2.5
    endloop
  endfacet
  facet normal 0 0 1
    outer loop
      vertex -12.664 -10.929 2.5
      vertex -11.4 -10.884 2.5
      vertex -12.664 -10.884 2.5
    endloop
  endfacet
  facet normal 0 0 1
    outer loop
      vertex 7.8 -10.884 2.5
      vertex -12.664 -10.929 2.5
      vertex 9.661 -10.929 2.5
    endloop
  endfacet
  facet normal -0 0 1
    outer loop
      vertex 9.3354 -3.32462 2.5
      vertex 9.661 -10.929 2.5
      vertex 9.34 -3.184 2.5
    endloop
  endfacet
  facet normal 0 0 1
    outer loop
      vertex 9.661 -10.929 2.5
      vertex 9.3354 -3.32462 2.5
      vertex 9.4 -9.284 2.5
    endloop
  endfacet
  facet normal -0 0 1
    outer loop
      vertex 9.32161 -3.46463 2.5
      vertex 9.4 -9.284 2.5
      vertex 9.3354 -3.32462 2.5
    endloop
  endfacet
  facet normal -0 0 1
    outer loop
      vertex 9.29869 -3.60344 2.5
      vertex 9.4 -9.284 2.5
      vertex 9.32161 -3.46463 2.5
    endloop
  endfacet
  facet normal -0 0 1
    outer loop
      vertex 9.26674 -3.74046 2.5
      vertex 9.4 -9.284 2.5
      vertex 9.29869 -3.60344 2.5
    endloop
  endfacet
  facet normal -0 0 1
    outer loop
      vertex 9.2259 -3.87509 2.5
      vertex 9.4 -9.284 2.5
      vertex 9.26674 -3.74046 2.5
    endloop
  endfacet
  facet normal -0 0 1
    outer loop
      vertex 9.17634 -4.00677 2.5
      vertex 9.4 -9.284 2.5
      vertex 9.2259 -3.87509 2.5
    endloop
  endfacet
  facet normal -0 0 1
    outer loop
      vertex 9.11828 -4.13492 2.5
      vertex 9.4 -9.284 2.5
      vertex 9.17634 -4.00677 2.5
    endloop
  endfacet
  facet normal -0 0 1
    outer loop
      vertex 9.05195 -4.259 2.5
      vertex 9.4 -9.284 2.5
      vertex 9.11828 -4.13492 2.5
    endloop
  endfacet
  facet normal -0 0 1
    outer loop
      vertex 8.97766 -4.37848 2.5
      vertex 9.4 -9.284 2.5
      vertex 9.05195 -4.259 2.5
    endloop
  endfacet
  facet normal -0 0 1
    outer loop
      vertex 8.89571 -4.49284 2.5
      vertex 9.4 -9.284 2.5
      vertex 8.97766 -4.37848 2.5
    endloop
  endfacet
  facet normal -0 0 1
    outer loop
      vertex 8.80645 -4.60159 2.5
      vertex 9.4 -9.284 2.5
      vertex 8.89571 -4.49284 2.5
    endloop
  endfacet
  facet normal -0 0 1
    outer loop
      vertex 8.71028 -4.70428 2.5
      vertex 9.4 -9.284 2.5
      vertex 8.80645 -4.60159 2.5
    endloop
  endfacet
  facet normal -0 0 1
    outer loop
      vertex 8.60759 -4.80046 2.5
      vertex 9.4 -9.284 2.5
      vertex 8.71028 -4.70428 2.5
    endloop
  endfacet
  facet normal -0 0 1
    outer loop
      vertex 8.49884 -4.88971 2.5
      vertex 9.4 -9.284 2.5
      vertex 8.60759 -4.80046 2.5
    endloop
  endfacet
  facet normal -0 0 1
    outer loop
      vertex 8.38448 -4.97166 2.5
      vertex 9.4 -9.284 2.5
      vertex 8.49884 -4.88971 2.5
    endloop
  endfacet
  facet normal -0 0 1
    outer loop
      vertex 8.265 -5.04595 2.5
      vertex 9.4 -9.284 2.5
      vertex 8.38448 -4.97166 2.5
    endloop
  endfacet
  facet normal -0 0 1
    outer loop
      vertex 8.14092 -5.11228 2.5
      vertex 9.4 -9.284 2.5
      vertex 8.265 -5.04595 2.5
    endloop
  endfacet
  facet normal -0 0 1
    outer loop
      vertex 8.01277 -5.17034 2.5
      vertex 9.4 -9.284 2.5
      vertex 8.14092 -5.11228 2.5
    endloop
  endfacet
  facet normal -0 0 1
    outer loop
      vertex 7.88109 -5.2199 2.5
      vertex 9.4 -9.284 2.5
      vertex 8.01277 -5.17034 2.5
    endloop
  endfacet
  facet normal 0 0 1
    outer loop
      vertex 7.88109 -5.2199 2.5
      vertex 7.8 -9.284 2.5
      vertex 9.4 -9.284 2.5
    endloop
  endfacet
  facet normal -0 0 1
    outer loop
      vertex 7.60944 -5.29269 2.5
      vertex 7.8 -9.284 2.5
      vertex 7.74646 -5.26074 2.5
    endloop
  endfacet
  facet normal -0 0 1
    outer loop
      vertex 7.74646 -5.26074 2.5
      vertex 7.8 -9.284 2.5
      vertex 7.88109 -5.2199 2.5
    endloop
  endfacet
  facet normal 0 1 -0
    outer loop
      vertex 11.611 27.695 1
      vertex -14.614 27.695 2.5
      vertex 11.611 27.695 2.5
    endloop
  endfacet
  facet normal 0 1 0
    outer loop
      vertex -14.614 27.695 2.5
      vertex 11.611 27.695 1
      vertex -14.614 27.695 1
    endloop
  endfacet
  facet normal 0 -1 0
    outer loop
      vertex -14.614 -12.879 1
      vertex 11.611 -12.879 2.5
      vertex -14.614 -12.879 2.5
    endloop
  endfacet
  facet normal 0 -1 -0
    outer loop
      vertex 11.611 -12.879 2.5
      vertex -14.614 -12.879 1
      vertex 11.611 -12.879 1
    endloop
  endfacet
  facet normal -1 0 0
    outer loop
      vertex 9.661 26.495 2.5
      vertex 9.661 19.995 2.89312
      vertex 9.661 26.495 3.7
    endloop
  endfacet
  facet normal -1 0 0
    outer loop
      vertex 9.661 26.495 2.5
      vertex 9.661 16.995 2.89312
      vertex 9.661 19.995 2.89312
    endloop
  endfacet
  facet normal -1 0 0
    outer loop
      vertex 9.661 16.995 2.89312
      vertex 9.661 -2.179 2.89312
      vertex 9.661 16.995 3.60688
    endloop
  endfacet
  facet normal -1 0 0
    outer loop
      vertex 9.661 26.495 2.5
      vertex 9.661 -2.179 2.89312
      vertex 9.661 16.995 2.89312
    endloop
  endfacet
  facet normal -1 0 0
    outer loop
      vertex 9.661 -10.929 2.5
      vertex 9.661 -2.179 2.89312
      vertex 9.661 26.495 2.5
    endloop
  endfacet
  facet normal -1 0 0
    outer loop
      vertex 9.661 -10.929 3.7
      vertex 9.661 -5.179 2.89312
      vertex 9.661 -10.929 2.5
    endloop
  endfacet
  facet normal -1 -0 0
    outer loop
      vertex 9.661 -2.179 2.89312
      vertex 9.661 -10.929 2.5
      vertex 9.661 -5.179 2.89312
    endloop
  endfacet
  facet normal -1 0 0
    outer loop
      vertex 9.661 19.995 3.60688
      vertex 9.661 26.495 3.7
      vertex 9.661 19.995 2.89312
    endloop
  endfacet
  facet normal -1 0 0
    outer loop
      vertex 9.661 16.995 3.60688
      vertex 9.661 26.495 3.7
      vertex 9.661 19.995 3.60688
    endloop
  endfacet
  facet normal -1 0 0
    outer loop
      vertex 9.661 -2.179 3.60688
      vertex 9.661 16.995 3.60688
      vertex 9.661 -2.179 2.89312
    endloop
  endfacet
  facet normal -1 0 0
    outer loop
      vertex 9.661 -2.179 3.60688
      vertex 9.661 26.495 3.7
      vertex 9.661 16.995 3.60688
    endloop
  endfacet
  facet normal -1 0 0
    outer loop
      vertex 9.661 -10.929 3.7
      vertex 9.661 -2.179 3.60688
      vertex 9.661 -5.179 3.60688
    endloop
  endfacet
  facet normal -1 0 0
    outer loop
      vertex 9.661 -2.179 3.60688
      vertex 9.661 -10.929 3.7
      vertex 9.661 26.495 3.7
    endloop
  endfacet
  facet normal -1 0 0
    outer loop
      vertex 9.661 -5.179 2.89312
      vertex 9.661 -10.929 3.7
      vertex 9.661 -5.179 3.60688
    endloop
  endfacet
  facet normal -1 0 0
    outer loop
      vertex 9.661 -11.679 2.5
      vertex 9.661 -11.529 3.7
      vertex 9.661 -11.529 2.5
    endloop
  endfacet
  facet normal -1 -0 0
    outer loop
      vertex 9.661 -11.529 3.7
      vertex 9.661 -11.679 2.5
      vertex 9.661 -11.679 3.7
    endloop
  endfacet
  facet normal 1 0 0
    outer loop
      vertex 10.261 19.995 2.81699
      vertex 10.261 26.495 3.7
      vertex 10.261 19.995 3.68301
    endloop
  endfacet
  facet normal 1 0 0
    outer loop
      vertex 10.261 26.495 3.7
      vertex 10.261 16.995 3.68301
      vertex 10.261 19.995 3.68301
    endloop
  endfacet
  facet normal 1 0 0
    outer loop
      vertex 10.261 16.995 3.68301
      vertex 10.261 -2.179 3.68301
      vertex 10.261 16.995 2.81699
    endloop
  endfacet
  facet normal 1 0 0
    outer loop
      vertex 10.261 26.495 3.7
      vertex 10.261 -2.179 3.68301
      vertex 10.261 16.995 3.68301
    endloop
  endfacet
  facet normal 1 0 0
    outer loop
      vertex 10.261 26.495 3.7
      vertex 10.261 -5.179 3.68301
      vertex 10.261 -2.179 3.68301
    endloop
  endfacet
  facet normal 1 0 0
    outer loop
      vertex 10.261 -5.179 3.68301
      vertex 10.261 -11.679 3.7
      vertex 10.261 -5.179 2.81699
    endloop
  endfacet
  facet normal 1 -0 0
    outer loop
      vertex 10.261 -11.679 3.7
      vertex 10.261 -5.179 3.68301
      vertex 10.261 26.495 3.7
    endloop
  endfacet
  facet normal 1 0 0
    outer loop
      vertex 10.261 26.495 3.7
      vertex 10.261 19.995 2.81699
      vertex 10.261 26.495 2.5
    endloop
  endfacet
  facet normal 1 -0 0
    outer loop
      vertex 10.261 16.995 2.81699
      vertex 10.261 26.495 2.5
      vertex 10.261 19.995 2.81699
    endloop
  endfacet
  facet normal 1 0 0
    outer loop
      vertex 10.261 -2.179 2.81699
      vertex 10.261 16.995 2.81699
      vertex 10.261 -2.179 3.68301
    endloop
  endfacet
  facet normal 1 -0 0
    outer loop
      vertex 10.261 -2.179 2.81699
      vertex 10.261 26.495 2.5
      vertex 10.261 16.995 2.81699
    endloop
  endfacet
  facet normal 1 0 0
    outer loop
      vertex 10.261 -11.679 2.5
      vertex 10.261 -2.179 2.81699
      vertex 10.261 -5.179 2.81699
    endloop
  endfacet
  facet normal 1 0 0
    outer loop
      vertex 10.261 -2.179 2.81699
      vertex 10.261 -11.679 2.5
      vertex 10.261 26.495 2.5
    endloop
  endfacet
  facet normal 1 0 0
    outer loop
      vertex 10.261 -11.679 2.5
      vertex 10.261 -5.179 2.81699
      vertex 10.261 -11.679 3.7
    endloop
  endfacet
  facet normal -0 0 1
    outer loop
      vertex -13.2317 16.995 3.7
      vertex -12.7963 -2.179 3.7
      vertex -12.7963 16.995 3.7
    endloop
  endfacet
  facet normal 0 0 1
    outer loop
      vertex -12.7963 -2.179 3.7
      vertex -13.2317 16.995 3.7
      vertex -13.2317 -2.179 3.7
    endloop
  endfacet
  facet normal 0 0 1
    outer loop
      vertex -12.7963 16.995 3.7
      vertex -12.664 26.495 3.7
      vertex -12.7963 19.995 3.7
    endloop
  endfacet
  facet normal -0 0 1
    outer loop
      vertex -13.264 26.495 3.7
      vertex -12.7963 19.995 3.7
      vertex -12.664 26.495 3.7
    endloop
  endfacet
  facet normal 0 0 0
    outer loop
      vertex -13.2317 19.995 3.7
      vertex -13.2317 -2.179 3.7
      vertex -13.2317 16.995 3.7
    endloop
  endfacet
  facet normal 0 0 0
    outer loop
      vertex -13.2317 19.995 3.7
      vertex -13.2317 -5.179 3.7
      vertex -13.2317 -2.179 3.7
    endloop
  endfacet
  facet normal 0 0 1
    outer loop
      vertex -13.2317 19.995 3.7
      vertex -13.264 26.495 3.7
      vertex -13.2317 -5.179 3.7
    endloop
  endfacet
  facet normal 0 0 1
    outer loop
      vertex -12.7963 19.995 3.7
      vertex -13.264 26.495 3.7
      vertex -13.2317 19.995 3.7
    endloop
  endfacet
  facet normal 0 0 1
    outer loop
      vertex -12.664 26.495 3.7
      vertex -12.7963 16.995 3.7
      vertex -12.664 -9.284 3.7
    endloop
  endfacet
  facet normal -0 0 1
    outer loop
      vertex -12.7963 -2.179 3.7
      vertex -12.664 -9.284 3.7
      vertex -12.7963 16.995 3.7
    endloop
  endfacet
  facet normal -0 0 1
    outer loop
      vertex -12.7963 -5.179 3.7
      vertex -12.664 -9.284 3.7
      vertex -12.7963 -2.179 3.7
    endloop
  endfacet
  facet normal 0 0 1
    outer loop
      vertex -12.7963 -5.179 3.7
      vertex -13 -9.284 3.7
      vertex -12.664 -9.284 3.7
    endloop
  endfacet
  facet normal 0 0 1
    outer loop
      vertex -13.264 -11.679 3.7
      vertex -13 -9.284 3.7
      vertex -13.2317 -5.179 3.7
    endloop
  endfacet
  facet normal -0 0 1
    outer loop
      vertex -13.2317 -5.179 3.7
      vertex -13 -9.284 3.7
      vertex -12.7963 -5.179 3.7
    endloop
  endfacet
  facet normal -0 0 1
    outer loop
      vertex -13 -10.884 3.7
      vertex -12.664 -10.929 3.7
      vertex -12.664 -10.884 3.7
    endloop
  endfacet
  facet normal 0 0 1
    outer loop
      vertex -12.664 -10.929 3.7
      vertex -13 -10.884 3.7
      vertex -12.664 -11.529 3.7
    endloop
  endfacet
  facet normal 0 0 1
    outer loop
      vertex -13.264 -11.679 3.7
      vertex -12.664 -11.529 3.7
      vertex -13 -10.884 3.7
    endloop
  endfacet
  facet normal 0 0 1
    outer loop
      vertex -12.664 -11.529 3.7
      vertex -13.264 -11.679 3.7
      vertex -12.664 -11.679 3.7
    endloop
  endfacet
  facet normal 0 0 1
    outer loop
      vertex -13 -9.284 3.7
      vertex -13.264 -11.679 3.7
      vertex -13 -10.884 3.7
    endloop
  endfacet
  facet normal 0 0 1
    outer loop
      vertex -13.264 -11.679 3.7
      vertex -13.2317 -5.179 3.7
      vertex -13.264 26.495 3.7
    endloop
  endfacet
  facet normal -0 0 1
    outer loop
      vertex -12.664 -10.929 3.7
      vertex 9.661 -11.529 3.7
      vertex 9.661 -10.929 3.7
    endloop
  endfacet
  facet normal 0 0 1
    outer loop
      vertex 9.661 -11.529 3.7
      vertex -12.664 -10.929 3.7
      vertex -12.664 -11.529 3.7
    endloop
  endfacet
  facet normal -0 0 1
    outer loop
      vertex 9.79331 16.995 3.7
      vertex 10.2287 -2.179 3.7
      vertex 10.2287 16.995 3.7
    endloop
  endfacet
  facet normal 0 0 1
    outer loop
      vertex 10.2287 -2.179 3.7
      vertex 9.79331 16.995 3.7
      vertex 9.79331 -2.179 3.7
    endloop
  endfacet
  facet normal 0 0 1
    outer loop
      vertex 10.261 26.495 3.7
      vertex 10.2287 19.995 3.7
      vertex 10.261 -11.679 3.7
    endloop
  endfacet
  facet normal 0 0 1
    outer loop
      vertex 10.261 26.495 3.7
      vertex 9.79331 19.995 3.7
      vertex 10.2287 19.995 3.7
    endloop
  endfacet
  facet normal 0 0 1
    outer loop
      vertex 9.661 26.495 3.7
      vertex 9.79331 16.995 3.7
      vertex 9.79331 19.995 3.7
    endloop
  endfacet
  facet normal 0 0 1
    outer loop
      vertex 9.79331 16.995 3.7
      vertex 9.661 26.495 3.7
      vertex 9.79331 -2.179 3.7
    endloop
  endfacet
  facet normal 0 0 1
    outer loop
      vertex 9.661 -10.929 3.7
      vertex 9.79331 -2.179 3.7
      vertex 9.661 26.495 3.7
    endloop
  endfacet
  facet normal -0 0 1
    outer loop
      vertex 9.661 26.495 3.7
      vertex 9.79331 19.995 3.7
      vertex 10.261 26.495 3.7
    endloop
  endfacet
  facet normal -0 0 1
    outer loop
      vertex 10.2287 16.995 3.7
      vertex 10.261 -11.679 3.7
      vertex 10.2287 19.995 3.7
    endloop
  endfacet
  facet normal -0 0 1
    outer loop
      vertex 10.2287 -2.179 3.7
      vertex 10.261 -11.679 3.7
      vertex 10.2287 16.995 3.7
    endloop
  endfacet
  facet normal -0 0 1
    outer loop
      vertex 10.2287 -5.179 3.7
      vertex 10.261 -11.679 3.7
      vertex 10.2287 -2.179 3.7
    endloop
  endfacet
  facet normal 0 0 1
    outer loop
      vertex 9.661 -10.929 3.7
      vertex 10.2287 -5.179 3.7
      vertex 9.79331 -5.179 3.7
    endloop
  endfacet
  facet normal 0 0 1
    outer loop
      vertex 9.79331 -2.179 3.7
      vertex 9.661 -10.929 3.7
      vertex 9.79331 -5.179 3.7
    endloop
  endfacet
  facet normal 0 0 1
    outer loop
      vertex 10.2287 -5.179 3.7
      vertex 9.661 -10.929 3.7
      vertex 10.261 -11.679 3.7
    endloop
  endfacet
  facet normal -0 0 1
    outer loop
      vertex 9.661 -11.529 3.7
      vertex 10.261 -11.679 3.7
      vertex 9.661 -10.929 3.7
    endloop
  endfacet
  facet normal 0 0 1
    outer loop
      vertex 10.261 -11.679 3.7
      vertex 9.661 -11.529 3.7
      vertex 9.661 -11.679 3.7
    endloop
  endfacet
  facet normal 0 1 -0
    outer loop
      vertex 10.261 26.495 2.5
      vertex 9.661 26.495 3.7
      vertex 10.261 26.495 3.7
    endloop
  endfacet
  facet normal 0 1 0
    outer loop
      vertex 9.661 26.495 3.7
      vertex 10.261 26.495 2.5
      vertex 9.661 26.495 2.5
    endloop
  endfacet
  facet normal 0 -1 0
    outer loop
      vertex 9.661 -11.679 2.5
      vertex 10.261 -11.679 3.7
      vertex 9.661 -11.679 3.7
    endloop
  endfacet
  facet normal 0 -1 -0
    outer loop
      vertex 10.261 -11.679 3.7
      vertex 9.661 -11.679 2.5
      vertex 10.261 -11.679 2.5
    endloop
  endfacet
  facet normal -1 0 0
    outer loop
      vertex -13.264 26.495 2.5
      vertex -13.264 19.995 2.81699
      vertex -13.264 26.495 3.7
    endloop
  endfacet
  facet normal -1 0 0
    outer loop
      vertex -13.264 26.495 2.5
      vertex -13.264 16.995 2.81699
      vertex -13.264 19.995 2.81699
    endloop
  endfacet
  facet normal -1 0 0
    outer loop
      vertex -13.264 16.995 2.81699
      vertex -13.264 -2.179 2.81699
      vertex -13.264 16.995 3.68301
    endloop
  endfacet
  facet normal -1 0 0
    outer loop
      vertex -13.264 26.495 2.5
      vertex -13.264 -2.179 2.81699
      vertex -13.264 16.995 2.81699
    endloop
  endfacet
  facet normal -1 0 0
    outer loop
      vertex -13.264 -11.679 2.5
      vertex -13.264 -2.179 2.81699
      vertex -13.264 26.495 2.5
    endloop
  endfacet
  facet normal -1 0 0
    outer loop
      vertex -13.264 -11.679 3.7
      vertex -13.264 -5.179 2.81699
      vertex -13.264 -11.679 2.5
    endloop
  endfacet
  facet normal -1 -0 0
    outer loop
      vertex -13.264 -2.179 2.81699
      vertex -13.264 -11.679 2.5
      vertex -13.264 -5.179 2.81699
    endloop
  endfacet
  facet normal -1 0 0
    outer loop
      vertex -13.264 19.995 3.68301
      vertex -13.264 26.495 3.7
      vertex -13.264 19.995 2.81699
    endloop
  endfacet
  facet normal -1 0 0
    outer loop
      vertex -13.264 16.995 3.68301
      vertex -13.264 26.495 3.7
      vertex -13.264 19.995 3.68301
    endloop
  endfacet
  facet normal -1 0 0
    outer loop
      vertex -13.264 -2.179 3.68301
      vertex -13.264 16.995 3.68301
      vertex -13.264 -2.179 2.81699
    endloop
  endfacet
  facet normal -1 0 0
    outer loop
      vertex -13.264 -2.179 3.68301
      vertex -13.264 26.495 3.7
      vertex -13.264 16.995 3.68301
    endloop
  endfacet
  facet normal -1 0 0
    outer loop
      vertex -13.264 -5.179 3.68301
      vertex -13.264 26.495 3.7
      vertex -13.264 -2.179 3.68301
    endloop
  endfacet
  facet normal -1 0 0
    outer loop
      vertex -13.264 -5.179 3.68301
      vertex -13.264 -11.679 3.7
      vertex -13.264 26.495 3.7
    endloop
  endfacet
  facet normal -1 0 0
    outer loop
      vertex -13.264 -5.179 2.81699
      vertex -13.264 -11.679 3.7
      vertex -13.264 -5.179 3.68301
    endloop
  endfacet
  facet normal 1 -0 0
    outer loop
      vertex -12.664 -10.929 3.7
      vertex -12.664 -10.884 2.5
      vertex -12.664 -10.884 3.7
    endloop
  endfacet
  facet normal 1 0 0
    outer loop
      vertex -12.664 -10.884 2.5
      vertex -12.664 -10.929 3.7
      vertex -12.664 -10.929 2.5
    endloop
  endfacet
  facet normal 1 -0 0
    outer loop
      vertex -12.664 -11.679 3.7
      vertex -12.664 -11.529 2.5
      vertex -12.664 -11.529 3.7
    endloop
  endfacet
  facet normal 1 0 0
    outer loop
      vertex -12.664 -11.529 2.5
      vertex -12.664 -11.679 3.7
      vertex -12.664 -11.679 2.5
    endloop
  endfacet
  facet normal 1 0 0
    outer loop
      vertex -12.664 19.995 2.89312
      vertex -12.664 26.495 3.7
      vertex -12.664 19.995 3.60688
    endloop
  endfacet
  facet normal 1 0 0
    outer loop
      vertex -12.664 26.495 3.7
      vertex -12.664 16.995 3.60688
      vertex -12.664 19.995 3.60688
    endloop
  endfacet
  facet normal 1 0 0
    outer loop
      vertex -12.664 16.995 3.60688
      vertex -12.664 -2.179 3.60688
      vertex -12.664 16.995 2.89312
    endloop
  endfacet
  facet normal 1 0 0
    outer loop
      vertex -12.664 26.495 3.7
      vertex -12.664 -2.179 3.60688
      vertex -12.664 16.995 3.60688
    endloop
  endfacet
  facet normal 1 -0 0
    outer loop
      vertex -12.664 -9.284 3.7
      vertex -12.664 -2.179 3.60688
      vertex -12.664 26.495 3.7
    endloop
  endfacet
  facet normal 1 0 0
    outer loop
      vertex -12.664 -5.179 3.60688
      vertex -12.664 -9.284 3.7
      vertex -12.664 -5.179 2.89312
    endloop
  endfacet
  facet normal 1 0 0
    outer loop
      vertex -12.664 -2.179 3.60688
      vertex -12.664 -9.284 3.7
      vertex -12.664 -5.179 3.60688
    endloop
  endfacet
  facet normal 1 0 0
    outer loop
      vertex -12.664 26.495 3.7
      vertex -12.664 19.995 2.89312
      vertex -12.664 26.495 2.5
    endloop
  endfacet
  facet normal 1 -0 0
    outer loop
      vertex -12.664 16.995 2.89312
      vertex -12.664 26.495 2.5
      vertex -12.664 19.995 2.89312
    endloop
  endfacet
  facet normal 1 0 0
    outer loop
      vertex -12.664 -2.179 2.89312
      vertex -12.664 16.995 2.89312
      vertex -12.664 -2.179 3.60688
    endloop
  endfacet
  facet normal 1 0 0
    outer loop
      vertex -12.664 -9.284 2.5
      vertex -12.664 16.995 2.89312
      vertex -12.664 -2.179 2.89312
    endloop
  endfacet
  facet normal 1 0 0
    outer loop
      vertex -12.664 -9.284 2.5
      vertex -12.664 -2.179 2.89312
      vertex -12.664 -5.179 2.89312
    endloop
  endfacet
  facet normal 1 0 0
    outer loop
      vertex -12.664 16.995 2.89312
      vertex -12.664 -9.284 2.5
      vertex -12.664 26.495 2.5
    endloop
  endfacet
  facet normal 1 0 0
    outer loop
      vertex -12.664 -9.284 2.5
      vertex -12.664 -5.179 2.89312
      vertex -12.664 -9.284 3.7
    endloop
  endfacet
  facet normal 0 -1 0
    outer loop
      vertex -13.264 -11.679 2.5
      vertex -12.664 -11.679 3.7
      vertex -13.264 -11.679 3.7
    endloop
  endfacet
  facet normal 0 -1 -0
    outer loop
      vertex -12.664 -11.679 3.7
      vertex -13.264 -11.679 2.5
      vertex -12.664 -11.679 2.5
    endloop
  endfacet
  facet normal 0 1 -0
    outer loop
      vertex -12.664 26.495 2.5
      vertex -13.264 26.495 3.7
      vertex -12.664 26.495 3.7
    endloop
  endfacet
  facet normal 0 1 0
    outer loop
      vertex -13.264 26.495 3.7
      vertex -12.664 26.495 2.5
      vertex -13.264 26.495 2.5
    endloop
  endfacet
  facet normal 0 1 -0
    outer loop
      vertex 9.661 -10.929 2.5
      vertex -12.664 -10.929 3.7
      vertex 9.661 -10.929 3.7
    endloop
  endfacet
  facet normal 0 1 0
    outer loop
      vertex -12.664 -10.929 3.7
      vertex 9.661 -10.929 2.5
      vertex -12.664 -10.929 2.5
    endloop
  endfacet
  facet normal 0 -1 0
    outer loop
      vertex -12.664 -11.529 2.5
      vertex 9.661 -11.529 3.7
      vertex -12.664 -11.529 3.7
    endloop
  endfacet
  facet normal 0 -1 -0
    outer loop
      vertex 9.661 -11.529 3.7
      vertex -12.664 -11.529 2.5
      vertex 9.661 -11.529 2.5
    endloop
  endfacet
  facet normal -0.995185 0.0980187 0
    outer loop
      vertex 9.32161 -3.46463 2.48
      vertex 9.3354 -3.32462 2.5
      vertex 9.3354 -3.32462 2.48
    endloop
  endfacet
  facet normal -0.995185 0.0980187 0
    outer loop
      vertex 9.3354 -3.32462 2.5
      vertex 9.32161 -3.46463 2.48
      vertex 9.32161 -3.46463 2.5
    endloop
  endfacet
  facet normal -0.703888 -0.0693281 0.706919
    outer loop
      vertex 9.3354 1.50662 2.48
      vertex 9.32161 1.64663 2.48
      vertex 8.13187 1.49 1.28
    endloop
  endfacet
  facet normal -0.448707 -0.546744 0.706918
    outer loop
      vertex 8.60759 2.98246 2.48
      vertex 8.49884 3.07171 2.48
      vertex 7.76832 2.11969 1.28
    endloop
  endfacet
  facet normal -0.644224 0.29196 0.70692
    outer loop
      vertex 9.11828 -4.13492 2.48
      vertex 8.06769 -3.54755 1.28
      vertex 8.04203 -3.60417 1.28
    endloop
  endfacet
  facet normal -0.411987 0.574921 0.706917
    outer loop
      vertex 8.38448 -4.97166 2.48
      vertex 8.49884 -4.88971 2.48
      vertex 7.71779 -3.9739 1.28
    endloop
  endfacet
  facet normal -0.0693282 -0.70389 0.706917
    outer loop
      vertex 7.47063 3.49761 2.48
      vertex 7.33062 3.5114 2.48
      vertex 7.25213 2.31397 1.28
    endloop
  endfacet
  facet normal 0.227086 -0.973875 0
    outer loop
      vertex 6.63354 3.44274 2.48
      vertex 6.77056 3.47469 2.5
      vertex 6.63354 3.44274 2.5
    endloop
  endfacet
  facet normal 0.227086 -0.973875 0
    outer loop
      vertex 6.77056 3.47469 2.5
      vertex 6.63354 3.44274 2.48
      vertex 6.77056 3.47469 2.48
    endloop
  endfacet
  facet normal -0.162912 -0.986641 0
    outer loop
      vertex 7.47063 3.49761 2.48
      vertex 7.60944 3.47469 2.5
      vertex 7.47063 3.49761 2.5
    endloop
  endfacet
  facet normal -0.162912 -0.986641 -0
    outer loop
      vertex 7.60944 3.47469 2.5
      vertex 7.47063 3.49761 2.48
      vertex 7.60944 3.47469 2.48
    endloop
  endfacet
  facet normal -0.333448 0.623762 0.706918
    outer loop
      vertex 8.14092 -5.11228 2.48
      vertex 8.265 -5.04595 2.48
      vertex 7.61017 -4.03603 1.28
    endloop
  endfacet
  facet normal 0.703888 0.0693281 0.706919
    outer loop
      vertex 5.05839 -3.46463 2.48
      vertex 6.24813 -3.308 1.28
      vertex 5.0446 -3.32462 2.48
    endloop
  endfacet
  facet normal 0.956939 0.290288 0
    outer loop
      vertex 5.1541 -3.87509 2.5
      vertex 5.11326 -3.74046 2.48
      vertex 5.11326 -3.74046 2.5
    endloop
  endfacet
  facet normal 0.956939 0.290288 0
    outer loop
      vertex 5.11326 -3.74046 2.48
      vertex 5.1541 -3.87509 2.5
      vertex 5.1541 -3.87509 2.48
    endloop
  endfacet
  facet normal 0.227086 0.973875 -0
    outer loop
      vertex 6.77056 -5.29269 2.48
      vertex 6.63354 -5.26074 2.5
      vertex 6.77056 -5.29269 2.5
    endloop
  endfacet
  facet normal 0.227086 0.973875 0
    outer loop
      vertex 6.63354 -5.26074 2.5
      vertex 6.77056 -5.29269 2.48
      vertex 6.63354 -5.26074 2.48
    endloop
  endfacet
  facet normal 0.986641 -0.162912 0
    outer loop
      vertex 5.05839 1.64663 2.5
      vertex 5.08131 1.78544 2.48
      vertex 5.08131 1.78544 2.5
    endloop
  endfacet
  facet normal 0.986641 -0.162912 0
    outer loop
      vertex 5.08131 1.78544 2.48
      vertex 5.05839 1.64663 2.5
      vertex 5.05839 1.64663 2.48
    endloop
  endfacet
  facet normal 0.729863 -0.683594 0
    outer loop
      vertex 5.57354 2.78359 2.5
      vertex 5.66972 2.88628 2.48
      vertex 5.66972 2.88628 2.5
    endloop
  endfacet
  facet normal 0.729863 -0.683594 0
    outer loop
      vertex 5.66972 2.88628 2.48
      vertex 5.57354 2.78359 2.5
      vertex 5.57354 2.78359 2.48
    endloop
  endfacet
  facet normal -0.600654 0.373473 0.706918
    outer loop
      vertex 8.97766 -4.37848 2.48
      vertex 9.05195 -4.259 2.48
      vertex 8.01272 -3.659 1.28
    endloop
  endfacet
  facet normal -0.703884 0.0693987 0.706916
    outer loop
      vertex 9.3354 -3.32462 2.48
      vertex 8.13797 -3.24613 1.28
      vertex 8.13187 -3.308 1.28
    endloop
  endfacet
  facet normal -0.995185 -0.0980187 0
    outer loop
      vertex 9.3354 1.50662 2.48
      vertex 9.32161 1.64663 2.5
      vertex 9.32161 1.64663 2.48
    endloop
  endfacet
  facet normal -0.995185 -0.0980187 0
    outer loop
      vertex 9.32161 1.64663 2.5
      vertex 9.3354 1.50662 2.48
      vertex 9.3354 1.50662 2.5
    endloop
  endfacet
  facet normal -0.706918 -0.0231249 0.706918
    outer loop
      vertex 9.34 1.366 2.48
      vertex 9.3354 1.50662 2.48
      vertex 8.14 1.366 1.28
    endloop
  endfacet
  facet normal -1 0 0
    outer loop
      vertex 9.34 -3.184 2.48
      vertex 9.34 1.366 2.5
      vertex 9.34 1.366 2.48
    endloop
  endfacet
  facet normal -1 -0 0
    outer loop
      vertex 9.34 1.366 2.5
      vertex 9.34 -3.184 2.48
      vertex 9.34 -3.184 2.5
    endloop
  endfacet
  facet normal -0.973875 -0.227086 0
    outer loop
      vertex 9.29869 1.78544 2.48
      vertex 9.26674 1.92246 2.5
      vertex 9.26674 1.92246 2.48
    endloop
  endfacet
  facet normal -0.973875 -0.227086 0
    outer loop
      vertex 9.26674 1.92246 2.5
      vertex 9.29869 1.78544 2.48
      vertex 9.29869 1.78544 2.5
    endloop
  endfacet
  facet normal 0.205305 -0.676844 0.706917
    outer loop
      vertex 6.94412 2.28363 1.28
      vertex 6.63354 3.44274 2.48
      vertex 6.4989 3.4019 2.48
    endloop
  endfacet
  facet normal -0.291889 -0.644257 0.706918
    outer loop
      vertex 8.14092 3.29428 2.48
      vertex 8.01277 3.35234 2.48
      vertex 7.61017 2.21803 1.28
    endloop
  endfacet
  facet normal -0.160617 0.688819 0.706916
    outer loop
      vertex 7.60944 -5.29269 2.48
      vertex 7.74646 -5.26074 2.48
      vertex 7.37534 -4.11575 1.28
    endloop
  endfacet
  facet normal 0.697859 -0.115134 0.70692
    outer loop
      vertex 6.24813 1.49 1.28
      vertex 6.25825 1.55134 1.28
      vertex 5.05839 1.64663 2.48
    endloop
  endfacet
  facet normal 0.483503 0.51623 0.706917
    outer loop
      vertex 5.77241 -4.80046 2.48
      vertex 6.56362 -3.89825 1.28
      vertex 5.66972 -4.70428 2.48
    endloop
  endfacet
  facet normal 0.373443 0.600672 0.706918
    outer loop
      vertex 6.715 -4.00672 1.28
      vertex 6.66221 -3.9739 1.28
      vertex 6.115 -5.04595 2.48
    endloop
  endfacet
  facet normal -0.52803 0.849226 0
    outer loop
      vertex 8.38448 -4.97166 2.48
      vertex 8.265 -5.04595 2.5
      vertex 8.38448 -4.97166 2.5
    endloop
  endfacet
  facet normal -0.52803 0.849226 0
    outer loop
      vertex 8.265 -5.04595 2.5
      vertex 8.38448 -4.97166 2.48
      vertex 8.265 -5.04595 2.48
    endloop
  endfacet
  facet normal -0.676839 0.205319 0.706918
    outer loop
      vertex 9.2259 -3.87509 2.48
      vertex 9.26674 -3.74046 2.48
      vertex 8.08958 -3.48937 1.28
    endloop
  endfacet
  facet normal -0.849226 0.52803 0
    outer loop
      vertex 8.97766 -4.37848 2.48
      vertex 9.05195 -4.259 2.5
      vertex 9.05195 -4.259 2.48
    endloop
  endfacet
  facet normal -0.849226 0.52803 0
    outer loop
      vertex 9.05195 -4.259 2.5
      vertex 8.97766 -4.37848 2.48
      vertex 8.97766 -4.37848 2.5
    endloop
  endfacet
  facet normal -0.999465 0.0326948 0
    outer loop
      vertex 9.3354 -3.32462 2.48
      vertex 9.34 -3.184 2.5
      vertex 9.34 -3.184 2.48
    endloop
  endfacet
  facet normal -0.999465 0.0326948 0
    outer loop
      vertex 9.34 -3.184 2.5
      vertex 9.3354 -3.32462 2.48
      vertex 9.3354 -3.32462 2.5
    endloop
  endfacet
  facet normal -0.707107 0 0.707107
    outer loop
      vertex 8.14 -3.184 1.28
      vertex 9.34 1.366 2.48
      vertex 8.14 1.366 1.28
    endloop
  endfacet
  facet normal -0.707107 0 0.707107
    outer loop
      vertex 9.34 1.366 2.48
      vertex 8.14 -3.184 1.28
      vertex 9.34 -3.184 2.48
    endloop
  endfacet
  facet normal -0.70692 -0.0230975 0.706917
    outer loop
      vertex 8.14 1.366 1.28
      vertex 9.3354 1.50662 2.48
      vertex 8.13797 1.42813 1.28
    endloop
  endfacet
  facet normal -0.703884 -0.0693987 0.706916
    outer loop
      vertex 8.13797 1.42813 1.28
      vertex 9.3354 1.50662 2.48
      vertex 8.13187 1.49 1.28
    endloop
  endfacet
  facet normal -0.688818 -0.160617 0.706917
    outer loop
      vertex 9.29869 1.78544 2.48
      vertex 9.26674 1.92246 2.48
      vertex 8.10763 1.61188 1.28
    endloop
  endfacet
  facet normal -0.47144 -0.881898 0
    outer loop
      vertex 8.14092 3.29428 2.48
      vertex 8.265 3.22795 2.5
      vertex 8.14092 3.29428 2.5
    endloop
  endfacet
  facet normal -0.47144 -0.881898 -0
    outer loop
      vertex 8.265 3.22795 2.5
      vertex 8.14092 3.29428 2.48
      vertex 8.265 3.22795 2.48
    endloop
  endfacet
  facet normal 0.0326948 -0.999465 0
    outer loop
      vertex 7.04938 3.5114 2.48
      vertex 7.19 3.516 2.5
      vertex 7.04938 3.5114 2.5
    endloop
  endfacet
  facet normal 0.0326948 -0.999465 0
    outer loop
      vertex 7.19 3.516 2.5
      vertex 7.04938 3.5114 2.48
      vertex 7.19 3.516 2.48
    endloop
  endfacet
  facet normal -0.0980187 -0.995185 0
    outer loop
      vertex 7.33062 3.5114 2.48
      vertex 7.47063 3.49761 2.5
      vertex 7.33062 3.5114 2.5
    endloop
  endfacet
  facet normal -0.0980187 -0.995185 -0
    outer loop
      vertex 7.47063 3.49761 2.5
      vertex 7.33062 3.5114 2.48
      vertex 7.47063 3.49761 2.48
    endloop
  endfacet
  facet normal 0.0231249 -0.706918 0.706917
    outer loop
      vertex 7.12787 2.31397 1.28
      vertex 7.19 3.516 2.48
      vertex 7.04938 3.5114 2.48
    endloop
  endfacet
  facet normal 0.661957 -0.249158 0.706919
    outer loop
      vertex 6.29042 1.67137 1.28
      vertex 5.20366 2.18877 2.48
      vertex 5.1541 2.0571 2.48
    endloop
  endfacet
  facet normal 0.703884 -0.0693987 0.706916
    outer loop
      vertex 6.24203 1.42813 1.28
      vertex 6.24813 1.49 1.28
      vertex 5.0446 1.50662 2.48
    endloop
  endfacet
  facet normal 0.448708 0.546745 0.706917
    outer loop
      vertex 5.88116 -4.88971 2.48
      vertex 6.56362 -3.89825 1.28
      vertex 5.77241 -4.80046 2.48
    endloop
  endfacet
  facet normal -0.574921 0.411987 0.706918
    outer loop
      vertex 8.89571 -4.49284 2.48
      vertex 8.97766 -4.37848 2.48
      vertex 7.94369 -3.76232 1.28
    endloop
  endfacet
  facet normal -0.516193 0.48354 0.706919
    outer loop
      vertex 8.71028 -4.70428 2.48
      vertex 7.90425 -3.81038 1.28
      vertex 7.86175 -3.85575 1.28
    endloop
  endfacet
  facet normal -0.516256 0.483478 0.706915
    outer loop
      vertex 8.71028 -4.70428 2.48
      vertex 8.80645 -4.60159 2.48
      vertex 7.90425 -3.81038 1.28
    endloop
  endfacet
  facet normal -0.683594 0.729863 0
    outer loop
      vertex 8.71028 -4.70428 2.48
      vertex 8.60759 -4.80046 2.5
      vertex 8.71028 -4.70428 2.5
    endloop
  endfacet
  facet normal -0.683594 0.729863 0
    outer loop
      vertex 8.60759 -4.80046 2.5
      vertex 8.71028 -4.70428 2.48
      vertex 8.60759 -4.80046 2.48
    endloop
  endfacet
  facet normal -0.373474 0.600655 0.706917
    outer loop
      vertex 8.265 -5.04595 2.48
      vertex 8.38448 -4.97166 2.48
      vertex 7.71779 -3.9739 1.28
    endloop
  endfacet
  facet normal -0.352245 0.935908 0
    outer loop
      vertex 8.01277 -5.17034 2.48
      vertex 7.88109 -5.2199 2.5
      vertex 8.01277 -5.17034 2.5
    endloop
  endfacet
  facet normal -0.352245 0.935908 0
    outer loop
      vertex 7.88109 -5.2199 2.5
      vertex 8.01277 -5.17034 2.48
      vertex 7.88109 -5.2199 2.48
    endloop
  endfacet
  facet normal -0.661965 0.249142 0.706916
    outer loop
      vertex 9.17634 -4.00677 2.48
      vertex 9.2259 -3.87509 2.48
      vertex 8.06769 -3.54755 1.28
    endloop
  endfacet
  facet normal -0.623763 0.333448 0.706918
    outer loop
      vertex 9.05195 -4.259 2.48
      vertex 9.11828 -4.13492 2.48
      vertex 8.01272 -3.659 1.28
    endloop
  endfacet
  facet normal -0.706918 0.0231249 0.706918
    outer loop
      vertex 9.3354 -3.32462 2.48
      vertex 9.34 -3.184 2.48
      vertex 8.14 -3.184 1.28
    endloop
  endfacet
  facet normal -0.70692 0.0230975 0.706917
    outer loop
      vertex 9.3354 -3.32462 2.48
      vertex 8.14 -3.184 1.28
      vertex 8.13797 -3.24613 1.28
    endloop
  endfacet
  facet normal -0.999465 -0.0326948 0
    outer loop
      vertex 9.34 1.366 2.48
      vertex 9.3354 1.50662 2.5
      vertex 9.3354 1.50662 2.48
    endloop
  endfacet
  facet normal -0.999465 -0.0326948 0
    outer loop
      vertex 9.3354 1.50662 2.5
      vertex 9.34 1.366 2.48
      vertex 9.34 1.366 2.5
    endloop
  endfacet
  facet normal -0.676829 -0.205358 0.706916
    outer loop
      vertex 8.10763 1.61188 1.28
      vertex 9.26674 1.92246 2.48
      vertex 8.08958 1.67137 1.28
    endloop
  endfacet
  facet normal -0.697846 -0.115227 0.706919
    outer loop
      vertex 9.32161 1.64663 2.48
      vertex 9.29869 1.78544 2.48
      vertex 8.13187 1.49 1.28
    endloop
  endfacet
  facet normal -0.574921 -0.411987 0.706918
    outer loop
      vertex 8.97766 2.56048 2.48
      vertex 8.89571 2.67484 2.48
      vertex 7.94369 1.94432 1.28
    endloop
  endfacet
  facet normal -0.935899 -0.352268 0
    outer loop
      vertex 9.2259 2.0571 2.48
      vertex 9.17634 2.18877 2.5
      vertex 9.17634 2.18877 2.48
    endloop
  endfacet
  facet normal -0.935899 -0.352268 0
    outer loop
      vertex 9.17634 2.18877 2.5
      vertex 9.2259 2.0571 2.48
      vertex 9.2259 2.0571 2.5
    endloop
  endfacet
  facet normal -0.115227 -0.697848 0.706917
    outer loop
      vertex 7.60944 3.47469 2.48
      vertex 7.47063 3.49761 2.48
      vertex 7.37534 2.29775 1.28
    endloop
  endfacet
  facet normal -0.373473 -0.600654 0.706918
    outer loop
      vertex 8.38448 3.15366 2.48
      vertex 8.265 3.22795 2.48
      vertex 7.665 2.18872 1.28
    endloop
  endfacet
  facet normal -0.634398 -0.773006 0
    outer loop
      vertex 8.49884 3.07171 2.48
      vertex 8.60759 2.98246 2.5
      vertex 8.49884 3.07171 2.5
    endloop
  endfacet
  facet normal -0.634398 -0.773006 -0
    outer loop
      vertex 8.60759 2.98246 2.5
      vertex 8.49884 3.07171 2.48
      vertex 8.60759 2.98246 2.48
    endloop
  endfacet
  facet normal -0.411987 -0.574921 0.706917
    outer loop
      vertex 8.49884 3.07171 2.48
      vertex 8.38448 3.15366 2.48
      vertex 7.71779 2.1559 1.28
    endloop
  endfacet
  facet normal -0.0231249 -0.706918 0.706917
    outer loop
      vertex 7.25213 2.31397 1.28
      vertex 7.33062 3.5114 2.48
      vertex 7.19 3.516 2.48
    endloop
  endfacet
  facet normal 0.291919 -0.644246 0.706916
    outer loop
      vertex 6.76982 2.21803 1.28
      vertex 6.82645 2.24369 1.28
      vertex 6.36723 3.35234 2.48
    endloop
  endfacet
  facet normal 0.683594 -0.729863 0
    outer loop
      vertex 5.66972 2.88628 2.48
      vertex 5.77241 2.98246 2.5
      vertex 5.66972 2.88628 2.5
    endloop
  endfacet
  facet normal 0.683594 -0.729863 0
    outer loop
      vertex 5.77241 2.98246 2.5
      vertex 5.66972 2.88628 2.48
      vertex 5.77241 2.98246 2.48
    endloop
  endfacet
  facet normal 0.0230974 -0.706918 0.706918
    outer loop
      vertex 7.19 2.316 1.28
      vertex 7.19 3.516 2.48
      vertex 7.12787 2.31397 1.28
    endloop
  endfacet
  facet normal -0.227086 0.973875 0
    outer loop
      vertex 7.74646 -5.26074 2.48
      vertex 7.60944 -5.29269 2.5
      vertex 7.74646 -5.26074 2.5
    endloop
  endfacet
  facet normal -0.227086 0.973875 0
    outer loop
      vertex 7.60944 -5.29269 2.5
      vertex 7.74646 -5.26074 2.48
      vertex 7.60944 -5.29269 2.48
    endloop
  endfacet
  facet normal -0.0693281 0.703888 0.706919
    outer loop
      vertex 7.33062 -5.3294 2.48
      vertex 7.47063 -5.31561 2.48
      vertex 7.314 -4.12587 1.28
    endloop
  endfacet
  facet normal -0.162912 0.986641 0
    outer loop
      vertex 7.60944 -5.29269 2.48
      vertex 7.47063 -5.31561 2.5
      vertex 7.60944 -5.29269 2.5
    endloop
  endfacet
  facet normal -0.162912 0.986641 0
    outer loop
      vertex 7.47063 -5.31561 2.5
      vertex 7.60944 -5.29269 2.48
      vertex 7.47063 -5.31561 2.48
    endloop
  endfacet
  facet normal 0.0231249 0.706918 0.706918
    outer loop
      vertex 7.19 -5.334 2.48
      vertex 7.19 -4.134 1.28
      vertex 7.04938 -5.3294 2.48
    endloop
  endfacet
  facet normal 0.291918 0.644245 0.706918
    outer loop
      vertex 6.82645 -4.06169 1.28
      vertex 6.76982 -4.03603 1.28
      vertex 6.23908 -5.11228 2.48
    endloop
  endfacet
  facet normal 0.644228 -0.291962 0.706915
    outer loop
      vertex 6.31231 1.72955 1.28
      vertex 6.33797 1.78617 1.28
      vertex 5.20366 2.18877 2.48
    endloop
  endfacet
  facet normal 0.411989 -0.574919 0.706918
    outer loop
      vertex 6.61168 2.11969 1.28
      vertex 6.66221 2.1559 1.28
      vertex 5.88116 3.07171 2.48
    endloop
  endfacet
  facet normal 0.703888 -0.0693281 0.706919
    outer loop
      vertex 6.24813 1.49 1.28
      vertex 5.05839 1.64663 2.48
      vertex 5.0446 1.50662 2.48
    endloop
  endfacet
  facet normal 0.706918 -0.0231249 0.706918
    outer loop
      vertex 6.24 1.366 1.28
      vertex 5.0446 1.50662 2.48
      vertex 5.04 1.366 2.48
    endloop
  endfacet
  facet normal 0.70692 0.0230975 0.706917
    outer loop
      vertex 6.24203 -3.24613 1.28
      vertex 6.24 -3.184 1.28
      vertex 5.0446 -3.32462 2.48
    endloop
  endfacet
  facet normal 0.706918 0.0231249 0.706918
    outer loop
      vertex 5.0446 -3.32462 2.48
      vertex 6.24 -3.184 1.28
      vertex 5.04 -3.184 2.48
    endloop
  endfacet
  facet normal 0.703884 0.0693987 0.706916
    outer loop
      vertex 6.24813 -3.308 1.28
      vertex 6.24203 -3.24613 1.28
      vertex 5.0446 -3.32462 2.48
    endloop
  endfacet
  facet normal 0.688819 0.160617 0.706916
    outer loop
      vertex 5.11326 -3.74046 2.48
      vertex 6.25825 -3.36934 1.28
      vertex 5.08131 -3.60344 2.48
    endloop
  endfacet
  facet normal 0.683594 0.729863 -0
    outer loop
      vertex 5.77241 -4.80046 2.48
      vertex 5.66972 -4.70428 2.5
      vertex 5.77241 -4.80046 2.5
    endloop
  endfacet
  facet normal 0.683594 0.729863 0
    outer loop
      vertex 5.66972 -4.70428 2.5
      vertex 5.77241 -4.80046 2.48
      vertex 5.66972 -4.70428 2.48
    endloop
  endfacet
  facet normal -0.48354 0.516193 0.706919
    outer loop
      vertex 8.71028 -4.70428 2.48
      vertex 7.86175 -3.85575 1.28
      vertex 7.81638 -3.89825 1.28
    endloop
  endfacet
  facet normal -0.483503 0.51623 0.706917
    outer loop
      vertex 8.60759 -4.80046 2.48
      vertex 8.71028 -4.70428 2.48
      vertex 7.81638 -3.89825 1.28
    endloop
  endfacet
  facet normal -0.574919 0.41199 0.706917
    outer loop
      vertex 8.97766 -4.37848 2.48
      vertex 7.9799 -3.71179 1.28
      vertex 7.94369 -3.76232 1.28
    endloop
  endfacet
  facet normal -0.729898 0.683556 0
    outer loop
      vertex 8.71028 -4.70428 2.48
      vertex 8.80645 -4.60159 2.5
      vertex 8.80645 -4.60159 2.48
    endloop
  endfacet
  facet normal -0.729898 0.683556 0
    outer loop
      vertex 8.80645 -4.60159 2.5
      vertex 8.71028 -4.70428 2.48
      vertex 8.71028 -4.70428 2.5
    endloop
  endfacet
  facet normal -0.772971 0.634441 0
    outer loop
      vertex 8.80645 -4.60159 2.48
      vertex 8.89571 -4.49284 2.5
      vertex 8.89571 -4.49284 2.48
    endloop
  endfacet
  facet normal -0.772971 0.634441 0
    outer loop
      vertex 8.89571 -4.49284 2.5
      vertex 8.80645 -4.60159 2.48
      vertex 8.80645 -4.60159 2.5
    endloop
  endfacet
  facet normal -0.812844 0.582481 0
    outer loop
      vertex 8.89571 -4.49284 2.48
      vertex 8.97766 -4.37848 2.5
      vertex 8.97766 -4.37848 2.48
    endloop
  endfacet
  facet normal -0.812844 0.582481 0
    outer loop
      vertex 8.97766 -4.37848 2.5
      vertex 8.89571 -4.49284 2.48
      vertex 8.89571 -4.49284 2.5
    endloop
  endfacet
  facet normal -0.448691 0.546757 0.706918
    outer loop
      vertex 8.49884 -4.88971 2.48
      vertex 7.81638 -3.89825 1.28
      vertex 7.76832 -3.93769 1.28
    endloop
  endfacet
  facet normal -0.448708 0.546745 0.706917
    outer loop
      vertex 8.49884 -4.88971 2.48
      vertex 8.60759 -4.80046 2.48
      vertex 7.81638 -3.89825 1.28
    endloop
  endfacet
  facet normal -0.249071 0.661989 0.706919
    outer loop
      vertex 7.88109 -5.2199 2.48
      vertex 7.55355 -4.06169 1.28
      vertex 7.49537 -4.08358 1.28
    endloop
  endfacet
  facet normal -0.205319 0.67684 0.706917
    outer loop
      vertex 7.74646 -5.26074 2.48
      vertex 7.88109 -5.2199 2.48
      vertex 7.43588 -4.10163 1.28
    endloop
  endfacet
  facet normal -0.29196 0.644224 0.70692
    outer loop
      vertex 8.14092 -5.11228 2.48
      vertex 7.61017 -4.03603 1.28
      vertex 7.55355 -4.06169 1.28
    endloop
  endfacet
  facet normal -0.676829 0.205358 0.706916
    outer loop
      vertex 9.26674 -3.74046 2.48
      vertex 8.10763 -3.42988 1.28
      vertex 8.08958 -3.48937 1.28
    endloop
  endfacet
  facet normal -0.703888 0.0693281 0.706919
    outer loop
      vertex 9.32161 -3.46463 2.48
      vertex 9.3354 -3.32462 2.48
      vertex 8.13187 -3.308 1.28
    endloop
  endfacet
  facet normal -0.644259 0.29189 0.706916
    outer loop
      vertex 9.11828 -4.13492 2.48
      vertex 9.17634 -4.00677 2.48
      vertex 8.06769 -3.54755 1.28
    endloop
  endfacet
  facet normal -0.623766 0.333441 0.706918
    outer loop
      vertex 9.11828 -4.13492 2.48
      vertex 8.04203 -3.60417 1.28
      vertex 8.01272 -3.659 1.28
    endloop
  endfacet
  facet normal -0.986641 0.162912 0
    outer loop
      vertex 9.29869 -3.60344 2.48
      vertex 9.32161 -3.46463 2.5
      vertex 9.32161 -3.46463 2.48
    endloop
  endfacet
  facet normal -0.986641 0.162912 0
    outer loop
      vertex 9.32161 -3.46463 2.5
      vertex 9.29869 -3.60344 2.48
      vertex 9.29869 -3.60344 2.5
    endloop
  endfacet
  facet normal -0.697865 -0.115135 0.706915
    outer loop
      vertex 8.13187 1.49 1.28
      vertex 9.29869 1.78544 2.48
      vertex 8.12175 1.55134 1.28
    endloop
  endfacet
  facet normal -0.661959 -0.249158 0.706916
    outer loop
      vertex 9.2259 2.0571 2.48
      vertex 9.17634 2.18877 2.48
      vertex 8.06769 1.72955 1.28
    endloop
  endfacet
  facet normal -0.986641 -0.162912 0
    outer loop
      vertex 9.32161 1.64663 2.48
      vertex 9.29869 1.78544 2.5
      vertex 9.29869 1.78544 2.48
    endloop
  endfacet
  facet normal -0.986641 -0.162912 0
    outer loop
      vertex 9.29869 1.78544 2.5
      vertex 9.32161 1.64663 2.48
      vertex 9.32161 1.64663 2.5
    endloop
  endfacet
  facet normal -0.516193 -0.48354 0.706919
    outer loop
      vertex 7.90425 1.99238 1.28
      vertex 8.71028 2.88628 2.48
      vertex 7.86175 2.03775 1.28
    endloop
  endfacet
  facet normal -0.729898 -0.683556 0
    outer loop
      vertex 8.80645 2.78359 2.48
      vertex 8.71028 2.88628 2.5
      vertex 8.71028 2.88628 2.48
    endloop
  endfacet
  facet normal -0.729898 -0.683556 0
    outer loop
      vertex 8.71028 2.88628 2.5
      vertex 8.80645 2.78359 2.48
      vertex 8.80645 2.78359 2.5
    endloop
  endfacet
  facet normal -0.600654 -0.373473 0.706918
    outer loop
      vertex 9.05195 2.441 2.48
      vertex 8.97766 2.56048 2.48
      vertex 8.01272 1.841 1.28
    endloop
  endfacet
  facet normal -0.956945 -0.290268 0
    outer loop
      vertex 9.26674 1.92246 2.48
      vertex 9.2259 2.0571 2.5
      vertex 9.2259 2.0571 2.48
    endloop
  endfacet
  facet normal -0.956945 -0.290268 0
    outer loop
      vertex 9.2259 2.0571 2.5
      vertex 9.26674 1.92246 2.48
      vertex 9.26674 1.92246 2.5
    endloop
  endfacet
  facet normal -0.160617 -0.688819 0.706916
    outer loop
      vertex 7.74646 3.44274 2.48
      vertex 7.60944 3.47469 2.48
      vertex 7.37534 2.29775 1.28
    endloop
  endfacet
  facet normal -0.249141 -0.661964 0.706918
    outer loop
      vertex 8.01277 3.35234 2.48
      vertex 7.88109 3.4019 2.48
      vertex 7.49537 2.26558 1.28
    endloop
  endfacet
  facet normal -0.160654 -0.688809 0.706918
    outer loop
      vertex 7.43588 2.28363 1.28
      vertex 7.74646 3.44274 2.48
      vertex 7.37534 2.29775 1.28
    endloop
  endfacet
  facet normal -0.411989 -0.574919 0.706918
    outer loop
      vertex 7.76832 2.11969 1.28
      vertex 8.49884 3.07171 2.48
      vertex 7.71779 2.1559 1.28
    endloop
  endfacet
  facet normal -0.333448 -0.623762 0.706918
    outer loop
      vertex 8.265 3.22795 2.48
      vertex 8.14092 3.29428 2.48
      vertex 7.61017 2.21803 1.28
    endloop
  endfacet
  facet normal -0.373444 -0.600674 0.706916
    outer loop
      vertex 7.71779 2.1559 1.28
      vertex 8.38448 3.15366 2.48
      vertex 7.665 2.18872 1.28
    endloop
  endfacet
  facet normal -0.0326948 -0.999465 0
    outer loop
      vertex 7.19 3.516 2.48
      vertex 7.33062 3.5114 2.5
      vertex 7.19 3.516 2.5
    endloop
  endfacet
  facet normal -0.0326948 -0.999465 -0
    outer loop
      vertex 7.33062 3.5114 2.5
      vertex 7.19 3.516 2.48
      vertex 7.33062 3.5114 2.48
    endloop
  endfacet
  facet normal 0.333488 -0.62374 0.706919
    outer loop
      vertex 6.715 2.18872 1.28
      vertex 6.76982 2.21803 1.28
      vertex 6.115 3.22795 2.48
    endloop
  endfacet
  facet normal 0.115227 -0.697848 0.706917
    outer loop
      vertex 7.00466 2.29775 1.28
      vertex 6.90937 3.49761 2.48
      vertex 6.77056 3.47469 2.48
    endloop
  endfacet
  facet normal 0.115134 -0.697859 0.70692
    outer loop
      vertex 7.00466 2.29775 1.28
      vertex 7.066 2.30787 1.28
      vertex 6.90937 3.49761 2.48
    endloop
  endfacet
  facet normal 0.160617 -0.688819 0.706916
    outer loop
      vertex 7.00466 2.29775 1.28
      vertex 6.77056 3.47469 2.48
      vertex 6.63354 3.44274 2.48
    endloop
  endfacet
  facet normal 0.0693282 -0.70389 0.706917
    outer loop
      vertex 7.12787 2.31397 1.28
      vertex 7.04938 3.5114 2.48
      vertex 6.90937 3.49761 2.48
    endloop
  endfacet
  facet normal 0.0980187 -0.995185 0
    outer loop
      vertex 6.90937 3.49761 2.48
      vertex 7.04938 3.5114 2.5
      vertex 6.90937 3.49761 2.5
    endloop
  endfacet
  facet normal 0.0980187 -0.995185 0
    outer loop
      vertex 7.04938 3.5114 2.5
      vertex 6.90937 3.49761 2.48
      vertex 7.04938 3.5114 2.48
    endloop
  endfacet
  facet normal -0.582481 -0.812844 0
    outer loop
      vertex 8.38448 3.15366 2.48
      vertex 8.49884 3.07171 2.5
      vertex 8.38448 3.15366 2.5
    endloop
  endfacet
  facet normal -0.582481 -0.812844 -0
    outer loop
      vertex 8.49884 3.07171 2.5
      vertex 8.38448 3.15366 2.48
      vertex 8.49884 3.07171 2.48
    endloop
  endfacet
  facet normal -0.0980187 0.995185 0
    outer loop
      vertex 7.47063 -5.31561 2.48
      vertex 7.33062 -5.3294 2.5
      vertex 7.47063 -5.31561 2.5
    endloop
  endfacet
  facet normal -0.0980187 0.995185 0
    outer loop
      vertex 7.33062 -5.3294 2.5
      vertex 7.47063 -5.31561 2.48
      vertex 7.33062 -5.3294 2.48
    endloop
  endfacet
  facet normal -0.115227 0.697846 0.706919
    outer loop
      vertex 7.47063 -5.31561 2.48
      vertex 7.60944 -5.29269 2.48
      vertex 7.314 -4.12587 1.28
    endloop
  endfacet
  facet normal -0.115135 0.697865 0.706915
    outer loop
      vertex 7.60944 -5.29269 2.48
      vertex 7.37534 -4.11575 1.28
      vertex 7.314 -4.12587 1.28
    endloop
  endfacet
  facet normal -0.290288 0.956939 0
    outer loop
      vertex 7.88109 -5.2199 2.48
      vertex 7.74646 -5.26074 2.5
      vertex 7.88109 -5.2199 2.5
    endloop
  endfacet
  facet normal -0.290288 0.956939 0
    outer loop
      vertex 7.74646 -5.26074 2.5
      vertex 7.88109 -5.2199 2.48
      vertex 7.74646 -5.26074 2.48
    endloop
  endfacet
  facet normal 0.0326948 0.999465 -0
    outer loop
      vertex 7.19 -5.334 2.48
      vertex 7.04938 -5.3294 2.5
      vertex 7.19 -5.334 2.5
    endloop
  endfacet
  facet normal 0.0326948 0.999465 0
    outer loop
      vertex 7.04938 -5.3294 2.5
      vertex 7.19 -5.334 2.48
      vertex 7.04938 -5.3294 2.48
    endloop
  endfacet
  facet normal 0.0693281 0.703888 0.706919
    outer loop
      vertex 7.04938 -5.3294 2.48
      vertex 7.066 -4.12587 1.28
      vertex 6.90937 -5.31561 2.48
    endloop
  endfacet
  facet normal 0.333488 0.62374 0.706919
    outer loop
      vertex 6.76982 -4.03603 1.28
      vertex 6.715 -4.00672 1.28
      vertex 6.115 -5.04595 2.48
    endloop
  endfacet
  facet normal 0.333448 0.623764 0.706917
    outer loop
      vertex 6.23908 -5.11228 2.48
      vertex 6.76982 -4.03603 1.28
      vertex 6.115 -5.04595 2.48
    endloop
  endfacet
  facet normal 0.676829 -0.205358 0.706916
    outer loop
      vertex 6.27237 1.61188 1.28
      vertex 6.29042 1.67137 1.28
      vertex 5.11326 1.92246 2.48
    endloop
  endfacet
  facet normal 0.676843 -0.205305 0.706919
    outer loop
      vertex 6.29042 1.67137 1.28
      vertex 5.1541 2.0571 2.48
      vertex 5.11326 1.92246 2.48
    endloop
  endfacet
  facet normal 0.910875 -0.412683 0
    outer loop
      vertex 5.20366 2.18877 2.5
      vertex 5.26172 2.31692 2.48
      vertex 5.26172 2.31692 2.5
    endloop
  endfacet
  facet normal 0.910875 -0.412683 0
    outer loop
      vertex 5.26172 2.31692 2.48
      vertex 5.20366 2.18877 2.5
      vertex 5.20366 2.18877 2.48
    endloop
  endfacet
  facet normal 0.60063 -0.373508 0.70692
    outer loop
      vertex 6.36728 1.841 1.28
      vertex 5.40234 2.56048 2.48
      vertex 5.32804 2.441 2.48
    endloop
  endfacet
  facet normal 0.546744 -0.448707 0.706918
    outer loop
      vertex 6.43631 1.94432 1.28
      vertex 5.57354 2.78359 2.48
      vertex 5.48429 2.67484 2.48
    endloop
  endfacet
  facet normal 0.773006 -0.634398 0
    outer loop
      vertex 5.48429 2.67484 2.5
      vertex 5.57354 2.78359 2.48
      vertex 5.57354 2.78359 2.5
    endloop
  endfacet
  facet normal 0.773006 -0.634398 0
    outer loop
      vertex 5.57354 2.78359 2.48
      vertex 5.48429 2.67484 2.5
      vertex 5.48429 2.67484 2.48
    endloop
  endfacet
  facet normal 0.707107 -0 0.707107
    outer loop
      vertex 5.04 -3.184 2.48
      vertex 6.24 1.366 1.28
      vertex 5.04 1.366 2.48
    endloop
  endfacet
  facet normal 0.707107 0 0.707107
    outer loop
      vertex 6.24 1.366 1.28
      vertex 5.04 -3.184 2.48
      vertex 6.24 -3.184 1.28
    endloop
  endfacet
  facet normal 0.697848 0.115227 0.706917
    outer loop
      vertex 5.08131 -3.60344 2.48
      vertex 6.25825 -3.36934 1.28
      vertex 5.05839 -3.46463 2.48
    endloop
  endfacet
  facet normal 0.623766 0.333441 0.706918
    outer loop
      vertex 6.36728 -3.659 1.28
      vertex 6.33797 -3.60417 1.28
      vertex 5.26172 -4.13492 2.48
    endloop
  endfacet
  facet normal 0.644259 0.29189 0.706916
    outer loop
      vertex 5.26172 -4.13492 2.48
      vertex 6.31231 -3.54755 1.28
      vertex 5.20366 -4.00677 2.48
    endloop
  endfacet
  facet normal 0.60063 0.373508 0.70692
    outer loop
      vertex 5.40234 -4.37848 2.48
      vertex 6.36728 -3.659 1.28
      vertex 5.32804 -4.259 2.48
    endloop
  endfacet
  facet normal 0.773006 0.634398 0
    outer loop
      vertex 5.57354 -4.60159 2.5
      vertex 5.48429 -4.49284 2.48
      vertex 5.48429 -4.49284 2.5
    endloop
  endfacet
  facet normal 0.773006 0.634398 0
    outer loop
      vertex 5.48429 -4.49284 2.48
      vertex 5.57354 -4.60159 2.5
      vertex 5.57354 -4.60159 2.48
    endloop
  endfacet
  facet normal 0.729863 0.683594 0
    outer loop
      vertex 5.66972 -4.70428 2.5
      vertex 5.57354 -4.60159 2.48
      vertex 5.57354 -4.60159 2.5
    endloop
  endfacet
  facet normal 0.729863 0.683594 0
    outer loop
      vertex 5.57354 -4.60159 2.48
      vertex 5.66972 -4.70428 2.5
      vertex 5.66972 -4.70428 2.48
    endloop
  endfacet
  facet normal 0.29189 0.644259 0.706916
    outer loop
      vertex 6.36723 -5.17034 2.48
      vertex 6.82645 -4.06169 1.28
      vertex 6.23908 -5.11228 2.48
    endloop
  endfacet
  facet normal -0.546757 0.448691 0.706918
    outer loop
      vertex 8.89571 -4.49284 2.48
      vertex 7.94369 -3.76232 1.28
      vertex 7.90425 -3.81038 1.28
    endloop
  endfacet
  facet normal -0.546721 0.448739 0.706915
    outer loop
      vertex 8.80645 -4.60159 2.48
      vertex 8.89571 -4.49284 2.48
      vertex 7.90425 -3.81038 1.28
    endloop
  endfacet
  facet normal -0.600674 0.373444 0.706916
    outer loop
      vertex 8.97766 -4.37848 2.48
      vertex 8.01272 -3.659 1.28
      vertex 7.9799 -3.71179 1.28
    endloop
  endfacet
  facet normal -0.411989 0.574919 0.706918
    outer loop
      vertex 8.49884 -4.88971 2.48
      vertex 7.76832 -3.93769 1.28
      vertex 7.71779 -3.9739 1.28
    endloop
  endfacet
  facet normal -0.47144 0.881898 0
    outer loop
      vertex 8.265 -5.04595 2.48
      vertex 8.14092 -5.11228 2.5
      vertex 8.265 -5.04595 2.5
    endloop
  endfacet
  facet normal -0.47144 0.881898 0
    outer loop
      vertex 8.14092 -5.11228 2.5
      vertex 8.265 -5.04595 2.48
      vertex 8.14092 -5.11228 2.48
    endloop
  endfacet
  facet normal -0.582481 0.812844 0
    outer loop
      vertex 8.49884 -4.88971 2.48
      vertex 8.38448 -4.97166 2.5
      vertex 8.49884 -4.88971 2.5
    endloop
  endfacet
  facet normal -0.582481 0.812844 0
    outer loop
      vertex 8.38448 -4.97166 2.5
      vertex 8.49884 -4.88971 2.48
      vertex 8.38448 -4.97166 2.48
    endloop
  endfacet
  facet normal -0.634398 0.773006 0
    outer loop
      vertex 8.60759 -4.80046 2.48
      vertex 8.49884 -4.88971 2.5
      vertex 8.60759 -4.80046 2.5
    endloop
  endfacet
  facet normal -0.634398 0.773006 0
    outer loop
      vertex 8.49884 -4.88971 2.5
      vertex 8.60759 -4.80046 2.48
      vertex 8.49884 -4.88971 2.48
    endloop
  endfacet
  facet normal -0.205358 0.676827 0.706919
    outer loop
      vertex 7.88109 -5.2199 2.48
      vertex 7.49537 -4.08358 1.28
      vertex 7.43588 -4.10163 1.28
    endloop
  endfacet
  facet normal -0.29189 0.644259 0.706916
    outer loop
      vertex 8.01277 -5.17034 2.48
      vertex 8.14092 -5.11228 2.48
      vertex 7.55355 -4.06169 1.28
    endloop
  endfacet
  facet normal -0.249142 0.661965 0.706916
    outer loop
      vertex 7.88109 -5.2199 2.48
      vertex 8.01277 -5.17034 2.48
      vertex 7.55355 -4.06169 1.28
    endloop
  endfacet
  facet normal -0.697846 0.115227 0.706919
    outer loop
      vertex 9.29869 -3.60344 2.48
      vertex 9.32161 -3.46463 2.48
      vertex 8.13187 -3.308 1.28
    endloop
  endfacet
  facet normal -0.956939 0.290288 0
    outer loop
      vertex 9.2259 -3.87509 2.48
      vertex 9.26674 -3.74046 2.5
      vertex 9.26674 -3.74046 2.48
    endloop
  endfacet
  facet normal -0.956939 0.290288 0
    outer loop
      vertex 9.26674 -3.74046 2.5
      vertex 9.2259 -3.87509 2.48
      vertex 9.2259 -3.87509 2.5
    endloop
  endfacet
  facet normal -0.661989 0.249071 0.706919
    outer loop
      vertex 9.2259 -3.87509 2.48
      vertex 8.08958 -3.48937 1.28
      vertex 8.06769 -3.54755 1.28
    endloop
  endfacet
  facet normal -0.676843 -0.205305 0.706919
    outer loop
      vertex 9.26674 1.92246 2.48
      vertex 9.2259 2.0571 2.48
      vertex 8.08958 1.67137 1.28
    endloop
  endfacet
  facet normal -0.661988 -0.24907 0.70692
    outer loop
      vertex 8.08958 1.67137 1.28
      vertex 9.2259 2.0571 2.48
      vertex 8.06769 1.72955 1.28
    endloop
  endfacet
  facet normal -0.688811 -0.160654 0.706915
    outer loop
      vertex 8.12175 1.55134 1.28
      vertex 9.29869 1.78544 2.48
      vertex 8.10763 1.61188 1.28
    endloop
  endfacet
  facet normal -0.644259 -0.29189 0.706916
    outer loop
      vertex 9.17634 2.18877 2.48
      vertex 9.11828 2.31692 2.48
      vertex 8.06769 1.72955 1.28
    endloop
  endfacet
  facet normal -0.683594 -0.729863 0
    outer loop
      vertex 8.60759 2.98246 2.48
      vertex 8.71028 2.88628 2.5
      vertex 8.60759 2.98246 2.5
    endloop
  endfacet
  facet normal -0.683594 -0.729863 -0
    outer loop
      vertex 8.71028 2.88628 2.5
      vertex 8.60759 2.98246 2.48
      vertex 8.71028 2.88628 2.48
    endloop
  endfacet
  facet normal -0.483502 -0.516229 0.706918
    outer loop
      vertex 8.71028 2.88628 2.48
      vertex 8.60759 2.98246 2.48
      vertex 7.86175 2.03775 1.28
    endloop
  endfacet
  facet normal -0.54672 -0.448738 0.706917
    outer loop
      vertex 8.89571 2.67484 2.48
      vertex 8.80645 2.78359 2.48
      vertex 7.94369 1.94432 1.28
    endloop
  endfacet
  facet normal -0.516256 -0.483478 0.706915
    outer loop
      vertex 8.80645 2.78359 2.48
      vertex 8.71028 2.88628 2.48
      vertex 7.90425 1.99238 1.28
    endloop
  endfacet
  facet normal -0.623763 -0.333448 0.706918
    outer loop
      vertex 9.11828 2.31692 2.48
      vertex 9.05195 2.441 2.48
      vertex 8.01272 1.841 1.28
    endloop
  endfacet
  facet normal -0.574919 -0.41199 0.706917
    outer loop
      vertex 7.9799 1.89379 1.28
      vertex 8.97766 2.56048 2.48
      vertex 7.94369 1.94432 1.28
    endloop
  endfacet
  facet normal -0.600674 -0.373444 0.706916
    outer loop
      vertex 8.01272 1.841 1.28
      vertex 8.97766 2.56048 2.48
      vertex 7.9799 1.89379 1.28
    endloop
  endfacet
  facet normal -0.227086 -0.973875 0
    outer loop
      vertex 7.60944 3.47469 2.48
      vertex 7.74646 3.44274 2.5
      vertex 7.60944 3.47469 2.5
    endloop
  endfacet
  facet normal -0.227086 -0.973875 -0
    outer loop
      vertex 7.74646 3.44274 2.5
      vertex 7.60944 3.47469 2.48
      vertex 7.74646 3.44274 2.48
    endloop
  endfacet
  facet normal -0.291962 -0.644228 0.706915
    outer loop
      vertex 7.61017 2.21803 1.28
      vertex 8.01277 3.35234 2.48
      vertex 7.55355 2.24369 1.28
    endloop
  endfacet
  facet normal -0.290288 -0.956939 0
    outer loop
      vertex 7.74646 3.44274 2.48
      vertex 7.88109 3.4019 2.5
      vertex 7.74646 3.44274 2.5
    endloop
  endfacet
  facet normal -0.290288 -0.956939 -0
    outer loop
      vertex 7.88109 3.4019 2.5
      vertex 7.74646 3.44274 2.48
      vertex 7.88109 3.4019 2.48
    endloop
  endfacet
  facet normal -0.115134 -0.697859 0.70692
    outer loop
      vertex 7.37534 2.29775 1.28
      vertex 7.47063 3.49761 2.48
      vertex 7.314 2.30787 1.28
    endloop
  endfacet
  facet normal -0.205319 -0.67684 0.706917
    outer loop
      vertex 7.88109 3.4019 2.48
      vertex 7.74646 3.44274 2.48
      vertex 7.43588 2.28363 1.28
    endloop
  endfacet
  facet normal -0.249072 -0.661993 0.706915
    outer loop
      vertex 7.55355 2.24369 1.28
      vertex 8.01277 3.35234 2.48
      vertex 7.49537 2.26558 1.28
    endloop
  endfacet
  facet normal -0.333441 -0.623766 0.706918
    outer loop
      vertex 7.665 2.18872 1.28
      vertex 8.265 3.22795 2.48
      vertex 7.61017 2.21803 1.28
    endloop
  endfacet
  facet normal 0.52803 -0.849226 0
    outer loop
      vertex 5.99552 3.15366 2.48
      vertex 6.115 3.22795 2.5
      vertex 5.99552 3.15366 2.5
    endloop
  endfacet
  facet normal 0.52803 -0.849226 0
    outer loop
      vertex 6.115 3.22795 2.5
      vertex 5.99552 3.15366 2.48
      vertex 6.115 3.22795 2.48
    endloop
  endfacet
  facet normal 0.47144 -0.881898 0
    outer loop
      vertex 6.115 3.22795 2.48
      vertex 6.23908 3.29428 2.5
      vertex 6.115 3.22795 2.5
    endloop
  endfacet
  facet normal 0.47144 -0.881898 0
    outer loop
      vertex 6.23908 3.29428 2.5
      vertex 6.115 3.22795 2.48
      vertex 6.23908 3.29428 2.48
    endloop
  endfacet
  facet normal 0.249072 -0.661993 0.706915
    outer loop
      vertex 6.82645 2.24369 1.28
      vertex 6.88463 2.26558 1.28
      vertex 6.36723 3.35234 2.48
    endloop
  endfacet
  facet normal 0.412683 -0.910875 0
    outer loop
      vertex 6.23908 3.29428 2.48
      vertex 6.36723 3.35234 2.5
      vertex 6.23908 3.29428 2.5
    endloop
  endfacet
  facet normal 0.412683 -0.910875 0
    outer loop
      vertex 6.36723 3.35234 2.5
      vertex 6.23908 3.29428 2.48
      vertex 6.36723 3.35234 2.48
    endloop
  endfacet
  facet normal -0.0230974 -0.706918 0.706918
    outer loop
      vertex 7.19 2.316 1.28
      vertex 7.25213 2.31397 1.28
      vertex 7.19 3.516 2.48
    endloop
  endfacet
  facet normal 0.160654 -0.688809 0.706918
    outer loop
      vertex 6.94412 2.28363 1.28
      vertex 7.00466 2.29775 1.28
      vertex 6.63354 3.44274 2.48
    endloop
  endfacet
  facet normal 0.162912 -0.986641 0
    outer loop
      vertex 6.77056 3.47469 2.48
      vertex 6.90937 3.49761 2.5
      vertex 6.77056 3.47469 2.5
    endloop
  endfacet
  facet normal 0.162912 -0.986641 0
    outer loop
      vertex 6.90937 3.49761 2.5
      vertex 6.77056 3.47469 2.48
      vertex 6.90937 3.49761 2.48
    endloop
  endfacet
  facet normal -0.52803 -0.849226 0
    outer loop
      vertex 8.265 3.22795 2.48
      vertex 8.38448 3.15366 2.5
      vertex 8.265 3.22795 2.5
    endloop
  endfacet
  facet normal -0.52803 -0.849226 -0
    outer loop
      vertex 8.38448 3.15366 2.5
      vertex 8.265 3.22795 2.48
      vertex 8.38448 3.15366 2.48
    endloop
  endfacet
  facet normal -0.412683 0.910875 0
    outer loop
      vertex 8.14092 -5.11228 2.48
      vertex 8.01277 -5.17034 2.5
      vertex 8.14092 -5.11228 2.5
    endloop
  endfacet
  facet normal -0.412683 0.910875 0
    outer loop
      vertex 8.01277 -5.17034 2.5
      vertex 8.14092 -5.11228 2.48
      vertex 8.01277 -5.17034 2.48
    endloop
  endfacet
  facet normal -0.0326948 0.999465 0
    outer loop
      vertex 7.33062 -5.3294 2.48
      vertex 7.19 -5.334 2.5
      vertex 7.33062 -5.3294 2.5
    endloop
  endfacet
  facet normal -0.0326948 0.999465 0
    outer loop
      vertex 7.19 -5.334 2.5
      vertex 7.33062 -5.3294 2.48
      vertex 7.19 -5.334 2.48
    endloop
  endfacet
  facet normal 0.115227 0.697846 0.706919
    outer loop
      vertex 6.90937 -5.31561 2.48
      vertex 7.066 -4.12587 1.28
      vertex 6.77056 -5.29269 2.48
    endloop
  endfacet
  facet normal 0.115135 0.697865 0.706915
    outer loop
      vertex 7.066 -4.12587 1.28
      vertex 7.00466 -4.11575 1.28
      vertex 6.77056 -5.29269 2.48
    endloop
  endfacet
  facet normal 0.0980187 0.995185 -0
    outer loop
      vertex 7.04938 -5.3294 2.48
      vertex 6.90937 -5.31561 2.5
      vertex 7.04938 -5.3294 2.5
    endloop
  endfacet
  facet normal 0.0980187 0.995185 0
    outer loop
      vertex 6.90937 -5.31561 2.5
      vertex 7.04938 -5.3294 2.48
      vertex 6.90937 -5.31561 2.48
    endloop
  endfacet
  facet normal 0.0230975 0.70692 0.706917
    outer loop
      vertex 7.19 -4.134 1.28
      vertex 7.12787 -4.13197 1.28
      vertex 7.04938 -5.3294 2.48
    endloop
  endfacet
  facet normal 0.205305 0.676844 0.706917
    outer loop
      vertex 6.63354 -5.26074 2.48
      vertex 6.94412 -4.10163 1.28
      vertex 6.4989 -5.2199 2.48
    endloop
  endfacet
  facet normal 0.373474 0.600655 0.706917
    outer loop
      vertex 6.115 -5.04595 2.48
      vertex 6.66221 -3.9739 1.28
      vertex 5.99552 -4.97166 2.48
    endloop
  endfacet
  facet normal 0.688819 -0.160617 0.706916
    outer loop
      vertex 6.25825 1.55134 1.28
      vertex 5.11326 1.92246 2.48
      vertex 5.08131 1.78544 2.48
    endloop
  endfacet
  facet normal 0.697848 -0.115227 0.706917
    outer loop
      vertex 6.25825 1.55134 1.28
      vertex 5.08131 1.78544 2.48
      vertex 5.05839 1.64663 2.48
    endloop
  endfacet
  facet normal 0.688809 -0.160654 0.706918
    outer loop
      vertex 6.25825 1.55134 1.28
      vertex 6.27237 1.61188 1.28
      vertex 5.11326 1.92246 2.48
    endloop
  endfacet
  facet normal 0.661993 -0.249072 0.706915
    outer loop
      vertex 6.29042 1.67137 1.28
      vertex 6.31231 1.72955 1.28
      vertex 5.20366 2.18877 2.48
    endloop
  endfacet
  facet normal 0.956945 -0.290268 0
    outer loop
      vertex 5.11326 1.92246 2.5
      vertex 5.1541 2.0571 2.48
      vertex 5.1541 2.0571 2.5
    endloop
  endfacet
  facet normal 0.956945 -0.290268 0
    outer loop
      vertex 5.1541 2.0571 2.48
      vertex 5.11326 1.92246 2.5
      vertex 5.11326 1.92246 2.48
    endloop
  endfacet
  facet normal 0.623782 -0.333408 0.70692
    outer loop
      vertex 6.36728 1.841 1.28
      vertex 5.32804 2.441 2.48
      vertex 5.26172 2.31692 2.48
    endloop
  endfacet
  facet normal 0.644257 -0.291889 0.706918
    outer loop
      vertex 6.33797 1.78617 1.28
      vertex 5.26172 2.31692 2.48
      vertex 5.20366 2.18877 2.48
    endloop
  endfacet
  facet normal 0.849194 -0.528081 0
    outer loop
      vertex 5.32804 2.441 2.5
      vertex 5.40234 2.56048 2.48
      vertex 5.40234 2.56048 2.5
    endloop
  endfacet
  facet normal 0.849194 -0.528081 0
    outer loop
      vertex 5.40234 2.56048 2.48
      vertex 5.32804 2.441 2.5
      vertex 5.32804 2.441 2.48
    endloop
  endfacet
  facet normal 0.574921 -0.411987 0.706918
    outer loop
      vertex 6.43631 1.94432 1.28
      vertex 5.48429 2.67484 2.48
      vertex 5.40234 2.56048 2.48
    endloop
  endfacet
  facet normal 0.483502 -0.516229 0.706918
    outer loop
      vertex 6.51825 2.03775 1.28
      vertex 5.77241 2.98246 2.48
      vertex 5.66972 2.88628 2.48
    endloop
  endfacet
  facet normal 0.516229 -0.483502 0.706918
    outer loop
      vertex 6.51825 2.03775 1.28
      vertex 5.66972 2.88628 2.48
      vertex 5.57354 2.78359 2.48
    endloop
  endfacet
  facet normal 0.812844 -0.582481 0
    outer loop
      vertex 5.40234 2.56048 2.5
      vertex 5.48429 2.67484 2.48
      vertex 5.48429 2.67484 2.5
    endloop
  endfacet
  facet normal 0.812844 -0.582481 0
    outer loop
      vertex 5.48429 2.67484 2.48
      vertex 5.40234 2.56048 2.5
      vertex 5.40234 2.56048 2.48
    endloop
  endfacet
  facet normal 0.70692 -0.0230975 0.706917
    outer loop
      vertex 6.24 1.366 1.28
      vertex 6.24203 1.42813 1.28
      vertex 5.0446 1.50662 2.48
    endloop
  endfacet
  facet normal 1 -0 0
    outer loop
      vertex 5.04 -3.184 2.5
      vertex 5.04 1.366 2.48
      vertex 5.04 1.366 2.5
    endloop
  endfacet
  facet normal 1 0 0
    outer loop
      vertex 5.04 1.366 2.48
      vertex 5.04 -3.184 2.5
      vertex 5.04 -3.184 2.48
    endloop
  endfacet
  facet normal 0.999465 0.0326948 0
    outer loop
      vertex 5.0446 -3.32462 2.5
      vertex 5.04 -3.184 2.48
      vertex 5.04 -3.184 2.5
    endloop
  endfacet
  facet normal 0.999465 0.0326948 0
    outer loop
      vertex 5.04 -3.184 2.48
      vertex 5.0446 -3.32462 2.5
      vertex 5.0446 -3.32462 2.48
    endloop
  endfacet
  facet normal 0.995185 0.0980187 0
    outer loop
      vertex 5.05839 -3.46463 2.5
      vertex 5.0446 -3.32462 2.48
      vertex 5.0446 -3.32462 2.5
    endloop
  endfacet
  facet normal 0.995185 0.0980187 0
    outer loop
      vertex 5.0446 -3.32462 2.48
      vertex 5.05839 -3.46463 2.5
      vertex 5.05839 -3.46463 2.48
    endloop
  endfacet
  facet normal 0.697859 0.115134 0.70692
    outer loop
      vertex 6.25825 -3.36934 1.28
      vertex 6.24813 -3.308 1.28
      vertex 5.05839 -3.46463 2.48
    endloop
  endfacet
  facet normal 0.986641 0.162912 0
    outer loop
      vertex 5.08131 -3.60344 2.5
      vertex 5.05839 -3.46463 2.48
      vertex 5.05839 -3.46463 2.5
    endloop
  endfacet
  facet normal 0.986641 0.162912 0
    outer loop
      vertex 5.05839 -3.46463 2.48
      vertex 5.08131 -3.60344 2.5
      vertex 5.08131 -3.60344 2.48
    endloop
  endfacet
  facet normal 0.973875 0.227086 0
    outer loop
      vertex 5.11326 -3.74046 2.5
      vertex 5.08131 -3.60344 2.48
      vertex 5.08131 -3.60344 2.5
    endloop
  endfacet
  facet normal 0.973875 0.227086 0
    outer loop
      vertex 5.08131 -3.60344 2.48
      vertex 5.11326 -3.74046 2.5
      vertex 5.11326 -3.74046 2.48
    endloop
  endfacet
  facet normal 0.623782 0.333408 0.70692
    outer loop
      vertex 5.32804 -4.259 2.48
      vertex 6.36728 -3.659 1.28
      vertex 5.26172 -4.13492 2.48
    endloop
  endfacet
  facet normal 0.812844 0.582481 0
    outer loop
      vertex 5.48429 -4.49284 2.5
      vertex 5.40234 -4.37848 2.48
      vertex 5.40234 -4.37848 2.5
    endloop
  endfacet
  facet normal 0.812844 0.582481 0
    outer loop
      vertex 5.40234 -4.37848 2.48
      vertex 5.48429 -4.49284 2.5
      vertex 5.48429 -4.49284 2.48
    endloop
  endfacet
  facet normal 0.546758 0.448692 0.706917
    outer loop
      vertex 6.47575 -3.81038 1.28
      vertex 6.43631 -3.76232 1.28
      vertex 5.57354 -4.60159 2.48
    endloop
  endfacet
  facet normal 0.546744 0.448707 0.706918
    outer loop
      vertex 5.57354 -4.60159 2.48
      vertex 6.43631 -3.76232 1.28
      vertex 5.48429 -4.49284 2.48
    endloop
  endfacet
  facet normal 0.849194 0.528081 0
    outer loop
      vertex 5.40234 -4.37848 2.5
      vertex 5.32804 -4.259 2.48
      vertex 5.32804 -4.259 2.5
    endloop
  endfacet
  facet normal 0.849194 0.528081 0
    outer loop
      vertex 5.32804 -4.259 2.48
      vertex 5.40234 -4.37848 2.5
      vertex 5.40234 -4.37848 2.48
    endloop
  endfacet
  facet normal 0.48354 0.516193 0.706919
    outer loop
      vertex 6.56362 -3.89825 1.28
      vertex 6.51825 -3.85575 1.28
      vertex 5.66972 -4.70428 2.48
    endloop
  endfacet
  facet normal 0.516229 0.483502 0.706918
    outer loop
      vertex 5.66972 -4.70428 2.48
      vertex 6.51825 -3.85575 1.28
      vertex 5.57354 -4.60159 2.48
    endloop
  endfacet
  facet normal 0.634398 0.773006 -0
    outer loop
      vertex 5.88116 -4.88971 2.48
      vertex 5.77241 -4.80046 2.5
      vertex 5.88116 -4.88971 2.5
    endloop
  endfacet
  facet normal 0.634398 0.773006 0
    outer loop
      vertex 5.77241 -4.80046 2.5
      vertex 5.88116 -4.88971 2.48
      vertex 5.77241 -4.80046 2.48
    endloop
  endfacet
  facet normal -0.160654 0.688809 0.706918
    outer loop
      vertex 7.74646 -5.26074 2.48
      vertex 7.43588 -4.10163 1.28
      vertex 7.37534 -4.11575 1.28
    endloop
  endfacet
  facet normal -0.333441 0.623766 0.706918
    outer loop
      vertex 8.265 -5.04595 2.48
      vertex 7.665 -4.00672 1.28
      vertex 7.61017 -4.03603 1.28
    endloop
  endfacet
  facet normal -0.697865 0.115135 0.706915
    outer loop
      vertex 9.29869 -3.60344 2.48
      vertex 8.13187 -3.308 1.28
      vertex 8.12175 -3.36934 1.28
    endloop
  endfacet
  facet normal -0.688811 0.160654 0.706915
    outer loop
      vertex 9.29869 -3.60344 2.48
      vertex 8.12175 -3.36934 1.28
      vertex 8.10763 -3.42988 1.28
    endloop
  endfacet
  facet normal -0.688818 0.160617 0.706917
    outer loop
      vertex 9.26674 -3.74046 2.48
      vertex 9.29869 -3.60344 2.48
      vertex 8.10763 -3.42988 1.28
    endloop
  endfacet
  facet normal -0.881898 0.47144 0
    outer loop
      vertex 9.05195 -4.259 2.48
      vertex 9.11828 -4.13492 2.5
      vertex 9.11828 -4.13492 2.48
    endloop
  endfacet
  facet normal -0.881898 0.47144 0
    outer loop
      vertex 9.11828 -4.13492 2.5
      vertex 9.05195 -4.259 2.48
      vertex 9.05195 -4.259 2.5
    endloop
  endfacet
  facet normal -0.935908 0.352245 0
    outer loop
      vertex 9.17634 -4.00677 2.48
      vertex 9.2259 -3.87509 2.5
      vertex 9.2259 -3.87509 2.48
    endloop
  endfacet
  facet normal -0.935908 0.352245 0
    outer loop
      vertex 9.2259 -3.87509 2.5
      vertex 9.17634 -4.00677 2.48
      vertex 9.17634 -4.00677 2.5
    endloop
  endfacet
  facet normal -0.623766 -0.333441 0.706918
    outer loop
      vertex 8.04203 1.78617 1.28
      vertex 9.11828 2.31692 2.48
      vertex 8.01272 1.841 1.28
    endloop
  endfacet
  facet normal -0.644224 -0.29196 0.70692
    outer loop
      vertex 8.06769 1.72955 1.28
      vertex 9.11828 2.31692 2.48
      vertex 8.04203 1.78617 1.28
    endloop
  endfacet
  facet normal -0.448692 -0.546758 0.706917
    outer loop
      vertex 7.81638 2.08025 1.28
      vertex 8.60759 2.98246 2.48
      vertex 7.76832 2.11969 1.28
    endloop
  endfacet
  facet normal -0.483542 -0.516195 0.706916
    outer loop
      vertex 7.86175 2.03775 1.28
      vertex 8.60759 2.98246 2.48
      vertex 7.81638 2.08025 1.28
    endloop
  endfacet
  facet normal -0.54676 -0.448693 0.706914
    outer loop
      vertex 7.94369 1.94432 1.28
      vertex 8.80645 2.78359 2.48
      vertex 7.90425 1.99238 1.28
    endloop
  endfacet
  facet normal -0.881898 -0.47144 0
    outer loop
      vertex 9.11828 2.31692 2.48
      vertex 9.05195 2.441 2.5
      vertex 9.05195 2.441 2.48
    endloop
  endfacet
  facet normal -0.881898 -0.47144 0
    outer loop
      vertex 9.05195 2.441 2.5
      vertex 9.11828 2.31692 2.48
      vertex 9.11828 2.31692 2.5
    endloop
  endfacet
  facet normal -0.849226 -0.52803 0
    outer loop
      vertex 9.05195 2.441 2.48
      vertex 8.97766 2.56048 2.5
      vertex 8.97766 2.56048 2.48
    endloop
  endfacet
  facet normal -0.849226 -0.52803 0
    outer loop
      vertex 8.97766 2.56048 2.5
      vertex 9.05195 2.441 2.48
      vertex 9.05195 2.441 2.5
    endloop
  endfacet
  facet normal -0.412683 -0.910875 0
    outer loop
      vertex 8.01277 3.35234 2.48
      vertex 8.14092 3.29428 2.5
      vertex 8.01277 3.35234 2.5
    endloop
  endfacet
  facet normal -0.412683 -0.910875 -0
    outer loop
      vertex 8.14092 3.29428 2.5
      vertex 8.01277 3.35234 2.48
      vertex 8.14092 3.29428 2.48
    endloop
  endfacet
  facet normal -0.352245 -0.935908 0
    outer loop
      vertex 7.88109 3.4019 2.48
      vertex 8.01277 3.35234 2.5
      vertex 7.88109 3.4019 2.5
    endloop
  endfacet
  facet normal -0.352245 -0.935908 -0
    outer loop
      vertex 8.01277 3.35234 2.5
      vertex 7.88109 3.4019 2.48
      vertex 8.01277 3.35234 2.48
    endloop
  endfacet
  facet normal -0.0693983 -0.70388 0.70692
    outer loop
      vertex 7.314 2.30787 1.28
      vertex 7.47063 3.49761 2.48
      vertex 7.25213 2.31397 1.28
    endloop
  endfacet
  facet normal -0.205358 -0.676827 0.706919
    outer loop
      vertex 7.49537 2.26558 1.28
      vertex 7.88109 3.4019 2.48
      vertex 7.43588 2.28363 1.28
    endloop
  endfacet
  facet normal 0.373473 -0.600654 0.706918
    outer loop
      vertex 6.715 2.18872 1.28
      vertex 6.115 3.22795 2.48
      vertex 5.99552 3.15366 2.48
    endloop
  endfacet
  facet normal 0.411987 -0.574921 0.706917
    outer loop
      vertex 6.66221 2.1559 1.28
      vertex 5.99552 3.15366 2.48
      vertex 5.88116 3.07171 2.48
    endloop
  endfacet
  facet normal 0.205357 -0.676826 0.706919
    outer loop
      vertex 6.88463 2.26558 1.28
      vertex 6.94412 2.28363 1.28
      vertex 6.4989 3.4019 2.48
    endloop
  endfacet
  facet normal 0.333448 -0.623764 0.706917
    outer loop
      vertex 6.76982 2.21803 1.28
      vertex 6.23908 3.29428 2.48
      vertex 6.115 3.22795 2.48
    endloop
  endfacet
  facet normal 0.291889 -0.644258 0.706917
    outer loop
      vertex 6.76982 2.21803 1.28
      vertex 6.36723 3.35234 2.48
      vertex 6.23908 3.29428 2.48
    endloop
  endfacet
  facet normal 0.249158 -0.661957 0.706919
    outer loop
      vertex 6.88463 2.26558 1.28
      vertex 6.4989 3.4019 2.48
      vertex 6.36723 3.35234 2.48
    endloop
  endfacet
  facet normal 0.290268 -0.956945 0
    outer loop
      vertex 6.4989 3.4019 2.48
      vertex 6.63354 3.44274 2.5
      vertex 6.4989 3.4019 2.5
    endloop
  endfacet
  facet normal 0.290268 -0.956945 0
    outer loop
      vertex 6.63354 3.44274 2.5
      vertex 6.4989 3.4019 2.48
      vertex 6.63354 3.44274 2.48
    endloop
  endfacet
  facet normal 0.352268 -0.935899 0
    outer loop
      vertex 6.36723 3.35234 2.48
      vertex 6.4989 3.4019 2.5
      vertex 6.36723 3.35234 2.5
    endloop
  endfacet
  facet normal 0.352268 -0.935899 0
    outer loop
      vertex 6.4989 3.4019 2.5
      vertex 6.36723 3.35234 2.48
      vertex 6.4989 3.4019 2.48
    endloop
  endfacet
  facet normal 0.0693983 -0.70388 0.70692
    outer loop
      vertex 7.066 2.30787 1.28
      vertex 7.12787 2.31397 1.28
      vertex 6.90937 3.49761 2.48
    endloop
  endfacet
  facet normal 0.162912 0.986641 -0
    outer loop
      vertex 6.90937 -5.31561 2.48
      vertex 6.77056 -5.29269 2.5
      vertex 6.90937 -5.31561 2.5
    endloop
  endfacet
  facet normal 0.162912 0.986641 0
    outer loop
      vertex 6.77056 -5.29269 2.5
      vertex 6.90937 -5.31561 2.48
      vertex 6.77056 -5.29269 2.48
    endloop
  endfacet
  facet normal -0.0231249 0.706918 0.706918
    outer loop
      vertex 7.19 -5.334 2.48
      vertex 7.33062 -5.3294 2.48
      vertex 7.19 -4.134 1.28
    endloop
  endfacet
  facet normal 0.24907 0.661988 0.70692
    outer loop
      vertex 6.88463 -4.08358 1.28
      vertex 6.82645 -4.06169 1.28
      vertex 6.4989 -5.2199 2.48
    endloop
  endfacet
  facet normal 0.249158 0.661959 0.706916
    outer loop
      vertex 6.4989 -5.2199 2.48
      vertex 6.82645 -4.06169 1.28
      vertex 6.36723 -5.17034 2.48
    endloop
  endfacet
  facet normal 0.205357 0.676826 0.706919
    outer loop
      vertex 6.94412 -4.10163 1.28
      vertex 6.88463 -4.08358 1.28
      vertex 6.4989 -5.2199 2.48
    endloop
  endfacet
  facet normal 0.973875 -0.227086 0
    outer loop
      vertex 5.08131 1.78544 2.5
      vertex 5.11326 1.92246 2.48
      vertex 5.11326 1.92246 2.5
    endloop
  endfacet
  facet normal 0.973875 -0.227086 0
    outer loop
      vertex 5.11326 1.92246 2.48
      vertex 5.08131 1.78544 2.5
      vertex 5.08131 1.78544 2.48
    endloop
  endfacet
  facet normal 0.935899 -0.352268 0
    outer loop
      vertex 5.1541 2.0571 2.5
      vertex 5.20366 2.18877 2.48
      vertex 5.20366 2.18877 2.5
    endloop
  endfacet
  facet normal 0.935899 -0.352268 0
    outer loop
      vertex 5.20366 2.18877 2.48
      vertex 5.1541 2.0571 2.5
      vertex 5.1541 2.0571 2.48
    endloop
  endfacet
  facet normal 0.623766 -0.333441 0.706918
    outer loop
      vertex 6.33797 1.78617 1.28
      vertex 6.36728 1.841 1.28
      vertex 5.26172 2.31692 2.48
    endloop
  endfacet
  facet normal 0.881928 -0.471385 0
    outer loop
      vertex 5.26172 2.31692 2.5
      vertex 5.32804 2.441 2.48
      vertex 5.32804 2.441 2.5
    endloop
  endfacet
  facet normal 0.881928 -0.471385 0
    outer loop
      vertex 5.32804 2.441 2.48
      vertex 5.26172 2.31692 2.5
      vertex 5.26172 2.31692 2.48
    endloop
  endfacet
  facet normal 0.600674 -0.373444 0.706916
    outer loop
      vertex 6.36728 1.841 1.28
      vertex 6.4001 1.89379 1.28
      vertex 5.40234 2.56048 2.48
    endloop
  endfacet
  facet normal 0.574919 -0.41199 0.706917
    outer loop
      vertex 6.4001 1.89379 1.28
      vertex 6.43631 1.94432 1.28
      vertex 5.40234 2.56048 2.48
    endloop
  endfacet
  facet normal 0.516195 -0.483542 0.706916
    outer loop
      vertex 6.47575 1.99238 1.28
      vertex 6.51825 2.03775 1.28
      vertex 5.57354 2.78359 2.48
    endloop
  endfacet
  facet normal 0.546758 -0.448692 0.706917
    outer loop
      vertex 6.43631 1.94432 1.28
      vertex 6.47575 1.99238 1.28
      vertex 5.57354 2.78359 2.48
    endloop
  endfacet
  facet normal 0.448707 -0.546744 0.706918
    outer loop
      vertex 6.61168 2.11969 1.28
      vertex 5.88116 3.07171 2.48
      vertex 5.77241 2.98246 2.48
    endloop
  endfacet
  facet normal 0.999465 -0.0326948 0
    outer loop
      vertex 5.04 1.366 2.5
      vertex 5.0446 1.50662 2.48
      vertex 5.0446 1.50662 2.5
    endloop
  endfacet
  facet normal 0.999465 -0.0326948 0
    outer loop
      vertex 5.0446 1.50662 2.48
      vertex 5.04 1.366 2.5
      vertex 5.04 1.366 2.48
    endloop
  endfacet
  facet normal 0.995185 -0.0980187 0
    outer loop
      vertex 5.0446 1.50662 2.5
      vertex 5.05839 1.64663 2.48
      vertex 5.05839 1.64663 2.5
    endloop
  endfacet
  facet normal 0.995185 -0.0980187 0
    outer loop
      vertex 5.05839 1.64663 2.48
      vertex 5.0446 1.50662 2.5
      vertex 5.0446 1.50662 2.48
    endloop
  endfacet
  facet normal 0.574919 0.41199 0.706917
    outer loop
      vertex 6.43631 -3.76232 1.28
      vertex 6.4001 -3.71179 1.28
      vertex 5.40234 -4.37848 2.48
    endloop
  endfacet
  facet normal 0.574921 0.411987 0.706918
    outer loop
      vertex 5.48429 -4.49284 2.48
      vertex 6.43631 -3.76232 1.28
      vertex 5.40234 -4.37848 2.48
    endloop
  endfacet
  facet normal 0.600674 0.373444 0.706916
    outer loop
      vertex 6.4001 -3.71179 1.28
      vertex 6.36728 -3.659 1.28
      vertex 5.40234 -4.37848 2.48
    endloop
  endfacet
  facet normal 0.644224 0.29196 0.70692
    outer loop
      vertex 6.33797 -3.60417 1.28
      vertex 6.31231 -3.54755 1.28
      vertex 5.26172 -4.13492 2.48
    endloop
  endfacet
  facet normal 0.661993 0.249072 0.706915
    outer loop
      vertex 6.31231 -3.54755 1.28
      vertex 6.29042 -3.48937 1.28
      vertex 5.20366 -4.00677 2.48
    endloop
  endfacet
  facet normal 0.935908 0.352245 0
    outer loop
      vertex 5.20366 -4.00677 2.5
      vertex 5.1541 -3.87509 2.48
      vertex 5.1541 -3.87509 2.5
    endloop
  endfacet
  facet normal 0.935908 0.352245 0
    outer loop
      vertex 5.1541 -3.87509 2.48
      vertex 5.20366 -4.00677 2.5
      vertex 5.20366 -4.00677 2.48
    endloop
  endfacet
  facet normal 0.910875 0.412683 0
    outer loop
      vertex 5.26172 -4.13492 2.5
      vertex 5.20366 -4.00677 2.48
      vertex 5.20366 -4.00677 2.5
    endloop
  endfacet
  facet normal 0.910875 0.412683 0
    outer loop
      vertex 5.20366 -4.00677 2.48
      vertex 5.26172 -4.13492 2.5
      vertex 5.26172 -4.13492 2.48
    endloop
  endfacet
  facet normal 0.881928 0.471385 0
    outer loop
      vertex 5.32804 -4.259 2.5
      vertex 5.26172 -4.13492 2.48
      vertex 5.26172 -4.13492 2.5
    endloop
  endfacet
  facet normal 0.881928 0.471385 0
    outer loop
      vertex 5.26172 -4.13492 2.48
      vertex 5.32804 -4.259 2.5
      vertex 5.32804 -4.259 2.48
    endloop
  endfacet
  facet normal 0.516195 0.483542 0.706916
    outer loop
      vertex 6.51825 -3.85575 1.28
      vertex 6.47575 -3.81038 1.28
      vertex 5.57354 -4.60159 2.48
    endloop
  endfacet
  facet normal 0.411987 0.574921 0.706917
    outer loop
      vertex 5.99552 -4.97166 2.48
      vertex 6.66221 -3.9739 1.28
      vertex 5.88116 -4.88971 2.48
    endloop
  endfacet
  facet normal 0.582481 0.812844 -0
    outer loop
      vertex 5.99552 -4.97166 2.48
      vertex 5.88116 -4.88971 2.5
      vertex 5.99552 -4.97166 2.5
    endloop
  endfacet
  facet normal 0.582481 0.812844 0
    outer loop
      vertex 5.88116 -4.88971 2.5
      vertex 5.99552 -4.97166 2.48
      vertex 5.88116 -4.88971 2.48
    endloop
  endfacet
  facet normal -0.373443 0.600672 0.706918
    outer loop
      vertex 8.265 -5.04595 2.48
      vertex 7.71779 -3.9739 1.28
      vertex 7.665 -4.00672 1.28
    endloop
  endfacet
  facet normal -0.910875 0.412683 0
    outer loop
      vertex 9.11828 -4.13492 2.48
      vertex 9.17634 -4.00677 2.5
      vertex 9.17634 -4.00677 2.48
    endloop
  endfacet
  facet normal -0.910875 0.412683 0
    outer loop
      vertex 9.17634 -4.00677 2.5
      vertex 9.11828 -4.13492 2.48
      vertex 9.11828 -4.13492 2.5
    endloop
  endfacet
  facet normal -0.973875 0.227086 0
    outer loop
      vertex 9.26674 -3.74046 2.48
      vertex 9.29869 -3.60344 2.5
      vertex 9.29869 -3.60344 2.48
    endloop
  endfacet
  facet normal -0.973875 0.227086 0
    outer loop
      vertex 9.29869 -3.60344 2.5
      vertex 9.26674 -3.74046 2.48
      vertex 9.26674 -3.74046 2.5
    endloop
  endfacet
  facet normal -0.812844 -0.582481 0
    outer loop
      vertex 8.97766 2.56048 2.48
      vertex 8.89571 2.67484 2.5
      vertex 8.89571 2.67484 2.48
    endloop
  endfacet
  facet normal -0.812844 -0.582481 0
    outer loop
      vertex 8.89571 2.67484 2.5
      vertex 8.97766 2.56048 2.48
      vertex 8.97766 2.56048 2.5
    endloop
  endfacet
  facet normal -0.772971 -0.634441 0
    outer loop
      vertex 8.89571 2.67484 2.48
      vertex 8.80645 2.78359 2.5
      vertex 8.80645 2.78359 2.48
    endloop
  endfacet
  facet normal -0.772971 -0.634441 0
    outer loop
      vertex 8.80645 2.78359 2.5
      vertex 8.89571 2.67484 2.48
      vertex 8.89571 2.67484 2.5
    endloop
  endfacet
  facet normal 0.582481 -0.812844 0
    outer loop
      vertex 5.88116 3.07171 2.48
      vertex 5.99552 3.15366 2.5
      vertex 5.88116 3.07171 2.5
    endloop
  endfacet
  facet normal 0.582481 -0.812844 0
    outer loop
      vertex 5.99552 3.15366 2.5
      vertex 5.88116 3.07171 2.48
      vertex 5.99552 3.15366 2.48
    endloop
  endfacet
  facet normal 0.634398 -0.773006 0
    outer loop
      vertex 5.77241 2.98246 2.48
      vertex 5.88116 3.07171 2.5
      vertex 5.77241 2.98246 2.5
    endloop
  endfacet
  facet normal 0.634398 -0.773006 0
    outer loop
      vertex 5.88116 3.07171 2.5
      vertex 5.77241 2.98246 2.48
      vertex 5.88116 3.07171 2.48
    endloop
  endfacet
  facet normal 0.373444 -0.600674 0.706916
    outer loop
      vertex 6.66221 2.1559 1.28
      vertex 6.715 2.18872 1.28
      vertex 5.99552 3.15366 2.48
    endloop
  endfacet
  facet normal 0.0693987 0.703884 0.706916
    outer loop
      vertex 7.12787 -4.13197 1.28
      vertex 7.066 -4.12587 1.28
      vertex 7.04938 -5.3294 2.48
    endloop
  endfacet
  facet normal -0.0693987 0.703884 0.706916
    outer loop
      vertex 7.33062 -5.3294 2.48
      vertex 7.314 -4.12587 1.28
      vertex 7.25213 -4.13197 1.28
    endloop
  endfacet
  facet normal -0.0230975 0.70692 0.706917
    outer loop
      vertex 7.33062 -5.3294 2.48
      vertex 7.25213 -4.13197 1.28
      vertex 7.19 -4.134 1.28
    endloop
  endfacet
  facet normal 0.47144 0.881898 -0
    outer loop
      vertex 6.23908 -5.11228 2.48
      vertex 6.115 -5.04595 2.5
      vertex 6.23908 -5.11228 2.5
    endloop
  endfacet
  facet normal 0.47144 0.881898 0
    outer loop
      vertex 6.115 -5.04595 2.5
      vertex 6.23908 -5.11228 2.48
      vertex 6.115 -5.04595 2.48
    endloop
  endfacet
  facet normal 0.412683 0.910875 -0
    outer loop
      vertex 6.36723 -5.17034 2.48
      vertex 6.23908 -5.11228 2.5
      vertex 6.36723 -5.17034 2.5
    endloop
  endfacet
  facet normal 0.412683 0.910875 0
    outer loop
      vertex 6.23908 -5.11228 2.5
      vertex 6.36723 -5.17034 2.48
      vertex 6.23908 -5.11228 2.48
    endloop
  endfacet
  facet normal 0.352268 0.935899 -0
    outer loop
      vertex 6.4989 -5.2199 2.48
      vertex 6.36723 -5.17034 2.5
      vertex 6.4989 -5.2199 2.5
    endloop
  endfacet
  facet normal 0.352268 0.935899 0
    outer loop
      vertex 6.36723 -5.17034 2.5
      vertex 6.4989 -5.2199 2.48
      vertex 6.36723 -5.17034 2.48
    endloop
  endfacet
  facet normal 0.290268 0.956945 -0
    outer loop
      vertex 6.63354 -5.26074 2.48
      vertex 6.4989 -5.2199 2.5
      vertex 6.63354 -5.26074 2.5
    endloop
  endfacet
  facet normal 0.290268 0.956945 0
    outer loop
      vertex 6.4989 -5.2199 2.5
      vertex 6.63354 -5.26074 2.48
      vertex 6.4989 -5.2199 2.48
    endloop
  endfacet
  facet normal 0.160617 0.688819 0.706916
    outer loop
      vertex 6.77056 -5.29269 2.48
      vertex 7.00466 -4.11575 1.28
      vertex 6.63354 -5.26074 2.48
    endloop
  endfacet
  facet normal 0.160654 0.688809 0.706918
    outer loop
      vertex 7.00466 -4.11575 1.28
      vertex 6.94412 -4.10163 1.28
      vertex 6.63354 -5.26074 2.48
    endloop
  endfacet
  facet normal 0.483542 -0.516195 0.706916
    outer loop
      vertex 6.51825 2.03775 1.28
      vertex 6.56362 2.08025 1.28
      vertex 5.77241 2.98246 2.48
    endloop
  endfacet
  facet normal 0.448692 -0.546758 0.706917
    outer loop
      vertex 6.56362 2.08025 1.28
      vertex 6.61168 2.11969 1.28
      vertex 5.77241 2.98246 2.48
    endloop
  endfacet
  facet normal 0.688809 0.160654 0.706918
    outer loop
      vertex 6.27237 -3.42988 1.28
      vertex 6.25825 -3.36934 1.28
      vertex 5.11326 -3.74046 2.48
    endloop
  endfacet
  facet normal 0.448691 0.546757 0.706918
    outer loop
      vertex 6.61168 -3.93769 1.28
      vertex 6.56362 -3.89825 1.28
      vertex 5.88116 -4.88971 2.48
    endloop
  endfacet
  facet normal 0.411989 0.574919 0.706918
    outer loop
      vertex 6.66221 -3.9739 1.28
      vertex 6.61168 -3.93769 1.28
      vertex 5.88116 -4.88971 2.48
    endloop
  endfacet
  facet normal 0.52803 0.849226 -0
    outer loop
      vertex 6.115 -5.04595 2.48
      vertex 5.99552 -4.97166 2.5
      vertex 6.115 -5.04595 2.5
    endloop
  endfacet
  facet normal 0.52803 0.849226 0
    outer loop
      vertex 5.99552 -4.97166 2.5
      vertex 6.115 -5.04595 2.48
      vertex 5.99552 -4.97166 2.48
    endloop
  endfacet
  facet normal -0.910875 -0.412683 0
    outer loop
      vertex 9.17634 2.18877 2.48
      vertex 9.11828 2.31692 2.5
      vertex 9.11828 2.31692 2.48
    endloop
  endfacet
  facet normal -0.910875 -0.412683 0
    outer loop
      vertex 9.11828 2.31692 2.5
      vertex 9.17634 2.18877 2.48
      vertex 9.17634 2.18877 2.5
    endloop
  endfacet
  facet normal 0.661964 0.249141 0.706918
    outer loop
      vertex 5.20366 -4.00677 2.48
      vertex 6.29042 -3.48937 1.28
      vertex 5.1541 -3.87509 2.48
    endloop
  endfacet
  facet normal 0.676839 0.205319 0.706918
    outer loop
      vertex 5.1541 -3.87509 2.48
      vertex 6.29042 -3.48937 1.28
      vertex 5.11326 -3.74046 2.48
    endloop
  endfacet
  facet normal 0.676829 0.205358 0.706916
    outer loop
      vertex 6.29042 -3.48937 1.28
      vertex 6.27237 -3.42988 1.28
      vertex 5.11326 -3.74046 2.48
    endloop
  endfacet
  facet normal 0.0981181 -0.995175 0
    outer loop
      vertex 7.066 2.30787 1
      vertex 7.12787 2.31397 1.28
      vertex 7.066 2.30787 1.28
    endloop
  endfacet
  facet normal 0.0981181 -0.995175 0
    outer loop
      vertex 7.12787 2.31397 1.28
      vertex 7.066 2.30787 1
      vertex 7.12787 2.31397 1
    endloop
  endfacet
  facet normal -0.986662 0.162782 0
    outer loop
      vertex 8.12175 -3.36934 1
      vertex 8.13187 -3.308 1.28
      vertex 8.13187 -3.308 1
    endloop
  endfacet
  facet normal -0.986662 0.162782 0
    outer loop
      vertex 8.13187 -3.308 1.28
      vertex 8.12175 -3.36934 1
      vertex 8.12175 -3.36934 1.28
    endloop
  endfacet
  facet normal -1 0 0
    outer loop
      vertex 8.14 -3.184 1
      vertex 8.14 1.366 1.28
      vertex 8.14 1.366 1
    endloop
  endfacet
  facet normal -1 -0 0
    outer loop
      vertex 8.14 1.366 1.28
      vertex 8.14 -3.184 1
      vertex 8.14 -3.184 1.28
    endloop
  endfacet
  facet normal -0.999467 0.032656 0
    outer loop
      vertex 8.13797 -3.24613 1
      vertex 8.14 -3.184 1.28
      vertex 8.14 -3.184 1
    endloop
  endfacet
  facet normal -0.999467 0.032656 0
    outer loop
      vertex 8.14 -3.184 1.28
      vertex 8.13797 -3.24613 1
      vertex 8.13797 -3.24613 1.28
    endloop
  endfacet
  facet normal 0.412724 0.910856 -0
    outer loop
      vertex 6.82645 -4.06169 1
      vertex 6.76982 -4.03603 1.28
      vertex 6.82645 -4.06169 1.28
    endloop
  endfacet
  facet normal 0.412724 0.910856 0
    outer loop
      vertex 6.76982 -4.03603 1.28
      vertex 6.82645 -4.06169 1
      vertex 6.76982 -4.03603 1
    endloop
  endfacet
  facet normal -0.995175 0.0981181 0
    outer loop
      vertex 8.13187 -3.308 1
      vertex 8.13797 -3.24613 1.28
      vertex 8.13797 -3.24613 1
    endloop
  endfacet
  facet normal -0.995175 0.0981181 0
    outer loop
      vertex 8.13797 -3.24613 1.28
      vertex 8.13187 -3.308 1
      vertex 8.13187 -3.308 1.28
    endloop
  endfacet
  facet normal -0.634376 -0.773025 0
    outer loop
      vertex 7.76832 2.11969 1
      vertex 7.81638 2.08025 1.28
      vertex 7.76832 2.11969 1.28
    endloop
  endfacet
  facet normal -0.634376 -0.773025 -0
    outer loop
      vertex 7.81638 2.08025 1.28
      vertex 7.76832 2.11969 1
      vertex 7.81638 2.08025 1
    endloop
  endfacet
  facet normal -0.995175 -0.0981181 0
    outer loop
      vertex 8.13797 1.42813 1
      vertex 8.13187 1.49 1.28
      vertex 8.13187 1.49 1
    endloop
  endfacet
  facet normal -0.995175 -0.0981181 0
    outer loop
      vertex 8.13187 1.49 1.28
      vertex 8.13797 1.42813 1
      vertex 8.13797 1.42813 1.28
    endloop
  endfacet
  facet normal -0.999467 -0.032656 0
    outer loop
      vertex 8.14 1.366 1
      vertex 8.13797 1.42813 1.28
      vertex 8.13797 1.42813 1
    endloop
  endfacet
  facet normal -0.999467 -0.032656 0
    outer loop
      vertex 8.13797 1.42813 1.28
      vertex 8.14 1.366 1
      vertex 8.14 1.366 1.28
    endloop
  endfacet
  facet normal 0.986662 -0.162782 0
    outer loop
      vertex 6.24813 1.49 1.28
      vertex 6.25825 1.55134 1
      vertex 6.25825 1.55134 1.28
    endloop
  endfacet
  facet normal 0.986662 -0.162782 0
    outer loop
      vertex 6.25825 1.55134 1
      vertex 6.24813 1.49 1.28
      vertex 6.24813 1.49 1
    endloop
  endfacet
  facet normal 0.881903 -0.471431 0
    outer loop
      vertex 6.33797 1.78617 1.28
      vertex 6.36728 1.841 1
      vertex 6.36728 1.841 1.28
    endloop
  endfacet
  facet normal 0.881903 -0.471431 0
    outer loop
      vertex 6.36728 1.841 1
      vertex 6.33797 1.78617 1.28
      vertex 6.33797 1.78617 1
    endloop
  endfacet
  facet normal 0.352146 -0.935945 0
    outer loop
      vertex 6.82645 2.24369 1
      vertex 6.88463 2.26558 1.28
      vertex 6.82645 2.24369 1.28
    endloop
  endfacet
  facet normal 0.352146 -0.935945 0
    outer loop
      vertex 6.88463 2.26558 1.28
      vertex 6.82645 2.24369 1
      vertex 6.88463 2.26558 1
    endloop
  endfacet
  facet normal 0.999467 -0.032656 0
    outer loop
      vertex 6.24 1.366 1.28
      vertex 6.24203 1.42813 1
      vertex 6.24203 1.42813 1.28
    endloop
  endfacet
  facet normal 0.999467 -0.032656 0
    outer loop
      vertex 6.24203 1.42813 1
      vertex 6.24 1.366 1.28
      vertex 6.24 1.366 1
    endloop
  endfacet
  facet normal 1 -0 0
    outer loop
      vertex 6.24 -3.184 1.28
      vertex 6.24 1.366 1
      vertex 6.24 1.366 1.28
    endloop
  endfacet
  facet normal 1 0 0
    outer loop
      vertex 6.24 1.366 1
      vertex 6.24 -3.184 1.28
      vertex 6.24 -3.184 1
    endloop
  endfacet
  facet normal 0.995175 -0.0981181 0
    outer loop
      vertex 6.24203 1.42813 1.28
      vertex 6.24813 1.49 1
      vertex 6.24813 1.49 1.28
    endloop
  endfacet
  facet normal 0.995175 -0.0981181 0
    outer loop
      vertex 6.24813 1.49 1
      vertex 6.24203 1.42813 1.28
      vertex 6.24203 1.42813 1
    endloop
  endfacet
  facet normal 0.999467 0.032656 0
    outer loop
      vertex 6.24203 -3.24613 1.28
      vertex 6.24 -3.184 1
      vertex 6.24 -3.184 1.28
    endloop
  endfacet
  facet normal 0.999467 0.032656 0
    outer loop
      vertex 6.24 -3.184 1
      vertex 6.24203 -3.24613 1.28
      vertex 6.24203 -3.24613 1
    endloop
  endfacet
  facet normal -0.973863 0.227138 0
    outer loop
      vertex 8.10763 -3.42988 1
      vertex 8.12175 -3.36934 1.28
      vertex 8.12175 -3.36934 1
    endloop
  endfacet
  facet normal -0.973863 0.227138 0
    outer loop
      vertex 8.12175 -3.36934 1.28
      vertex 8.10763 -3.42988 1
      vertex 8.10763 -3.42988 1.28
    endloop
  endfacet
  facet normal -0.290342 0.956923 0
    outer loop
      vertex 7.49537 -4.08358 1
      vertex 7.43588 -4.10163 1.28
      vertex 7.49537 -4.08358 1.28
    endloop
  endfacet
  facet normal -0.290342 0.956923 0
    outer loop
      vertex 7.43588 -4.10163 1.28
      vertex 7.49537 -4.08358 1
      vertex 7.43588 -4.10163 1
    endloop
  endfacet
  facet normal -0.227138 0.973863 0
    outer loop
      vertex 7.43588 -4.10163 1
      vertex 7.37534 -4.11575 1.28
      vertex 7.43588 -4.10163 1.28
    endloop
  endfacet
  facet normal -0.227138 0.973863 0
    outer loop
      vertex 7.37534 -4.11575 1.28
      vertex 7.43588 -4.10163 1
      vertex 7.37534 -4.11575 1
    endloop
  endfacet
  facet normal 0.973863 0.227138 0
    outer loop
      vertex 6.27237 -3.42988 1.28
      vertex 6.25825 -3.36934 1
      vertex 6.25825 -3.36934 1.28
    endloop
  endfacet
  facet normal 0.973863 0.227138 0
    outer loop
      vertex 6.25825 -3.36934 1
      vertex 6.27237 -3.42988 1.28
      vertex 6.27237 -3.42988 1
    endloop
  endfacet
  facet normal 0.935945 0.352146 0
    outer loop
      vertex 6.31231 -3.54755 1.28
      vertex 6.29042 -3.48937 1
      vertex 6.29042 -3.48937 1.28
    endloop
  endfacet
  facet normal 0.935945 0.352146 0
    outer loop
      vertex 6.29042 -3.48937 1
      vertex 6.31231 -3.54755 1.28
      vertex 6.31231 -3.54755 1
    endloop
  endfacet
  facet normal 0.986662 0.162782 0
    outer loop
      vertex 6.25825 -3.36934 1.28
      vertex 6.24813 -3.308 1
      vertex 6.24813 -3.308 1.28
    endloop
  endfacet
  facet normal 0.986662 0.162782 0
    outer loop
      vertex 6.24813 -3.308 1
      vertex 6.25825 -3.36934 1.28
      vertex 6.25825 -3.36934 1
    endloop
  endfacet
  facet normal 0.910829 0.412785 0
    outer loop
      vertex 6.33797 -3.60417 1.28
      vertex 6.31231 -3.54755 1
      vertex 6.31231 -3.54755 1.28
    endloop
  endfacet
  facet normal 0.910829 0.412785 0
    outer loop
      vertex 6.31231 -3.54755 1
      vertex 6.33797 -3.60417 1.28
      vertex 6.33797 -3.60417 1
    endloop
  endfacet
  facet normal -0.973863 -0.227138 0
    outer loop
      vertex 8.12175 1.55134 1
      vertex 8.10763 1.61188 1.28
      vertex 8.10763 1.61188 1
    endloop
  endfacet
  facet normal -0.973863 -0.227138 0
    outer loop
      vertex 8.10763 1.61188 1.28
      vertex 8.12175 1.55134 1
      vertex 8.12175 1.55134 1.28
    endloop
  endfacet
  facet normal -0.729813 -0.683647 0
    outer loop
      vertex 7.90425 1.99238 1
      vertex 7.86175 2.03775 1.28
      vertex 7.86175 2.03775 1
    endloop
  endfacet
  facet normal -0.729813 -0.683647 0
    outer loop
      vertex 7.86175 2.03775 1.28
      vertex 7.90425 1.99238 1
      vertex 7.90425 1.99238 1.28
    endloop
  endfacet
  facet normal -0.773025 -0.634376 0
    outer loop
      vertex 7.94369 1.94432 1
      vertex 7.90425 1.99238 1.28
      vertex 7.90425 1.99238 1
    endloop
  endfacet
  facet normal -0.773025 -0.634376 0
    outer loop
      vertex 7.90425 1.99238 1.28
      vertex 7.94369 1.94432 1
      vertex 7.94369 1.94432 1.28
    endloop
  endfacet
  facet normal 0.973863 -0.227138 0
    outer loop
      vertex 6.25825 1.55134 1.28
      vertex 6.27237 1.61188 1
      vertex 6.27237 1.61188 1.28
    endloop
  endfacet
  facet normal 0.973863 -0.227138 0
    outer loop
      vertex 6.27237 1.61188 1
      vertex 6.25825 1.55134 1.28
      vertex 6.25825 1.55134 1
    endloop
  endfacet
  facet normal 0.812841 -0.582485 0
    outer loop
      vertex 6.4001 1.89379 1.28
      vertex 6.43631 1.94432 1
      vertex 6.43631 1.94432 1.28
    endloop
  endfacet
  facet normal 0.812841 -0.582485 0
    outer loop
      vertex 6.43631 1.94432 1
      vertex 6.4001 1.89379 1.28
      vertex 6.4001 1.89379 1
    endloop
  endfacet
  facet normal 0.935945 -0.352146 0
    outer loop
      vertex 6.29042 1.67137 1.28
      vertex 6.31231 1.72955 1
      vertex 6.31231 1.72955 1.28
    endloop
  endfacet
  facet normal 0.935945 -0.352146 0
    outer loop
      vertex 6.31231 1.72955 1
      vertex 6.29042 1.67137 1.28
      vertex 6.29042 1.67137 1
    endloop
  endfacet
  facet normal 0.290342 -0.956923 0
    outer loop
      vertex 6.88463 2.26558 1
      vertex 6.94412 2.28363 1.28
      vertex 6.88463 2.26558 1.28
    endloop
  endfacet
  facet normal 0.290342 -0.956923 0
    outer loop
      vertex 6.94412 2.28363 1.28
      vertex 6.88463 2.26558 1
      vertex 6.94412 2.28363 1
    endloop
  endfacet
  facet normal -0.935945 0.352146 0
    outer loop
      vertex 8.06769 -3.54755 1
      vertex 8.08958 -3.48937 1.28
      vertex 8.08958 -3.48937 1
    endloop
  endfacet
  facet normal -0.935945 0.352146 0
    outer loop
      vertex 8.08958 -3.48937 1.28
      vertex 8.06769 -3.54755 1
      vertex 8.06769 -3.54755 1.28
    endloop
  endfacet
  facet normal -0.910829 0.412785 0
    outer loop
      vertex 8.04203 -3.60417 1
      vertex 8.06769 -3.54755 1.28
      vertex 8.06769 -3.54755 1
    endloop
  endfacet
  facet normal -0.910829 0.412785 0
    outer loop
      vertex 8.06769 -3.54755 1.28
      vertex 8.04203 -3.60417 1
      vertex 8.04203 -3.60417 1.28
    endloop
  endfacet
  facet normal -0.729813 0.683647 0
    outer loop
      vertex 7.86175 -3.85575 1
      vertex 7.90425 -3.81038 1.28
      vertex 7.90425 -3.81038 1
    endloop
  endfacet
  facet normal -0.729813 0.683647 0
    outer loop
      vertex 7.90425 -3.81038 1.28
      vertex 7.86175 -3.85575 1
      vertex 7.86175 -3.85575 1.28
    endloop
  endfacet
  facet normal -0.773025 0.634376 0
    outer loop
      vertex 7.90425 -3.81038 1
      vertex 7.94369 -3.76232 1.28
      vertex 7.94369 -3.76232 1
    endloop
  endfacet
  facet normal -0.773025 0.634376 0
    outer loop
      vertex 7.94369 -3.76232 1.28
      vertex 7.90425 -3.81038 1
      vertex 7.90425 -3.81038 1.28
    endloop
  endfacet
  facet normal -0.812841 0.582485 0
    outer loop
      vertex 7.94369 -3.76232 1
      vertex 7.9799 -3.71179 1.28
      vertex 7.9799 -3.71179 1
    endloop
  endfacet
  facet normal -0.812841 0.582485 0
    outer loop
      vertex 7.9799 -3.71179 1.28
      vertex 7.94369 -3.76232 1
      vertex 7.94369 -3.76232 1.28
    endloop
  endfacet
  facet normal -0.582485 0.812841 0
    outer loop
      vertex 7.76832 -3.93769 1
      vertex 7.71779 -3.9739 1.28
      vertex 7.76832 -3.93769 1.28
    endloop
  endfacet
  facet normal -0.582485 0.812841 0
    outer loop
      vertex 7.71779 -3.9739 1.28
      vertex 7.76832 -3.93769 1
      vertex 7.71779 -3.9739 1
    endloop
  endfacet
  facet normal -0.032656 0.999467 0
    outer loop
      vertex 7.25213 -4.13197 1
      vertex 7.19 -4.134 1.28
      vertex 7.25213 -4.13197 1.28
    endloop
  endfacet
  facet normal -0.032656 0.999467 0
    outer loop
      vertex 7.19 -4.134 1.28
      vertex 7.25213 -4.13197 1
      vertex 7.19 -4.134 1
    endloop
  endfacet
  facet normal -0.162782 0.986662 0
    outer loop
      vertex 7.37534 -4.11575 1
      vertex 7.314 -4.12587 1.28
      vertex 7.37534 -4.11575 1.28
    endloop
  endfacet
  facet normal -0.162782 0.986662 0
    outer loop
      vertex 7.314 -4.12587 1.28
      vertex 7.37534 -4.11575 1
      vertex 7.314 -4.12587 1
    endloop
  endfacet
  facet normal 0.995175 0.0981181 0
    outer loop
      vertex 6.24813 -3.308 1.28
      vertex 6.24203 -3.24613 1
      vertex 6.24203 -3.24613 1.28
    endloop
  endfacet
  facet normal 0.995175 0.0981181 0
    outer loop
      vertex 6.24203 -3.24613 1
      vertex 6.24813 -3.308 1.28
      vertex 6.24813 -3.308 1
    endloop
  endfacet
  facet normal 0.849252 0.527987 0
    outer loop
      vertex 6.4001 -3.71179 1.28
      vertex 6.36728 -3.659 1
      vertex 6.36728 -3.659 1.28
    endloop
  endfacet
  facet normal 0.849252 0.527987 0
    outer loop
      vertex 6.36728 -3.659 1
      vertex 6.4001 -3.71179 1.28
      vertex 6.4001 -3.71179 1
    endloop
  endfacet
  facet normal 0.881903 0.471431 0
    outer loop
      vertex 6.36728 -3.659 1.28
      vertex 6.33797 -3.60417 1
      vertex 6.33797 -3.60417 1.28
    endloop
  endfacet
  facet normal 0.881903 0.471431 0
    outer loop
      vertex 6.33797 -3.60417 1
      vertex 6.36728 -3.659 1.28
      vertex 6.36728 -3.659 1
    endloop
  endfacet
  facet normal -0.986662 -0.162782 0
    outer loop
      vertex 8.13187 1.49 1
      vertex 8.12175 1.55134 1.28
      vertex 8.12175 1.55134 1
    endloop
  endfacet
  facet normal -0.986662 -0.162782 0
    outer loop
      vertex 8.12175 1.55134 1.28
      vertex 8.13187 1.49 1
      vertex 8.13187 1.49 1.28
    endloop
  endfacet
  facet normal -0.956923 -0.290342 0
    outer loop
      vertex 8.10763 1.61188 1
      vertex 8.08958 1.67137 1.28
      vertex 8.08958 1.67137 1
    endloop
  endfacet
  facet normal -0.956923 -0.290342 0
    outer loop
      vertex 8.08958 1.67137 1.28
      vertex 8.10763 1.61188 1
      vertex 8.10763 1.61188 1.28
    endloop
  endfacet
  facet normal -0.935945 -0.352146 0
    outer loop
      vertex 8.08958 1.67137 1
      vertex 8.06769 1.72955 1.28
      vertex 8.06769 1.72955 1
    endloop
  endfacet
  facet normal -0.935945 -0.352146 0
    outer loop
      vertex 8.06769 1.72955 1.28
      vertex 8.08958 1.67137 1
      vertex 8.08958 1.67137 1.28
    endloop
  endfacet
  facet normal -0.032656 -0.999467 0
    outer loop
      vertex 7.19 2.316 1
      vertex 7.25213 2.31397 1.28
      vertex 7.19 2.316 1.28
    endloop
  endfacet
  facet normal -0.032656 -0.999467 -0
    outer loop
      vertex 7.25213 2.31397 1.28
      vertex 7.19 2.316 1
      vertex 7.25213 2.31397 1
    endloop
  endfacet
  facet normal 0.032656 -0.999467 0
    outer loop
      vertex 7.12787 2.31397 1
      vertex 7.19 2.316 1.28
      vertex 7.12787 2.31397 1.28
    endloop
  endfacet
  facet normal 0.032656 -0.999467 0
    outer loop
      vertex 7.19 2.316 1.28
      vertex 7.12787 2.31397 1
      vertex 7.19 2.316 1
    endloop
  endfacet
  facet normal -0.412785 -0.910829 0
    outer loop
      vertex 7.55355 2.24369 1
      vertex 7.61017 2.21803 1.28
      vertex 7.55355 2.24369 1.28
    endloop
  endfacet
  facet normal -0.412785 -0.910829 -0
    outer loop
      vertex 7.61017 2.21803 1.28
      vertex 7.55355 2.24369 1
      vertex 7.61017 2.21803 1
    endloop
  endfacet
  facet normal -0.582485 -0.812841 0
    outer loop
      vertex 7.71779 2.1559 1
      vertex 7.76832 2.11969 1.28
      vertex 7.71779 2.1559 1.28
    endloop
  endfacet
  facet normal -0.582485 -0.812841 -0
    outer loop
      vertex 7.76832 2.11969 1.28
      vertex 7.71779 2.1559 1
      vertex 7.76832 2.11969 1
    endloop
  endfacet
  facet normal -0.290342 -0.956923 0
    outer loop
      vertex 7.43588 2.28363 1
      vertex 7.49537 2.26558 1.28
      vertex 7.43588 2.28363 1.28
    endloop
  endfacet
  facet normal -0.290342 -0.956923 -0
    outer loop
      vertex 7.49537 2.26558 1.28
      vertex 7.43588 2.28363 1
      vertex 7.49537 2.26558 1
    endloop
  endfacet
  facet normal -0.227138 -0.973863 0
    outer loop
      vertex 7.37534 2.29775 1
      vertex 7.43588 2.28363 1.28
      vertex 7.37534 2.29775 1.28
    endloop
  endfacet
  facet normal -0.227138 -0.973863 -0
    outer loop
      vertex 7.43588 2.28363 1.28
      vertex 7.37534 2.29775 1
      vertex 7.43588 2.28363 1
    endloop
  endfacet
  facet normal 0.910829 -0.412785 0
    outer loop
      vertex 6.31231 1.72955 1.28
      vertex 6.33797 1.78617 1
      vertex 6.33797 1.78617 1.28
    endloop
  endfacet
  facet normal 0.910829 -0.412785 0
    outer loop
      vertex 6.33797 1.78617 1
      vertex 6.31231 1.72955 1.28
      vertex 6.31231 1.72955 1
    endloop
  endfacet
  facet normal 0.683647 -0.729813 0
    outer loop
      vertex 6.51825 2.03775 1
      vertex 6.56362 2.08025 1.28
      vertex 6.51825 2.03775 1.28
    endloop
  endfacet
  facet normal 0.683647 -0.729813 0
    outer loop
      vertex 6.56362 2.08025 1.28
      vertex 6.51825 2.03775 1
      vertex 6.56362 2.08025 1
    endloop
  endfacet
  facet normal 0.582485 -0.812841 0
    outer loop
      vertex 6.61168 2.11969 1
      vertex 6.66221 2.1559 1.28
      vertex 6.61168 2.11969 1.28
    endloop
  endfacet
  facet normal 0.582485 -0.812841 0
    outer loop
      vertex 6.66221 2.1559 1.28
      vertex 6.61168 2.11969 1
      vertex 6.66221 2.1559 1
    endloop
  endfacet
  facet normal 0.412724 -0.910856 0
    outer loop
      vertex 6.76982 2.21803 1
      vertex 6.82645 2.24369 1.28
      vertex 6.76982 2.21803 1.28
    endloop
  endfacet
  facet normal 0.412724 -0.910856 0
    outer loop
      vertex 6.82645 2.24369 1.28
      vertex 6.76982 2.21803 1
      vertex 6.82645 2.24369 1
    endloop
  endfacet
  facet normal 0.227138 -0.973863 0
    outer loop
      vertex 6.94412 2.28363 1
      vertex 7.00466 2.29775 1.28
      vertex 6.94412 2.28363 1.28
    endloop
  endfacet
  facet normal 0.227138 -0.973863 0
    outer loop
      vertex 7.00466 2.29775 1.28
      vertex 6.94412 2.28363 1
      vertex 7.00466 2.29775 1
    endloop
  endfacet
  facet normal -0.956923 0.290342 0
    outer loop
      vertex 8.08958 -3.48937 1
      vertex 8.10763 -3.42988 1.28
      vertex 8.10763 -3.42988 1
    endloop
  endfacet
  facet normal -0.956923 0.290342 0
    outer loop
      vertex 8.10763 -3.42988 1.28
      vertex 8.08958 -3.48937 1
      vertex 8.08958 -3.48937 1.28
    endloop
  endfacet
  facet normal -0.881903 0.471431 0
    outer loop
      vertex 8.01272 -3.659 1
      vertex 8.04203 -3.60417 1.28
      vertex 8.04203 -3.60417 1
    endloop
  endfacet
  facet normal -0.881903 0.471431 0
    outer loop
      vertex 8.04203 -3.60417 1.28
      vertex 8.01272 -3.659 1
      vertex 8.01272 -3.659 1.28
    endloop
  endfacet
  facet normal -0.683647 0.729813 0
    outer loop
      vertex 7.86175 -3.85575 1
      vertex 7.81638 -3.89825 1.28
      vertex 7.86175 -3.85575 1.28
    endloop
  endfacet
  facet normal -0.683647 0.729813 0
    outer loop
      vertex 7.81638 -3.89825 1.28
      vertex 7.86175 -3.85575 1
      vertex 7.81638 -3.89825 1
    endloop
  endfacet
  facet normal -0.634376 0.773025 0
    outer loop
      vertex 7.81638 -3.89825 1
      vertex 7.76832 -3.93769 1.28
      vertex 7.81638 -3.89825 1.28
    endloop
  endfacet
  facet normal -0.634376 0.773025 0
    outer loop
      vertex 7.76832 -3.93769 1.28
      vertex 7.81638 -3.89825 1
      vertex 7.76832 -3.93769 1
    endloop
  endfacet
  facet normal 0.471498 0.881867 -0
    outer loop
      vertex 6.76982 -4.03603 1
      vertex 6.715 -4.00672 1.28
      vertex 6.76982 -4.03603 1.28
    endloop
  endfacet
  facet normal 0.471498 0.881867 0
    outer loop
      vertex 6.715 -4.00672 1.28
      vertex 6.76982 -4.03603 1
      vertex 6.715 -4.00672 1
    endloop
  endfacet
  facet normal -0.0981181 0.995175 0
    outer loop
      vertex 7.314 -4.12587 1
      vertex 7.25213 -4.13197 1.28
      vertex 7.314 -4.12587 1.28
    endloop
  endfacet
  facet normal -0.0981181 0.995175 0
    outer loop
      vertex 7.25213 -4.13197 1.28
      vertex 7.314 -4.12587 1
      vertex 7.25213 -4.13197 1
    endloop
  endfacet
  facet normal -0.352146 0.935945 0
    outer loop
      vertex 7.55355 -4.06169 1
      vertex 7.49537 -4.08358 1.28
      vertex 7.55355 -4.06169 1.28
    endloop
  endfacet
  facet normal -0.352146 0.935945 0
    outer loop
      vertex 7.49537 -4.08358 1.28
      vertex 7.55355 -4.06169 1
      vertex 7.49537 -4.08358 1
    endloop
  endfacet
  facet normal 0.956923 0.290342 0
    outer loop
      vertex 6.29042 -3.48937 1.28
      vertex 6.27237 -3.42988 1
      vertex 6.27237 -3.42988 1.28
    endloop
  endfacet
  facet normal 0.956923 0.290342 0
    outer loop
      vertex 6.27237 -3.42988 1
      vertex 6.29042 -3.48937 1.28
      vertex 6.29042 -3.48937 1
    endloop
  endfacet
  facet normal 0.812841 0.582485 0
    outer loop
      vertex 6.43631 -3.76232 1.28
      vertex 6.4001 -3.71179 1
      vertex 6.4001 -3.71179 1.28
    endloop
  endfacet
  facet normal 0.812841 0.582485 0
    outer loop
      vertex 6.4001 -3.71179 1
      vertex 6.43631 -3.76232 1.28
      vertex 6.43631 -3.76232 1
    endloop
  endfacet
  facet normal 0.729813 0.683647 0
    outer loop
      vertex 6.51825 -3.85575 1.28
      vertex 6.47575 -3.81038 1
      vertex 6.47575 -3.81038 1.28
    endloop
  endfacet
  facet normal 0.729813 0.683647 0
    outer loop
      vertex 6.47575 -3.81038 1
      vertex 6.51825 -3.85575 1.28
      vertex 6.51825 -3.85575 1
    endloop
  endfacet
  facet normal 0.683647 0.729813 -0
    outer loop
      vertex 6.56362 -3.89825 1
      vertex 6.51825 -3.85575 1.28
      vertex 6.56362 -3.89825 1.28
    endloop
  endfacet
  facet normal 0.683647 0.729813 0
    outer loop
      vertex 6.51825 -3.85575 1.28
      vertex 6.56362 -3.89825 1
      vertex 6.51825 -3.85575 1
    endloop
  endfacet
  facet normal 0.527987 0.849252 -0
    outer loop
      vertex 6.715 -4.00672 1
      vertex 6.66221 -3.9739 1.28
      vertex 6.715 -4.00672 1.28
    endloop
  endfacet
  facet normal 0.527987 0.849252 0
    outer loop
      vertex 6.66221 -3.9739 1.28
      vertex 6.715 -4.00672 1
      vertex 6.66221 -3.9739 1
    endloop
  endfacet
  facet normal -0.910829 -0.412785 0
    outer loop
      vertex 8.06769 1.72955 1
      vertex 8.04203 1.78617 1.28
      vertex 8.04203 1.78617 1
    endloop
  endfacet
  facet normal -0.910829 -0.412785 0
    outer loop
      vertex 8.04203 1.78617 1.28
      vertex 8.06769 1.72955 1
      vertex 8.06769 1.72955 1.28
    endloop
  endfacet
  facet normal -0.881903 -0.471431 0
    outer loop
      vertex 8.04203 1.78617 1
      vertex 8.01272 1.841 1.28
      vertex 8.01272 1.841 1
    endloop
  endfacet
  facet normal -0.881903 -0.471431 0
    outer loop
      vertex 8.01272 1.841 1.28
      vertex 8.04203 1.78617 1
      vertex 8.04203 1.78617 1.28
    endloop
  endfacet
  facet normal -0.849252 -0.527987 0
    outer loop
      vertex 8.01272 1.841 1
      vertex 7.9799 1.89379 1.28
      vertex 7.9799 1.89379 1
    endloop
  endfacet
  facet normal -0.849252 -0.527987 0
    outer loop
      vertex 7.9799 1.89379 1.28
      vertex 8.01272 1.841 1
      vertex 8.01272 1.841 1.28
    endloop
  endfacet
  facet normal -0.812841 -0.582485 0
    outer loop
      vertex 7.9799 1.89379 1
      vertex 7.94369 1.94432 1.28
      vertex 7.94369 1.94432 1
    endloop
  endfacet
  facet normal -0.812841 -0.582485 0
    outer loop
      vertex 7.94369 1.94432 1.28
      vertex 7.9799 1.89379 1
      vertex 7.9799 1.89379 1.28
    endloop
  endfacet
  facet normal -0.352146 -0.935945 0
    outer loop
      vertex 7.49537 2.26558 1
      vertex 7.55355 2.24369 1.28
      vertex 7.49537 2.26558 1.28
    endloop
  endfacet
  facet normal -0.352146 -0.935945 -0
    outer loop
      vertex 7.55355 2.24369 1.28
      vertex 7.49537 2.26558 1
      vertex 7.55355 2.24369 1
    endloop
  endfacet
  facet normal -0.471431 -0.881903 0
    outer loop
      vertex 7.61017 2.21803 1
      vertex 7.665 2.18872 1.28
      vertex 7.61017 2.21803 1.28
    endloop
  endfacet
  facet normal -0.471431 -0.881903 -0
    outer loop
      vertex 7.665 2.18872 1.28
      vertex 7.61017 2.21803 1
      vertex 7.665 2.18872 1
    endloop
  endfacet
  facet normal -0.527987 -0.849252 0
    outer loop
      vertex 7.665 2.18872 1
      vertex 7.71779 2.1559 1.28
      vertex 7.665 2.18872 1.28
    endloop
  endfacet
  facet normal -0.527987 -0.849252 -0
    outer loop
      vertex 7.71779 2.1559 1.28
      vertex 7.665 2.18872 1
      vertex 7.71779 2.1559 1
    endloop
  endfacet
  facet normal 0.849252 -0.527987 0
    outer loop
      vertex 6.36728 1.841 1.28
      vertex 6.4001 1.89379 1
      vertex 6.4001 1.89379 1.28
    endloop
  endfacet
  facet normal 0.849252 -0.527987 0
    outer loop
      vertex 6.4001 1.89379 1
      vertex 6.36728 1.841 1.28
      vertex 6.36728 1.841 1
    endloop
  endfacet
  facet normal 0.729813 -0.683647 0
    outer loop
      vertex 6.47575 1.99238 1.28
      vertex 6.51825 2.03775 1
      vertex 6.51825 2.03775 1.28
    endloop
  endfacet
  facet normal 0.729813 -0.683647 0
    outer loop
      vertex 6.51825 2.03775 1
      vertex 6.47575 1.99238 1.28
      vertex 6.47575 1.99238 1
    endloop
  endfacet
  facet normal 0.773025 -0.634376 0
    outer loop
      vertex 6.43631 1.94432 1.28
      vertex 6.47575 1.99238 1
      vertex 6.47575 1.99238 1.28
    endloop
  endfacet
  facet normal 0.773025 -0.634376 0
    outer loop
      vertex 6.47575 1.99238 1
      vertex 6.43631 1.94432 1.28
      vertex 6.43631 1.94432 1
    endloop
  endfacet
  facet normal 0.956923 -0.290342 0
    outer loop
      vertex 6.27237 1.61188 1.28
      vertex 6.29042 1.67137 1
      vertex 6.29042 1.67137 1.28
    endloop
  endfacet
  facet normal 0.956923 -0.290342 0
    outer loop
      vertex 6.29042 1.67137 1
      vertex 6.27237 1.61188 1.28
      vertex 6.27237 1.61188 1
    endloop
  endfacet
  facet normal 0.634376 -0.773025 0
    outer loop
      vertex 6.56362 2.08025 1
      vertex 6.61168 2.11969 1.28
      vertex 6.56362 2.08025 1.28
    endloop
  endfacet
  facet normal 0.634376 -0.773025 0
    outer loop
      vertex 6.61168 2.11969 1.28
      vertex 6.56362 2.08025 1
      vertex 6.61168 2.11969 1
    endloop
  endfacet
  facet normal 0.471498 -0.881867 0
    outer loop
      vertex 6.715 2.18872 1
      vertex 6.76982 2.21803 1.28
      vertex 6.715 2.18872 1.28
    endloop
  endfacet
  facet normal 0.471498 -0.881867 0
    outer loop
      vertex 6.76982 2.21803 1.28
      vertex 6.715 2.18872 1
      vertex 6.76982 2.21803 1
    endloop
  endfacet
  facet normal 0.162782 -0.986662 0
    outer loop
      vertex 7.00466 2.29775 1
      vertex 7.066 2.30787 1.28
      vertex 7.00466 2.29775 1.28
    endloop
  endfacet
  facet normal 0.162782 -0.986662 0
    outer loop
      vertex 7.066 2.30787 1.28
      vertex 7.00466 2.29775 1
      vertex 7.066 2.30787 1
    endloop
  endfacet
  facet normal -0.849252 0.527987 0
    outer loop
      vertex 7.9799 -3.71179 1
      vertex 8.01272 -3.659 1.28
      vertex 8.01272 -3.659 1
    endloop
  endfacet
  facet normal -0.849252 0.527987 0
    outer loop
      vertex 8.01272 -3.659 1.28
      vertex 7.9799 -3.71179 1
      vertex 7.9799 -3.71179 1.28
    endloop
  endfacet
  facet normal -0.412785 0.910829 0
    outer loop
      vertex 7.61017 -4.03603 1
      vertex 7.55355 -4.06169 1.28
      vertex 7.61017 -4.03603 1.28
    endloop
  endfacet
  facet normal -0.412785 0.910829 0
    outer loop
      vertex 7.55355 -4.06169 1.28
      vertex 7.61017 -4.03603 1
      vertex 7.55355 -4.06169 1
    endloop
  endfacet
  facet normal -0.471431 0.881903 0
    outer loop
      vertex 7.665 -4.00672 1
      vertex 7.61017 -4.03603 1.28
      vertex 7.665 -4.00672 1.28
    endloop
  endfacet
  facet normal -0.471431 0.881903 0
    outer loop
      vertex 7.61017 -4.03603 1.28
      vertex 7.665 -4.00672 1
      vertex 7.61017 -4.03603 1
    endloop
  endfacet
  facet normal 0.227138 0.973863 -0
    outer loop
      vertex 7.00466 -4.11575 1
      vertex 6.94412 -4.10163 1.28
      vertex 7.00466 -4.11575 1.28
    endloop
  endfacet
  facet normal 0.227138 0.973863 0
    outer loop
      vertex 6.94412 -4.10163 1.28
      vertex 7.00466 -4.11575 1
      vertex 6.94412 -4.10163 1
    endloop
  endfacet
  facet normal 0.162782 0.986662 -0
    outer loop
      vertex 7.066 -4.12587 1
      vertex 7.00466 -4.11575 1.28
      vertex 7.066 -4.12587 1.28
    endloop
  endfacet
  facet normal 0.162782 0.986662 0
    outer loop
      vertex 7.00466 -4.11575 1.28
      vertex 7.066 -4.12587 1
      vertex 7.00466 -4.11575 1
    endloop
  endfacet
  facet normal 0.0981181 0.995175 -0
    outer loop
      vertex 7.12787 -4.13197 1
      vertex 7.066 -4.12587 1.28
      vertex 7.12787 -4.13197 1.28
    endloop
  endfacet
  facet normal 0.0981181 0.995175 0
    outer loop
      vertex 7.066 -4.12587 1.28
      vertex 7.12787 -4.13197 1
      vertex 7.066 -4.12587 1
    endloop
  endfacet
  facet normal 0.032656 0.999467 -0
    outer loop
      vertex 7.19 -4.134 1
      vertex 7.12787 -4.13197 1.28
      vertex 7.19 -4.134 1.28
    endloop
  endfacet
  facet normal 0.032656 0.999467 0
    outer loop
      vertex 7.12787 -4.13197 1.28
      vertex 7.19 -4.134 1
      vertex 7.12787 -4.13197 1
    endloop
  endfacet
  facet normal 0.773025 0.634376 0
    outer loop
      vertex 6.47575 -3.81038 1.28
      vertex 6.43631 -3.76232 1
      vertex 6.43631 -3.76232 1.28
    endloop
  endfacet
  facet normal 0.773025 0.634376 0
    outer loop
      vertex 6.43631 -3.76232 1
      vertex 6.47575 -3.81038 1.28
      vertex 6.47575 -3.81038 1
    endloop
  endfacet
  facet normal 0.634376 0.773025 -0
    outer loop
      vertex 6.61168 -3.93769 1
      vertex 6.56362 -3.89825 1.28
      vertex 6.61168 -3.93769 1.28
    endloop
  endfacet
  facet normal 0.634376 0.773025 0
    outer loop
      vertex 6.56362 -3.89825 1.28
      vertex 6.61168 -3.93769 1
      vertex 6.56362 -3.89825 1
    endloop
  endfacet
  facet normal 0.582485 0.812841 -0
    outer loop
      vertex 6.66221 -3.9739 1
      vertex 6.61168 -3.93769 1.28
      vertex 6.66221 -3.9739 1.28
    endloop
  endfacet
  facet normal 0.582485 0.812841 0
    outer loop
      vertex 6.61168 -3.93769 1.28
      vertex 6.66221 -3.9739 1
      vertex 6.61168 -3.93769 1
    endloop
  endfacet
  facet normal -0.683647 -0.729813 0
    outer loop
      vertex 7.81638 2.08025 1
      vertex 7.86175 2.03775 1.28
      vertex 7.81638 2.08025 1.28
    endloop
  endfacet
  facet normal -0.683647 -0.729813 -0
    outer loop
      vertex 7.86175 2.03775 1.28
      vertex 7.81638 2.08025 1
      vertex 7.86175 2.03775 1
    endloop
  endfacet
  facet normal -0.162782 -0.986662 0
    outer loop
      vertex 7.314 2.30787 1
      vertex 7.37534 2.29775 1.28
      vertex 7.314 2.30787 1.28
    endloop
  endfacet
  facet normal -0.162782 -0.986662 -0
    outer loop
      vertex 7.37534 2.29775 1.28
      vertex 7.314 2.30787 1
      vertex 7.37534 2.29775 1
    endloop
  endfacet
  facet normal -0.0981181 -0.995175 0
    outer loop
      vertex 7.25213 2.31397 1
      vertex 7.314 2.30787 1.28
      vertex 7.25213 2.31397 1.28
    endloop
  endfacet
  facet normal -0.0981181 -0.995175 -0
    outer loop
      vertex 7.314 2.30787 1.28
      vertex 7.25213 2.31397 1
      vertex 7.314 2.30787 1
    endloop
  endfacet
  facet normal 0.527987 -0.849252 0
    outer loop
      vertex 6.66221 2.1559 1
      vertex 6.715 2.18872 1.28
      vertex 6.66221 2.1559 1.28
    endloop
  endfacet
  facet normal 0.527987 -0.849252 0
    outer loop
      vertex 6.715 2.18872 1.28
      vertex 6.66221 2.1559 1
      vertex 6.715 2.18872 1
    endloop
  endfacet
  facet normal -0.527987 0.849252 0
    outer loop
      vertex 7.71779 -3.9739 1
      vertex 7.665 -4.00672 1.28
      vertex 7.71779 -3.9739 1.28
    endloop
  endfacet
  facet normal -0.527987 0.849252 0
    outer loop
      vertex 7.665 -4.00672 1.28
      vertex 7.71779 -3.9739 1
      vertex 7.665 -4.00672 1
    endloop
  endfacet
  facet normal 0.352146 0.935945 -0
    outer loop
      vertex 6.88463 -4.08358 1
      vertex 6.82645 -4.06169 1.28
      vertex 6.88463 -4.08358 1.28
    endloop
  endfacet
  facet normal 0.352146 0.935945 0
    outer loop
      vertex 6.82645 -4.06169 1.28
      vertex 6.88463 -4.08358 1
      vertex 6.82645 -4.06169 1
    endloop
  endfacet
  facet normal 0.290342 0.956923 -0
    outer loop
      vertex 6.94412 -4.10163 1
      vertex 6.88463 -4.08358 1.28
      vertex 6.94412 -4.10163 1.28
    endloop
  endfacet
  facet normal 0.290342 0.956923 0
    outer loop
      vertex 6.88463 -4.08358 1.28
      vertex 6.94412 -4.10163 1
      vertex 6.88463 -4.08358 1
    endloop
  endfacet
  facet normal 1 -0 0
    outer loop
      vertex -10.5 9.816 1.6
      vertex -10.5 17.316 1
      vertex -10.5 17.316 1.6
    endloop
  endfacet
  facet normal 1 0 0
    outer loop
      vertex -10.5 17.316 1
      vertex -10.5 9.816 1.6
      vertex -10.5 9.816 1
    endloop
  endfacet
  facet normal -1 0 0
    outer loop
      vertex 3.5 9.816 1
      vertex 3.5 17.316 1.6
      vertex 3.5 17.316 1
    endloop
  endfacet
  facet normal -1 -0 0
    outer loop
      vertex 3.5 17.316 1.6
      vertex 3.5 9.816 1
      vertex 3.5 9.816 1.6
    endloop
  endfacet
  facet normal 0 1 -0
    outer loop
      vertex 3.5 9.816 1
      vertex -10.5 9.816 1.6
      vertex 3.5 9.816 1.6
    endloop
  endfacet
  facet normal 0 1 0
    outer loop
      vertex -10.5 9.816 1.6
      vertex 3.5 9.816 1
      vertex -10.5 9.816 1
    endloop
  endfacet
  facet normal 0 0 -1
    outer loop
      vertex -10.5 9.816 1.6
      vertex 3.5 17.316 1.6
      vertex 3.5 9.816 1.6
    endloop
  endfacet
  facet normal -0 0 -1
    outer loop
      vertex 3.5 17.316 1.6
      vertex -10.5 9.816 1.6
      vertex -10.5 17.316 1.6
    endloop
  endfacet
  facet normal 0 -1 0
    outer loop
      vertex -10.5 17.316 1
      vertex 3.5 17.316 1.6
      vertex -10.5 17.316 1.6
    endloop
  endfacet
  facet normal 0 -1 -0
    outer loop
      vertex 3.5 17.316 1.6
      vertex -10.5 17.316 1
      vertex 3.5 17.316 1
    endloop
  endfacet
endsolid OpenSCAD_Model
