solid OpenSCAD_Model
  facet normal 0.999435 0 -0.0336201
    outer loop
      vertex 10.511 -5.179 6.01
      vertex 10.5099 -2.179 5.9773
      vertex 10.511 -2.179 6.01
    endloop
  endfacet
  facet normal 0.999435 0 -0.0336201
    outer loop
      vertex 10.5099 -2.179 5.9773
      vertex 10.511 -5.179 6.01
      vertex 10.5099 -5.179 5.9773
    endloop
  endfacet
  facet normal -0.0327042 0 -0.999465
    outer loop
      vertex 9.9783 -5.179 5.51107
      vertex 10.011 -2.179 5.51
      vertex 10.011 -5.179 5.51
    endloop
  endfacet
  facet normal -0.0327042 0 -0.999465
    outer loop
      vertex 10.011 -2.179 5.51
      vertex 9.9783 -5.179 5.51107
      vertex 9.9783 -2.179 5.51107
    endloop
  endfacet
  facet normal 0.683352 0 -0.730089
    outer loop
      vertex 10.3407 -5.179 5.63408
      vertex 10.3646 -2.179 5.65645
      vertex 10.3646 -5.179 5.65645
    endloop
  endfacet
  facet normal 0.683352 0 -0.730089
    outer loop
      vertex 10.3646 -2.179 5.65645
      vertex 10.3407 -5.179 5.63408
      vertex 10.3407 -2.179 5.63408
    endloop
  endfacet
  facet normal -0.729804 0 -0.683656
    outer loop
      vertex 9.65745 -5.179 5.65645
      vertex 9.63508 -2.179 5.68033
      vertex 9.65745 -2.179 5.65645
    endloop
  endfacet
  facet normal -0.729804 -0 -0.683656
    outer loop
      vertex 9.63508 -2.179 5.68033
      vertex 9.65745 -5.179 5.65645
      vertex 9.63508 -5.179 5.68033
    endloop
  endfacet
  facet normal -0.412735 0 -0.910851
    outer loop
      vertex 9.79331 -5.179 5.56
      vertex 9.81966 -2.179 5.54806
      vertex 9.81966 -5.179 5.54806
    endloop
  endfacet
  facet normal -0.412735 0 -0.910851
    outer loop
      vertex 9.81966 -2.179 5.54806
      vertex 9.79331 -5.179 5.56
      vertex 9.79331 -2.179 5.56
    endloop
  endfacet
  facet normal 0.910889 0 -0.412651
    outer loop
      vertex 10.4729 -5.179 5.81866
      vertex 10.4594 -2.179 5.78886
      vertex 10.4729 -2.179 5.81866
    endloop
  endfacet
  facet normal 0.910889 0 -0.412651
    outer loop
      vertex 10.4594 -2.179 5.78886
      vertex 10.4729 -5.179 5.81866
      vertex 10.4594 -5.179 5.78886
    endloop
  endfacet
  facet normal 0.352598 0 -0.935775
    outer loop
      vertex 10.1717 -5.179 5.53653
      vertex 10.2023 -2.179 5.54806
      vertex 10.2023 -5.179 5.54806
    endloop
  endfacet
  facet normal 0.352598 0 -0.935775
    outer loop
      vertex 10.2023 -2.179 5.54806
      vertex 10.1717 -5.179 5.53653
      vertex 10.1717 -2.179 5.53653
    endloop
  endfacet
  facet normal 0.52769 0 -0.849437
    outer loop
      vertex 10.261 -5.179 5.57699
      vertex 10.2888 -2.179 5.59426
      vertex 10.2888 -5.179 5.59426
    endloop
  endfacet
  facet normal 0.52769 0 -0.849437
    outer loop
      vertex 10.2888 -2.179 5.59426
      vertex 10.261 -5.179 5.57699
      vertex 10.261 -2.179 5.57699
    endloop
  endfacet
  facet normal -0.935851 0 -0.352396
    outer loop
      vertex 9.54906 -5.179 5.81866
      vertex 9.53753 -2.179 5.84928
      vertex 9.54906 -2.179 5.81866
    endloop
  endfacet
  facet normal -0.935851 -0 -0.352396
    outer loop
      vertex 9.53753 -2.179 5.84928
      vertex 9.54906 -5.179 5.81866
      vertex 9.53753 -5.179 5.84928
    endloop
  endfacet
  facet normal -0.227114 0 -0.973868
    outer loop
      vertex 9.88159 -5.179 5.52704
      vertex 9.91345 -2.179 5.51961
      vertex 9.91345 -5.179 5.51961
    endloop
  endfacet
  facet normal -0.227114 0 -0.973868
    outer loop
      vertex 9.91345 -2.179 5.51961
      vertex 9.88159 -5.179 5.52704
      vertex 9.88159 -2.179 5.52704
    endloop
  endfacet
  facet normal 0.974071 0 -0.226244
    outer loop
      vertex 10.5014 -5.179 5.91245
      vertex 10.494 -2.179 5.88059
      vertex 10.5014 -2.179 5.91245
    endloop
  endfacet
  facet normal 0.974071 0 -0.226244
    outer loop
      vertex 10.494 -2.179 5.88059
      vertex 10.5014 -5.179 5.91245
      vertex 10.494 -5.179 5.88059
    endloop
  endfacet
  facet normal 0.81363 0 -0.581383
    outer loop
      vertex 10.4267 -5.179 5.73221
      vertex 10.4077 -2.179 5.70562
      vertex 10.4267 -2.179 5.73221
    endloop
  endfacet
  facet normal 0.81363 0 -0.581383
    outer loop
      vertex 10.4077 -2.179 5.70562
      vertex 10.4267 -5.179 5.73221
      vertex 10.4077 -5.179 5.70562
    endloop
  endfacet
  facet normal 0.772336 0 -0.635215
    outer loop
      vertex 10.4077 -5.179 5.70562
      vertex 10.3869 -2.179 5.68033
      vertex 10.4077 -2.179 5.70562
    endloop
  endfacet
  facet normal 0.772336 0 -0.635215
    outer loop
      vertex 10.3869 -2.179 5.68033
      vertex 10.4077 -5.179 5.70562
      vertex 10.3869 -5.179 5.68033
    endloop
  endfacet
  facet normal 0.882251 0 -0.470779
    outer loop
      vertex 10.4594 -5.179 5.78886
      vertex 10.444 -2.179 5.76
      vertex 10.4594 -2.179 5.78886
    endloop
  endfacet
  facet normal 0.882251 0 -0.470779
    outer loop
      vertex 10.444 -2.179 5.76
      vertex 10.4594 -5.179 5.78886
      vertex 10.444 -5.179 5.76
    endloop
  endfacet
  facet normal 0.163306 0 -0.986575
    outer loop
      vertex 10.0763 -5.179 5.51428
      vertex 10.1085 -2.179 5.51961
      vertex 10.1085 -5.179 5.51961
    endloop
  endfacet
  facet normal 0.163306 0 -0.986575
    outer loop
      vertex 10.1085 -2.179 5.51961
      vertex 10.0763 -5.179 5.51428
      vertex 10.0763 -2.179 5.51428
    endloop
  endfacet
  facet normal 0.582452 0 -0.812865
    outer loop
      vertex 10.2888 -5.179 5.59426
      vertex 10.3154 -2.179 5.61332
      vertex 10.3154 -5.179 5.61332
    endloop
  endfacet
  facet normal 0.582452 0 -0.812865
    outer loop
      vertex 10.3154 -2.179 5.61332
      vertex 10.2888 -5.179 5.59426
      vertex 10.2888 -2.179 5.59426
    endloop
  endfacet
  facet normal -0.986649 0 -0.162863
    outer loop
      vertex 9.52061 -5.179 5.91245
      vertex 9.51528 -2.179 5.94474
      vertex 9.52061 -2.179 5.91245
    endloop
  endfacet
  facet normal -0.986649 -0 -0.162863
    outer loop
      vertex 9.51528 -2.179 5.94474
      vertex 9.52061 -5.179 5.91245
      vertex 9.51528 -5.179 5.94474
    endloop
  endfacet
  facet normal -0.849352 0 -0.527827
    outer loop
      vertex 9.59526 -5.179 5.73221
      vertex 9.57799 -2.179 5.76
      vertex 9.59526 -2.179 5.73221
    endloop
  endfacet
  facet normal -0.849352 -0 -0.527827
    outer loop
      vertex 9.57799 -2.179 5.76
      vertex 9.59526 -5.179 5.73221
      vertex 9.57799 -5.179 5.76
    endloop
  endfacet
  facet normal -0.88187 0 -0.471492
    outer loop
      vertex 9.57799 -5.179 5.76
      vertex 9.56256 -2.179 5.78886
      vertex 9.57799 -2.179 5.76
    endloop
  endfacet
  facet normal -0.88187 -0 -0.471492
    outer loop
      vertex 9.56256 -2.179 5.78886
      vertex 9.57799 -5.179 5.76
      vertex 9.56256 -5.179 5.78886
    endloop
  endfacet
  facet normal -0.995175 0 -0.0981116
    outer loop
      vertex 9.51528 -5.179 5.94474
      vertex 9.51207 -2.179 5.9773
      vertex 9.51528 -2.179 5.94474
    endloop
  endfacet
  facet normal -0.995175 -0 -0.0981116
    outer loop
      vertex 9.51207 -2.179 5.9773
      vertex 9.51528 -5.179 5.94474
      vertex 9.51207 -5.179 5.9773
    endloop
  endfacet
  facet normal -0.162863 0 -0.986649
    outer loop
      vertex 9.91345 -5.179 5.51961
      vertex 9.94574 -2.179 5.51428
      vertex 9.94574 -5.179 5.51428
    endloop
  endfacet
  facet normal -0.162863 0 -0.986649
    outer loop
      vertex 9.94574 -2.179 5.51428
      vertex 9.91345 -5.179 5.51961
      vertex 9.91345 -2.179 5.51961
    endloop
  endfacet
  facet normal 0.986788 -0 0.162019
    outer loop
      vertex 10.5014 -5.179 6.10754
      vertex 10.5067 -2.179 6.07526
      vertex 10.5014 -2.179 6.10754
    endloop
  endfacet
  facet normal 0.986788 0 0.162019
    outer loop
      vertex 10.5067 -2.179 6.07526
      vertex 10.5014 -5.179 6.10754
      vertex 10.5067 -5.179 6.07526
    endloop
  endfacet
  facet normal 0.634335 0 0.773058
    outer loop
      vertex 10.3154 -2.179 6.40668
      vertex 10.3407 -5.179 6.38592
      vertex 10.3407 -2.179 6.38592
    endloop
  endfacet
  facet normal 0.634335 0 0.773058
    outer loop
      vertex 10.3407 -5.179 6.38592
      vertex 10.3154 -2.179 6.40668
      vertex 10.3154 -5.179 6.40668
    endloop
  endfacet
  facet normal 0.772336 -0 0.635215
    outer loop
      vertex 10.3869 -5.179 6.33967
      vertex 10.4077 -2.179 6.31438
      vertex 10.3869 -2.179 6.33967
    endloop
  endfacet
  facet normal 0.772336 0 0.635215
    outer loop
      vertex 10.4077 -2.179 6.31438
      vertex 10.3869 -5.179 6.33967
      vertex 10.4077 -5.179 6.31438
    endloop
  endfacet
  facet normal -0.995175 0 0.0981116
    outer loop
      vertex 9.51207 -5.179 6.0427
      vertex 9.51528 -2.179 6.07526
      vertex 9.51207 -2.179 6.0427
    endloop
  endfacet
  facet normal -0.995175 0 0.0981116
    outer loop
      vertex 9.51528 -2.179 6.07526
      vertex 9.51207 -5.179 6.0427
      vertex 9.51528 -5.179 6.07526
    endloop
  endfacet
  facet normal 0.986796 0 -0.16197
    outer loop
      vertex 10.5067 -5.179 5.94474
      vertex 10.5014 -2.179 5.91245
      vertex 10.5067 -2.179 5.94474
    endloop
  endfacet
  facet normal 0.986796 0 -0.16197
    outer loop
      vertex 10.5014 -2.179 5.91245
      vertex 10.5067 -5.179 5.94474
      vertex 10.5014 -5.179 5.91245
    endloop
  endfacet
  facet normal 0.995205 0 -0.0978089
    outer loop
      vertex 10.5099 -5.179 5.9773
      vertex 10.5067 -2.179 5.94474
      vertex 10.5099 -2.179 5.9773
    endloop
  endfacet
  facet normal 0.995205 0 -0.0978089
    outer loop
      vertex 10.5067 -2.179 5.94474
      vertex 10.5099 -5.179 5.9773
      vertex 10.5067 -5.179 5.94474
    endloop
  endfacet
  facet normal 0.935144 0 -0.354268
    outer loop
      vertex 10.4845 -5.179 5.84928
      vertex 10.4729 -2.179 5.81866
      vertex 10.4845 -2.179 5.84928
    endloop
  endfacet
  facet normal 0.935144 0 -0.354268
    outer loop
      vertex 10.4729 -2.179 5.81866
      vertex 10.4845 -5.179 5.84928
      vertex 10.4729 -5.179 5.81866
    endloop
  endfacet
  facet normal 0.956922 0 -0.290347
    outer loop
      vertex 10.494 -5.179 5.88059
      vertex 10.4845 -2.179 5.84928
      vertex 10.494 -2.179 5.88059
    endloop
  endfacet
  facet normal 0.956922 0 -0.290347
    outer loop
      vertex 10.4845 -2.179 5.84928
      vertex 10.494 -5.179 5.88059
      vertex 10.4845 -5.179 5.84928
    endloop
  endfacet
  facet normal 0.730872 0 -0.682515
    outer loop
      vertex 10.3869 -5.179 5.68033
      vertex 10.3646 -2.179 5.65645
      vertex 10.3869 -2.179 5.68033
    endloop
  endfacet
  facet normal 0.730872 0 -0.682515
    outer loop
      vertex 10.3646 -2.179 5.65645
      vertex 10.3869 -5.179 5.68033
      vertex 10.3646 -5.179 5.65645
    endloop
  endfacet
  facet normal 0.848941 0 -0.528488
    outer loop
      vertex 10.444 -5.179 5.76
      vertex 10.4267 -2.179 5.73221
      vertex 10.444 -2.179 5.76
    endloop
  endfacet
  facet normal 0.848941 0 -0.528488
    outer loop
      vertex 10.4267 -2.179 5.73221
      vertex 10.444 -5.179 5.76
      vertex 10.4267 -5.179 5.73221
    endloop
  endfacet
  facet normal 0.226844 0 -0.973931
    outer loop
      vertex 10.1085 -5.179 5.51961
      vertex 10.1404 -2.179 5.52704
      vertex 10.1404 -5.179 5.52704
    endloop
  endfacet
  facet normal 0.226844 0 -0.973931
    outer loop
      vertex 10.1404 -2.179 5.52704
      vertex 10.1085 -5.179 5.51961
      vertex 10.1085 -2.179 5.51961
    endloop
  endfacet
  facet normal 0.290152 0 -0.956981
    outer loop
      vertex 10.1404 -5.179 5.52704
      vertex 10.1717 -2.179 5.53653
      vertex 10.1717 -5.179 5.53653
    endloop
  endfacet
  facet normal 0.290152 0 -0.956981
    outer loop
      vertex 10.1717 -2.179 5.53653
      vertex 10.1404 -5.179 5.52704
      vertex 10.1404 -2.179 5.52704
    endloop
  endfacet
  facet normal 0.0979924 0 -0.995187
    outer loop
      vertex 10.0437 -5.179 5.51107
      vertex 10.0763 -2.179 5.51428
      vertex 10.0763 -5.179 5.51428
    endloop
  endfacet
  facet normal 0.0979924 0 -0.995187
    outer loop
      vertex 10.0763 -2.179 5.51428
      vertex 10.0437 -5.179 5.51107
      vertex 10.0437 -2.179 5.51107
    endloop
  endfacet
  facet normal 0.0327042 0 -0.999465
    outer loop
      vertex 10.011 -5.179 5.51
      vertex 10.0437 -2.179 5.51107
      vertex 10.0437 -5.179 5.51107
    endloop
  endfacet
  facet normal 0.0327042 0 -0.999465
    outer loop
      vertex 10.0437 -2.179 5.51107
      vertex 10.011 -5.179 5.51
      vertex 10.011 -2.179 5.51
    endloop
  endfacet
  facet normal 0.412086 0 -0.911145
    outer loop
      vertex 10.2023 -5.179 5.54806
      vertex 10.2287 -2.179 5.56
      vertex 10.2287 -5.179 5.56
    endloop
  endfacet
  facet normal 0.412086 0 -0.911145
    outer loop
      vertex 10.2287 -2.179 5.56
      vertex 10.2023 -5.179 5.54806
      vertex 10.2023 -2.179 5.54806
    endloop
  endfacet
  facet normal 0.634335 0 -0.773058
    outer loop
      vertex 10.3154 -5.179 5.61332
      vertex 10.3407 -2.179 5.63408
      vertex 10.3407 -5.179 5.63408
    endloop
  endfacet
  facet normal 0.634335 0 -0.773058
    outer loop
      vertex 10.3407 -2.179 5.63408
      vertex 10.3154 -5.179 5.61332
      vertex 10.3154 -2.179 5.61332
    endloop
  endfacet
  facet normal 0 -1 0
    outer loop
      vertex 10.261 -5.179 6.44301
      vertex 10.3154 -5.179 6.40668
      vertex 10.2888 -5.179 6.42573
    endloop
  endfacet
  facet normal 0 -1 0
    outer loop
      vertex 10.261 -5.179 6.44301
      vertex 10.3407 -5.179 6.38592
      vertex 10.3154 -5.179 6.40668
    endloop
  endfacet
  facet normal 0 -1 0
    outer loop
      vertex 10.261 -5.179 6.44301
      vertex 10.3646 -5.179 6.36355
      vertex 10.3407 -5.179 6.38592
    endloop
  endfacet
  facet normal 0 -1 0
    outer loop
      vertex 10.261 -5.179 6.44301
      vertex 10.3869 -5.179 6.33967
      vertex 10.3646 -5.179 6.36355
    endloop
  endfacet
  facet normal 0 -1 0
    outer loop
      vertex 10.261 -5.179 6.44301
      vertex 10.4077 -5.179 6.31438
      vertex 10.3869 -5.179 6.33967
    endloop
  endfacet
  facet normal 0 -1 0
    outer loop
      vertex 10.261 -5.179 6.44301
      vertex 10.4267 -5.179 6.28778
      vertex 10.4077 -5.179 6.31438
    endloop
  endfacet
  facet normal 0 -1 0
    outer loop
      vertex 10.261 -5.179 6.44301
      vertex 10.444 -5.179 6.26
      vertex 10.4267 -5.179 6.28778
    endloop
  endfacet
  facet normal 0 -1 0
    outer loop
      vertex 10.261 -5.179 6.44301
      vertex 10.4594 -5.179 6.23114
      vertex 10.444 -5.179 6.26
    endloop
  endfacet
  facet normal 0 -1 0
    outer loop
      vertex 10.261 -5.179 6.44301
      vertex 10.4729 -5.179 6.20134
      vertex 10.4594 -5.179 6.23114
    endloop
  endfacet
  facet normal 0 -1 0
    outer loop
      vertex 10.261 -5.179 6.44301
      vertex 10.4845 -5.179 6.17072
      vertex 10.4729 -5.179 6.20134
    endloop
  endfacet
  facet normal 0 -1 0
    outer loop
      vertex 10.261 -5.179 6.44301
      vertex 10.494 -5.179 6.13941
      vertex 10.4845 -5.179 6.17072
    endloop
  endfacet
  facet normal 0 -1 0
    outer loop
      vertex 10.261 -5.179 6.44301
      vertex 10.5014 -5.179 6.10754
      vertex 10.494 -5.179 6.13941
    endloop
  endfacet
  facet normal 0 -1 0
    outer loop
      vertex 10.261 -5.179 6.44301
      vertex 10.5067 -5.179 6.07526
      vertex 10.5014 -5.179 6.10754
    endloop
  endfacet
  facet normal 0 -1 0
    outer loop
      vertex 10.261 -5.179 6.44301
      vertex 10.5099 -5.179 6.0427
      vertex 10.5067 -5.179 6.07526
    endloop
  endfacet
  facet normal 0 -1 0
    outer loop
      vertex 10.261 -5.179 6.44301
      vertex 10.511 -5.179 6.01
      vertex 10.5099 -5.179 6.0427
    endloop
  endfacet
  facet normal 0 -1 0
    outer loop
      vertex 10.261 -5.179 6.44301
      vertex 10.5099 -5.179 5.9773
      vertex 10.511 -5.179 6.01
    endloop
  endfacet
  facet normal 0 -1 0
    outer loop
      vertex 10.261 -5.179 6.44301
      vertex 10.5067 -5.179 5.94474
      vertex 10.5099 -5.179 5.9773
    endloop
  endfacet
  facet normal 0 -1 0
    outer loop
      vertex 10.261 -5.179 6.44301
      vertex 10.5014 -5.179 5.91245
      vertex 10.5067 -5.179 5.94474
    endloop
  endfacet
  facet normal 0 -1 0
    outer loop
      vertex 10.261 -5.179 6.44301
      vertex 10.494 -5.179 5.88059
      vertex 10.5014 -5.179 5.91245
    endloop
  endfacet
  facet normal 0 -1 0
    outer loop
      vertex 10.261 -5.179 6.44301
      vertex 10.4845 -5.179 5.84928
      vertex 10.494 -5.179 5.88059
    endloop
  endfacet
  facet normal 0 -1 0
    outer loop
      vertex 10.261 -5.179 6.44301
      vertex 10.4729 -5.179 5.81866
      vertex 10.4845 -5.179 5.84928
    endloop
  endfacet
  facet normal 0 -1 0
    outer loop
      vertex 10.261 -5.179 6.44301
      vertex 10.4594 -5.179 5.78886
      vertex 10.4729 -5.179 5.81866
    endloop
  endfacet
  facet normal 0 -1 0
    outer loop
      vertex 10.261 -5.179 6.44301
      vertex 10.444 -5.179 5.76
      vertex 10.4594 -5.179 5.78886
    endloop
  endfacet
  facet normal 0 -1 0
    outer loop
      vertex 10.261 -5.179 6.44301
      vertex 10.4267 -5.179 5.73221
      vertex 10.444 -5.179 5.76
    endloop
  endfacet
  facet normal 0 -1 0
    outer loop
      vertex 10.261 -5.179 6.44301
      vertex 10.4077 -5.179 5.70562
      vertex 10.4267 -5.179 5.73221
    endloop
  endfacet
  facet normal 0 -1 0
    outer loop
      vertex 10.261 -5.179 6.44301
      vertex 10.3869 -5.179 5.68033
      vertex 10.4077 -5.179 5.70562
    endloop
  endfacet
  facet normal 0 -1 0
    outer loop
      vertex 10.261 -5.179 6.44301
      vertex 10.3646 -5.179 5.65645
      vertex 10.3869 -5.179 5.68033
    endloop
  endfacet
  facet normal 0 -1 0
    outer loop
      vertex 10.261 -5.179 6.44301
      vertex 10.3407 -5.179 5.63408
      vertex 10.3646 -5.179 5.65645
    endloop
  endfacet
  facet normal 0 -1 0
    outer loop
      vertex 10.261 -5.179 6.44301
      vertex 10.3154 -5.179 5.61332
      vertex 10.3407 -5.179 5.63408
    endloop
  endfacet
  facet normal 0 -1 0
    outer loop
      vertex 10.261 -5.179 6.44301
      vertex 10.2888 -5.179 5.59426
      vertex 10.3154 -5.179 5.61332
    endloop
  endfacet
  facet normal -0 -1 0
    outer loop
      vertex 10.2888 -5.179 5.59426
      vertex 10.261 -5.179 6.44301
      vertex 10.261 -5.179 5.57699
    endloop
  endfacet
  facet normal 0 -1 0
    outer loop
      vertex 9.63508 -5.179 6.33967
      vertex 9.661 -5.179 6.36688
      vertex 9.65745 -5.179 6.36355
    endloop
  endfacet
  facet normal 0 -1 0
    outer loop
      vertex 9.61432 -5.179 6.31438
      vertex 9.661 -5.179 6.36688
      vertex 9.63508 -5.179 6.33967
    endloop
  endfacet
  facet normal 0 -1 0
    outer loop
      vertex 9.59526 -5.179 6.28778
      vertex 9.661 -5.179 6.36688
      vertex 9.61432 -5.179 6.31438
    endloop
  endfacet
  facet normal 0 -1 0
    outer loop
      vertex 9.57799 -5.179 6.26
      vertex 9.661 -5.179 6.36688
      vertex 9.59526 -5.179 6.28778
    endloop
  endfacet
  facet normal 0 -1 0
    outer loop
      vertex 9.56256 -5.179 6.23114
      vertex 9.661 -5.179 6.36688
      vertex 9.57799 -5.179 6.26
    endloop
  endfacet
  facet normal 0 -1 0
    outer loop
      vertex 9.54906 -5.179 6.20134
      vertex 9.661 -5.179 6.36688
      vertex 9.56256 -5.179 6.23114
    endloop
  endfacet
  facet normal 0 -1 0
    outer loop
      vertex 9.53753 -5.179 6.17072
      vertex 9.661 -5.179 6.36688
      vertex 9.54906 -5.179 6.20134
    endloop
  endfacet
  facet normal 0 -1 0
    outer loop
      vertex 9.52804 -5.179 6.13941
      vertex 9.661 -5.179 6.36688
      vertex 9.53753 -5.179 6.17072
    endloop
  endfacet
  facet normal 0 -1 0
    outer loop
      vertex 9.52061 -5.179 6.10754
      vertex 9.661 -5.179 6.36688
      vertex 9.52804 -5.179 6.13941
    endloop
  endfacet
  facet normal 0 -1 0
    outer loop
      vertex 9.51528 -5.179 6.07526
      vertex 9.661 -5.179 6.36688
      vertex 9.52061 -5.179 6.10754
    endloop
  endfacet
  facet normal 0 -1 0
    outer loop
      vertex 9.51207 -5.179 6.0427
      vertex 9.661 -5.179 6.36688
      vertex 9.51528 -5.179 6.07526
    endloop
  endfacet
  facet normal 0 -1 0
    outer loop
      vertex 9.511 -5.179 6.01
      vertex 9.661 -5.179 6.36688
      vertex 9.51207 -5.179 6.0427
    endloop
  endfacet
  facet normal 0 -1 0
    outer loop
      vertex 9.51207 -5.179 5.9773
      vertex 9.661 -5.179 6.36688
      vertex 9.511 -5.179 6.01
    endloop
  endfacet
  facet normal 0 -1 0
    outer loop
      vertex 9.51528 -5.179 5.94474
      vertex 9.661 -5.179 6.36688
      vertex 9.51207 -5.179 5.9773
    endloop
  endfacet
  facet normal 0 -1 0
    outer loop
      vertex 9.52061 -5.179 5.91245
      vertex 9.661 -5.179 6.36688
      vertex 9.51528 -5.179 5.94474
    endloop
  endfacet
  facet normal 0 -1 0
    outer loop
      vertex 9.52804 -5.179 5.88059
      vertex 9.661 -5.179 6.36688
      vertex 9.52061 -5.179 5.91245
    endloop
  endfacet
  facet normal 0 -1 0
    outer loop
      vertex 9.53753 -5.179 5.84928
      vertex 9.661 -5.179 6.36688
      vertex 9.52804 -5.179 5.88059
    endloop
  endfacet
  facet normal 0 -1 0
    outer loop
      vertex 9.54906 -5.179 5.81866
      vertex 9.661 -5.179 6.36688
      vertex 9.53753 -5.179 5.84928
    endloop
  endfacet
  facet normal 0 -1 0
    outer loop
      vertex 9.56256 -5.179 5.78886
      vertex 9.661 -5.179 6.36688
      vertex 9.54906 -5.179 5.81866
    endloop
  endfacet
  facet normal 0 -1 0
    outer loop
      vertex 9.57799 -5.179 5.76
      vertex 9.661 -5.179 6.36688
      vertex 9.56256 -5.179 5.78886
    endloop
  endfacet
  facet normal 0 -1 0
    outer loop
      vertex 9.59526 -5.179 5.73221
      vertex 9.661 -5.179 6.36688
      vertex 9.57799 -5.179 5.76
    endloop
  endfacet
  facet normal 0 -1 0
    outer loop
      vertex 9.61432 -5.179 5.70562
      vertex 9.661 -5.179 6.36688
      vertex 9.59526 -5.179 5.73221
    endloop
  endfacet
  facet normal 0 -1 0
    outer loop
      vertex 9.63508 -5.179 5.68033
      vertex 9.661 -5.179 6.36688
      vertex 9.61432 -5.179 5.70562
    endloop
  endfacet
  facet normal 0 -1 0
    outer loop
      vertex 9.661 -5.179 5.65312
      vertex 9.63508 -5.179 5.68033
      vertex 9.65745 -5.179 5.65645
    endloop
  endfacet
  facet normal 0 -1 0
    outer loop
      vertex 9.63508 -5.179 5.68033
      vertex 9.661 -5.179 5.65312
      vertex 9.661 -5.179 6.36688
    endloop
  endfacet
  facet normal 0 -1 0
    outer loop
      vertex 9.81966 -5.179 5.54806
      vertex 10.2287 -5.179 5.56
      vertex 9.79331 -5.179 5.56
    endloop
  endfacet
  facet normal 0 -1 0
    outer loop
      vertex 9.81966 -5.179 5.54806
      vertex 10.2023 -5.179 5.54806
      vertex 10.2287 -5.179 5.56
    endloop
  endfacet
  facet normal 0 -1 0
    outer loop
      vertex 9.85028 -5.179 5.53653
      vertex 10.2023 -5.179 5.54806
      vertex 9.81966 -5.179 5.54806
    endloop
  endfacet
  facet normal 0 -1 0
    outer loop
      vertex 9.85028 -5.179 5.53653
      vertex 10.1717 -5.179 5.53653
      vertex 10.2023 -5.179 5.54806
    endloop
  endfacet
  facet normal 0 -1 0
    outer loop
      vertex 9.88159 -5.179 5.52704
      vertex 10.1717 -5.179 5.53653
      vertex 9.85028 -5.179 5.53653
    endloop
  endfacet
  facet normal 0 -1 0
    outer loop
      vertex 9.88159 -5.179 5.52704
      vertex 10.1404 -5.179 5.52704
      vertex 10.1717 -5.179 5.53653
    endloop
  endfacet
  facet normal 0 -1 0
    outer loop
      vertex 9.91345 -5.179 5.51961
      vertex 10.1404 -5.179 5.52704
      vertex 9.88159 -5.179 5.52704
    endloop
  endfacet
  facet normal 0 -1 0
    outer loop
      vertex 9.91345 -5.179 5.51961
      vertex 10.1085 -5.179 5.51961
      vertex 10.1404 -5.179 5.52704
    endloop
  endfacet
  facet normal 0 -1 0
    outer loop
      vertex 9.94574 -5.179 5.51428
      vertex 10.1085 -5.179 5.51961
      vertex 9.91345 -5.179 5.51961
    endloop
  endfacet
  facet normal 0 -1 0
    outer loop
      vertex 9.94574 -5.179 5.51428
      vertex 10.0763 -5.179 5.51428
      vertex 10.1085 -5.179 5.51961
    endloop
  endfacet
  facet normal 0 -1 0
    outer loop
      vertex 9.9783 -5.179 5.51107
      vertex 10.0763 -5.179 5.51428
      vertex 9.94574 -5.179 5.51428
    endloop
  endfacet
  facet normal 0 -1 0
    outer loop
      vertex 9.9783 -5.179 5.51107
      vertex 10.0437 -5.179 5.51107
      vertex 10.0763 -5.179 5.51428
    endloop
  endfacet
  facet normal -0 -1 0
    outer loop
      vertex 10.0437 -5.179 5.51107
      vertex 9.9783 -5.179 5.51107
      vertex 10.011 -5.179 5.51
    endloop
  endfacet
  facet normal -0.812762 0 -0.582596
    outer loop
      vertex 9.61432 -5.179 5.70562
      vertex 9.59526 -2.179 5.73221
      vertex 9.61432 -2.179 5.70562
    endloop
  endfacet
  facet normal -0.812762 -0 -0.582596
    outer loop
      vertex 9.59526 -2.179 5.73221
      vertex 9.61432 -5.179 5.70562
      vertex 9.59526 -5.179 5.73221
    endloop
  endfacet
  facet normal -0.772935 0 -0.634485
    outer loop
      vertex 9.63508 -5.179 5.68033
      vertex 9.61432 -2.179 5.70562
      vertex 9.63508 -2.179 5.68033
    endloop
  endfacet
  facet normal -0.772935 -0 -0.634485
    outer loop
      vertex 9.61432 -2.179 5.70562
      vertex 9.63508 -5.179 5.68033
      vertex 9.61432 -5.179 5.70562
    endloop
  endfacet
  facet normal -0.910889 0 -0.412651
    outer loop
      vertex 9.56256 -5.179 5.78886
      vertex 9.54906 -2.179 5.81866
      vertex 9.56256 -2.179 5.78886
    endloop
  endfacet
  facet normal -0.910889 -0 -0.412651
    outer loop
      vertex 9.54906 -2.179 5.81866
      vertex 9.56256 -5.179 5.78886
      vertex 9.54906 -5.179 5.81866
    endloop
  endfacet
  facet normal -0.973868 0 -0.227114
    outer loop
      vertex 9.52804 -5.179 5.88059
      vertex 9.52061 -2.179 5.91245
      vertex 9.52804 -2.179 5.88059
    endloop
  endfacet
  facet normal -0.973868 -0 -0.227114
    outer loop
      vertex 9.52061 -2.179 5.91245
      vertex 9.52804 -5.179 5.88059
      vertex 9.52061 -5.179 5.91245
    endloop
  endfacet
  facet normal -0.957006 0 -0.290067
    outer loop
      vertex 9.53753 -5.179 5.84928
      vertex 9.52804 -2.179 5.88059
      vertex 9.53753 -2.179 5.84928
    endloop
  endfacet
  facet normal -0.957006 -0 -0.290067
    outer loop
      vertex 9.52804 -2.179 5.88059
      vertex 9.53753 -5.179 5.84928
      vertex 9.52804 -5.179 5.88059
    endloop
  endfacet
  facet normal -0.999465 0 -0.0327042
    outer loop
      vertex 9.51207 -5.179 5.9773
      vertex 9.511 -2.179 6.01
      vertex 9.51207 -2.179 5.9773
    endloop
  endfacet
  facet normal -0.999465 -0 -0.0327042
    outer loop
      vertex 9.511 -2.179 6.01
      vertex 9.51207 -5.179 5.9773
      vertex 9.511 -5.179 6.01
    endloop
  endfacet
  facet normal 0 1 0
    outer loop
      vertex 10.3154 -2.179 6.40668
      vertex 10.261 -2.179 6.44301
      vertex 10.2888 -2.179 6.42573
    endloop
  endfacet
  facet normal 0 1 0
    outer loop
      vertex 10.3407 -2.179 6.38592
      vertex 10.261 -2.179 6.44301
      vertex 10.3154 -2.179 6.40668
    endloop
  endfacet
  facet normal 0 1 0
    outer loop
      vertex 10.3646 -2.179 6.36355
      vertex 10.261 -2.179 6.44301
      vertex 10.3407 -2.179 6.38592
    endloop
  endfacet
  facet normal 0 1 0
    outer loop
      vertex 10.3869 -2.179 6.33967
      vertex 10.261 -2.179 6.44301
      vertex 10.3646 -2.179 6.36355
    endloop
  endfacet
  facet normal 0 1 0
    outer loop
      vertex 10.4077 -2.179 6.31438
      vertex 10.261 -2.179 6.44301
      vertex 10.3869 -2.179 6.33967
    endloop
  endfacet
  facet normal 0 1 0
    outer loop
      vertex 10.4267 -2.179 6.28778
      vertex 10.261 -2.179 6.44301
      vertex 10.4077 -2.179 6.31438
    endloop
  endfacet
  facet normal 0 1 0
    outer loop
      vertex 10.444 -2.179 6.26
      vertex 10.261 -2.179 6.44301
      vertex 10.4267 -2.179 6.28778
    endloop
  endfacet
  facet normal 0 1 0
    outer loop
      vertex 10.4594 -2.179 6.23114
      vertex 10.261 -2.179 6.44301
      vertex 10.444 -2.179 6.26
    endloop
  endfacet
  facet normal 0 1 0
    outer loop
      vertex 10.4729 -2.179 6.20134
      vertex 10.261 -2.179 6.44301
      vertex 10.4594 -2.179 6.23114
    endloop
  endfacet
  facet normal 0 1 0
    outer loop
      vertex 10.4845 -2.179 6.17072
      vertex 10.261 -2.179 6.44301
      vertex 10.4729 -2.179 6.20134
    endloop
  endfacet
  facet normal 0 1 0
    outer loop
      vertex 10.494 -2.179 6.13941
      vertex 10.261 -2.179 6.44301
      vertex 10.4845 -2.179 6.17072
    endloop
  endfacet
  facet normal 0 1 0
    outer loop
      vertex 10.5014 -2.179 6.10754
      vertex 10.261 -2.179 6.44301
      vertex 10.494 -2.179 6.13941
    endloop
  endfacet
  facet normal 0 1 0
    outer loop
      vertex 10.5067 -2.179 6.07526
      vertex 10.261 -2.179 6.44301
      vertex 10.5014 -2.179 6.10754
    endloop
  endfacet
  facet normal 0 1 0
    outer loop
      vertex 10.5099 -2.179 6.0427
      vertex 10.261 -2.179 6.44301
      vertex 10.5067 -2.179 6.07526
    endloop
  endfacet
  facet normal 0 1 0
    outer loop
      vertex 10.511 -2.179 6.01
      vertex 10.261 -2.179 6.44301
      vertex 10.5099 -2.179 6.0427
    endloop
  endfacet
  facet normal 0 1 -0
    outer loop
      vertex 10.5099 -2.179 5.9773
      vertex 10.261 -2.179 6.44301
      vertex 10.511 -2.179 6.01
    endloop
  endfacet
  facet normal 0 1 -0
    outer loop
      vertex 10.5067 -2.179 5.94474
      vertex 10.261 -2.179 6.44301
      vertex 10.5099 -2.179 5.9773
    endloop
  endfacet
  facet normal 0 1 -0
    outer loop
      vertex 10.5014 -2.179 5.91245
      vertex 10.261 -2.179 6.44301
      vertex 10.5067 -2.179 5.94474
    endloop
  endfacet
  facet normal 0 1 -0
    outer loop
      vertex 10.494 -2.179 5.88059
      vertex 10.261 -2.179 6.44301
      vertex 10.5014 -2.179 5.91245
    endloop
  endfacet
  facet normal 0 1 -0
    outer loop
      vertex 10.4845 -2.179 5.84928
      vertex 10.261 -2.179 6.44301
      vertex 10.494 -2.179 5.88059
    endloop
  endfacet
  facet normal 0 1 -0
    outer loop
      vertex 10.4729 -2.179 5.81866
      vertex 10.261 -2.179 6.44301
      vertex 10.4845 -2.179 5.84928
    endloop
  endfacet
  facet normal 0 1 -0
    outer loop
      vertex 10.4594 -2.179 5.78886
      vertex 10.261 -2.179 6.44301
      vertex 10.4729 -2.179 5.81866
    endloop
  endfacet
  facet normal 0 1 -0
    outer loop
      vertex 10.444 -2.179 5.76
      vertex 10.261 -2.179 6.44301
      vertex 10.4594 -2.179 5.78886
    endloop
  endfacet
  facet normal 0 1 -0
    outer loop
      vertex 10.4267 -2.179 5.73221
      vertex 10.261 -2.179 6.44301
      vertex 10.444 -2.179 5.76
    endloop
  endfacet
  facet normal 0 1 -0
    outer loop
      vertex 10.4077 -2.179 5.70562
      vertex 10.261 -2.179 6.44301
      vertex 10.4267 -2.179 5.73221
    endloop
  endfacet
  facet normal 0 1 -0
    outer loop
      vertex 10.3869 -2.179 5.68033
      vertex 10.261 -2.179 6.44301
      vertex 10.4077 -2.179 5.70562
    endloop
  endfacet
  facet normal 0 1 -0
    outer loop
      vertex 10.3646 -2.179 5.65645
      vertex 10.261 -2.179 6.44301
      vertex 10.3869 -2.179 5.68033
    endloop
  endfacet
  facet normal 0 1 -0
    outer loop
      vertex 10.3407 -2.179 5.63408
      vertex 10.261 -2.179 6.44301
      vertex 10.3646 -2.179 5.65645
    endloop
  endfacet
  facet normal 0 1 -0
    outer loop
      vertex 10.3154 -2.179 5.61332
      vertex 10.261 -2.179 6.44301
      vertex 10.3407 -2.179 5.63408
    endloop
  endfacet
  facet normal 0 1 -0
    outer loop
      vertex 10.2888 -2.179 5.59426
      vertex 10.261 -2.179 6.44301
      vertex 10.3154 -2.179 5.61332
    endloop
  endfacet
  facet normal 0 1 0
    outer loop
      vertex 10.261 -2.179 6.44301
      vertex 10.2888 -2.179 5.59426
      vertex 10.261 -2.179 5.57699
    endloop
  endfacet
  facet normal 0 1 0
    outer loop
      vertex 9.661 -2.179 6.36688
      vertex 9.63508 -2.179 6.33967
      vertex 9.65745 -2.179 6.36355
    endloop
  endfacet
  facet normal 0 1 0
    outer loop
      vertex 9.661 -2.179 6.36688
      vertex 9.61432 -2.179 6.31438
      vertex 9.63508 -2.179 6.33967
    endloop
  endfacet
  facet normal 0 1 0
    outer loop
      vertex 9.661 -2.179 6.36688
      vertex 9.59526 -2.179 6.28778
      vertex 9.61432 -2.179 6.31438
    endloop
  endfacet
  facet normal 0 1 0
    outer loop
      vertex 9.661 -2.179 6.36688
      vertex 9.57799 -2.179 6.26
      vertex 9.59526 -2.179 6.28778
    endloop
  endfacet
  facet normal 0 1 0
    outer loop
      vertex 9.661 -2.179 6.36688
      vertex 9.56256 -2.179 6.23114
      vertex 9.57799 -2.179 6.26
    endloop
  endfacet
  facet normal 0 1 0
    outer loop
      vertex 9.661 -2.179 6.36688
      vertex 9.54906 -2.179 6.20134
      vertex 9.56256 -2.179 6.23114
    endloop
  endfacet
  facet normal 0 1 0
    outer loop
      vertex 9.661 -2.179 6.36688
      vertex 9.53753 -2.179 6.17072
      vertex 9.54906 -2.179 6.20134
    endloop
  endfacet
  facet normal 0 1 0
    outer loop
      vertex 9.661 -2.179 6.36688
      vertex 9.52804 -2.179 6.13941
      vertex 9.53753 -2.179 6.17072
    endloop
  endfacet
  facet normal 0 1 0
    outer loop
      vertex 9.661 -2.179 6.36688
      vertex 9.52061 -2.179 6.10754
      vertex 9.52804 -2.179 6.13941
    endloop
  endfacet
  facet normal 0 1 0
    outer loop
      vertex 9.661 -2.179 6.36688
      vertex 9.51528 -2.179 6.07526
      vertex 9.52061 -2.179 6.10754
    endloop
  endfacet
  facet normal 0 1 0
    outer loop
      vertex 9.661 -2.179 6.36688
      vertex 9.51207 -2.179 6.0427
      vertex 9.51528 -2.179 6.07526
    endloop
  endfacet
  facet normal 0 1 0
    outer loop
      vertex 9.661 -2.179 6.36688
      vertex 9.511 -2.179 6.01
      vertex 9.51207 -2.179 6.0427
    endloop
  endfacet
  facet normal 0 1 0
    outer loop
      vertex 9.661 -2.179 6.36688
      vertex 9.51207 -2.179 5.9773
      vertex 9.511 -2.179 6.01
    endloop
  endfacet
  facet normal 0 1 0
    outer loop
      vertex 9.661 -2.179 6.36688
      vertex 9.51528 -2.179 5.94474
      vertex 9.51207 -2.179 5.9773
    endloop
  endfacet
  facet normal 0 1 0
    outer loop
      vertex 9.661 -2.179 6.36688
      vertex 9.52061 -2.179 5.91245
      vertex 9.51528 -2.179 5.94474
    endloop
  endfacet
  facet normal 0 1 0
    outer loop
      vertex 9.661 -2.179 6.36688
      vertex 9.52804 -2.179 5.88059
      vertex 9.52061 -2.179 5.91245
    endloop
  endfacet
  facet normal 0 1 0
    outer loop
      vertex 9.661 -2.179 6.36688
      vertex 9.53753 -2.179 5.84928
      vertex 9.52804 -2.179 5.88059
    endloop
  endfacet
  facet normal 0 1 0
    outer loop
      vertex 9.661 -2.179 6.36688
      vertex 9.54906 -2.179 5.81866
      vertex 9.53753 -2.179 5.84928
    endloop
  endfacet
  facet normal 0 1 0
    outer loop
      vertex 9.661 -2.179 6.36688
      vertex 9.56256 -2.179 5.78886
      vertex 9.54906 -2.179 5.81866
    endloop
  endfacet
  facet normal 0 1 0
    outer loop
      vertex 9.661 -2.179 6.36688
      vertex 9.57799 -2.179 5.76
      vertex 9.56256 -2.179 5.78886
    endloop
  endfacet
  facet normal 0 1 0
    outer loop
      vertex 9.661 -2.179 6.36688
      vertex 9.59526 -2.179 5.73221
      vertex 9.57799 -2.179 5.76
    endloop
  endfacet
  facet normal 0 1 0
    outer loop
      vertex 9.661 -2.179 6.36688
      vertex 9.61432 -2.179 5.70562
      vertex 9.59526 -2.179 5.73221
    endloop
  endfacet
  facet normal 0 1 0
    outer loop
      vertex 9.661 -2.179 6.36688
      vertex 9.63508 -2.179 5.68033
      vertex 9.61432 -2.179 5.70562
    endloop
  endfacet
  facet normal 0 1 -0
    outer loop
      vertex 9.661 -2.179 5.65312
      vertex 9.63508 -2.179 5.68033
      vertex 9.661 -2.179 6.36688
    endloop
  endfacet
  facet normal 0 1 0
    outer loop
      vertex 9.63508 -2.179 5.68033
      vertex 9.661 -2.179 5.65312
      vertex 9.65745 -2.179 5.65645
    endloop
  endfacet
  facet normal 0 1 -0
    outer loop
      vertex 10.2023 -2.179 5.54806
      vertex 9.79331 -2.179 5.56
      vertex 10.2287 -2.179 5.56
    endloop
  endfacet
  facet normal 0 1 0
    outer loop
      vertex 10.2023 -2.179 5.54806
      vertex 9.81966 -2.179 5.54806
      vertex 9.79331 -2.179 5.56
    endloop
  endfacet
  facet normal 0 1 -0
    outer loop
      vertex 10.1717 -2.179 5.53653
      vertex 9.81966 -2.179 5.54806
      vertex 10.2023 -2.179 5.54806
    endloop
  endfacet
  facet normal 0 1 0
    outer loop
      vertex 10.1717 -2.179 5.53653
      vertex 9.85028 -2.179 5.53653
      vertex 9.81966 -2.179 5.54806
    endloop
  endfacet
  facet normal 0 1 -0
    outer loop
      vertex 10.1404 -2.179 5.52704
      vertex 9.85028 -2.179 5.53653
      vertex 10.1717 -2.179 5.53653
    endloop
  endfacet
  facet normal 0 1 0
    outer loop
      vertex 10.1404 -2.179 5.52704
      vertex 9.88159 -2.179 5.52704
      vertex 9.85028 -2.179 5.53653
    endloop
  endfacet
  facet normal 0 1 -0
    outer loop
      vertex 10.1085 -2.179 5.51961
      vertex 9.88159 -2.179 5.52704
      vertex 10.1404 -2.179 5.52704
    endloop
  endfacet
  facet normal 0 1 0
    outer loop
      vertex 10.1085 -2.179 5.51961
      vertex 9.91345 -2.179 5.51961
      vertex 9.88159 -2.179 5.52704
    endloop
  endfacet
  facet normal 0 1 -0
    outer loop
      vertex 10.0763 -2.179 5.51428
      vertex 9.91345 -2.179 5.51961
      vertex 10.1085 -2.179 5.51961
    endloop
  endfacet
  facet normal 0 1 0
    outer loop
      vertex 10.0763 -2.179 5.51428
      vertex 9.94574 -2.179 5.51428
      vertex 9.91345 -2.179 5.51961
    endloop
  endfacet
  facet normal 0 1 -0
    outer loop
      vertex 10.0437 -2.179 5.51107
      vertex 9.94574 -2.179 5.51428
      vertex 10.0763 -2.179 5.51428
    endloop
  endfacet
  facet normal 0 1 0
    outer loop
      vertex 10.0437 -2.179 5.51107
      vertex 9.9783 -2.179 5.51107
      vertex 9.94574 -2.179 5.51428
    endloop
  endfacet
  facet normal -0 1 0
    outer loop
      vertex 9.9783 -2.179 5.51107
      vertex 10.0437 -2.179 5.51107
      vertex 10.011 -2.179 5.51
    endloop
  endfacet
  facet normal -0.684146 0 -0.729345
    outer loop
      vertex 9.65745 -5.179 5.65645
      vertex 9.661 -2.179 5.65312
      vertex 9.661 -5.179 5.65312
    endloop
  endfacet
  facet normal -0.684146 0 -0.729345
    outer loop
      vertex 9.661 -2.179 5.65312
      vertex 9.65745 -5.179 5.65645
      vertex 9.65745 -2.179 5.65645
    endloop
  endfacet
  facet normal -0.290067 0 -0.957006
    outer loop
      vertex 9.85028 -5.179 5.53653
      vertex 9.88159 -2.179 5.52704
      vertex 9.88159 -5.179 5.52704
    endloop
  endfacet
  facet normal -0.290067 0 -0.957006
    outer loop
      vertex 9.88159 -2.179 5.52704
      vertex 9.85028 -5.179 5.53653
      vertex 9.85028 -2.179 5.53653
    endloop
  endfacet
  facet normal -0.352396 0 -0.935851
    outer loop
      vertex 9.81966 -5.179 5.54806
      vertex 9.85028 -2.179 5.53653
      vertex 9.85028 -5.179 5.53653
    endloop
  endfacet
  facet normal -0.352396 0 -0.935851
    outer loop
      vertex 9.85028 -2.179 5.53653
      vertex 9.81966 -5.179 5.54806
      vertex 9.81966 -2.179 5.54806
    endloop
  endfacet
  facet normal -0.0981116 0 -0.995175
    outer loop
      vertex 9.94574 -5.179 5.51428
      vertex 9.9783 -2.179 5.51107
      vertex 9.9783 -5.179 5.51107
    endloop
  endfacet
  facet normal -0.0981116 0 -0.995175
    outer loop
      vertex 9.9783 -2.179 5.51107
      vertex 9.94574 -5.179 5.51428
      vertex 9.94574 -2.179 5.51428
    endloop
  endfacet
  facet normal 0.683352 0 0.730089
    outer loop
      vertex 10.3407 -2.179 6.38592
      vertex 10.3646 -5.179 6.36355
      vertex 10.3646 -2.179 6.36355
    endloop
  endfacet
  facet normal 0.683352 0 0.730089
    outer loop
      vertex 10.3646 -5.179 6.36355
      vertex 10.3407 -2.179 6.38592
      vertex 10.3407 -5.179 6.38592
    endloop
  endfacet
  facet normal 0.58225 0 0.81301
    outer loop
      vertex 10.2888 -2.179 6.42573
      vertex 10.3154 -5.179 6.40668
      vertex 10.3154 -2.179 6.40668
    endloop
  endfacet
  facet normal 0.58225 0 0.81301
    outer loop
      vertex 10.3154 -5.179 6.40668
      vertex 10.2888 -2.179 6.42573
      vertex 10.2888 -5.179 6.42573
    endloop
  endfacet
  facet normal 0.813733 -0 0.581238
    outer loop
      vertex 10.4077 -5.179 6.31438
      vertex 10.4267 -2.179 6.28778
      vertex 10.4077 -2.179 6.31438
    endloop
  endfacet
  facet normal 0.813733 0 0.581238
    outer loop
      vertex 10.4267 -2.179 6.28778
      vertex 10.4077 -5.179 6.31438
      vertex 10.4267 -5.179 6.28778
    endloop
  endfacet
  facet normal 0.935144 -0 0.354268
    outer loop
      vertex 10.4729 -5.179 6.20134
      vertex 10.4845 -2.179 6.17072
      vertex 10.4729 -2.179 6.20134
    endloop
  endfacet
  facet normal 0.935144 0 0.354268
    outer loop
      vertex 10.4845 -2.179 6.17072
      vertex 10.4729 -5.179 6.20134
      vertex 10.4845 -5.179 6.17072
    endloop
  endfacet
  facet normal 0.882251 -0 0.470779
    outer loop
      vertex 10.444 -5.179 6.26
      vertex 10.4594 -2.179 6.23114
      vertex 10.444 -2.179 6.26
    endloop
  endfacet
  facet normal 0.882251 0 0.470779
    outer loop
      vertex 10.4594 -2.179 6.23114
      vertex 10.444 -5.179 6.26
      vertex 10.4594 -5.179 6.23114
    endloop
  endfacet
  facet normal 0.956922 -0 0.290347
    outer loop
      vertex 10.4845 -5.179 6.17072
      vertex 10.494 -2.179 6.13941
      vertex 10.4845 -2.179 6.17072
    endloop
  endfacet
  facet normal 0.956922 0 0.290347
    outer loop
      vertex 10.494 -2.179 6.13941
      vertex 10.4845 -5.179 6.17072
      vertex 10.494 -5.179 6.13941
    endloop
  endfacet
  facet normal -0.88187 0 0.471492
    outer loop
      vertex 9.56256 -5.179 6.23114
      vertex 9.57799 -2.179 6.26
      vertex 9.56256 -2.179 6.23114
    endloop
  endfacet
  facet normal -0.88187 0 0.471492
    outer loop
      vertex 9.57799 -2.179 6.26
      vertex 9.56256 -5.179 6.23114
      vertex 9.57799 -5.179 6.26
    endloop
  endfacet
  facet normal -0.812865 0 0.582452
    outer loop
      vertex 9.59526 -5.179 6.28778
      vertex 9.61432 -2.179 6.31438
      vertex 9.59526 -2.179 6.28778
    endloop
  endfacet
  facet normal -0.812865 0 0.582452
    outer loop
      vertex 9.61432 -2.179 6.31438
      vertex 9.59526 -5.179 6.28778
      vertex 9.61432 -5.179 6.31438
    endloop
  endfacet
  facet normal -0.772935 0 0.634485
    outer loop
      vertex 9.61432 -5.179 6.31438
      vertex 9.63508 -2.179 6.33967
      vertex 9.61432 -2.179 6.31438
    endloop
  endfacet
  facet normal -0.772935 0 0.634485
    outer loop
      vertex 9.63508 -2.179 6.33967
      vertex 9.61432 -5.179 6.31438
      vertex 9.63508 -5.179 6.33967
    endloop
  endfacet
  facet normal -0.684146 0 0.729345
    outer loop
      vertex 9.65745 -2.179 6.36355
      vertex 9.661 -5.179 6.36688
      vertex 9.661 -2.179 6.36688
    endloop
  endfacet
  facet normal -0.684146 0 0.729345
    outer loop
      vertex 9.661 -5.179 6.36688
      vertex 9.65745 -2.179 6.36355
      vertex 9.65745 -5.179 6.36355
    endloop
  endfacet
  facet normal -0.957006 0 0.290067
    outer loop
      vertex 9.52804 -5.179 6.13941
      vertex 9.53753 -2.179 6.17072
      vertex 9.52804 -2.179 6.13941
    endloop
  endfacet
  facet normal -0.957006 0 0.290067
    outer loop
      vertex 9.53753 -2.179 6.17072
      vertex 9.52804 -5.179 6.13941
      vertex 9.53753 -5.179 6.17072
    endloop
  endfacet
  facet normal -0.910889 0 0.412651
    outer loop
      vertex 9.54906 -5.179 6.20134
      vertex 9.56256 -2.179 6.23114
      vertex 9.54906 -2.179 6.20134
    endloop
  endfacet
  facet normal -0.910889 0 0.412651
    outer loop
      vertex 9.56256 -2.179 6.23114
      vertex 9.54906 -5.179 6.20134
      vertex 9.56256 -5.179 6.23114
    endloop
  endfacet
  facet normal -0.986641 0 0.162912
    outer loop
      vertex 9.51528 -5.179 6.07526
      vertex 9.52061 -2.179 6.10754
      vertex 9.51528 -2.179 6.07526
    endloop
  endfacet
  facet normal -0.986641 0 0.162912
    outer loop
      vertex 9.52061 -2.179 6.10754
      vertex 9.51528 -5.179 6.07526
      vertex 9.52061 -5.179 6.10754
    endloop
  endfacet
  facet normal -0.999465 0 0.0327042
    outer loop
      vertex 9.511 -5.179 6.01
      vertex 9.51207 -2.179 6.0427
      vertex 9.511 -2.179 6.01
    endloop
  endfacet
  facet normal -0.999465 0 0.0327042
    outer loop
      vertex 9.51207 -2.179 6.0427
      vertex 9.511 -5.179 6.01
      vertex 9.51207 -5.179 6.0427
    endloop
  endfacet
  facet normal 0.730872 -0 0.682515
    outer loop
      vertex 10.3646 -5.179 6.36355
      vertex 10.3869 -2.179 6.33967
      vertex 10.3646 -2.179 6.36355
    endloop
  endfacet
  facet normal 0.730872 0 0.682515
    outer loop
      vertex 10.3869 -2.179 6.33967
      vertex 10.3646 -5.179 6.36355
      vertex 10.3869 -5.179 6.33967
    endloop
  endfacet
  facet normal 0.52791 0 0.8493
    outer loop
      vertex 10.261 -2.179 6.44301
      vertex 10.2888 -5.179 6.42573
      vertex 10.2888 -2.179 6.42573
    endloop
  endfacet
  facet normal 0.52791 0 0.8493
    outer loop
      vertex 10.2888 -5.179 6.42573
      vertex 10.261 -2.179 6.44301
      vertex 10.261 -5.179 6.44301
    endloop
  endfacet
  facet normal 0.848856 -0 0.528625
    outer loop
      vertex 10.4267 -5.179 6.28778
      vertex 10.444 -2.179 6.26
      vertex 10.4267 -2.179 6.28778
    endloop
  endfacet
  facet normal 0.848856 0 0.528625
    outer loop
      vertex 10.444 -2.179 6.26
      vertex 10.4267 -5.179 6.28778
      vertex 10.444 -5.179 6.26
    endloop
  endfacet
  facet normal 0.910889 -0 0.412651
    outer loop
      vertex 10.4594 -5.179 6.23114
      vertex 10.4729 -2.179 6.20134
      vertex 10.4594 -2.179 6.23114
    endloop
  endfacet
  facet normal 0.910889 0 0.412651
    outer loop
      vertex 10.4729 -2.179 6.20134
      vertex 10.4594 -5.179 6.23114
      vertex 10.4729 -5.179 6.20134
    endloop
  endfacet
  facet normal 0.995205 -0 0.0978089
    outer loop
      vertex 10.5067 -5.179 6.07526
      vertex 10.5099 -2.179 6.0427
      vertex 10.5067 -2.179 6.07526
    endloop
  endfacet
  facet normal 0.995205 0 0.0978089
    outer loop
      vertex 10.5099 -2.179 6.0427
      vertex 10.5067 -5.179 6.07526
      vertex 10.5099 -5.179 6.0427
    endloop
  endfacet
  facet normal 0.974086 -0 0.226176
    outer loop
      vertex 10.494 -5.179 6.13941
      vertex 10.5014 -2.179 6.10754
      vertex 10.494 -2.179 6.13941
    endloop
  endfacet
  facet normal 0.974086 0 0.226176
    outer loop
      vertex 10.5014 -2.179 6.10754
      vertex 10.494 -5.179 6.13941
      vertex 10.5014 -5.179 6.10754
    endloop
  endfacet
  facet normal -0.849267 0 0.527964
    outer loop
      vertex 9.57799 -5.179 6.26
      vertex 9.59526 -2.179 6.28778
      vertex 9.57799 -2.179 6.26
    endloop
  endfacet
  facet normal -0.849267 0 0.527964
    outer loop
      vertex 9.59526 -2.179 6.28778
      vertex 9.57799 -5.179 6.26
      vertex 9.59526 -5.179 6.28778
    endloop
  endfacet
  facet normal -0.729804 0 0.683656
    outer loop
      vertex 9.63508 -5.179 6.33967
      vertex 9.65745 -2.179 6.36355
      vertex 9.63508 -2.179 6.33967
    endloop
  endfacet
  facet normal -0.729804 0 0.683656
    outer loop
      vertex 9.65745 -2.179 6.36355
      vertex 9.63508 -5.179 6.33967
      vertex 9.65745 -5.179 6.36355
    endloop
  endfacet
  facet normal -0.935851 0 0.352396
    outer loop
      vertex 9.53753 -5.179 6.17072
      vertex 9.54906 -2.179 6.20134
      vertex 9.53753 -2.179 6.17072
    endloop
  endfacet
  facet normal -0.935851 0 0.352396
    outer loop
      vertex 9.54906 -2.179 6.20134
      vertex 9.53753 -5.179 6.17072
      vertex 9.54906 -5.179 6.20134
    endloop
  endfacet
  facet normal -0.973884 0 0.227046
    outer loop
      vertex 9.52061 -5.179 6.10754
      vertex 9.52804 -2.179 6.13941
      vertex 9.52061 -2.179 6.10754
    endloop
  endfacet
  facet normal -0.973884 0 0.227046
    outer loop
      vertex 9.52804 -2.179 6.13941
      vertex 9.52061 -5.179 6.10754
      vertex 9.52804 -5.179 6.13941
    endloop
  endfacet
  facet normal 0.999435 -0 0.0336201
    outer loop
      vertex 10.5099 -5.179 6.0427
      vertex 10.511 -2.179 6.01
      vertex 10.5099 -2.179 6.0427
    endloop
  endfacet
  facet normal 0.999435 0 0.0336201
    outer loop
      vertex 10.511 -2.179 6.01
      vertex 10.5099 -5.179 6.0427
      vertex 10.511 -5.179 6.01
    endloop
  endfacet
  facet normal 0.999435 0 -0.0336201
    outer loop
      vertex -12.514 -5.179 6.01
      vertex -12.5151 -2.179 5.9773
      vertex -12.514 -2.179 6.01
    endloop
  endfacet
  facet normal 0.999435 0 -0.0336201
    outer loop
      vertex -12.5151 -2.179 5.9773
      vertex -12.514 -5.179 6.01
      vertex -12.5151 -5.179 5.9773
    endloop
  endfacet
  facet normal -0.999435 0 -0.0336201
    outer loop
      vertex -13.5129 -5.179 5.9773
      vertex -13.514 -2.179 6.01
      vertex -13.5129 -2.179 5.9773
    endloop
  endfacet
  facet normal -0.999435 -0 -0.0336201
    outer loop
      vertex -13.514 -2.179 6.01
      vertex -13.5129 -5.179 5.9773
      vertex -13.514 -5.179 6.01
    endloop
  endfacet
  facet normal 0.0327042 0 -0.999465
    outer loop
      vertex -13.014 -5.179 5.51
      vertex -12.9813 -2.179 5.51107
      vertex -12.9813 -5.179 5.51107
    endloop
  endfacet
  facet normal 0.0327042 0 -0.999465
    outer loop
      vertex -12.9813 -2.179 5.51107
      vertex -13.014 -5.179 5.51
      vertex -13.014 -2.179 5.51
    endloop
  endfacet
  facet normal 0.679042 0 -0.734099
    outer loop
      vertex -12.664 -5.179 5.65312
      vertex -12.6604 -2.179 5.65645
      vertex -12.6604 -5.179 5.65645
    endloop
  endfacet
  facet normal 0.679042 0 -0.734099
    outer loop
      vertex -12.6604 -2.179 5.65645
      vertex -12.664 -5.179 5.65312
      vertex -12.664 -2.179 5.65312
    endloop
  endfacet
  facet normal -0.683352 0 -0.730089
    outer loop
      vertex -13.3676 -5.179 5.65645
      vertex -13.3437 -2.179 5.63408
      vertex -13.3437 -5.179 5.63408
    endloop
  endfacet
  facet normal -0.683352 0 -0.730089
    outer loop
      vertex -13.3437 -2.179 5.63408
      vertex -13.3676 -5.179 5.65645
      vertex -13.3676 -2.179 5.65645
    endloop
  endfacet
  facet normal -0.352598 0 -0.935775
    outer loop
      vertex -13.2053 -5.179 5.54806
      vertex -13.1747 -2.179 5.53653
      vertex -13.1747 -5.179 5.53653
    endloop
  endfacet
  facet normal -0.352598 0 -0.935775
    outer loop
      vertex -13.1747 -2.179 5.53653
      vertex -13.2053 -5.179 5.54806
      vertex -13.2053 -2.179 5.54806
    endloop
  endfacet
  facet normal 0.910889 0 -0.412651
    outer loop
      vertex -12.5521 -5.179 5.81866
      vertex -12.5656 -2.179 5.78886
      vertex -12.5521 -2.179 5.81866
    endloop
  endfacet
  facet normal 0.910889 0 -0.412651
    outer loop
      vertex -12.5656 -2.179 5.78886
      vertex -12.5521 -5.179 5.81866
      vertex -12.5656 -5.179 5.78886
    endloop
  endfacet
  facet normal 0.412086 0 -0.911145
    outer loop
      vertex -12.8227 -5.179 5.54806
      vertex -12.7963 -2.179 5.56
      vertex -12.7963 -5.179 5.56
    endloop
  endfacet
  facet normal 0.412086 0 -0.911145
    outer loop
      vertex -12.7963 -2.179 5.56
      vertex -12.8227 -5.179 5.54806
      vertex -12.8227 -2.179 5.54806
    endloop
  endfacet
  facet normal -0.910889 0 -0.412651
    outer loop
      vertex -13.4624 -5.179 5.78886
      vertex -13.4759 -2.179 5.81866
      vertex -13.4624 -2.179 5.78886
    endloop
  endfacet
  facet normal -0.910889 -0 -0.412651
    outer loop
      vertex -13.4759 -2.179 5.81866
      vertex -13.4624 -5.179 5.78886
      vertex -13.4759 -5.179 5.81866
    endloop
  endfacet
  facet normal -0.163306 0 -0.986575
    outer loop
      vertex -13.1115 -5.179 5.51961
      vertex -13.0793 -2.179 5.51428
      vertex -13.0793 -5.179 5.51428
    endloop
  endfacet
  facet normal -0.163306 0 -0.986575
    outer loop
      vertex -13.0793 -2.179 5.51428
      vertex -13.1115 -5.179 5.51961
      vertex -13.1115 -2.179 5.51961
    endloop
  endfacet
  facet normal 0.974071 0 -0.226244
    outer loop
      vertex -12.5236 -5.179 5.91245
      vertex -12.531 -2.179 5.88059
      vertex -12.5236 -2.179 5.91245
    endloop
  endfacet
  facet normal 0.974071 0 -0.226244
    outer loop
      vertex -12.531 -2.179 5.88059
      vertex -12.5236 -5.179 5.91245
      vertex -12.531 -5.179 5.88059
    endloop
  endfacet
  facet normal 0.995205 0 -0.0978089
    outer loop
      vertex -12.5151 -5.179 5.9773
      vertex -12.5183 -2.179 5.94474
      vertex -12.5151 -2.179 5.9773
    endloop
  endfacet
  facet normal 0.995205 0 -0.0978089
    outer loop
      vertex -12.5183 -2.179 5.94474
      vertex -12.5151 -5.179 5.9773
      vertex -12.5183 -5.179 5.94474
    endloop
  endfacet
  facet normal 0.956922 0 -0.290347
    outer loop
      vertex -12.531 -5.179 5.88059
      vertex -12.5405 -2.179 5.84928
      vertex -12.531 -2.179 5.88059
    endloop
  endfacet
  facet normal 0.956922 0 -0.290347
    outer loop
      vertex -12.5405 -2.179 5.84928
      vertex -12.531 -5.179 5.88059
      vertex -12.5405 -5.179 5.84928
    endloop
  endfacet
  facet normal 0.81363 0 -0.581383
    outer loop
      vertex -12.5983 -5.179 5.73221
      vertex -12.6173 -2.179 5.70562
      vertex -12.5983 -2.179 5.73221
    endloop
  endfacet
  facet normal 0.81363 0 -0.581383
    outer loop
      vertex -12.6173 -2.179 5.70562
      vertex -12.5983 -5.179 5.73221
      vertex -12.6173 -5.179 5.70562
    endloop
  endfacet
  facet normal 0.772336 0 -0.635215
    outer loop
      vertex -12.6173 -5.179 5.70562
      vertex -12.6381 -2.179 5.68033
      vertex -12.6173 -2.179 5.70562
    endloop
  endfacet
  facet normal 0.772336 0 -0.635215
    outer loop
      vertex -12.6381 -2.179 5.68033
      vertex -12.6173 -5.179 5.70562
      vertex -12.6381 -5.179 5.68033
    endloop
  endfacet
  facet normal 0.848941 0 -0.528488
    outer loop
      vertex -12.581 -5.179 5.76
      vertex -12.5983 -2.179 5.73221
      vertex -12.581 -2.179 5.76
    endloop
  endfacet
  facet normal 0.848941 0 -0.528488
    outer loop
      vertex -12.5983 -2.179 5.73221
      vertex -12.581 -5.179 5.76
      vertex -12.5983 -5.179 5.73221
    endloop
  endfacet
  facet normal 0.226844 0 -0.973931
    outer loop
      vertex -12.9165 -5.179 5.51961
      vertex -12.8846 -2.179 5.52704
      vertex -12.8846 -5.179 5.52704
    endloop
  endfacet
  facet normal 0.226844 0 -0.973931
    outer loop
      vertex -12.8846 -2.179 5.52704
      vertex -12.9165 -5.179 5.51961
      vertex -12.9165 -2.179 5.51961
    endloop
  endfacet
  facet normal 0.352598 0 -0.935775
    outer loop
      vertex -12.8533 -5.179 5.53653
      vertex -12.8227 -2.179 5.54806
      vertex -12.8227 -5.179 5.54806
    endloop
  endfacet
  facet normal 0.352598 0 -0.935775
    outer loop
      vertex -12.8227 -2.179 5.54806
      vertex -12.8533 -5.179 5.53653
      vertex -12.8533 -2.179 5.53653
    endloop
  endfacet
  facet normal -0.956922 0 -0.290347
    outer loop
      vertex -13.4875 -5.179 5.84928
      vertex -13.497 -2.179 5.88059
      vertex -13.4875 -2.179 5.84928
    endloop
  endfacet
  facet normal -0.956922 -0 -0.290347
    outer loop
      vertex -13.497 -2.179 5.88059
      vertex -13.4875 -5.179 5.84928
      vertex -13.497 -5.179 5.88059
    endloop
  endfacet
  facet normal -0.81363 0 -0.581383
    outer loop
      vertex -13.4107 -5.179 5.70562
      vertex -13.4297 -2.179 5.73221
      vertex -13.4107 -2.179 5.70562
    endloop
  endfacet
  facet normal -0.81363 -0 -0.581383
    outer loop
      vertex -13.4297 -2.179 5.73221
      vertex -13.4107 -5.179 5.70562
      vertex -13.4297 -5.179 5.73221
    endloop
  endfacet
  facet normal -0.730872 0 -0.682515
    outer loop
      vertex -13.3676 -5.179 5.65645
      vertex -13.3899 -2.179 5.68033
      vertex -13.3676 -2.179 5.65645
    endloop
  endfacet
  facet normal -0.730872 -0 -0.682515
    outer loop
      vertex -13.3899 -2.179 5.68033
      vertex -13.3676 -5.179 5.65645
      vertex -13.3899 -5.179 5.68033
    endloop
  endfacet
  facet normal -0.848941 0 -0.528488
    outer loop
      vertex -13.4297 -5.179 5.73221
      vertex -13.447 -2.179 5.76
      vertex -13.4297 -2.179 5.73221
    endloop
  endfacet
  facet normal -0.848941 -0 -0.528488
    outer loop
      vertex -13.447 -2.179 5.76
      vertex -13.4297 -5.179 5.73221
      vertex -13.447 -5.179 5.76
    endloop
  endfacet
  facet normal -0.935144 0 -0.354268
    outer loop
      vertex -13.4759 -5.179 5.81866
      vertex -13.4875 -2.179 5.84928
      vertex -13.4759 -2.179 5.81866
    endloop
  endfacet
  facet normal -0.935144 -0 -0.354268
    outer loop
      vertex -13.4875 -2.179 5.84928
      vertex -13.4759 -5.179 5.81866
      vertex -13.4875 -5.179 5.84928
    endloop
  endfacet
  facet normal 0 1 0
    outer loop
      vertex -12.6381 -2.179 6.33967
      vertex -12.664 -2.179 6.36688
      vertex -12.6604 -2.179 6.36355
    endloop
  endfacet
  facet normal 0 1 0
    outer loop
      vertex -12.6173 -2.179 6.31438
      vertex -12.664 -2.179 6.36688
      vertex -12.6381 -2.179 6.33967
    endloop
  endfacet
  facet normal 0 1 0
    outer loop
      vertex -12.5983 -2.179 6.28778
      vertex -12.664 -2.179 6.36688
      vertex -12.6173 -2.179 6.31438
    endloop
  endfacet
  facet normal 0 1 0
    outer loop
      vertex -12.581 -2.179 6.26
      vertex -12.664 -2.179 6.36688
      vertex -12.5983 -2.179 6.28778
    endloop
  endfacet
  facet normal 0 1 0
    outer loop
      vertex -12.5656 -2.179 6.23114
      vertex -12.664 -2.179 6.36688
      vertex -12.581 -2.179 6.26
    endloop
  endfacet
  facet normal 0 1 0
    outer loop
      vertex -12.5521 -2.179 6.20134
      vertex -12.664 -2.179 6.36688
      vertex -12.5656 -2.179 6.23114
    endloop
  endfacet
  facet normal 0 1 0
    outer loop
      vertex -12.5405 -2.179 6.17072
      vertex -12.664 -2.179 6.36688
      vertex -12.5521 -2.179 6.20134
    endloop
  endfacet
  facet normal 0 1 0
    outer loop
      vertex -12.531 -2.179 6.13941
      vertex -12.664 -2.179 6.36688
      vertex -12.5405 -2.179 6.17072
    endloop
  endfacet
  facet normal 0 1 0
    outer loop
      vertex -12.5236 -2.179 6.10754
      vertex -12.664 -2.179 6.36688
      vertex -12.531 -2.179 6.13941
    endloop
  endfacet
  facet normal 0 1 0
    outer loop
      vertex -12.5183 -2.179 6.07526
      vertex -12.664 -2.179 6.36688
      vertex -12.5236 -2.179 6.10754
    endloop
  endfacet
  facet normal 0 1 0
    outer loop
      vertex -12.5151 -2.179 6.0427
      vertex -12.664 -2.179 6.36688
      vertex -12.5183 -2.179 6.07526
    endloop
  endfacet
  facet normal 0 1 0
    outer loop
      vertex -12.514 -2.179 6.01
      vertex -12.664 -2.179 6.36688
      vertex -12.5151 -2.179 6.0427
    endloop
  endfacet
  facet normal 0 1 -0
    outer loop
      vertex -12.5151 -2.179 5.9773
      vertex -12.664 -2.179 6.36688
      vertex -12.514 -2.179 6.01
    endloop
  endfacet
  facet normal 0 1 -0
    outer loop
      vertex -12.5183 -2.179 5.94474
      vertex -12.664 -2.179 6.36688
      vertex -12.5151 -2.179 5.9773
    endloop
  endfacet
  facet normal 0 1 -0
    outer loop
      vertex -12.5236 -2.179 5.91245
      vertex -12.664 -2.179 6.36688
      vertex -12.5183 -2.179 5.94474
    endloop
  endfacet
  facet normal 0 1 -0
    outer loop
      vertex -12.531 -2.179 5.88059
      vertex -12.664 -2.179 6.36688
      vertex -12.5236 -2.179 5.91245
    endloop
  endfacet
  facet normal 0 1 -0
    outer loop
      vertex -12.5405 -2.179 5.84928
      vertex -12.664 -2.179 6.36688
      vertex -12.531 -2.179 5.88059
    endloop
  endfacet
  facet normal 0 1 -0
    outer loop
      vertex -12.5521 -2.179 5.81866
      vertex -12.664 -2.179 6.36688
      vertex -12.5405 -2.179 5.84928
    endloop
  endfacet
  facet normal 0 1 -0
    outer loop
      vertex -12.5656 -2.179 5.78886
      vertex -12.664 -2.179 6.36688
      vertex -12.5521 -2.179 5.81866
    endloop
  endfacet
  facet normal 0 1 -0
    outer loop
      vertex -12.581 -2.179 5.76
      vertex -12.664 -2.179 6.36688
      vertex -12.5656 -2.179 5.78886
    endloop
  endfacet
  facet normal 0 1 -0
    outer loop
      vertex -12.5983 -2.179 5.73221
      vertex -12.664 -2.179 6.36688
      vertex -12.581 -2.179 5.76
    endloop
  endfacet
  facet normal 0 1 -0
    outer loop
      vertex -12.6173 -2.179 5.70562
      vertex -12.664 -2.179 6.36688
      vertex -12.5983 -2.179 5.73221
    endloop
  endfacet
  facet normal 0 1 -0
    outer loop
      vertex -12.6381 -2.179 5.68033
      vertex -12.664 -2.179 6.36688
      vertex -12.6173 -2.179 5.70562
    endloop
  endfacet
  facet normal 0 1 0
    outer loop
      vertex -12.664 -2.179 5.65312
      vertex -12.6381 -2.179 5.68033
      vertex -12.6604 -2.179 5.65645
    endloop
  endfacet
  facet normal 0 1 0
    outer loop
      vertex -12.6381 -2.179 5.68033
      vertex -12.664 -2.179 5.65312
      vertex -12.664 -2.179 6.36688
    endloop
  endfacet
  facet normal 0 1 0
    outer loop
      vertex -13.264 -2.179 6.44301
      vertex -13.3184 -2.179 6.40668
      vertex -13.2918 -2.179 6.42573
    endloop
  endfacet
  facet normal 0 1 0
    outer loop
      vertex -13.264 -2.179 6.44301
      vertex -13.3437 -2.179 6.38592
      vertex -13.3184 -2.179 6.40668
    endloop
  endfacet
  facet normal 0 1 0
    outer loop
      vertex -13.264 -2.179 6.44301
      vertex -13.3676 -2.179 6.36355
      vertex -13.3437 -2.179 6.38592
    endloop
  endfacet
  facet normal 0 1 0
    outer loop
      vertex -13.264 -2.179 6.44301
      vertex -13.3899 -2.179 6.33967
      vertex -13.3676 -2.179 6.36355
    endloop
  endfacet
  facet normal 0 1 0
    outer loop
      vertex -13.264 -2.179 6.44301
      vertex -13.4107 -2.179 6.31438
      vertex -13.3899 -2.179 6.33967
    endloop
  endfacet
  facet normal 0 1 0
    outer loop
      vertex -13.264 -2.179 6.44301
      vertex -13.4297 -2.179 6.28778
      vertex -13.4107 -2.179 6.31438
    endloop
  endfacet
  facet normal 0 1 0
    outer loop
      vertex -13.264 -2.179 6.44301
      vertex -13.447 -2.179 6.26
      vertex -13.4297 -2.179 6.28778
    endloop
  endfacet
  facet normal 0 1 0
    outer loop
      vertex -13.264 -2.179 6.44301
      vertex -13.4624 -2.179 6.23114
      vertex -13.447 -2.179 6.26
    endloop
  endfacet
  facet normal 0 1 0
    outer loop
      vertex -13.264 -2.179 6.44301
      vertex -13.4759 -2.179 6.20134
      vertex -13.4624 -2.179 6.23114
    endloop
  endfacet
  facet normal 0 1 0
    outer loop
      vertex -13.264 -2.179 6.44301
      vertex -13.4875 -2.179 6.17072
      vertex -13.4759 -2.179 6.20134
    endloop
  endfacet
  facet normal 0 1 0
    outer loop
      vertex -13.264 -2.179 6.44301
      vertex -13.497 -2.179 6.13941
      vertex -13.4875 -2.179 6.17072
    endloop
  endfacet
  facet normal 0 1 0
    outer loop
      vertex -13.264 -2.179 6.44301
      vertex -13.5044 -2.179 6.10754
      vertex -13.497 -2.179 6.13941
    endloop
  endfacet
  facet normal 0 1 0
    outer loop
      vertex -13.264 -2.179 6.44301
      vertex -13.5097 -2.179 6.07526
      vertex -13.5044 -2.179 6.10754
    endloop
  endfacet
  facet normal 0 1 0
    outer loop
      vertex -13.264 -2.179 6.44301
      vertex -13.5129 -2.179 6.0427
      vertex -13.5097 -2.179 6.07526
    endloop
  endfacet
  facet normal 0 1 0
    outer loop
      vertex -13.264 -2.179 6.44301
      vertex -13.514 -2.179 6.01
      vertex -13.5129 -2.179 6.0427
    endloop
  endfacet
  facet normal 0 1 0
    outer loop
      vertex -13.264 -2.179 6.44301
      vertex -13.5129 -2.179 5.9773
      vertex -13.514 -2.179 6.01
    endloop
  endfacet
  facet normal 0 1 0
    outer loop
      vertex -13.264 -2.179 6.44301
      vertex -13.5097 -2.179 5.94474
      vertex -13.5129 -2.179 5.9773
    endloop
  endfacet
  facet normal 0 1 0
    outer loop
      vertex -13.264 -2.179 6.44301
      vertex -13.5044 -2.179 5.91245
      vertex -13.5097 -2.179 5.94474
    endloop
  endfacet
  facet normal 0 1 0
    outer loop
      vertex -13.264 -2.179 6.44301
      vertex -13.497 -2.179 5.88059
      vertex -13.5044 -2.179 5.91245
    endloop
  endfacet
  facet normal 0 1 0
    outer loop
      vertex -13.264 -2.179 6.44301
      vertex -13.4875 -2.179 5.84928
      vertex -13.497 -2.179 5.88059
    endloop
  endfacet
  facet normal 0 1 0
    outer loop
      vertex -13.264 -2.179 6.44301
      vertex -13.4759 -2.179 5.81866
      vertex -13.4875 -2.179 5.84928
    endloop
  endfacet
  facet normal 0 1 0
    outer loop
      vertex -13.264 -2.179 6.44301
      vertex -13.4624 -2.179 5.78886
      vertex -13.4759 -2.179 5.81866
    endloop
  endfacet
  facet normal 0 1 0
    outer loop
      vertex -13.264 -2.179 6.44301
      vertex -13.447 -2.179 5.76
      vertex -13.4624 -2.179 5.78886
    endloop
  endfacet
  facet normal 0 1 0
    outer loop
      vertex -13.264 -2.179 6.44301
      vertex -13.4297 -2.179 5.73221
      vertex -13.447 -2.179 5.76
    endloop
  endfacet
  facet normal 0 1 0
    outer loop
      vertex -13.264 -2.179 6.44301
      vertex -13.4107 -2.179 5.70562
      vertex -13.4297 -2.179 5.73221
    endloop
  endfacet
  facet normal 0 1 0
    outer loop
      vertex -13.264 -2.179 6.44301
      vertex -13.3899 -2.179 5.68033
      vertex -13.4107 -2.179 5.70562
    endloop
  endfacet
  facet normal 0 1 0
    outer loop
      vertex -13.264 -2.179 6.44301
      vertex -13.3676 -2.179 5.65645
      vertex -13.3899 -2.179 5.68033
    endloop
  endfacet
  facet normal 0 1 0
    outer loop
      vertex -13.264 -2.179 6.44301
      vertex -13.3437 -2.179 5.63408
      vertex -13.3676 -2.179 5.65645
    endloop
  endfacet
  facet normal 0 1 0
    outer loop
      vertex -13.264 -2.179 6.44301
      vertex -13.3184 -2.179 5.61332
      vertex -13.3437 -2.179 5.63408
    endloop
  endfacet
  facet normal 0 1 0
    outer loop
      vertex -13.264 -2.179 6.44301
      vertex -13.2918 -2.179 5.59426
      vertex -13.3184 -2.179 5.61332
    endloop
  endfacet
  facet normal -0 1 0
    outer loop
      vertex -13.2918 -2.179 5.59426
      vertex -13.264 -2.179 6.44301
      vertex -13.264 -2.179 5.57699
    endloop
  endfacet
  facet normal 0 1 -0
    outer loop
      vertex -12.8227 -2.179 5.54806
      vertex -13.2317 -2.179 5.56
      vertex -12.7963 -2.179 5.56
    endloop
  endfacet
  facet normal 0 1 0
    outer loop
      vertex -12.8227 -2.179 5.54806
      vertex -13.2053 -2.179 5.54806
      vertex -13.2317 -2.179 5.56
    endloop
  endfacet
  facet normal 0 1 -0
    outer loop
      vertex -12.8533 -2.179 5.53653
      vertex -13.2053 -2.179 5.54806
      vertex -12.8227 -2.179 5.54806
    endloop
  endfacet
  facet normal 0 1 0
    outer loop
      vertex -12.8533 -2.179 5.53653
      vertex -13.1747 -2.179 5.53653
      vertex -13.2053 -2.179 5.54806
    endloop
  endfacet
  facet normal 0 1 -0
    outer loop
      vertex -12.8846 -2.179 5.52704
      vertex -13.1747 -2.179 5.53653
      vertex -12.8533 -2.179 5.53653
    endloop
  endfacet
  facet normal 0 1 0
    outer loop
      vertex -12.8846 -2.179 5.52704
      vertex -13.1434 -2.179 5.52704
      vertex -13.1747 -2.179 5.53653
    endloop
  endfacet
  facet normal 0 1 -0
    outer loop
      vertex -12.9165 -2.179 5.51961
      vertex -13.1434 -2.179 5.52704
      vertex -12.8846 -2.179 5.52704
    endloop
  endfacet
  facet normal 0 1 0
    outer loop
      vertex -12.9165 -2.179 5.51961
      vertex -13.1115 -2.179 5.51961
      vertex -13.1434 -2.179 5.52704
    endloop
  endfacet
  facet normal 0 1 -0
    outer loop
      vertex -12.9487 -2.179 5.51428
      vertex -13.1115 -2.179 5.51961
      vertex -12.9165 -2.179 5.51961
    endloop
  endfacet
  facet normal 0 1 0
    outer loop
      vertex -12.9487 -2.179 5.51428
      vertex -13.0793 -2.179 5.51428
      vertex -13.1115 -2.179 5.51961
    endloop
  endfacet
  facet normal 0 1 -0
    outer loop
      vertex -12.9813 -2.179 5.51107
      vertex -13.0793 -2.179 5.51428
      vertex -12.9487 -2.179 5.51428
    endloop
  endfacet
  facet normal 0 1 0
    outer loop
      vertex -12.9813 -2.179 5.51107
      vertex -13.0467 -2.179 5.51107
      vertex -13.0793 -2.179 5.51428
    endloop
  endfacet
  facet normal -0 1 0
    outer loop
      vertex -13.0467 -2.179 5.51107
      vertex -12.9813 -2.179 5.51107
      vertex -13.014 -2.179 5.51
    endloop
  endfacet
  facet normal -0.52769 0 -0.849437
    outer loop
      vertex -13.2918 -5.179 5.59426
      vertex -13.264 -2.179 5.57699
      vertex -13.264 -5.179 5.57699
    endloop
  endfacet
  facet normal -0.52769 0 -0.849437
    outer loop
      vertex -13.264 -2.179 5.57699
      vertex -13.2918 -5.179 5.59426
      vertex -13.2918 -2.179 5.59426
    endloop
  endfacet
  facet normal -0.634335 0 -0.773058
    outer loop
      vertex -13.3437 -5.179 5.63408
      vertex -13.3184 -2.179 5.61332
      vertex -13.3184 -5.179 5.61332
    endloop
  endfacet
  facet normal -0.634335 0 -0.773058
    outer loop
      vertex -13.3184 -2.179 5.61332
      vertex -13.3437 -5.179 5.63408
      vertex -13.3437 -2.179 5.63408
    endloop
  endfacet
  facet normal -0.290152 0 -0.956981
    outer loop
      vertex -13.1747 -5.179 5.53653
      vertex -13.1434 -2.179 5.52704
      vertex -13.1434 -5.179 5.52704
    endloop
  endfacet
  facet normal -0.290152 0 -0.956981
    outer loop
      vertex -13.1434 -2.179 5.52704
      vertex -13.1747 -5.179 5.53653
      vertex -13.1747 -2.179 5.53653
    endloop
  endfacet
  facet normal -0.0327042 0 -0.999465
    outer loop
      vertex -13.0467 -5.179 5.51107
      vertex -13.014 -2.179 5.51
      vertex -13.014 -5.179 5.51
    endloop
  endfacet
  facet normal -0.0327042 0 -0.999465
    outer loop
      vertex -13.014 -2.179 5.51
      vertex -13.0467 -5.179 5.51107
      vertex -13.0467 -2.179 5.51107
    endloop
  endfacet
  facet normal 0.813733 -0 0.581238
    outer loop
      vertex -12.6173 -5.179 6.31438
      vertex -12.5983 -2.179 6.28778
      vertex -12.6173 -2.179 6.31438
    endloop
  endfacet
  facet normal 0.813733 0 0.581238
    outer loop
      vertex -12.5983 -2.179 6.28778
      vertex -12.6173 -5.179 6.31438
      vertex -12.5983 -5.179 6.28778
    endloop
  endfacet
  facet normal 0 -1 0
    outer loop
      vertex -12.664 -5.179 6.36688
      vertex -12.6381 -5.179 6.33967
      vertex -12.6604 -5.179 6.36355
    endloop
  endfacet
  facet normal 0 -1 0
    outer loop
      vertex -12.664 -5.179 6.36688
      vertex -12.6173 -5.179 6.31438
      vertex -12.6381 -5.179 6.33967
    endloop
  endfacet
  facet normal 0 -1 0
    outer loop
      vertex -12.664 -5.179 6.36688
      vertex -12.5983 -5.179 6.28778
      vertex -12.6173 -5.179 6.31438
    endloop
  endfacet
  facet normal 0 -1 0
    outer loop
      vertex -12.664 -5.179 6.36688
      vertex -12.581 -5.179 6.26
      vertex -12.5983 -5.179 6.28778
    endloop
  endfacet
  facet normal 0 -1 0
    outer loop
      vertex -12.664 -5.179 6.36688
      vertex -12.5656 -5.179 6.23114
      vertex -12.581 -5.179 6.26
    endloop
  endfacet
  facet normal 0 -1 0
    outer loop
      vertex -12.664 -5.179 6.36688
      vertex -12.5521 -5.179 6.20134
      vertex -12.5656 -5.179 6.23114
    endloop
  endfacet
  facet normal 0 -1 0
    outer loop
      vertex -12.664 -5.179 6.36688
      vertex -12.5405 -5.179 6.17072
      vertex -12.5521 -5.179 6.20134
    endloop
  endfacet
  facet normal 0 -1 0
    outer loop
      vertex -12.664 -5.179 6.36688
      vertex -12.531 -5.179 6.13941
      vertex -12.5405 -5.179 6.17072
    endloop
  endfacet
  facet normal 0 -1 0
    outer loop
      vertex -12.664 -5.179 6.36688
      vertex -12.5236 -5.179 6.10754
      vertex -12.531 -5.179 6.13941
    endloop
  endfacet
  facet normal 0 -1 0
    outer loop
      vertex -12.664 -5.179 6.36688
      vertex -12.5183 -5.179 6.07526
      vertex -12.5236 -5.179 6.10754
    endloop
  endfacet
  facet normal 0 -1 0
    outer loop
      vertex -12.664 -5.179 6.36688
      vertex -12.5151 -5.179 6.0427
      vertex -12.5183 -5.179 6.07526
    endloop
  endfacet
  facet normal 0 -1 0
    outer loop
      vertex -12.664 -5.179 6.36688
      vertex -12.514 -5.179 6.01
      vertex -12.5151 -5.179 6.0427
    endloop
  endfacet
  facet normal 0 -1 0
    outer loop
      vertex -12.664 -5.179 6.36688
      vertex -12.5151 -5.179 5.9773
      vertex -12.514 -5.179 6.01
    endloop
  endfacet
  facet normal 0 -1 0
    outer loop
      vertex -12.664 -5.179 6.36688
      vertex -12.5183 -5.179 5.94474
      vertex -12.5151 -5.179 5.9773
    endloop
  endfacet
  facet normal 0 -1 0
    outer loop
      vertex -12.664 -5.179 6.36688
      vertex -12.5236 -5.179 5.91245
      vertex -12.5183 -5.179 5.94474
    endloop
  endfacet
  facet normal 0 -1 0
    outer loop
      vertex -12.664 -5.179 6.36688
      vertex -12.531 -5.179 5.88059
      vertex -12.5236 -5.179 5.91245
    endloop
  endfacet
  facet normal 0 -1 0
    outer loop
      vertex -12.664 -5.179 6.36688
      vertex -12.5405 -5.179 5.84928
      vertex -12.531 -5.179 5.88059
    endloop
  endfacet
  facet normal 0 -1 0
    outer loop
      vertex -12.664 -5.179 6.36688
      vertex -12.5521 -5.179 5.81866
      vertex -12.5405 -5.179 5.84928
    endloop
  endfacet
  facet normal 0 -1 0
    outer loop
      vertex -12.664 -5.179 6.36688
      vertex -12.5656 -5.179 5.78886
      vertex -12.5521 -5.179 5.81866
    endloop
  endfacet
  facet normal 0 -1 0
    outer loop
      vertex -12.664 -5.179 6.36688
      vertex -12.581 -5.179 5.76
      vertex -12.5656 -5.179 5.78886
    endloop
  endfacet
  facet normal 0 -1 0
    outer loop
      vertex -12.664 -5.179 6.36688
      vertex -12.5983 -5.179 5.73221
      vertex -12.581 -5.179 5.76
    endloop
  endfacet
  facet normal 0 -1 0
    outer loop
      vertex -12.664 -5.179 6.36688
      vertex -12.6173 -5.179 5.70562
      vertex -12.5983 -5.179 5.73221
    endloop
  endfacet
  facet normal 0 -1 0
    outer loop
      vertex -12.664 -5.179 6.36688
      vertex -12.6381 -5.179 5.68033
      vertex -12.6173 -5.179 5.70562
    endloop
  endfacet
  facet normal 0 -1 0
    outer loop
      vertex -12.664 -5.179 5.65312
      vertex -12.6381 -5.179 5.68033
      vertex -12.664 -5.179 6.36688
    endloop
  endfacet
  facet normal 0 -1 0
    outer loop
      vertex -12.6381 -5.179 5.68033
      vertex -12.664 -5.179 5.65312
      vertex -12.6604 -5.179 5.65645
    endloop
  endfacet
  facet normal 0 -1 0
    outer loop
      vertex -13.3184 -5.179 6.40668
      vertex -13.264 -5.179 6.44301
      vertex -13.2918 -5.179 6.42573
    endloop
  endfacet
  facet normal 0 -1 0
    outer loop
      vertex -13.3437 -5.179 6.38592
      vertex -13.264 -5.179 6.44301
      vertex -13.3184 -5.179 6.40668
    endloop
  endfacet
  facet normal 0 -1 0
    outer loop
      vertex -13.3676 -5.179 6.36355
      vertex -13.264 -5.179 6.44301
      vertex -13.3437 -5.179 6.38592
    endloop
  endfacet
  facet normal 0 -1 0
    outer loop
      vertex -13.3899 -5.179 6.33967
      vertex -13.264 -5.179 6.44301
      vertex -13.3676 -5.179 6.36355
    endloop
  endfacet
  facet normal 0 -1 0
    outer loop
      vertex -13.4107 -5.179 6.31438
      vertex -13.264 -5.179 6.44301
      vertex -13.3899 -5.179 6.33967
    endloop
  endfacet
  facet normal 0 -1 0
    outer loop
      vertex -13.4297 -5.179 6.28778
      vertex -13.264 -5.179 6.44301
      vertex -13.4107 -5.179 6.31438
    endloop
  endfacet
  facet normal 0 -1 0
    outer loop
      vertex -13.447 -5.179 6.26
      vertex -13.264 -5.179 6.44301
      vertex -13.4297 -5.179 6.28778
    endloop
  endfacet
  facet normal 0 -1 0
    outer loop
      vertex -13.4624 -5.179 6.23114
      vertex -13.264 -5.179 6.44301
      vertex -13.447 -5.179 6.26
    endloop
  endfacet
  facet normal 0 -1 0
    outer loop
      vertex -13.4759 -5.179 6.20134
      vertex -13.264 -5.179 6.44301
      vertex -13.4624 -5.179 6.23114
    endloop
  endfacet
  facet normal 0 -1 0
    outer loop
      vertex -13.4875 -5.179 6.17072
      vertex -13.264 -5.179 6.44301
      vertex -13.4759 -5.179 6.20134
    endloop
  endfacet
  facet normal 0 -1 0
    outer loop
      vertex -13.497 -5.179 6.13941
      vertex -13.264 -5.179 6.44301
      vertex -13.4875 -5.179 6.17072
    endloop
  endfacet
  facet normal 0 -1 0
    outer loop
      vertex -13.5044 -5.179 6.10754
      vertex -13.264 -5.179 6.44301
      vertex -13.497 -5.179 6.13941
    endloop
  endfacet
  facet normal 0 -1 0
    outer loop
      vertex -13.5097 -5.179 6.07526
      vertex -13.264 -5.179 6.44301
      vertex -13.5044 -5.179 6.10754
    endloop
  endfacet
  facet normal 0 -1 0
    outer loop
      vertex -13.5129 -5.179 6.0427
      vertex -13.264 -5.179 6.44301
      vertex -13.5097 -5.179 6.07526
    endloop
  endfacet
  facet normal 0 -1 0
    outer loop
      vertex -13.514 -5.179 6.01
      vertex -13.264 -5.179 6.44301
      vertex -13.5129 -5.179 6.0427
    endloop
  endfacet
  facet normal 0 -1 0
    outer loop
      vertex -13.5129 -5.179 5.9773
      vertex -13.264 -5.179 6.44301
      vertex -13.514 -5.179 6.01
    endloop
  endfacet
  facet normal 0 -1 0
    outer loop
      vertex -13.5097 -5.179 5.94474
      vertex -13.264 -5.179 6.44301
      vertex -13.5129 -5.179 5.9773
    endloop
  endfacet
  facet normal 0 -1 0
    outer loop
      vertex -13.5044 -5.179 5.91245
      vertex -13.264 -5.179 6.44301
      vertex -13.5097 -5.179 5.94474
    endloop
  endfacet
  facet normal 0 -1 0
    outer loop
      vertex -13.497 -5.179 5.88059
      vertex -13.264 -5.179 6.44301
      vertex -13.5044 -5.179 5.91245
    endloop
  endfacet
  facet normal 0 -1 0
    outer loop
      vertex -13.4875 -5.179 5.84928
      vertex -13.264 -5.179 6.44301
      vertex -13.497 -5.179 5.88059
    endloop
  endfacet
  facet normal 0 -1 0
    outer loop
      vertex -13.4759 -5.179 5.81866
      vertex -13.264 -5.179 6.44301
      vertex -13.4875 -5.179 5.84928
    endloop
  endfacet
  facet normal 0 -1 0
    outer loop
      vertex -13.4624 -5.179 5.78886
      vertex -13.264 -5.179 6.44301
      vertex -13.4759 -5.179 5.81866
    endloop
  endfacet
  facet normal 0 -1 0
    outer loop
      vertex -13.447 -5.179 5.76
      vertex -13.264 -5.179 6.44301
      vertex -13.4624 -5.179 5.78886
    endloop
  endfacet
  facet normal 0 -1 0
    outer loop
      vertex -13.4297 -5.179 5.73221
      vertex -13.264 -5.179 6.44301
      vertex -13.447 -5.179 5.76
    endloop
  endfacet
  facet normal 0 -1 0
    outer loop
      vertex -13.4107 -5.179 5.70562
      vertex -13.264 -5.179 6.44301
      vertex -13.4297 -5.179 5.73221
    endloop
  endfacet
  facet normal 0 -1 0
    outer loop
      vertex -13.3899 -5.179 5.68033
      vertex -13.264 -5.179 6.44301
      vertex -13.4107 -5.179 5.70562
    endloop
  endfacet
  facet normal 0 -1 0
    outer loop
      vertex -13.3676 -5.179 5.65645
      vertex -13.264 -5.179 6.44301
      vertex -13.3899 -5.179 5.68033
    endloop
  endfacet
  facet normal 0 -1 0
    outer loop
      vertex -13.3437 -5.179 5.63408
      vertex -13.264 -5.179 6.44301
      vertex -13.3676 -5.179 5.65645
    endloop
  endfacet
  facet normal 0 -1 0
    outer loop
      vertex -13.3184 -5.179 5.61332
      vertex -13.264 -5.179 6.44301
      vertex -13.3437 -5.179 5.63408
    endloop
  endfacet
  facet normal 0 -1 0
    outer loop
      vertex -13.2918 -5.179 5.59426
      vertex -13.264 -5.179 6.44301
      vertex -13.3184 -5.179 5.61332
    endloop
  endfacet
  facet normal 0 -1 -0
    outer loop
      vertex -13.264 -5.179 6.44301
      vertex -13.2918 -5.179 5.59426
      vertex -13.264 -5.179 5.57699
    endloop
  endfacet
  facet normal 0 -1 0
    outer loop
      vertex -13.2053 -5.179 5.54806
      vertex -12.7963 -5.179 5.56
      vertex -13.2317 -5.179 5.56
    endloop
  endfacet
  facet normal 0 -1 0
    outer loop
      vertex -13.2053 -5.179 5.54806
      vertex -12.8227 -5.179 5.54806
      vertex -12.7963 -5.179 5.56
    endloop
  endfacet
  facet normal 0 -1 0
    outer loop
      vertex -13.1747 -5.179 5.53653
      vertex -12.8227 -5.179 5.54806
      vertex -13.2053 -5.179 5.54806
    endloop
  endfacet
  facet normal 0 -1 0
    outer loop
      vertex -13.1747 -5.179 5.53653
      vertex -12.8533 -5.179 5.53653
      vertex -12.8227 -5.179 5.54806
    endloop
  endfacet
  facet normal 0 -1 0
    outer loop
      vertex -13.1434 -5.179 5.52704
      vertex -12.8533 -5.179 5.53653
      vertex -13.1747 -5.179 5.53653
    endloop
  endfacet
  facet normal 0 -1 0
    outer loop
      vertex -13.1434 -5.179 5.52704
      vertex -12.8846 -5.179 5.52704
      vertex -12.8533 -5.179 5.53653
    endloop
  endfacet
  facet normal 0 -1 0
    outer loop
      vertex -13.1115 -5.179 5.51961
      vertex -12.8846 -5.179 5.52704
      vertex -13.1434 -5.179 5.52704
    endloop
  endfacet
  facet normal 0 -1 0
    outer loop
      vertex -13.1115 -5.179 5.51961
      vertex -12.9165 -5.179 5.51961
      vertex -12.8846 -5.179 5.52704
    endloop
  endfacet
  facet normal 0 -1 0
    outer loop
      vertex -13.0793 -5.179 5.51428
      vertex -12.9165 -5.179 5.51961
      vertex -13.1115 -5.179 5.51961
    endloop
  endfacet
  facet normal 0 -1 0
    outer loop
      vertex -13.0793 -5.179 5.51428
      vertex -12.9487 -5.179 5.51428
      vertex -12.9165 -5.179 5.51961
    endloop
  endfacet
  facet normal 0 -1 0
    outer loop
      vertex -13.0467 -5.179 5.51107
      vertex -12.9487 -5.179 5.51428
      vertex -13.0793 -5.179 5.51428
    endloop
  endfacet
  facet normal 0 -1 0
    outer loop
      vertex -13.0467 -5.179 5.51107
      vertex -12.9813 -5.179 5.51107
      vertex -12.9487 -5.179 5.51428
    endloop
  endfacet
  facet normal -0 -1 0
    outer loop
      vertex -12.9813 -5.179 5.51107
      vertex -13.0467 -5.179 5.51107
      vertex -13.014 -5.179 5.51
    endloop
  endfacet
  facet normal 0.986796 0 -0.16197
    outer loop
      vertex -12.5183 -5.179 5.94474
      vertex -12.5236 -2.179 5.91245
      vertex -12.5183 -2.179 5.94474
    endloop
  endfacet
  facet normal 0.986796 0 -0.16197
    outer loop
      vertex -12.5236 -2.179 5.91245
      vertex -12.5183 -5.179 5.94474
      vertex -12.5236 -5.179 5.91245
    endloop
  endfacet
  facet normal 0.935144 0 -0.354268
    outer loop
      vertex -12.5405 -5.179 5.84928
      vertex -12.5521 -2.179 5.81866
      vertex -12.5405 -2.179 5.84928
    endloop
  endfacet
  facet normal 0.935144 0 -0.354268
    outer loop
      vertex -12.5521 -2.179 5.81866
      vertex -12.5405 -5.179 5.84928
      vertex -12.5521 -5.179 5.81866
    endloop
  endfacet
  facet normal 0.730872 0 -0.682515
    outer loop
      vertex -12.6381 -5.179 5.68033
      vertex -12.6604 -2.179 5.65645
      vertex -12.6381 -2.179 5.68033
    endloop
  endfacet
  facet normal 0.730872 0 -0.682515
    outer loop
      vertex -12.6604 -2.179 5.65645
      vertex -12.6381 -5.179 5.68033
      vertex -12.6604 -5.179 5.65645
    endloop
  endfacet
  facet normal 0.882251 0 -0.470779
    outer loop
      vertex -12.5656 -5.179 5.78886
      vertex -12.581 -2.179 5.76
      vertex -12.5656 -2.179 5.78886
    endloop
  endfacet
  facet normal 0.882251 0 -0.470779
    outer loop
      vertex -12.581 -2.179 5.76
      vertex -12.5656 -5.179 5.78886
      vertex -12.581 -5.179 5.76
    endloop
  endfacet
  facet normal 0.290152 0 -0.956981
    outer loop
      vertex -12.8846 -5.179 5.52704
      vertex -12.8533 -2.179 5.53653
      vertex -12.8533 -5.179 5.53653
    endloop
  endfacet
  facet normal 0.290152 0 -0.956981
    outer loop
      vertex -12.8533 -2.179 5.53653
      vertex -12.8846 -5.179 5.52704
      vertex -12.8846 -2.179 5.52704
    endloop
  endfacet
  facet normal 0.163306 0 -0.986575
    outer loop
      vertex -12.9487 -5.179 5.51428
      vertex -12.9165 -2.179 5.51961
      vertex -12.9165 -5.179 5.51961
    endloop
  endfacet
  facet normal 0.163306 0 -0.986575
    outer loop
      vertex -12.9165 -2.179 5.51961
      vertex -12.9487 -5.179 5.51428
      vertex -12.9487 -2.179 5.51428
    endloop
  endfacet
  facet normal 0.0979924 0 -0.995187
    outer loop
      vertex -12.9813 -5.179 5.51107
      vertex -12.9487 -2.179 5.51428
      vertex -12.9487 -5.179 5.51428
    endloop
  endfacet
  facet normal 0.0979924 0 -0.995187
    outer loop
      vertex -12.9487 -2.179 5.51428
      vertex -12.9813 -5.179 5.51107
      vertex -12.9813 -2.179 5.51107
    endloop
  endfacet
  facet normal -0.772336 0 -0.635215
    outer loop
      vertex -13.3899 -5.179 5.68033
      vertex -13.4107 -2.179 5.70562
      vertex -13.3899 -2.179 5.68033
    endloop
  endfacet
  facet normal -0.772336 -0 -0.635215
    outer loop
      vertex -13.4107 -2.179 5.70562
      vertex -13.3899 -5.179 5.68033
      vertex -13.4107 -5.179 5.70562
    endloop
  endfacet
  facet normal -0.882251 0 -0.470779
    outer loop
      vertex -13.447 -5.179 5.76
      vertex -13.4624 -2.179 5.78886
      vertex -13.447 -2.179 5.76
    endloop
  endfacet
  facet normal -0.882251 -0 -0.470779
    outer loop
      vertex -13.4624 -2.179 5.78886
      vertex -13.447 -5.179 5.76
      vertex -13.4624 -5.179 5.78886
    endloop
  endfacet
  facet normal -0.974071 0 -0.226244
    outer loop
      vertex -13.497 -5.179 5.88059
      vertex -13.5044 -2.179 5.91245
      vertex -13.497 -2.179 5.88059
    endloop
  endfacet
  facet normal -0.974071 -0 -0.226244
    outer loop
      vertex -13.5044 -2.179 5.91245
      vertex -13.497 -5.179 5.88059
      vertex -13.5044 -5.179 5.91245
    endloop
  endfacet
  facet normal -0.995205 0 -0.0978089
    outer loop
      vertex -13.5097 -5.179 5.94474
      vertex -13.5129 -2.179 5.9773
      vertex -13.5097 -2.179 5.94474
    endloop
  endfacet
  facet normal -0.995205 -0 -0.0978089
    outer loop
      vertex -13.5129 -2.179 5.9773
      vertex -13.5097 -5.179 5.94474
      vertex -13.5129 -5.179 5.9773
    endloop
  endfacet
  facet normal -0.412086 0 -0.911145
    outer loop
      vertex -13.2317 -5.179 5.56
      vertex -13.2053 -2.179 5.54806
      vertex -13.2053 -5.179 5.54806
    endloop
  endfacet
  facet normal -0.412086 0 -0.911145
    outer loop
      vertex -13.2053 -2.179 5.54806
      vertex -13.2317 -5.179 5.56
      vertex -13.2317 -2.179 5.56
    endloop
  endfacet
  facet normal -0.582452 0 -0.812865
    outer loop
      vertex -13.3184 -5.179 5.61332
      vertex -13.2918 -2.179 5.59426
      vertex -13.2918 -5.179 5.59426
    endloop
  endfacet
  facet normal -0.582452 0 -0.812865
    outer loop
      vertex -13.2918 -2.179 5.59426
      vertex -13.3184 -5.179 5.61332
      vertex -13.3184 -2.179 5.61332
    endloop
  endfacet
  facet normal 0.999435 -0 0.0336201
    outer loop
      vertex -12.5151 -5.179 6.0427
      vertex -12.514 -2.179 6.01
      vertex -12.5151 -2.179 6.0427
    endloop
  endfacet
  facet normal 0.999435 0 0.0336201
    outer loop
      vertex -12.514 -2.179 6.01
      vertex -12.5151 -5.179 6.0427
      vertex -12.514 -5.179 6.01
    endloop
  endfacet
  facet normal 0.995205 -0 0.0978089
    outer loop
      vertex -12.5183 -5.179 6.07526
      vertex -12.5151 -2.179 6.0427
      vertex -12.5183 -2.179 6.07526
    endloop
  endfacet
  facet normal 0.995205 0 0.0978089
    outer loop
      vertex -12.5151 -2.179 6.0427
      vertex -12.5183 -5.179 6.07526
      vertex -12.5151 -5.179 6.0427
    endloop
  endfacet
  facet normal 0.882251 -0 0.470779
    outer loop
      vertex -12.581 -5.179 6.26
      vertex -12.5656 -2.179 6.23114
      vertex -12.581 -2.179 6.26
    endloop
  endfacet
  facet normal 0.882251 0 0.470779
    outer loop
      vertex -12.5656 -2.179 6.23114
      vertex -12.581 -5.179 6.26
      vertex -12.5656 -5.179 6.23114
    endloop
  endfacet
  facet normal 0.772336 -0 0.635215
    outer loop
      vertex -12.6381 -5.179 6.33967
      vertex -12.6173 -2.179 6.31438
      vertex -12.6381 -2.179 6.33967
    endloop
  endfacet
  facet normal 0.772336 0 0.635215
    outer loop
      vertex -12.6173 -2.179 6.31438
      vertex -12.6381 -5.179 6.33967
      vertex -12.6173 -5.179 6.31438
    endloop
  endfacet
  facet normal -0.986796 0 -0.16197
    outer loop
      vertex -13.5044 -5.179 5.91245
      vertex -13.5097 -2.179 5.94474
      vertex -13.5044 -2.179 5.91245
    endloop
  endfacet
  facet normal -0.986796 -0 -0.16197
    outer loop
      vertex -13.5097 -2.179 5.94474
      vertex -13.5044 -5.179 5.91245
      vertex -13.5097 -5.179 5.94474
    endloop
  endfacet
  facet normal -0.226844 0 -0.973931
    outer loop
      vertex -13.1434 -5.179 5.52704
      vertex -13.1115 -2.179 5.51961
      vertex -13.1115 -5.179 5.51961
    endloop
  endfacet
  facet normal -0.226844 0 -0.973931
    outer loop
      vertex -13.1115 -2.179 5.51961
      vertex -13.1434 -5.179 5.52704
      vertex -13.1434 -2.179 5.52704
    endloop
  endfacet
  facet normal -0.0979924 0 -0.995187
    outer loop
      vertex -13.0793 -5.179 5.51428
      vertex -13.0467 -2.179 5.51107
      vertex -13.0467 -5.179 5.51107
    endloop
  endfacet
  facet normal -0.0979924 0 -0.995187
    outer loop
      vertex -13.0467 -2.179 5.51107
      vertex -13.0793 -5.179 5.51428
      vertex -13.0793 -2.179 5.51428
    endloop
  endfacet
  facet normal 0.986788 -0 0.162019
    outer loop
      vertex -12.5236 -5.179 6.10754
      vertex -12.5183 -2.179 6.07526
      vertex -12.5236 -2.179 6.10754
    endloop
  endfacet
  facet normal 0.986788 0 0.162019
    outer loop
      vertex -12.5183 -2.179 6.07526
      vertex -12.5236 -5.179 6.10754
      vertex -12.5183 -5.179 6.07526
    endloop
  endfacet
  facet normal 0.956922 -0 0.290347
    outer loop
      vertex -12.5405 -5.179 6.17072
      vertex -12.531 -2.179 6.13941
      vertex -12.5405 -2.179 6.17072
    endloop
  endfacet
  facet normal 0.956922 0 0.290347
    outer loop
      vertex -12.531 -2.179 6.13941
      vertex -12.5405 -5.179 6.17072
      vertex -12.531 -5.179 6.13941
    endloop
  endfacet
  facet normal 0.910889 -0 0.412651
    outer loop
      vertex -12.5656 -5.179 6.23114
      vertex -12.5521 -2.179 6.20134
      vertex -12.5656 -2.179 6.23114
    endloop
  endfacet
  facet normal 0.910889 0 0.412651
    outer loop
      vertex -12.5521 -2.179 6.20134
      vertex -12.5656 -5.179 6.23114
      vertex -12.5521 -5.179 6.20134
    endloop
  endfacet
  facet normal 0.974086 -0 0.226176
    outer loop
      vertex -12.531 -5.179 6.13941
      vertex -12.5236 -2.179 6.10754
      vertex -12.531 -2.179 6.13941
    endloop
  endfacet
  facet normal 0.974086 0 0.226176
    outer loop
      vertex -12.5236 -2.179 6.10754
      vertex -12.531 -5.179 6.13941
      vertex -12.5236 -5.179 6.10754
    endloop
  endfacet
  facet normal 0.679042 0 0.734099
    outer loop
      vertex -12.664 -2.179 6.36688
      vertex -12.6604 -5.179 6.36355
      vertex -12.6604 -2.179 6.36355
    endloop
  endfacet
  facet normal 0.679042 0 0.734099
    outer loop
      vertex -12.6604 -5.179 6.36355
      vertex -12.664 -2.179 6.36688
      vertex -12.664 -5.179 6.36688
    endloop
  endfacet
  facet normal 0.730872 -0 0.682515
    outer loop
      vertex -12.6604 -5.179 6.36355
      vertex -12.6381 -2.179 6.33967
      vertex -12.6604 -2.179 6.36355
    endloop
  endfacet
  facet normal 0.730872 0 0.682515
    outer loop
      vertex -12.6381 -2.179 6.33967
      vertex -12.6604 -5.179 6.36355
      vertex -12.6381 -5.179 6.33967
    endloop
  endfacet
  facet normal -0.52791 0 0.8493
    outer loop
      vertex -13.2918 -2.179 6.42573
      vertex -13.264 -5.179 6.44301
      vertex -13.264 -2.179 6.44301
    endloop
  endfacet
  facet normal -0.52791 0 0.8493
    outer loop
      vertex -13.264 -5.179 6.44301
      vertex -13.2918 -2.179 6.42573
      vertex -13.2918 -5.179 6.42573
    endloop
  endfacet
  facet normal -0.683352 0 0.730089
    outer loop
      vertex -13.3676 -2.179 6.36355
      vertex -13.3437 -5.179 6.38592
      vertex -13.3437 -2.179 6.38592
    endloop
  endfacet
  facet normal -0.683352 0 0.730089
    outer loop
      vertex -13.3437 -5.179 6.38592
      vertex -13.3676 -2.179 6.36355
      vertex -13.3676 -5.179 6.36355
    endloop
  endfacet
  facet normal -0.772336 0 0.635215
    outer loop
      vertex -13.4107 -5.179 6.31438
      vertex -13.3899 -2.179 6.33967
      vertex -13.4107 -2.179 6.31438
    endloop
  endfacet
  facet normal -0.772336 0 0.635215
    outer loop
      vertex -13.3899 -2.179 6.33967
      vertex -13.4107 -5.179 6.31438
      vertex -13.3899 -5.179 6.33967
    endloop
  endfacet
  facet normal -0.935144 0 0.354268
    outer loop
      vertex -13.4875 -5.179 6.17072
      vertex -13.4759 -2.179 6.20134
      vertex -13.4875 -2.179 6.17072
    endloop
  endfacet
  facet normal -0.935144 0 0.354268
    outer loop
      vertex -13.4759 -2.179 6.20134
      vertex -13.4875 -5.179 6.17072
      vertex -13.4759 -5.179 6.20134
    endloop
  endfacet
  facet normal -0.974086 0 0.226176
    outer loop
      vertex -13.5044 -5.179 6.10754
      vertex -13.497 -2.179 6.13941
      vertex -13.5044 -2.179 6.10754
    endloop
  endfacet
  facet normal -0.974086 0 0.226176
    outer loop
      vertex -13.497 -2.179 6.13941
      vertex -13.5044 -5.179 6.10754
      vertex -13.497 -5.179 6.13941
    endloop
  endfacet
  facet normal -0.999435 0 0.0336201
    outer loop
      vertex -13.514 -5.179 6.01
      vertex -13.5129 -2.179 6.0427
      vertex -13.514 -2.179 6.01
    endloop
  endfacet
  facet normal -0.999435 0 0.0336201
    outer loop
      vertex -13.5129 -2.179 6.0427
      vertex -13.514 -5.179 6.01
      vertex -13.5129 -5.179 6.0427
    endloop
  endfacet
  facet normal 0.848856 -0 0.528625
    outer loop
      vertex -12.5983 -5.179 6.28778
      vertex -12.581 -2.179 6.26
      vertex -12.5983 -2.179 6.28778
    endloop
  endfacet
  facet normal 0.848856 0 0.528625
    outer loop
      vertex -12.581 -2.179 6.26
      vertex -12.5983 -5.179 6.28778
      vertex -12.581 -5.179 6.26
    endloop
  endfacet
  facet normal -0.634335 0 0.773058
    outer loop
      vertex -13.3437 -2.179 6.38592
      vertex -13.3184 -5.179 6.40668
      vertex -13.3184 -2.179 6.40668
    endloop
  endfacet
  facet normal -0.634335 0 0.773058
    outer loop
      vertex -13.3184 -5.179 6.40668
      vertex -13.3437 -2.179 6.38592
      vertex -13.3437 -5.179 6.38592
    endloop
  endfacet
  facet normal -0.910889 0 0.412651
    outer loop
      vertex -13.4759 -5.179 6.20134
      vertex -13.4624 -2.179 6.23114
      vertex -13.4759 -2.179 6.20134
    endloop
  endfacet
  facet normal -0.910889 0 0.412651
    outer loop
      vertex -13.4624 -2.179 6.23114
      vertex -13.4759 -5.179 6.20134
      vertex -13.4624 -5.179 6.23114
    endloop
  endfacet
  facet normal -0.813733 0 0.581238
    outer loop
      vertex -13.4297 -5.179 6.28778
      vertex -13.4107 -2.179 6.31438
      vertex -13.4297 -2.179 6.28778
    endloop
  endfacet
  facet normal -0.813733 0 0.581238
    outer loop
      vertex -13.4107 -2.179 6.31438
      vertex -13.4297 -5.179 6.28778
      vertex -13.4107 -5.179 6.31438
    endloop
  endfacet
  facet normal -0.882251 0 0.470779
    outer loop
      vertex -13.4624 -5.179 6.23114
      vertex -13.447 -2.179 6.26
      vertex -13.4624 -2.179 6.23114
    endloop
  endfacet
  facet normal -0.882251 0 0.470779
    outer loop
      vertex -13.447 -2.179 6.26
      vertex -13.4624 -5.179 6.23114
      vertex -13.447 -5.179 6.26
    endloop
  endfacet
  facet normal -0.956922 0 0.290347
    outer loop
      vertex -13.497 -5.179 6.13941
      vertex -13.4875 -2.179 6.17072
      vertex -13.497 -2.179 6.13941
    endloop
  endfacet
  facet normal -0.956922 0 0.290347
    outer loop
      vertex -13.4875 -2.179 6.17072
      vertex -13.497 -5.179 6.13941
      vertex -13.4875 -5.179 6.17072
    endloop
  endfacet
  facet normal -0.986788 0 0.162019
    outer loop
      vertex -13.5097 -5.179 6.07526
      vertex -13.5044 -2.179 6.10754
      vertex -13.5097 -2.179 6.07526
    endloop
  endfacet
  facet normal -0.986788 0 0.162019
    outer loop
      vertex -13.5044 -2.179 6.10754
      vertex -13.5097 -5.179 6.07526
      vertex -13.5044 -5.179 6.10754
    endloop
  endfacet
  facet normal -0.995205 0 0.0978089
    outer loop
      vertex -13.5129 -5.179 6.0427
      vertex -13.5097 -2.179 6.07526
      vertex -13.5129 -2.179 6.0427
    endloop
  endfacet
  facet normal -0.995205 0 0.0978089
    outer loop
      vertex -13.5097 -2.179 6.07526
      vertex -13.5129 -5.179 6.0427
      vertex -13.5097 -5.179 6.07526
    endloop
  endfacet
  facet normal 0.935144 -0 0.354268
    outer loop
      vertex -12.5521 -5.179 6.20134
      vertex -12.5405 -2.179 6.17072
      vertex -12.5521 -2.179 6.20134
    endloop
  endfacet
  facet normal 0.935144 0 0.354268
    outer loop
      vertex -12.5405 -2.179 6.17072
      vertex -12.5521 -5.179 6.20134
      vertex -12.5405 -5.179 6.17072
    endloop
  endfacet
  facet normal -0.58225 0 0.81301
    outer loop
      vertex -13.3184 -2.179 6.40668
      vertex -13.2918 -5.179 6.42573
      vertex -13.2918 -2.179 6.42573
    endloop
  endfacet
  facet normal -0.58225 0 0.81301
    outer loop
      vertex -13.2918 -5.179 6.42573
      vertex -13.3184 -2.179 6.40668
      vertex -13.3184 -5.179 6.40668
    endloop
  endfacet
  facet normal -0.848856 0 0.528625
    outer loop
      vertex -13.447 -5.179 6.26
      vertex -13.4297 -2.179 6.28778
      vertex -13.447 -2.179 6.26
    endloop
  endfacet
  facet normal -0.848856 0 0.528625
    outer loop
      vertex -13.4297 -2.179 6.28778
      vertex -13.447 -5.179 6.26
      vertex -13.4297 -5.179 6.28778
    endloop
  endfacet
  facet normal -0.730872 0 0.682515
    outer loop
      vertex -13.3899 -5.179 6.33967
      vertex -13.3676 -2.179 6.36355
      vertex -13.3899 -2.179 6.33967
    endloop
  endfacet
  facet normal -0.730872 0 0.682515
    outer loop
      vertex -13.3676 -2.179 6.36355
      vertex -13.3899 -5.179 6.33967
      vertex -13.3676 -5.179 6.36355
    endloop
  endfacet
  facet normal 0.999435 0 -0.0336201
    outer loop
      vertex 10.511 16.995 6.01
      vertex 10.5099 19.995 5.9773
      vertex 10.511 19.995 6.01
    endloop
  endfacet
  facet normal 0.999435 0 -0.0336201
    outer loop
      vertex 10.5099 19.995 5.9773
      vertex 10.511 16.995 6.01
      vertex 10.5099 16.995 5.9773
    endloop
  endfacet
  facet normal -0.999465 0 0.0327042
    outer loop
      vertex 9.511 16.995 6.01
      vertex 9.51207 19.995 6.0427
      vertex 9.511 19.995 6.01
    endloop
  endfacet
  facet normal -0.999465 0 0.0327042
    outer loop
      vertex 9.51207 19.995 6.0427
      vertex 9.511 16.995 6.01
      vertex 9.51207 16.995 6.0427
    endloop
  endfacet
  facet normal -0.0327042 0 -0.999465
    outer loop
      vertex 9.9783 16.995 5.51107
      vertex 10.011 19.995 5.51
      vertex 10.011 16.995 5.51
    endloop
  endfacet
  facet normal -0.0327042 0 -0.999465
    outer loop
      vertex 10.011 19.995 5.51
      vertex 9.9783 16.995 5.51107
      vertex 9.9783 19.995 5.51107
    endloop
  endfacet
  facet normal 0.683352 0 -0.730089
    outer loop
      vertex 10.3407 16.995 5.63408
      vertex 10.3646 19.995 5.65645
      vertex 10.3646 16.995 5.65645
    endloop
  endfacet
  facet normal 0.683352 0 -0.730089
    outer loop
      vertex 10.3646 19.995 5.65645
      vertex 10.3407 16.995 5.63408
      vertex 10.3407 19.995 5.63408
    endloop
  endfacet
  facet normal -0.729804 0 -0.683656
    outer loop
      vertex 9.65745 16.995 5.65645
      vertex 9.63508 19.995 5.68033
      vertex 9.65745 19.995 5.65645
    endloop
  endfacet
  facet normal -0.729804 -0 -0.683656
    outer loop
      vertex 9.63508 19.995 5.68033
      vertex 9.65745 16.995 5.65645
      vertex 9.63508 16.995 5.68033
    endloop
  endfacet
  facet normal -0.412735 0 -0.910851
    outer loop
      vertex 9.79331 16.995 5.56
      vertex 9.81966 19.995 5.54806
      vertex 9.81966 16.995 5.54806
    endloop
  endfacet
  facet normal -0.412735 0 -0.910851
    outer loop
      vertex 9.81966 19.995 5.54806
      vertex 9.79331 16.995 5.56
      vertex 9.79331 19.995 5.56
    endloop
  endfacet
  facet normal 0.910889 0 -0.412651
    outer loop
      vertex 10.4729 16.995 5.81866
      vertex 10.4594 19.995 5.78886
      vertex 10.4729 19.995 5.81866
    endloop
  endfacet
  facet normal 0.910889 0 -0.412651
    outer loop
      vertex 10.4594 19.995 5.78886
      vertex 10.4729 16.995 5.81866
      vertex 10.4594 16.995 5.78886
    endloop
  endfacet
  facet normal 0.352598 0 -0.935775
    outer loop
      vertex 10.1717 16.995 5.53653
      vertex 10.2023 19.995 5.54806
      vertex 10.2023 16.995 5.54806
    endloop
  endfacet
  facet normal 0.352598 0 -0.935775
    outer loop
      vertex 10.2023 19.995 5.54806
      vertex 10.1717 16.995 5.53653
      vertex 10.1717 19.995 5.53653
    endloop
  endfacet
  facet normal -0.88187 0 -0.471492
    outer loop
      vertex 9.57799 16.995 5.76
      vertex 9.56256 19.995 5.78886
      vertex 9.57799 19.995 5.76
    endloop
  endfacet
  facet normal -0.88187 -0 -0.471492
    outer loop
      vertex 9.56256 19.995 5.78886
      vertex 9.57799 16.995 5.76
      vertex 9.56256 16.995 5.78886
    endloop
  endfacet
  facet normal -0.849352 0 -0.527827
    outer loop
      vertex 9.59526 16.995 5.73221
      vertex 9.57799 19.995 5.76
      vertex 9.59526 19.995 5.73221
    endloop
  endfacet
  facet normal -0.849352 -0 -0.527827
    outer loop
      vertex 9.57799 19.995 5.76
      vertex 9.59526 16.995 5.73221
      vertex 9.57799 16.995 5.76
    endloop
  endfacet
  facet normal -0.227114 0 -0.973868
    outer loop
      vertex 9.88159 16.995 5.52704
      vertex 9.91345 19.995 5.51961
      vertex 9.91345 16.995 5.51961
    endloop
  endfacet
  facet normal -0.227114 0 -0.973868
    outer loop
      vertex 9.91345 19.995 5.51961
      vertex 9.88159 16.995 5.52704
      vertex 9.88159 19.995 5.52704
    endloop
  endfacet
  facet normal 0.882251 -0 0.470779
    outer loop
      vertex 10.444 16.995 6.26
      vertex 10.4594 19.995 6.23114
      vertex 10.444 19.995 6.26
    endloop
  endfacet
  facet normal 0.882251 0 0.470779
    outer loop
      vertex 10.4594 19.995 6.23114
      vertex 10.444 16.995 6.26
      vertex 10.4594 16.995 6.23114
    endloop
  endfacet
  facet normal 0.683352 0 0.730089
    outer loop
      vertex 10.3407 19.995 6.38592
      vertex 10.3646 16.995 6.36355
      vertex 10.3646 19.995 6.36355
    endloop
  endfacet
  facet normal 0.683352 0 0.730089
    outer loop
      vertex 10.3646 16.995 6.36355
      vertex 10.3407 19.995 6.38592
      vertex 10.3407 16.995 6.38592
    endloop
  endfacet
  facet normal 0.974086 -0 0.226176
    outer loop
      vertex 10.494 16.995 6.13941
      vertex 10.5014 19.995 6.10754
      vertex 10.494 19.995 6.13941
    endloop
  endfacet
  facet normal 0.974086 0 0.226176
    outer loop
      vertex 10.5014 19.995 6.10754
      vertex 10.494 16.995 6.13941
      vertex 10.5014 16.995 6.10754
    endloop
  endfacet
  facet normal -0.684146 0 0.729345
    outer loop
      vertex 9.65745 19.995 6.36355
      vertex 9.661 16.995 6.36688
      vertex 9.661 19.995 6.36688
    endloop
  endfacet
  facet normal -0.684146 0 0.729345
    outer loop
      vertex 9.661 16.995 6.36688
      vertex 9.65745 19.995 6.36355
      vertex 9.65745 16.995 6.36355
    endloop
  endfacet
  facet normal 0.974071 0 -0.226244
    outer loop
      vertex 10.5014 16.995 5.91245
      vertex 10.494 19.995 5.88059
      vertex 10.5014 19.995 5.91245
    endloop
  endfacet
  facet normal 0.974071 0 -0.226244
    outer loop
      vertex 10.494 19.995 5.88059
      vertex 10.5014 16.995 5.91245
      vertex 10.494 16.995 5.88059
    endloop
  endfacet
  facet normal 0.956922 0 -0.290347
    outer loop
      vertex 10.494 16.995 5.88059
      vertex 10.4845 19.995 5.84928
      vertex 10.494 19.995 5.88059
    endloop
  endfacet
  facet normal 0.956922 0 -0.290347
    outer loop
      vertex 10.4845 19.995 5.84928
      vertex 10.494 16.995 5.88059
      vertex 10.4845 16.995 5.84928
    endloop
  endfacet
  facet normal 0.772336 0 -0.635215
    outer loop
      vertex 10.4077 16.995 5.70562
      vertex 10.3869 19.995 5.68033
      vertex 10.4077 19.995 5.70562
    endloop
  endfacet
  facet normal 0.772336 0 -0.635215
    outer loop
      vertex 10.3869 19.995 5.68033
      vertex 10.4077 16.995 5.70562
      vertex 10.3869 16.995 5.68033
    endloop
  endfacet
  facet normal 0.882251 0 -0.470779
    outer loop
      vertex 10.4594 16.995 5.78886
      vertex 10.444 19.995 5.76
      vertex 10.4594 19.995 5.78886
    endloop
  endfacet
  facet normal 0.882251 0 -0.470779
    outer loop
      vertex 10.444 19.995 5.76
      vertex 10.4594 16.995 5.78886
      vertex 10.444 16.995 5.76
    endloop
  endfacet
  facet normal 0.163306 0 -0.986575
    outer loop
      vertex 10.0763 16.995 5.51428
      vertex 10.1085 19.995 5.51961
      vertex 10.1085 16.995 5.51961
    endloop
  endfacet
  facet normal 0.163306 0 -0.986575
    outer loop
      vertex 10.1085 19.995 5.51961
      vertex 10.0763 16.995 5.51428
      vertex 10.0763 19.995 5.51428
    endloop
  endfacet
  facet normal 0.52769 0 -0.849437
    outer loop
      vertex 10.261 16.995 5.57699
      vertex 10.2888 19.995 5.59426
      vertex 10.2888 16.995 5.59426
    endloop
  endfacet
  facet normal 0.52769 0 -0.849437
    outer loop
      vertex 10.2888 19.995 5.59426
      vertex 10.261 16.995 5.57699
      vertex 10.261 19.995 5.57699
    endloop
  endfacet
  facet normal 0.412086 0 -0.911145
    outer loop
      vertex 10.2023 16.995 5.54806
      vertex 10.2287 19.995 5.56
      vertex 10.2287 16.995 5.56
    endloop
  endfacet
  facet normal 0.412086 0 -0.911145
    outer loop
      vertex 10.2287 19.995 5.56
      vertex 10.2023 16.995 5.54806
      vertex 10.2023 19.995 5.54806
    endloop
  endfacet
  facet normal -0.986649 0 -0.162863
    outer loop
      vertex 9.52061 16.995 5.91245
      vertex 9.51528 19.995 5.94474
      vertex 9.52061 19.995 5.91245
    endloop
  endfacet
  facet normal -0.986649 -0 -0.162863
    outer loop
      vertex 9.51528 19.995 5.94474
      vertex 9.52061 16.995 5.91245
      vertex 9.51528 16.995 5.94474
    endloop
  endfacet
  facet normal -0.995175 0 -0.0981116
    outer loop
      vertex 9.51528 16.995 5.94474
      vertex 9.51207 19.995 5.9773
      vertex 9.51528 19.995 5.94474
    endloop
  endfacet
  facet normal -0.995175 -0 -0.0981116
    outer loop
      vertex 9.51207 19.995 5.9773
      vertex 9.51528 16.995 5.94474
      vertex 9.51207 16.995 5.9773
    endloop
  endfacet
  facet normal -0.684146 0 -0.729345
    outer loop
      vertex 9.65745 16.995 5.65645
      vertex 9.661 19.995 5.65312
      vertex 9.661 16.995 5.65312
    endloop
  endfacet
  facet normal -0.684146 0 -0.729345
    outer loop
      vertex 9.661 19.995 5.65312
      vertex 9.65745 16.995 5.65645
      vertex 9.65745 19.995 5.65645
    endloop
  endfacet
  facet normal -0.162863 0 -0.986649
    outer loop
      vertex 9.91345 16.995 5.51961
      vertex 9.94574 19.995 5.51428
      vertex 9.94574 16.995 5.51428
    endloop
  endfacet
  facet normal -0.162863 0 -0.986649
    outer loop
      vertex 9.94574 19.995 5.51428
      vertex 9.91345 16.995 5.51961
      vertex 9.91345 19.995 5.51961
    endloop
  endfacet
  facet normal 0.986788 -0 0.162019
    outer loop
      vertex 10.5014 16.995 6.10754
      vertex 10.5067 19.995 6.07526
      vertex 10.5014 19.995 6.10754
    endloop
  endfacet
  facet normal 0.986788 0 0.162019
    outer loop
      vertex 10.5067 19.995 6.07526
      vertex 10.5014 16.995 6.10754
      vertex 10.5067 16.995 6.07526
    endloop
  endfacet
  facet normal 0.52791 0 0.8493
    outer loop
      vertex 10.261 19.995 6.44301
      vertex 10.2888 16.995 6.42573
      vertex 10.2888 19.995 6.42573
    endloop
  endfacet
  facet normal 0.52791 0 0.8493
    outer loop
      vertex 10.2888 16.995 6.42573
      vertex 10.261 19.995 6.44301
      vertex 10.261 16.995 6.44301
    endloop
  endfacet
  facet normal 0.634335 0 0.773058
    outer loop
      vertex 10.3154 19.995 6.40668
      vertex 10.3407 16.995 6.38592
      vertex 10.3407 19.995 6.38592
    endloop
  endfacet
  facet normal 0.634335 0 0.773058
    outer loop
      vertex 10.3407 16.995 6.38592
      vertex 10.3154 19.995 6.40668
      vertex 10.3154 16.995 6.40668
    endloop
  endfacet
  facet normal 0.772336 -0 0.635215
    outer loop
      vertex 10.3869 16.995 6.33967
      vertex 10.4077 19.995 6.31438
      vertex 10.3869 19.995 6.33967
    endloop
  endfacet
  facet normal 0.772336 0 0.635215
    outer loop
      vertex 10.4077 19.995 6.31438
      vertex 10.3869 16.995 6.33967
      vertex 10.4077 16.995 6.31438
    endloop
  endfacet
  facet normal -0.88187 0 0.471492
    outer loop
      vertex 9.56256 16.995 6.23114
      vertex 9.57799 19.995 6.26
      vertex 9.56256 19.995 6.23114
    endloop
  endfacet
  facet normal -0.88187 0 0.471492
    outer loop
      vertex 9.57799 19.995 6.26
      vertex 9.56256 16.995 6.23114
      vertex 9.57799 16.995 6.26
    endloop
  endfacet
  facet normal -0.995175 0 0.0981116
    outer loop
      vertex 9.51207 16.995 6.0427
      vertex 9.51528 19.995 6.07526
      vertex 9.51207 19.995 6.0427
    endloop
  endfacet
  facet normal -0.995175 0 0.0981116
    outer loop
      vertex 9.51528 19.995 6.07526
      vertex 9.51207 16.995 6.0427
      vertex 9.51528 16.995 6.07526
    endloop
  endfacet
  facet normal 0.986796 0 -0.16197
    outer loop
      vertex 10.5067 16.995 5.94474
      vertex 10.5014 19.995 5.91245
      vertex 10.5067 19.995 5.94474
    endloop
  endfacet
  facet normal 0.986796 0 -0.16197
    outer loop
      vertex 10.5014 19.995 5.91245
      vertex 10.5067 16.995 5.94474
      vertex 10.5014 16.995 5.91245
    endloop
  endfacet
  facet normal 0.995205 0 -0.0978089
    outer loop
      vertex 10.5099 16.995 5.9773
      vertex 10.5067 19.995 5.94474
      vertex 10.5099 19.995 5.9773
    endloop
  endfacet
  facet normal 0.995205 0 -0.0978089
    outer loop
      vertex 10.5067 19.995 5.94474
      vertex 10.5099 16.995 5.9773
      vertex 10.5067 16.995 5.94474
    endloop
  endfacet
  facet normal 0.935144 0 -0.354268
    outer loop
      vertex 10.4845 16.995 5.84928
      vertex 10.4729 19.995 5.81866
      vertex 10.4845 19.995 5.84928
    endloop
  endfacet
  facet normal 0.935144 0 -0.354268
    outer loop
      vertex 10.4729 19.995 5.81866
      vertex 10.4845 16.995 5.84928
      vertex 10.4729 16.995 5.81866
    endloop
  endfacet
  facet normal 0.81363 0 -0.581383
    outer loop
      vertex 10.4267 16.995 5.73221
      vertex 10.4077 19.995 5.70562
      vertex 10.4267 19.995 5.73221
    endloop
  endfacet
  facet normal 0.81363 0 -0.581383
    outer loop
      vertex 10.4077 19.995 5.70562
      vertex 10.4267 16.995 5.73221
      vertex 10.4077 16.995 5.70562
    endloop
  endfacet
  facet normal 0.848941 0 -0.528488
    outer loop
      vertex 10.444 16.995 5.76
      vertex 10.4267 19.995 5.73221
      vertex 10.444 19.995 5.76
    endloop
  endfacet
  facet normal 0.848941 0 -0.528488
    outer loop
      vertex 10.4267 19.995 5.73221
      vertex 10.444 16.995 5.76
      vertex 10.4267 16.995 5.73221
    endloop
  endfacet
  facet normal 0.226844 0 -0.973931
    outer loop
      vertex 10.1085 16.995 5.51961
      vertex 10.1404 19.995 5.52704
      vertex 10.1404 16.995 5.52704
    endloop
  endfacet
  facet normal 0.226844 0 -0.973931
    outer loop
      vertex 10.1404 19.995 5.52704
      vertex 10.1085 16.995 5.51961
      vertex 10.1085 19.995 5.51961
    endloop
  endfacet
  facet normal 0.0979924 0 -0.995187
    outer loop
      vertex 10.0437 16.995 5.51107
      vertex 10.0763 19.995 5.51428
      vertex 10.0763 16.995 5.51428
    endloop
  endfacet
  facet normal 0.0979924 0 -0.995187
    outer loop
      vertex 10.0763 19.995 5.51428
      vertex 10.0437 16.995 5.51107
      vertex 10.0437 19.995 5.51107
    endloop
  endfacet
  facet normal 0.0327042 0 -0.999465
    outer loop
      vertex 10.011 16.995 5.51
      vertex 10.0437 19.995 5.51107
      vertex 10.0437 16.995 5.51107
    endloop
  endfacet
  facet normal 0.0327042 0 -0.999465
    outer loop
      vertex 10.0437 19.995 5.51107
      vertex 10.011 16.995 5.51
      vertex 10.011 19.995 5.51
    endloop
  endfacet
  facet normal 0.582452 0 -0.812865
    outer loop
      vertex 10.2888 16.995 5.59426
      vertex 10.3154 19.995 5.61332
      vertex 10.3154 16.995 5.61332
    endloop
  endfacet
  facet normal 0.582452 0 -0.812865
    outer loop
      vertex 10.3154 19.995 5.61332
      vertex 10.2888 16.995 5.59426
      vertex 10.2888 19.995 5.59426
    endloop
  endfacet
  facet normal 0.634335 0 -0.773058
    outer loop
      vertex 10.3154 16.995 5.61332
      vertex 10.3407 19.995 5.63408
      vertex 10.3407 16.995 5.63408
    endloop
  endfacet
  facet normal 0.634335 0 -0.773058
    outer loop
      vertex 10.3407 19.995 5.63408
      vertex 10.3154 16.995 5.61332
      vertex 10.3154 19.995 5.61332
    endloop
  endfacet
  facet normal 0 -1 0
    outer loop
      vertex 10.261 16.995 6.44301
      vertex 10.3154 16.995 6.40668
      vertex 10.2888 16.995 6.42573
    endloop
  endfacet
  facet normal 0 -1 0
    outer loop
      vertex 10.261 16.995 6.44301
      vertex 10.3407 16.995 6.38592
      vertex 10.3154 16.995 6.40668
    endloop
  endfacet
  facet normal 0 -1 0
    outer loop
      vertex 10.261 16.995 6.44301
      vertex 10.3646 16.995 6.36355
      vertex 10.3407 16.995 6.38592
    endloop
  endfacet
  facet normal 0 -1 0
    outer loop
      vertex 10.261 16.995 6.44301
      vertex 10.3869 16.995 6.33967
      vertex 10.3646 16.995 6.36355
    endloop
  endfacet
  facet normal 0 -1 0
    outer loop
      vertex 10.261 16.995 6.44301
      vertex 10.4077 16.995 6.31438
      vertex 10.3869 16.995 6.33967
    endloop
  endfacet
  facet normal 0 -1 0
    outer loop
      vertex 10.261 16.995 6.44301
      vertex 10.4267 16.995 6.28778
      vertex 10.4077 16.995 6.31438
    endloop
  endfacet
  facet normal 0 -1 0
    outer loop
      vertex 10.261 16.995 6.44301
      vertex 10.444 16.995 6.26
      vertex 10.4267 16.995 6.28778
    endloop
  endfacet
  facet normal 0 -1 0
    outer loop
      vertex 10.261 16.995 6.44301
      vertex 10.4594 16.995 6.23114
      vertex 10.444 16.995 6.26
    endloop
  endfacet
  facet normal 0 -1 0
    outer loop
      vertex 10.261 16.995 6.44301
      vertex 10.4729 16.995 6.20134
      vertex 10.4594 16.995 6.23114
    endloop
  endfacet
  facet normal 0 -1 0
    outer loop
      vertex 10.261 16.995 6.44301
      vertex 10.4845 16.995 6.17072
      vertex 10.4729 16.995 6.20134
    endloop
  endfacet
  facet normal 0 -1 0
    outer loop
      vertex 10.261 16.995 6.44301
      vertex 10.494 16.995 6.13941
      vertex 10.4845 16.995 6.17072
    endloop
  endfacet
  facet normal 0 -1 0
    outer loop
      vertex 10.261 16.995 6.44301
      vertex 10.5014 16.995 6.10754
      vertex 10.494 16.995 6.13941
    endloop
  endfacet
  facet normal 0 -1 0
    outer loop
      vertex 10.261 16.995 6.44301
      vertex 10.5067 16.995 6.07526
      vertex 10.5014 16.995 6.10754
    endloop
  endfacet
  facet normal 0 -1 0
    outer loop
      vertex 10.261 16.995 6.44301
      vertex 10.5099 16.995 6.0427
      vertex 10.5067 16.995 6.07526
    endloop
  endfacet
  facet normal 0 -1 0
    outer loop
      vertex 10.261 16.995 6.44301
      vertex 10.511 16.995 6.01
      vertex 10.5099 16.995 6.0427
    endloop
  endfacet
  facet normal 0 -1 0
    outer loop
      vertex 10.261 16.995 6.44301
      vertex 10.5099 16.995 5.9773
      vertex 10.511 16.995 6.01
    endloop
  endfacet
  facet normal 0 -1 0
    outer loop
      vertex 10.261 16.995 6.44301
      vertex 10.5067 16.995 5.94474
      vertex 10.5099 16.995 5.9773
    endloop
  endfacet
  facet normal 0 -1 0
    outer loop
      vertex 10.261 16.995 6.44301
      vertex 10.5014 16.995 5.91245
      vertex 10.5067 16.995 5.94474
    endloop
  endfacet
  facet normal 0 -1 0
    outer loop
      vertex 10.261 16.995 6.44301
      vertex 10.494 16.995 5.88059
      vertex 10.5014 16.995 5.91245
    endloop
  endfacet
  facet normal 0 -1 0
    outer loop
      vertex 10.261 16.995 6.44301
      vertex 10.4845 16.995 5.84928
      vertex 10.494 16.995 5.88059
    endloop
  endfacet
  facet normal 0 -1 0
    outer loop
      vertex 10.261 16.995 6.44301
      vertex 10.4729 16.995 5.81866
      vertex 10.4845 16.995 5.84928
    endloop
  endfacet
  facet normal 0 -1 0
    outer loop
      vertex 10.261 16.995 6.44301
      vertex 10.4594 16.995 5.78886
      vertex 10.4729 16.995 5.81866
    endloop
  endfacet
  facet normal 0 -1 0
    outer loop
      vertex 10.261 16.995 6.44301
      vertex 10.444 16.995 5.76
      vertex 10.4594 16.995 5.78886
    endloop
  endfacet
  facet normal 0 -1 0
    outer loop
      vertex 10.261 16.995 6.44301
      vertex 10.4267 16.995 5.73221
      vertex 10.444 16.995 5.76
    endloop
  endfacet
  facet normal 0 -1 0
    outer loop
      vertex 10.261 16.995 6.44301
      vertex 10.4077 16.995 5.70562
      vertex 10.4267 16.995 5.73221
    endloop
  endfacet
  facet normal 0 -1 0
    outer loop
      vertex 10.261 16.995 6.44301
      vertex 10.3869 16.995 5.68033
      vertex 10.4077 16.995 5.70562
    endloop
  endfacet
  facet normal 0 -1 0
    outer loop
      vertex 10.261 16.995 6.44301
      vertex 10.3646 16.995 5.65645
      vertex 10.3869 16.995 5.68033
    endloop
  endfacet
  facet normal 0 -1 0
    outer loop
      vertex 10.261 16.995 6.44301
      vertex 10.3407 16.995 5.63408
      vertex 10.3646 16.995 5.65645
    endloop
  endfacet
  facet normal 0 -1 0
    outer loop
      vertex 10.261 16.995 6.44301
      vertex 10.3154 16.995 5.61332
      vertex 10.3407 16.995 5.63408
    endloop
  endfacet
  facet normal 0 -1 0
    outer loop
      vertex 10.261 16.995 6.44301
      vertex 10.2888 16.995 5.59426
      vertex 10.3154 16.995 5.61332
    endloop
  endfacet
  facet normal -0 -1 0
    outer loop
      vertex 10.2888 16.995 5.59426
      vertex 10.261 16.995 6.44301
      vertex 10.261 16.995 5.57699
    endloop
  endfacet
  facet normal 0 -1 0
    outer loop
      vertex 9.63508 16.995 6.33967
      vertex 9.661 16.995 6.36688
      vertex 9.65745 16.995 6.36355
    endloop
  endfacet
  facet normal 0 -1 0
    outer loop
      vertex 9.61432 16.995 6.31438
      vertex 9.661 16.995 6.36688
      vertex 9.63508 16.995 6.33967
    endloop
  endfacet
  facet normal 0 -1 0
    outer loop
      vertex 9.59526 16.995 6.28778
      vertex 9.661 16.995 6.36688
      vertex 9.61432 16.995 6.31438
    endloop
  endfacet
  facet normal 0 -1 0
    outer loop
      vertex 9.57799 16.995 6.26
      vertex 9.661 16.995 6.36688
      vertex 9.59526 16.995 6.28778
    endloop
  endfacet
  facet normal 0 -1 0
    outer loop
      vertex 9.56256 16.995 6.23114
      vertex 9.661 16.995 6.36688
      vertex 9.57799 16.995 6.26
    endloop
  endfacet
  facet normal 0 -1 0
    outer loop
      vertex 9.54906 16.995 6.20134
      vertex 9.661 16.995 6.36688
      vertex 9.56256 16.995 6.23114
    endloop
  endfacet
  facet normal 0 -1 0
    outer loop
      vertex 9.53753 16.995 6.17072
      vertex 9.661 16.995 6.36688
      vertex 9.54906 16.995 6.20134
    endloop
  endfacet
  facet normal 0 -1 0
    outer loop
      vertex 9.52804 16.995 6.13941
      vertex 9.661 16.995 6.36688
      vertex 9.53753 16.995 6.17072
    endloop
  endfacet
  facet normal 0 -1 0
    outer loop
      vertex 9.52061 16.995 6.10754
      vertex 9.661 16.995 6.36688
      vertex 9.52804 16.995 6.13941
    endloop
  endfacet
  facet normal 0 -1 0
    outer loop
      vertex 9.51528 16.995 6.07526
      vertex 9.661 16.995 6.36688
      vertex 9.52061 16.995 6.10754
    endloop
  endfacet
  facet normal 0 -1 0
    outer loop
      vertex 9.51207 16.995 6.0427
      vertex 9.661 16.995 6.36688
      vertex 9.51528 16.995 6.07526
    endloop
  endfacet
  facet normal 0 -1 0
    outer loop
      vertex 9.511 16.995 6.01
      vertex 9.661 16.995 6.36688
      vertex 9.51207 16.995 6.0427
    endloop
  endfacet
  facet normal 0 -1 0
    outer loop
      vertex 9.51207 16.995 5.9773
      vertex 9.661 16.995 6.36688
      vertex 9.511 16.995 6.01
    endloop
  endfacet
  facet normal 0 -1 0
    outer loop
      vertex 9.51528 16.995 5.94474
      vertex 9.661 16.995 6.36688
      vertex 9.51207 16.995 5.9773
    endloop
  endfacet
  facet normal 0 -1 0
    outer loop
      vertex 9.52061 16.995 5.91245
      vertex 9.661 16.995 6.36688
      vertex 9.51528 16.995 5.94474
    endloop
  endfacet
  facet normal 0 -1 0
    outer loop
      vertex 9.52804 16.995 5.88059
      vertex 9.661 16.995 6.36688
      vertex 9.52061 16.995 5.91245
    endloop
  endfacet
  facet normal 0 -1 0
    outer loop
      vertex 9.53753 16.995 5.84928
      vertex 9.661 16.995 6.36688
      vertex 9.52804 16.995 5.88059
    endloop
  endfacet
  facet normal 0 -1 0
    outer loop
      vertex 9.54906 16.995 5.81866
      vertex 9.661 16.995 6.36688
      vertex 9.53753 16.995 5.84928
    endloop
  endfacet
  facet normal 0 -1 0
    outer loop
      vertex 9.56256 16.995 5.78886
      vertex 9.661 16.995 6.36688
      vertex 9.54906 16.995 5.81866
    endloop
  endfacet
  facet normal 0 -1 0
    outer loop
      vertex 9.57799 16.995 5.76
      vertex 9.661 16.995 6.36688
      vertex 9.56256 16.995 5.78886
    endloop
  endfacet
  facet normal 0 -1 0
    outer loop
      vertex 9.59526 16.995 5.73221
      vertex 9.661 16.995 6.36688
      vertex 9.57799 16.995 5.76
    endloop
  endfacet
  facet normal 0 -1 0
    outer loop
      vertex 9.61432 16.995 5.70562
      vertex 9.661 16.995 6.36688
      vertex 9.59526 16.995 5.73221
    endloop
  endfacet
  facet normal 0 -1 0
    outer loop
      vertex 9.63508 16.995 5.68033
      vertex 9.661 16.995 6.36688
      vertex 9.61432 16.995 5.70562
    endloop
  endfacet
  facet normal 0 -1 0
    outer loop
      vertex 9.661 16.995 5.65312
      vertex 9.63508 16.995 5.68033
      vertex 9.65745 16.995 5.65645
    endloop
  endfacet
  facet normal 0 -1 0
    outer loop
      vertex 9.63508 16.995 5.68033
      vertex 9.661 16.995 5.65312
      vertex 9.661 16.995 6.36688
    endloop
  endfacet
  facet normal 0 -1 0
    outer loop
      vertex 9.81966 16.995 5.54806
      vertex 10.2287 16.995 5.56
      vertex 9.79331 16.995 5.56
    endloop
  endfacet
  facet normal 0 -1 0
    outer loop
      vertex 9.81966 16.995 5.54806
      vertex 10.2023 16.995 5.54806
      vertex 10.2287 16.995 5.56
    endloop
  endfacet
  facet normal 0 -1 0
    outer loop
      vertex 9.85028 16.995 5.53653
      vertex 10.2023 16.995 5.54806
      vertex 9.81966 16.995 5.54806
    endloop
  endfacet
  facet normal 0 -1 0
    outer loop
      vertex 9.85028 16.995 5.53653
      vertex 10.1717 16.995 5.53653
      vertex 10.2023 16.995 5.54806
    endloop
  endfacet
  facet normal 0 -1 0
    outer loop
      vertex 9.88159 16.995 5.52704
      vertex 10.1717 16.995 5.53653
      vertex 9.85028 16.995 5.53653
    endloop
  endfacet
  facet normal 0 -1 0
    outer loop
      vertex 9.88159 16.995 5.52704
      vertex 10.1404 16.995 5.52704
      vertex 10.1717 16.995 5.53653
    endloop
  endfacet
  facet normal 0 -1 0
    outer loop
      vertex 9.91345 16.995 5.51961
      vertex 10.1404 16.995 5.52704
      vertex 9.88159 16.995 5.52704
    endloop
  endfacet
  facet normal 0 -1 0
    outer loop
      vertex 9.91345 16.995 5.51961
      vertex 10.1085 16.995 5.51961
      vertex 10.1404 16.995 5.52704
    endloop
  endfacet
  facet normal 0 -1 0
    outer loop
      vertex 9.94574 16.995 5.51428
      vertex 10.1085 16.995 5.51961
      vertex 9.91345 16.995 5.51961
    endloop
  endfacet
  facet normal 0 -1 0
    outer loop
      vertex 9.94574 16.995 5.51428
      vertex 10.0763 16.995 5.51428
      vertex 10.1085 16.995 5.51961
    endloop
  endfacet
  facet normal 0 -1 0
    outer loop
      vertex 9.9783 16.995 5.51107
      vertex 10.0763 16.995 5.51428
      vertex 9.94574 16.995 5.51428
    endloop
  endfacet
  facet normal 0 -1 0
    outer loop
      vertex 9.9783 16.995 5.51107
      vertex 10.0437 16.995 5.51107
      vertex 10.0763 16.995 5.51428
    endloop
  endfacet
  facet normal -0 -1 0
    outer loop
      vertex 10.0437 16.995 5.51107
      vertex 9.9783 16.995 5.51107
      vertex 10.011 16.995 5.51
    endloop
  endfacet
  facet normal -0.812762 0 -0.582596
    outer loop
      vertex 9.61432 16.995 5.70562
      vertex 9.59526 19.995 5.73221
      vertex 9.61432 19.995 5.70562
    endloop
  endfacet
  facet normal -0.812762 -0 -0.582596
    outer loop
      vertex 9.59526 19.995 5.73221
      vertex 9.61432 16.995 5.70562
      vertex 9.59526 16.995 5.73221
    endloop
  endfacet
  facet normal -0.935851 0 -0.352396
    outer loop
      vertex 9.54906 16.995 5.81866
      vertex 9.53753 19.995 5.84928
      vertex 9.54906 19.995 5.81866
    endloop
  endfacet
  facet normal -0.935851 -0 -0.352396
    outer loop
      vertex 9.53753 19.995 5.84928
      vertex 9.54906 16.995 5.81866
      vertex 9.53753 16.995 5.84928
    endloop
  endfacet
  facet normal -0.957006 0 -0.290067
    outer loop
      vertex 9.53753 16.995 5.84928
      vertex 9.52804 19.995 5.88059
      vertex 9.53753 19.995 5.84928
    endloop
  endfacet
  facet normal -0.957006 -0 -0.290067
    outer loop
      vertex 9.52804 19.995 5.88059
      vertex 9.53753 16.995 5.84928
      vertex 9.52804 16.995 5.88059
    endloop
  endfacet
  facet normal -0.973868 0 -0.227114
    outer loop
      vertex 9.52804 16.995 5.88059
      vertex 9.52061 19.995 5.91245
      vertex 9.52804 19.995 5.88059
    endloop
  endfacet
  facet normal -0.973868 -0 -0.227114
    outer loop
      vertex 9.52061 19.995 5.91245
      vertex 9.52804 16.995 5.88059
      vertex 9.52061 16.995 5.91245
    endloop
  endfacet
  facet normal -0.999465 0 -0.0327042
    outer loop
      vertex 9.51207 16.995 5.9773
      vertex 9.511 19.995 6.01
      vertex 9.51207 19.995 5.9773
    endloop
  endfacet
  facet normal -0.999465 -0 -0.0327042
    outer loop
      vertex 9.511 19.995 6.01
      vertex 9.51207 16.995 5.9773
      vertex 9.511 16.995 6.01
    endloop
  endfacet
  facet normal 0 1 0
    outer loop
      vertex 10.3154 19.995 6.40668
      vertex 10.261 19.995 6.44301
      vertex 10.2888 19.995 6.42573
    endloop
  endfacet
  facet normal 0 1 0
    outer loop
      vertex 10.3407 19.995 6.38592
      vertex 10.261 19.995 6.44301
      vertex 10.3154 19.995 6.40668
    endloop
  endfacet
  facet normal 0 1 0
    outer loop
      vertex 10.3646 19.995 6.36355
      vertex 10.261 19.995 6.44301
      vertex 10.3407 19.995 6.38592
    endloop
  endfacet
  facet normal 0 1 0
    outer loop
      vertex 10.3869 19.995 6.33967
      vertex 10.261 19.995 6.44301
      vertex 10.3646 19.995 6.36355
    endloop
  endfacet
  facet normal 0 1 0
    outer loop
      vertex 10.4077 19.995 6.31438
      vertex 10.261 19.995 6.44301
      vertex 10.3869 19.995 6.33967
    endloop
  endfacet
  facet normal 0 1 0
    outer loop
      vertex 10.4267 19.995 6.28778
      vertex 10.261 19.995 6.44301
      vertex 10.4077 19.995 6.31438
    endloop
  endfacet
  facet normal 0 1 0
    outer loop
      vertex 10.444 19.995 6.26
      vertex 10.261 19.995 6.44301
      vertex 10.4267 19.995 6.28778
    endloop
  endfacet
  facet normal 0 1 0
    outer loop
      vertex 10.4594 19.995 6.23114
      vertex 10.261 19.995 6.44301
      vertex 10.444 19.995 6.26
    endloop
  endfacet
  facet normal 0 1 0
    outer loop
      vertex 10.4729 19.995 6.20134
      vertex 10.261 19.995 6.44301
      vertex 10.4594 19.995 6.23114
    endloop
  endfacet
  facet normal 0 1 0
    outer loop
      vertex 10.4845 19.995 6.17072
      vertex 10.261 19.995 6.44301
      vertex 10.4729 19.995 6.20134
    endloop
  endfacet
  facet normal 0 1 0
    outer loop
      vertex 10.494 19.995 6.13941
      vertex 10.261 19.995 6.44301
      vertex 10.4845 19.995 6.17072
    endloop
  endfacet
  facet normal 0 1 0
    outer loop
      vertex 10.5014 19.995 6.10754
      vertex 10.261 19.995 6.44301
      vertex 10.494 19.995 6.13941
    endloop
  endfacet
  facet normal 0 1 0
    outer loop
      vertex 10.5067 19.995 6.07526
      vertex 10.261 19.995 6.44301
      vertex 10.5014 19.995 6.10754
    endloop
  endfacet
  facet normal 0 1 0
    outer loop
      vertex 10.5099 19.995 6.0427
      vertex 10.261 19.995 6.44301
      vertex 10.5067 19.995 6.07526
    endloop
  endfacet
  facet normal 0 1 0
    outer loop
      vertex 10.511 19.995 6.01
      vertex 10.261 19.995 6.44301
      vertex 10.5099 19.995 6.0427
    endloop
  endfacet
  facet normal 0 1 -0
    outer loop
      vertex 10.5099 19.995 5.9773
      vertex 10.261 19.995 6.44301
      vertex 10.511 19.995 6.01
    endloop
  endfacet
  facet normal 0 1 -0
    outer loop
      vertex 10.5067 19.995 5.94474
      vertex 10.261 19.995 6.44301
      vertex 10.5099 19.995 5.9773
    endloop
  endfacet
  facet normal 0 1 -0
    outer loop
      vertex 10.5014 19.995 5.91245
      vertex 10.261 19.995 6.44301
      vertex 10.5067 19.995 5.94474
    endloop
  endfacet
  facet normal 0 1 -0
    outer loop
      vertex 10.494 19.995 5.88059
      vertex 10.261 19.995 6.44301
      vertex 10.5014 19.995 5.91245
    endloop
  endfacet
  facet normal 0 1 -0
    outer loop
      vertex 10.4845 19.995 5.84928
      vertex 10.261 19.995 6.44301
      vertex 10.494 19.995 5.88059
    endloop
  endfacet
  facet normal 0 1 -0
    outer loop
      vertex 10.4729 19.995 5.81866
      vertex 10.261 19.995 6.44301
      vertex 10.4845 19.995 5.84928
    endloop
  endfacet
  facet normal 0 1 -0
    outer loop
      vertex 10.4594 19.995 5.78886
      vertex 10.261 19.995 6.44301
      vertex 10.4729 19.995 5.81866
    endloop
  endfacet
  facet normal 0 1 -0
    outer loop
      vertex 10.444 19.995 5.76
      vertex 10.261 19.995 6.44301
      vertex 10.4594 19.995 5.78886
    endloop
  endfacet
  facet normal 0 1 -0
    outer loop
      vertex 10.4267 19.995 5.73221
      vertex 10.261 19.995 6.44301
      vertex 10.444 19.995 5.76
    endloop
  endfacet
  facet normal 0 1 -0
    outer loop
      vertex 10.4077 19.995 5.70562
      vertex 10.261 19.995 6.44301
      vertex 10.4267 19.995 5.73221
    endloop
  endfacet
  facet normal 0 1 -0
    outer loop
      vertex 10.3869 19.995 5.68033
      vertex 10.261 19.995 6.44301
      vertex 10.4077 19.995 5.70562
    endloop
  endfacet
  facet normal 0 1 -0
    outer loop
      vertex 10.3646 19.995 5.65645
      vertex 10.261 19.995 6.44301
      vertex 10.3869 19.995 5.68033
    endloop
  endfacet
  facet normal 0 1 -0
    outer loop
      vertex 10.3407 19.995 5.63408
      vertex 10.261 19.995 6.44301
      vertex 10.3646 19.995 5.65645
    endloop
  endfacet
  facet normal 0 1 -0
    outer loop
      vertex 10.3154 19.995 5.61332
      vertex 10.261 19.995 6.44301
      vertex 10.3407 19.995 5.63408
    endloop
  endfacet
  facet normal 0 1 -0
    outer loop
      vertex 10.2888 19.995 5.59426
      vertex 10.261 19.995 6.44301
      vertex 10.3154 19.995 5.61332
    endloop
  endfacet
  facet normal 0 1 0
    outer loop
      vertex 10.261 19.995 6.44301
      vertex 10.2888 19.995 5.59426
      vertex 10.261 19.995 5.57699
    endloop
  endfacet
  facet normal 0 1 -0
    outer loop
      vertex 10.2023 19.995 5.54806
      vertex 9.79331 19.995 5.56
      vertex 10.2287 19.995 5.56
    endloop
  endfacet
  facet normal 0 1 0
    outer loop
      vertex 10.2023 19.995 5.54806
      vertex 9.81966 19.995 5.54806
      vertex 9.79331 19.995 5.56
    endloop
  endfacet
  facet normal 0 1 -0
    outer loop
      vertex 10.1717 19.995 5.53653
      vertex 9.81966 19.995 5.54806
      vertex 10.2023 19.995 5.54806
    endloop
  endfacet
  facet normal 0 1 0
    outer loop
      vertex 10.1717 19.995 5.53653
      vertex 9.85028 19.995 5.53653
      vertex 9.81966 19.995 5.54806
    endloop
  endfacet
  facet normal 0 1 -0
    outer loop
      vertex 10.1404 19.995 5.52704
      vertex 9.85028 19.995 5.53653
      vertex 10.1717 19.995 5.53653
    endloop
  endfacet
  facet normal 0 1 0
    outer loop
      vertex 10.1404 19.995 5.52704
      vertex 9.88159 19.995 5.52704
      vertex 9.85028 19.995 5.53653
    endloop
  endfacet
  facet normal 0 1 -0
    outer loop
      vertex 10.1085 19.995 5.51961
      vertex 9.88159 19.995 5.52704
      vertex 10.1404 19.995 5.52704
    endloop
  endfacet
  facet normal 0 1 0
    outer loop
      vertex 10.1085 19.995 5.51961
      vertex 9.91345 19.995 5.51961
      vertex 9.88159 19.995 5.52704
    endloop
  endfacet
  facet normal 0 1 -0
    outer loop
      vertex 10.0763 19.995 5.51428
      vertex 9.91345 19.995 5.51961
      vertex 10.1085 19.995 5.51961
    endloop
  endfacet
  facet normal 0 1 0
    outer loop
      vertex 10.0763 19.995 5.51428
      vertex 9.94574 19.995 5.51428
      vertex 9.91345 19.995 5.51961
    endloop
  endfacet
  facet normal 0 1 -0
    outer loop
      vertex 10.0437 19.995 5.51107
      vertex 9.94574 19.995 5.51428
      vertex 10.0763 19.995 5.51428
    endloop
  endfacet
  facet normal 0 1 0
    outer loop
      vertex 10.0437 19.995 5.51107
      vertex 9.9783 19.995 5.51107
      vertex 9.94574 19.995 5.51428
    endloop
  endfacet
  facet normal -0 1 0
    outer loop
      vertex 9.9783 19.995 5.51107
      vertex 10.0437 19.995 5.51107
      vertex 10.011 19.995 5.51
    endloop
  endfacet
  facet normal 0 1 0
    outer loop
      vertex 9.661 19.995 6.36688
      vertex 9.63508 19.995 6.33967
      vertex 9.65745 19.995 6.36355
    endloop
  endfacet
  facet normal 0 1 0
    outer loop
      vertex 9.661 19.995 6.36688
      vertex 9.61432 19.995 6.31438
      vertex 9.63508 19.995 6.33967
    endloop
  endfacet
  facet normal 0 1 0
    outer loop
      vertex 9.661 19.995 6.36688
      vertex 9.59526 19.995 6.28778
      vertex 9.61432 19.995 6.31438
    endloop
  endfacet
  facet normal 0 1 0
    outer loop
      vertex 9.661 19.995 6.36688
      vertex 9.57799 19.995 6.26
      vertex 9.59526 19.995 6.28778
    endloop
  endfacet
  facet normal 0 1 0
    outer loop
      vertex 9.661 19.995 6.36688
      vertex 9.56256 19.995 6.23114
      vertex 9.57799 19.995 6.26
    endloop
  endfacet
  facet normal 0 1 0
    outer loop
      vertex 9.661 19.995 6.36688
      vertex 9.54906 19.995 6.20134
      vertex 9.56256 19.995 6.23114
    endloop
  endfacet
  facet normal 0 1 0
    outer loop
      vertex 9.661 19.995 6.36688
      vertex 9.53753 19.995 6.17072
      vertex 9.54906 19.995 6.20134
    endloop
  endfacet
  facet normal 0 1 0
    outer loop
      vertex 9.661 19.995 6.36688
      vertex 9.52804 19.995 6.13941
      vertex 9.53753 19.995 6.17072
    endloop
  endfacet
  facet normal 0 1 0
    outer loop
      vertex 9.661 19.995 6.36688
      vertex 9.52061 19.995 6.10754
      vertex 9.52804 19.995 6.13941
    endloop
  endfacet
  facet normal 0 1 0
    outer loop
      vertex 9.661 19.995 6.36688
      vertex 9.51528 19.995 6.07526
      vertex 9.52061 19.995 6.10754
    endloop
  endfacet
  facet normal 0 1 0
    outer loop
      vertex 9.661 19.995 6.36688
      vertex 9.51207 19.995 6.0427
      vertex 9.51528 19.995 6.07526
    endloop
  endfacet
  facet normal 0 1 0
    outer loop
      vertex 9.661 19.995 6.36688
      vertex 9.511 19.995 6.01
      vertex 9.51207 19.995 6.0427
    endloop
  endfacet
  facet normal 0 1 0
    outer loop
      vertex 9.661 19.995 6.36688
      vertex 9.51207 19.995 5.9773
      vertex 9.511 19.995 6.01
    endloop
  endfacet
  facet normal 0 1 0
    outer loop
      vertex 9.661 19.995 6.36688
      vertex 9.51528 19.995 5.94474
      vertex 9.51207 19.995 5.9773
    endloop
  endfacet
  facet normal 0 1 0
    outer loop
      vertex 9.661 19.995 6.36688
      vertex 9.52061 19.995 5.91245
      vertex 9.51528 19.995 5.94474
    endloop
  endfacet
  facet normal 0 1 0
    outer loop
      vertex 9.661 19.995 6.36688
      vertex 9.52804 19.995 5.88059
      vertex 9.52061 19.995 5.91245
    endloop
  endfacet
  facet normal 0 1 0
    outer loop
      vertex 9.661 19.995 6.36688
      vertex 9.53753 19.995 5.84928
      vertex 9.52804 19.995 5.88059
    endloop
  endfacet
  facet normal 0 1 0
    outer loop
      vertex 9.661 19.995 6.36688
      vertex 9.54906 19.995 5.81866
      vertex 9.53753 19.995 5.84928
    endloop
  endfacet
  facet normal 0 1 0
    outer loop
      vertex 9.661 19.995 6.36688
      vertex 9.56256 19.995 5.78886
      vertex 9.54906 19.995 5.81866
    endloop
  endfacet
  facet normal 0 1 0
    outer loop
      vertex 9.661 19.995 6.36688
      vertex 9.57799 19.995 5.76
      vertex 9.56256 19.995 5.78886
    endloop
  endfacet
  facet normal 0 1 0
    outer loop
      vertex 9.661 19.995 6.36688
      vertex 9.59526 19.995 5.73221
      vertex 9.57799 19.995 5.76
    endloop
  endfacet
  facet normal 0 1 0
    outer loop
      vertex 9.661 19.995 6.36688
      vertex 9.61432 19.995 5.70562
      vertex 9.59526 19.995 5.73221
    endloop
  endfacet
  facet normal 0 1 0
    outer loop
      vertex 9.661 19.995 6.36688
      vertex 9.63508 19.995 5.68033
      vertex 9.61432 19.995 5.70562
    endloop
  endfacet
  facet normal 0 1 -0
    outer loop
      vertex 9.661 19.995 5.65312
      vertex 9.63508 19.995 5.68033
      vertex 9.661 19.995 6.36688
    endloop
  endfacet
  facet normal 0 1 0
    outer loop
      vertex 9.63508 19.995 5.68033
      vertex 9.661 19.995 5.65312
      vertex 9.65745 19.995 5.65645
    endloop
  endfacet
  facet normal -0.290067 0 -0.957006
    outer loop
      vertex 9.85028 16.995 5.53653
      vertex 9.88159 19.995 5.52704
      vertex 9.88159 16.995 5.52704
    endloop
  endfacet
  facet normal -0.290067 0 -0.957006
    outer loop
      vertex 9.88159 19.995 5.52704
      vertex 9.85028 16.995 5.53653
      vertex 9.85028 19.995 5.53653
    endloop
  endfacet
  facet normal -0.352396 0 -0.935851
    outer loop
      vertex 9.81966 16.995 5.54806
      vertex 9.85028 19.995 5.53653
      vertex 9.85028 16.995 5.53653
    endloop
  endfacet
  facet normal -0.352396 0 -0.935851
    outer loop
      vertex 9.85028 19.995 5.53653
      vertex 9.81966 16.995 5.54806
      vertex 9.81966 19.995 5.54806
    endloop
  endfacet
  facet normal -0.0981116 0 -0.995175
    outer loop
      vertex 9.94574 16.995 5.51428
      vertex 9.9783 19.995 5.51107
      vertex 9.9783 16.995 5.51107
    endloop
  endfacet
  facet normal -0.0981116 0 -0.995175
    outer loop
      vertex 9.9783 19.995 5.51107
      vertex 9.94574 16.995 5.51428
      vertex 9.94574 19.995 5.51428
    endloop
  endfacet
  facet normal 0.730872 -0 0.682515
    outer loop
      vertex 10.3646 16.995 6.36355
      vertex 10.3869 19.995 6.33967
      vertex 10.3646 19.995 6.36355
    endloop
  endfacet
  facet normal 0.730872 0 0.682515
    outer loop
      vertex 10.3869 19.995 6.33967
      vertex 10.3646 16.995 6.36355
      vertex 10.3869 16.995 6.33967
    endloop
  endfacet
  facet normal 0.58225 0 0.81301
    outer loop
      vertex 10.2888 19.995 6.42573
      vertex 10.3154 16.995 6.40668
      vertex 10.3154 19.995 6.40668
    endloop
  endfacet
  facet normal 0.58225 0 0.81301
    outer loop
      vertex 10.3154 16.995 6.40668
      vertex 10.2888 19.995 6.42573
      vertex 10.2888 16.995 6.42573
    endloop
  endfacet
  facet normal 0.813733 -0 0.581238
    outer loop
      vertex 10.4077 16.995 6.31438
      vertex 10.4267 19.995 6.28778
      vertex 10.4077 19.995 6.31438
    endloop
  endfacet
  facet normal 0.813733 0 0.581238
    outer loop
      vertex 10.4267 19.995 6.28778
      vertex 10.4077 16.995 6.31438
      vertex 10.4267 16.995 6.28778
    endloop
  endfacet
  facet normal 0.935144 -0 0.354268
    outer loop
      vertex 10.4729 16.995 6.20134
      vertex 10.4845 19.995 6.17072
      vertex 10.4729 19.995 6.20134
    endloop
  endfacet
  facet normal 0.935144 0 0.354268
    outer loop
      vertex 10.4845 19.995 6.17072
      vertex 10.4729 16.995 6.20134
      vertex 10.4845 16.995 6.17072
    endloop
  endfacet
  facet normal 0.956922 -0 0.290347
    outer loop
      vertex 10.4845 16.995 6.17072
      vertex 10.494 19.995 6.13941
      vertex 10.4845 19.995 6.17072
    endloop
  endfacet
  facet normal 0.956922 0 0.290347
    outer loop
      vertex 10.494 19.995 6.13941
      vertex 10.4845 16.995 6.17072
      vertex 10.494 16.995 6.13941
    endloop
  endfacet
  facet normal -0.772935 0 0.634485
    outer loop
      vertex 9.61432 16.995 6.31438
      vertex 9.63508 19.995 6.33967
      vertex 9.61432 19.995 6.31438
    endloop
  endfacet
  facet normal -0.772935 0 0.634485
    outer loop
      vertex 9.63508 19.995 6.33967
      vertex 9.61432 16.995 6.31438
      vertex 9.63508 16.995 6.33967
    endloop
  endfacet
  facet normal -0.729804 0 0.683656
    outer loop
      vertex 9.63508 16.995 6.33967
      vertex 9.65745 19.995 6.36355
      vertex 9.63508 19.995 6.33967
    endloop
  endfacet
  facet normal -0.729804 0 0.683656
    outer loop
      vertex 9.65745 19.995 6.36355
      vertex 9.63508 16.995 6.33967
      vertex 9.65745 16.995 6.36355
    endloop
  endfacet
  facet normal -0.812865 0 0.582452
    outer loop
      vertex 9.59526 16.995 6.28778
      vertex 9.61432 19.995 6.31438
      vertex 9.59526 19.995 6.28778
    endloop
  endfacet
  facet normal -0.812865 0 0.582452
    outer loop
      vertex 9.61432 19.995 6.31438
      vertex 9.59526 16.995 6.28778
      vertex 9.61432 16.995 6.31438
    endloop
  endfacet
  facet normal -0.910889 0 0.412651
    outer loop
      vertex 9.54906 16.995 6.20134
      vertex 9.56256 19.995 6.23114
      vertex 9.54906 19.995 6.20134
    endloop
  endfacet
  facet normal -0.910889 0 0.412651
    outer loop
      vertex 9.56256 19.995 6.23114
      vertex 9.54906 16.995 6.20134
      vertex 9.56256 16.995 6.23114
    endloop
  endfacet
  facet normal -0.957006 0 0.290067
    outer loop
      vertex 9.52804 16.995 6.13941
      vertex 9.53753 19.995 6.17072
      vertex 9.52804 19.995 6.13941
    endloop
  endfacet
  facet normal -0.957006 0 0.290067
    outer loop
      vertex 9.53753 19.995 6.17072
      vertex 9.52804 16.995 6.13941
      vertex 9.53753 16.995 6.17072
    endloop
  endfacet
  facet normal -0.935851 0 0.352396
    outer loop
      vertex 9.53753 16.995 6.17072
      vertex 9.54906 19.995 6.20134
      vertex 9.53753 19.995 6.17072
    endloop
  endfacet
  facet normal -0.935851 0 0.352396
    outer loop
      vertex 9.54906 19.995 6.20134
      vertex 9.53753 16.995 6.17072
      vertex 9.54906 16.995 6.20134
    endloop
  endfacet
  facet normal -0.986641 0 0.162912
    outer loop
      vertex 9.51528 16.995 6.07526
      vertex 9.52061 19.995 6.10754
      vertex 9.51528 19.995 6.07526
    endloop
  endfacet
  facet normal -0.986641 0 0.162912
    outer loop
      vertex 9.52061 19.995 6.10754
      vertex 9.51528 16.995 6.07526
      vertex 9.52061 16.995 6.10754
    endloop
  endfacet
  facet normal -0.973884 0 0.227046
    outer loop
      vertex 9.52061 16.995 6.10754
      vertex 9.52804 19.995 6.13941
      vertex 9.52061 19.995 6.10754
    endloop
  endfacet
  facet normal -0.973884 0 0.227046
    outer loop
      vertex 9.52804 19.995 6.13941
      vertex 9.52061 16.995 6.10754
      vertex 9.52804 16.995 6.13941
    endloop
  endfacet
  facet normal 0.730872 0 -0.682515
    outer loop
      vertex 10.3869 16.995 5.68033
      vertex 10.3646 19.995 5.65645
      vertex 10.3869 19.995 5.68033
    endloop
  endfacet
  facet normal 0.730872 0 -0.682515
    outer loop
      vertex 10.3646 19.995 5.65645
      vertex 10.3869 16.995 5.68033
      vertex 10.3646 16.995 5.65645
    endloop
  endfacet
  facet normal 0.290152 0 -0.956981
    outer loop
      vertex 10.1404 16.995 5.52704
      vertex 10.1717 19.995 5.53653
      vertex 10.1717 16.995 5.53653
    endloop
  endfacet
  facet normal 0.290152 0 -0.956981
    outer loop
      vertex 10.1717 19.995 5.53653
      vertex 10.1404 16.995 5.52704
      vertex 10.1404 19.995 5.52704
    endloop
  endfacet
  facet normal -0.772935 0 -0.634485
    outer loop
      vertex 9.63508 16.995 5.68033
      vertex 9.61432 19.995 5.70562
      vertex 9.63508 19.995 5.68033
    endloop
  endfacet
  facet normal -0.772935 -0 -0.634485
    outer loop
      vertex 9.61432 19.995 5.70562
      vertex 9.63508 16.995 5.68033
      vertex 9.61432 16.995 5.70562
    endloop
  endfacet
  facet normal -0.910889 0 -0.412651
    outer loop
      vertex 9.56256 16.995 5.78886
      vertex 9.54906 19.995 5.81866
      vertex 9.56256 19.995 5.78886
    endloop
  endfacet
  facet normal -0.910889 -0 -0.412651
    outer loop
      vertex 9.54906 19.995 5.81866
      vertex 9.56256 16.995 5.78886
      vertex 9.54906 16.995 5.81866
    endloop
  endfacet
  facet normal 0.848856 -0 0.528625
    outer loop
      vertex 10.4267 16.995 6.28778
      vertex 10.444 19.995 6.26
      vertex 10.4267 19.995 6.28778
    endloop
  endfacet
  facet normal 0.848856 0 0.528625
    outer loop
      vertex 10.444 19.995 6.26
      vertex 10.4267 16.995 6.28778
      vertex 10.444 16.995 6.26
    endloop
  endfacet
  facet normal 0.910889 -0 0.412651
    outer loop
      vertex 10.4594 16.995 6.23114
      vertex 10.4729 19.995 6.20134
      vertex 10.4594 19.995 6.23114
    endloop
  endfacet
  facet normal 0.910889 0 0.412651
    outer loop
      vertex 10.4729 19.995 6.20134
      vertex 10.4594 16.995 6.23114
      vertex 10.4729 16.995 6.20134
    endloop
  endfacet
  facet normal 0.995205 -0 0.0978089
    outer loop
      vertex 10.5067 16.995 6.07526
      vertex 10.5099 19.995 6.0427
      vertex 10.5067 19.995 6.07526
    endloop
  endfacet
  facet normal 0.995205 0 0.0978089
    outer loop
      vertex 10.5099 19.995 6.0427
      vertex 10.5067 16.995 6.07526
      vertex 10.5099 16.995 6.0427
    endloop
  endfacet
  facet normal -0.849267 0 0.527964
    outer loop
      vertex 9.57799 16.995 6.26
      vertex 9.59526 19.995 6.28778
      vertex 9.57799 19.995 6.26
    endloop
  endfacet
  facet normal -0.849267 0 0.527964
    outer loop
      vertex 9.59526 19.995 6.28778
      vertex 9.57799 16.995 6.26
      vertex 9.59526 16.995 6.28778
    endloop
  endfacet
  facet normal 0.999435 -0 0.0336201
    outer loop
      vertex 10.5099 16.995 6.0427
      vertex 10.511 19.995 6.01
      vertex 10.5099 19.995 6.0427
    endloop
  endfacet
  facet normal 0.999435 0 0.0336201
    outer loop
      vertex 10.511 19.995 6.01
      vertex 10.5099 16.995 6.0427
      vertex 10.511 16.995 6.01
    endloop
  endfacet
  facet normal 0.882251 0 -0.470779
    outer loop
      vertex -12.5656 16.995 5.78886
      vertex -12.581 19.995 5.76
      vertex -12.5656 19.995 5.78886
    endloop
  endfacet
  facet normal 0.882251 0 -0.470779
    outer loop
      vertex -12.581 19.995 5.76
      vertex -12.5656 16.995 5.78886
      vertex -12.581 16.995 5.76
    endloop
  endfacet
  facet normal 0.412086 0 -0.911145
    outer loop
      vertex -12.8227 16.995 5.54806
      vertex -12.7963 19.995 5.56
      vertex -12.7963 16.995 5.56
    endloop
  endfacet
  facet normal 0.412086 0 -0.911145
    outer loop
      vertex -12.7963 19.995 5.56
      vertex -12.8227 16.995 5.54806
      vertex -12.8227 19.995 5.54806
    endloop
  endfacet
  facet normal -0.352598 0 -0.935775
    outer loop
      vertex -13.2053 16.995 5.54806
      vertex -13.1747 19.995 5.53653
      vertex -13.1747 16.995 5.53653
    endloop
  endfacet
  facet normal -0.352598 0 -0.935775
    outer loop
      vertex -13.1747 19.995 5.53653
      vertex -13.2053 16.995 5.54806
      vertex -13.2053 19.995 5.54806
    endloop
  endfacet
  facet normal -0.910889 0 -0.412651
    outer loop
      vertex -13.4624 16.995 5.78886
      vertex -13.4759 19.995 5.81866
      vertex -13.4624 19.995 5.78886
    endloop
  endfacet
  facet normal -0.910889 -0 -0.412651
    outer loop
      vertex -13.4759 19.995 5.81866
      vertex -13.4624 16.995 5.78886
      vertex -13.4759 16.995 5.81866
    endloop
  endfacet
  facet normal 0.999435 -0 0.0336201
    outer loop
      vertex -12.5151 16.995 6.0427
      vertex -12.514 19.995 6.01
      vertex -12.5151 19.995 6.0427
    endloop
  endfacet
  facet normal 0.999435 0 0.0336201
    outer loop
      vertex -12.514 19.995 6.01
      vertex -12.5151 16.995 6.0427
      vertex -12.514 16.995 6.01
    endloop
  endfacet
  facet normal -0.730872 0 -0.682515
    outer loop
      vertex -13.3676 16.995 5.65645
      vertex -13.3899 19.995 5.68033
      vertex -13.3676 19.995 5.65645
    endloop
  endfacet
  facet normal -0.730872 -0 -0.682515
    outer loop
      vertex -13.3899 19.995 5.68033
      vertex -13.3676 16.995 5.65645
      vertex -13.3899 16.995 5.68033
    endloop
  endfacet
  facet normal -0.163306 0 -0.986575
    outer loop
      vertex -13.1115 16.995 5.51961
      vertex -13.0793 19.995 5.51428
      vertex -13.0793 16.995 5.51428
    endloop
  endfacet
  facet normal -0.163306 0 -0.986575
    outer loop
      vertex -13.0793 19.995 5.51428
      vertex -13.1115 16.995 5.51961
      vertex -13.1115 19.995 5.51961
    endloop
  endfacet
  facet normal 0.81363 0 -0.581383
    outer loop
      vertex -12.5983 16.995 5.73221
      vertex -12.6173 19.995 5.70562
      vertex -12.5983 19.995 5.73221
    endloop
  endfacet
  facet normal 0.81363 0 -0.581383
    outer loop
      vertex -12.6173 19.995 5.70562
      vertex -12.5983 16.995 5.73221
      vertex -12.6173 16.995 5.70562
    endloop
  endfacet
  facet normal 0.730872 0 -0.682515
    outer loop
      vertex -12.6381 16.995 5.68033
      vertex -12.6604 19.995 5.65645
      vertex -12.6381 19.995 5.68033
    endloop
  endfacet
  facet normal 0.730872 0 -0.682515
    outer loop
      vertex -12.6604 19.995 5.65645
      vertex -12.6381 16.995 5.68033
      vertex -12.6604 16.995 5.65645
    endloop
  endfacet
  facet normal 0.0327042 0 -0.999465
    outer loop
      vertex -13.014 16.995 5.51
      vertex -12.9813 19.995 5.51107
      vertex -12.9813 16.995 5.51107
    endloop
  endfacet
  facet normal 0.0327042 0 -0.999465
    outer loop
      vertex -12.9813 19.995 5.51107
      vertex -13.014 16.995 5.51
      vertex -13.014 19.995 5.51
    endloop
  endfacet
  facet normal 0.352598 0 -0.935775
    outer loop
      vertex -12.8533 16.995 5.53653
      vertex -12.8227 19.995 5.54806
      vertex -12.8227 16.995 5.54806
    endloop
  endfacet
  facet normal 0.352598 0 -0.935775
    outer loop
      vertex -12.8227 19.995 5.54806
      vertex -12.8533 16.995 5.53653
      vertex -12.8533 19.995 5.53653
    endloop
  endfacet
  facet normal 0.226844 0 -0.973931
    outer loop
      vertex -12.9165 16.995 5.51961
      vertex -12.8846 19.995 5.52704
      vertex -12.8846 16.995 5.52704
    endloop
  endfacet
  facet normal 0.226844 0 -0.973931
    outer loop
      vertex -12.8846 19.995 5.52704
      vertex -12.9165 16.995 5.51961
      vertex -12.9165 19.995 5.51961
    endloop
  endfacet
  facet normal -0.999435 0 -0.0336201
    outer loop
      vertex -13.5129 16.995 5.9773
      vertex -13.514 19.995 6.01
      vertex -13.5129 19.995 5.9773
    endloop
  endfacet
  facet normal -0.999435 -0 -0.0336201
    outer loop
      vertex -13.514 19.995 6.01
      vertex -13.5129 16.995 5.9773
      vertex -13.514 16.995 6.01
    endloop
  endfacet
  facet normal 0 1 0
    outer loop
      vertex -12.6381 19.995 6.33967
      vertex -12.664 19.995 6.36688
      vertex -12.6604 19.995 6.36355
    endloop
  endfacet
  facet normal 0 1 0
    outer loop
      vertex -12.6173 19.995 6.31438
      vertex -12.664 19.995 6.36688
      vertex -12.6381 19.995 6.33967
    endloop
  endfacet
  facet normal 0 1 0
    outer loop
      vertex -12.5983 19.995 6.28778
      vertex -12.664 19.995 6.36688
      vertex -12.6173 19.995 6.31438
    endloop
  endfacet
  facet normal 0 1 0
    outer loop
      vertex -12.581 19.995 6.26
      vertex -12.664 19.995 6.36688
      vertex -12.5983 19.995 6.28778
    endloop
  endfacet
  facet normal 0 1 0
    outer loop
      vertex -12.5656 19.995 6.23114
      vertex -12.664 19.995 6.36688
      vertex -12.581 19.995 6.26
    endloop
  endfacet
  facet normal 0 1 0
    outer loop
      vertex -12.5521 19.995 6.20134
      vertex -12.664 19.995 6.36688
      vertex -12.5656 19.995 6.23114
    endloop
  endfacet
  facet normal 0 1 0
    outer loop
      vertex -12.5405 19.995 6.17072
      vertex -12.664 19.995 6.36688
      vertex -12.5521 19.995 6.20134
    endloop
  endfacet
  facet normal 0 1 0
    outer loop
      vertex -12.531 19.995 6.13941
      vertex -12.664 19.995 6.36688
      vertex -12.5405 19.995 6.17072
    endloop
  endfacet
  facet normal 0 1 0
    outer loop
      vertex -12.5236 19.995 6.10754
      vertex -12.664 19.995 6.36688
      vertex -12.531 19.995 6.13941
    endloop
  endfacet
  facet normal 0 1 0
    outer loop
      vertex -12.5183 19.995 6.07526
      vertex -12.664 19.995 6.36688
      vertex -12.5236 19.995 6.10754
    endloop
  endfacet
  facet normal 0 1 0
    outer loop
      vertex -12.5151 19.995 6.0427
      vertex -12.664 19.995 6.36688
      vertex -12.5183 19.995 6.07526
    endloop
  endfacet
  facet normal 0 1 0
    outer loop
      vertex -12.514 19.995 6.01
      vertex -12.664 19.995 6.36688
      vertex -12.5151 19.995 6.0427
    endloop
  endfacet
  facet normal 0 1 -0
    outer loop
      vertex -12.5151 19.995 5.9773
      vertex -12.664 19.995 6.36688
      vertex -12.514 19.995 6.01
    endloop
  endfacet
  facet normal 0 1 -0
    outer loop
      vertex -12.5183 19.995 5.94474
      vertex -12.664 19.995 6.36688
      vertex -12.5151 19.995 5.9773
    endloop
  endfacet
  facet normal 0 1 -0
    outer loop
      vertex -12.5236 19.995 5.91245
      vertex -12.664 19.995 6.36688
      vertex -12.5183 19.995 5.94474
    endloop
  endfacet
  facet normal 0 1 -0
    outer loop
      vertex -12.531 19.995 5.88059
      vertex -12.664 19.995 6.36688
      vertex -12.5236 19.995 5.91245
    endloop
  endfacet
  facet normal 0 1 -0
    outer loop
      vertex -12.5405 19.995 5.84928
      vertex -12.664 19.995 6.36688
      vertex -12.531 19.995 5.88059
    endloop
  endfacet
  facet normal 0 1 -0
    outer loop
      vertex -12.5521 19.995 5.81866
      vertex -12.664 19.995 6.36688
      vertex -12.5405 19.995 5.84928
    endloop
  endfacet
  facet normal 0 1 -0
    outer loop
      vertex -12.5656 19.995 5.78886
      vertex -12.664 19.995 6.36688
      vertex -12.5521 19.995 5.81866
    endloop
  endfacet
  facet normal 0 1 -0
    outer loop
      vertex -12.581 19.995 5.76
      vertex -12.664 19.995 6.36688
      vertex -12.5656 19.995 5.78886
    endloop
  endfacet
  facet normal 0 1 -0
    outer loop
      vertex -12.5983 19.995 5.73221
      vertex -12.664 19.995 6.36688
      vertex -12.581 19.995 5.76
    endloop
  endfacet
  facet normal 0 1 -0
    outer loop
      vertex -12.6173 19.995 5.70562
      vertex -12.664 19.995 6.36688
      vertex -12.5983 19.995 5.73221
    endloop
  endfacet
  facet normal 0 1 -0
    outer loop
      vertex -12.6381 19.995 5.68033
      vertex -12.664 19.995 6.36688
      vertex -12.6173 19.995 5.70562
    endloop
  endfacet
  facet normal 0 1 0
    outer loop
      vertex -12.664 19.995 5.65312
      vertex -12.6381 19.995 5.68033
      vertex -12.6604 19.995 5.65645
    endloop
  endfacet
  facet normal 0 1 0
    outer loop
      vertex -12.6381 19.995 5.68033
      vertex -12.664 19.995 5.65312
      vertex -12.664 19.995 6.36688
    endloop
  endfacet
  facet normal 0 1 0
    outer loop
      vertex -13.264 19.995 6.44301
      vertex -13.3184 19.995 6.40668
      vertex -13.2918 19.995 6.42573
    endloop
  endfacet
  facet normal 0 1 0
    outer loop
      vertex -13.264 19.995 6.44301
      vertex -13.3437 19.995 6.38592
      vertex -13.3184 19.995 6.40668
    endloop
  endfacet
  facet normal 0 1 0
    outer loop
      vertex -13.264 19.995 6.44301
      vertex -13.3676 19.995 6.36355
      vertex -13.3437 19.995 6.38592
    endloop
  endfacet
  facet normal 0 1 0
    outer loop
      vertex -13.264 19.995 6.44301
      vertex -13.3899 19.995 6.33967
      vertex -13.3676 19.995 6.36355
    endloop
  endfacet
  facet normal 0 1 0
    outer loop
      vertex -13.264 19.995 6.44301
      vertex -13.4107 19.995 6.31438
      vertex -13.3899 19.995 6.33967
    endloop
  endfacet
  facet normal 0 1 0
    outer loop
      vertex -13.264 19.995 6.44301
      vertex -13.4297 19.995 6.28778
      vertex -13.4107 19.995 6.31438
    endloop
  endfacet
  facet normal 0 1 0
    outer loop
      vertex -13.264 19.995 6.44301
      vertex -13.447 19.995 6.26
      vertex -13.4297 19.995 6.28778
    endloop
  endfacet
  facet normal 0 1 0
    outer loop
      vertex -13.264 19.995 6.44301
      vertex -13.4624 19.995 6.23114
      vertex -13.447 19.995 6.26
    endloop
  endfacet
  facet normal 0 1 0
    outer loop
      vertex -13.264 19.995 6.44301
      vertex -13.4759 19.995 6.20134
      vertex -13.4624 19.995 6.23114
    endloop
  endfacet
  facet normal 0 1 0
    outer loop
      vertex -13.264 19.995 6.44301
      vertex -13.4875 19.995 6.17072
      vertex -13.4759 19.995 6.20134
    endloop
  endfacet
  facet normal 0 1 0
    outer loop
      vertex -13.264 19.995 6.44301
      vertex -13.497 19.995 6.13941
      vertex -13.4875 19.995 6.17072
    endloop
  endfacet
  facet normal 0 1 0
    outer loop
      vertex -13.264 19.995 6.44301
      vertex -13.5044 19.995 6.10754
      vertex -13.497 19.995 6.13941
    endloop
  endfacet
  facet normal 0 1 0
    outer loop
      vertex -13.264 19.995 6.44301
      vertex -13.5097 19.995 6.07526
      vertex -13.5044 19.995 6.10754
    endloop
  endfacet
  facet normal 0 1 0
    outer loop
      vertex -13.264 19.995 6.44301
      vertex -13.5129 19.995 6.0427
      vertex -13.5097 19.995 6.07526
    endloop
  endfacet
  facet normal 0 1 0
    outer loop
      vertex -13.264 19.995 6.44301
      vertex -13.514 19.995 6.01
      vertex -13.5129 19.995 6.0427
    endloop
  endfacet
  facet normal 0 1 0
    outer loop
      vertex -13.264 19.995 6.44301
      vertex -13.5129 19.995 5.9773
      vertex -13.514 19.995 6.01
    endloop
  endfacet
  facet normal 0 1 0
    outer loop
      vertex -13.264 19.995 6.44301
      vertex -13.5097 19.995 5.94474
      vertex -13.5129 19.995 5.9773
    endloop
  endfacet
  facet normal 0 1 0
    outer loop
      vertex -13.264 19.995 6.44301
      vertex -13.5044 19.995 5.91245
      vertex -13.5097 19.995 5.94474
    endloop
  endfacet
  facet normal 0 1 0
    outer loop
      vertex -13.264 19.995 6.44301
      vertex -13.497 19.995 5.88059
      vertex -13.5044 19.995 5.91245
    endloop
  endfacet
  facet normal 0 1 0
    outer loop
      vertex -13.264 19.995 6.44301
      vertex -13.4875 19.995 5.84928
      vertex -13.497 19.995 5.88059
    endloop
  endfacet
  facet normal 0 1 0
    outer loop
      vertex -13.264 19.995 6.44301
      vertex -13.4759 19.995 5.81866
      vertex -13.4875 19.995 5.84928
    endloop
  endfacet
  facet normal 0 1 0
    outer loop
      vertex -13.264 19.995 6.44301
      vertex -13.4624 19.995 5.78886
      vertex -13.4759 19.995 5.81866
    endloop
  endfacet
  facet normal 0 1 0
    outer loop
      vertex -13.264 19.995 6.44301
      vertex -13.447 19.995 5.76
      vertex -13.4624 19.995 5.78886
    endloop
  endfacet
  facet normal 0 1 0
    outer loop
      vertex -13.264 19.995 6.44301
      vertex -13.4297 19.995 5.73221
      vertex -13.447 19.995 5.76
    endloop
  endfacet
  facet normal 0 1 0
    outer loop
      vertex -13.264 19.995 6.44301
      vertex -13.4107 19.995 5.70562
      vertex -13.4297 19.995 5.73221
    endloop
  endfacet
  facet normal 0 1 0
    outer loop
      vertex -13.264 19.995 6.44301
      vertex -13.3899 19.995 5.68033
      vertex -13.4107 19.995 5.70562
    endloop
  endfacet
  facet normal 0 1 0
    outer loop
      vertex -13.264 19.995 6.44301
      vertex -13.3676 19.995 5.65645
      vertex -13.3899 19.995 5.68033
    endloop
  endfacet
  facet normal 0 1 0
    outer loop
      vertex -13.264 19.995 6.44301
      vertex -13.3437 19.995 5.63408
      vertex -13.3676 19.995 5.65645
    endloop
  endfacet
  facet normal 0 1 0
    outer loop
      vertex -13.264 19.995 6.44301
      vertex -13.3184 19.995 5.61332
      vertex -13.3437 19.995 5.63408
    endloop
  endfacet
  facet normal 0 1 0
    outer loop
      vertex -13.264 19.995 6.44301
      vertex -13.2918 19.995 5.59426
      vertex -13.3184 19.995 5.61332
    endloop
  endfacet
  facet normal -0 1 0
    outer loop
      vertex -13.2918 19.995 5.59426
      vertex -13.264 19.995 6.44301
      vertex -13.264 19.995 5.57699
    endloop
  endfacet
  facet normal 0 1 -0
    outer loop
      vertex -12.8227 19.995 5.54806
      vertex -13.2317 19.995 5.56
      vertex -12.7963 19.995 5.56
    endloop
  endfacet
  facet normal 0 1 0
    outer loop
      vertex -12.8227 19.995 5.54806
      vertex -13.2053 19.995 5.54806
      vertex -13.2317 19.995 5.56
    endloop
  endfacet
  facet normal 0 1 -0
    outer loop
      vertex -12.8533 19.995 5.53653
      vertex -13.2053 19.995 5.54806
      vertex -12.8227 19.995 5.54806
    endloop
  endfacet
  facet normal 0 1 0
    outer loop
      vertex -12.8533 19.995 5.53653
      vertex -13.1747 19.995 5.53653
      vertex -13.2053 19.995 5.54806
    endloop
  endfacet
  facet normal 0 1 -0
    outer loop
      vertex -12.8846 19.995 5.52704
      vertex -13.1747 19.995 5.53653
      vertex -12.8533 19.995 5.53653
    endloop
  endfacet
  facet normal 0 1 0
    outer loop
      vertex -12.8846 19.995 5.52704
      vertex -13.1434 19.995 5.52704
      vertex -13.1747 19.995 5.53653
    endloop
  endfacet
  facet normal 0 1 -0
    outer loop
      vertex -12.9165 19.995 5.51961
      vertex -13.1434 19.995 5.52704
      vertex -12.8846 19.995 5.52704
    endloop
  endfacet
  facet normal 0 1 0
    outer loop
      vertex -12.9165 19.995 5.51961
      vertex -13.1115 19.995 5.51961
      vertex -13.1434 19.995 5.52704
    endloop
  endfacet
  facet normal 0 1 -0
    outer loop
      vertex -12.9487 19.995 5.51428
      vertex -13.1115 19.995 5.51961
      vertex -12.9165 19.995 5.51961
    endloop
  endfacet
  facet normal 0 1 0
    outer loop
      vertex -12.9487 19.995 5.51428
      vertex -13.0793 19.995 5.51428
      vertex -13.1115 19.995 5.51961
    endloop
  endfacet
  facet normal 0 1 -0
    outer loop
      vertex -12.9813 19.995 5.51107
      vertex -13.0793 19.995 5.51428
      vertex -12.9487 19.995 5.51428
    endloop
  endfacet
  facet normal 0 1 0
    outer loop
      vertex -12.9813 19.995 5.51107
      vertex -13.0467 19.995 5.51107
      vertex -13.0793 19.995 5.51428
    endloop
  endfacet
  facet normal -0 1 0
    outer loop
      vertex -13.0467 19.995 5.51107
      vertex -12.9813 19.995 5.51107
      vertex -13.014 19.995 5.51
    endloop
  endfacet
  facet normal -0.935144 0 -0.354268
    outer loop
      vertex -13.4759 16.995 5.81866
      vertex -13.4875 19.995 5.84928
      vertex -13.4759 19.995 5.81866
    endloop
  endfacet
  facet normal -0.935144 -0 -0.354268
    outer loop
      vertex -13.4875 19.995 5.84928
      vertex -13.4759 16.995 5.81866
      vertex -13.4875 16.995 5.84928
    endloop
  endfacet
  facet normal -0.974071 0 -0.226244
    outer loop
      vertex -13.497 16.995 5.88059
      vertex -13.5044 19.995 5.91245
      vertex -13.497 19.995 5.88059
    endloop
  endfacet
  facet normal -0.974071 -0 -0.226244
    outer loop
      vertex -13.5044 19.995 5.91245
      vertex -13.497 16.995 5.88059
      vertex -13.5044 16.995 5.91245
    endloop
  endfacet
  facet normal -0.848941 0 -0.528488
    outer loop
      vertex -13.4297 16.995 5.73221
      vertex -13.447 19.995 5.76
      vertex -13.4297 19.995 5.73221
    endloop
  endfacet
  facet normal -0.848941 -0 -0.528488
    outer loop
      vertex -13.447 19.995 5.76
      vertex -13.4297 16.995 5.73221
      vertex -13.447 16.995 5.76
    endloop
  endfacet
  facet normal -0.81363 0 -0.581383
    outer loop
      vertex -13.4107 16.995 5.70562
      vertex -13.4297 19.995 5.73221
      vertex -13.4107 19.995 5.70562
    endloop
  endfacet
  facet normal -0.81363 -0 -0.581383
    outer loop
      vertex -13.4297 19.995 5.73221
      vertex -13.4107 16.995 5.70562
      vertex -13.4297 16.995 5.73221
    endloop
  endfacet
  facet normal -0.0327042 0 -0.999465
    outer loop
      vertex -13.0467 16.995 5.51107
      vertex -13.014 19.995 5.51
      vertex -13.014 16.995 5.51
    endloop
  endfacet
  facet normal -0.0327042 0 -0.999465
    outer loop
      vertex -13.014 19.995 5.51
      vertex -13.0467 16.995 5.51107
      vertex -13.0467 19.995 5.51107
    endloop
  endfacet
  facet normal -0.52769 0 -0.849437
    outer loop
      vertex -13.2918 16.995 5.59426
      vertex -13.264 19.995 5.57699
      vertex -13.264 16.995 5.57699
    endloop
  endfacet
  facet normal -0.52769 0 -0.849437
    outer loop
      vertex -13.264 19.995 5.57699
      vertex -13.2918 16.995 5.59426
      vertex -13.2918 19.995 5.59426
    endloop
  endfacet
  facet normal -0.683352 0 -0.730089
    outer loop
      vertex -13.3676 16.995 5.65645
      vertex -13.3437 19.995 5.63408
      vertex -13.3437 16.995 5.63408
    endloop
  endfacet
  facet normal -0.683352 0 -0.730089
    outer loop
      vertex -13.3437 19.995 5.63408
      vertex -13.3676 16.995 5.65645
      vertex -13.3676 19.995 5.65645
    endloop
  endfacet
  facet normal 0.999435 0 -0.0336201
    outer loop
      vertex -12.514 16.995 6.01
      vertex -12.5151 19.995 5.9773
      vertex -12.514 19.995 6.01
    endloop
  endfacet
  facet normal 0.999435 0 -0.0336201
    outer loop
      vertex -12.5151 19.995 5.9773
      vertex -12.514 16.995 6.01
      vertex -12.5151 16.995 5.9773
    endloop
  endfacet
  facet normal 0.956922 -0 0.290347
    outer loop
      vertex -12.5405 16.995 6.17072
      vertex -12.531 19.995 6.13941
      vertex -12.5405 19.995 6.17072
    endloop
  endfacet
  facet normal 0.956922 0 0.290347
    outer loop
      vertex -12.531 19.995 6.13941
      vertex -12.5405 16.995 6.17072
      vertex -12.531 16.995 6.13941
    endloop
  endfacet
  facet normal -0.974086 0 0.226176
    outer loop
      vertex -13.5044 16.995 6.10754
      vertex -13.497 19.995 6.13941
      vertex -13.5044 19.995 6.10754
    endloop
  endfacet
  facet normal -0.974086 0 0.226176
    outer loop
      vertex -13.497 19.995 6.13941
      vertex -13.5044 16.995 6.10754
      vertex -13.497 16.995 6.13941
    endloop
  endfacet
  facet normal -0.910889 0 0.412651
    outer loop
      vertex -13.4759 16.995 6.20134
      vertex -13.4624 19.995 6.23114
      vertex -13.4759 19.995 6.20134
    endloop
  endfacet
  facet normal -0.910889 0 0.412651
    outer loop
      vertex -13.4624 19.995 6.23114
      vertex -13.4759 16.995 6.20134
      vertex -13.4624 16.995 6.23114
    endloop
  endfacet
  facet normal 0.956922 0 -0.290347
    outer loop
      vertex -12.531 16.995 5.88059
      vertex -12.5405 19.995 5.84928
      vertex -12.531 19.995 5.88059
    endloop
  endfacet
  facet normal 0.956922 0 -0.290347
    outer loop
      vertex -12.5405 19.995 5.84928
      vertex -12.531 16.995 5.88059
      vertex -12.5405 16.995 5.84928
    endloop
  endfacet
  facet normal 0.910889 0 -0.412651
    outer loop
      vertex -12.5521 16.995 5.81866
      vertex -12.5656 19.995 5.78886
      vertex -12.5521 19.995 5.81866
    endloop
  endfacet
  facet normal 0.910889 0 -0.412651
    outer loop
      vertex -12.5656 19.995 5.78886
      vertex -12.5521 16.995 5.81866
      vertex -12.5656 16.995 5.78886
    endloop
  endfacet
  facet normal 0.848941 0 -0.528488
    outer loop
      vertex -12.581 16.995 5.76
      vertex -12.5983 19.995 5.73221
      vertex -12.581 19.995 5.76
    endloop
  endfacet
  facet normal 0.848941 0 -0.528488
    outer loop
      vertex -12.5983 19.995 5.73221
      vertex -12.581 16.995 5.76
      vertex -12.5983 16.995 5.73221
    endloop
  endfacet
  facet normal 0.679042 0 -0.734099
    outer loop
      vertex -12.664 16.995 5.65312
      vertex -12.6604 19.995 5.65645
      vertex -12.6604 16.995 5.65645
    endloop
  endfacet
  facet normal 0.679042 0 -0.734099
    outer loop
      vertex -12.6604 19.995 5.65645
      vertex -12.664 16.995 5.65312
      vertex -12.664 19.995 5.65312
    endloop
  endfacet
  facet normal 0.772336 0 -0.635215
    outer loop
      vertex -12.6173 16.995 5.70562
      vertex -12.6381 19.995 5.68033
      vertex -12.6173 19.995 5.70562
    endloop
  endfacet
  facet normal 0.772336 0 -0.635215
    outer loop
      vertex -12.6381 19.995 5.68033
      vertex -12.6173 16.995 5.70562
      vertex -12.6381 16.995 5.68033
    endloop
  endfacet
  facet normal 0.163306 0 -0.986575
    outer loop
      vertex -12.9487 16.995 5.51428
      vertex -12.9165 19.995 5.51961
      vertex -12.9165 16.995 5.51961
    endloop
  endfacet
  facet normal 0.163306 0 -0.986575
    outer loop
      vertex -12.9165 19.995 5.51961
      vertex -12.9487 16.995 5.51428
      vertex -12.9487 19.995 5.51428
    endloop
  endfacet
  facet normal 0.0979924 0 -0.995187
    outer loop
      vertex -12.9813 16.995 5.51107
      vertex -12.9487 19.995 5.51428
      vertex -12.9487 16.995 5.51428
    endloop
  endfacet
  facet normal 0.0979924 0 -0.995187
    outer loop
      vertex -12.9487 19.995 5.51428
      vertex -12.9813 16.995 5.51107
      vertex -12.9813 19.995 5.51107
    endloop
  endfacet
  facet normal 0.290152 0 -0.956981
    outer loop
      vertex -12.8846 16.995 5.52704
      vertex -12.8533 19.995 5.53653
      vertex -12.8533 16.995 5.53653
    endloop
  endfacet
  facet normal 0.290152 0 -0.956981
    outer loop
      vertex -12.8533 19.995 5.53653
      vertex -12.8846 16.995 5.52704
      vertex -12.8846 19.995 5.52704
    endloop
  endfacet
  facet normal -0.986796 0 -0.16197
    outer loop
      vertex -13.5044 16.995 5.91245
      vertex -13.5097 19.995 5.94474
      vertex -13.5044 19.995 5.91245
    endloop
  endfacet
  facet normal -0.986796 -0 -0.16197
    outer loop
      vertex -13.5097 19.995 5.94474
      vertex -13.5044 16.995 5.91245
      vertex -13.5097 16.995 5.94474
    endloop
  endfacet
  facet normal -0.995205 0 -0.0978089
    outer loop
      vertex -13.5097 16.995 5.94474
      vertex -13.5129 19.995 5.9773
      vertex -13.5097 19.995 5.94474
    endloop
  endfacet
  facet normal -0.995205 -0 -0.0978089
    outer loop
      vertex -13.5129 19.995 5.9773
      vertex -13.5097 16.995 5.94474
      vertex -13.5129 16.995 5.9773
    endloop
  endfacet
  facet normal -0.956922 0 -0.290347
    outer loop
      vertex -13.4875 16.995 5.84928
      vertex -13.497 19.995 5.88059
      vertex -13.4875 19.995 5.84928
    endloop
  endfacet
  facet normal -0.956922 -0 -0.290347
    outer loop
      vertex -13.497 19.995 5.88059
      vertex -13.4875 16.995 5.84928
      vertex -13.497 16.995 5.88059
    endloop
  endfacet
  facet normal -0.882251 0 -0.470779
    outer loop
      vertex -13.447 16.995 5.76
      vertex -13.4624 19.995 5.78886
      vertex -13.447 19.995 5.76
    endloop
  endfacet
  facet normal -0.882251 -0 -0.470779
    outer loop
      vertex -13.4624 19.995 5.78886
      vertex -13.447 16.995 5.76
      vertex -13.4624 16.995 5.78886
    endloop
  endfacet
  facet normal -0.772336 0 -0.635215
    outer loop
      vertex -13.3899 16.995 5.68033
      vertex -13.4107 19.995 5.70562
      vertex -13.3899 19.995 5.68033
    endloop
  endfacet
  facet normal -0.772336 -0 -0.635215
    outer loop
      vertex -13.4107 19.995 5.70562
      vertex -13.3899 16.995 5.68033
      vertex -13.4107 16.995 5.70562
    endloop
  endfacet
  facet normal -0.226844 0 -0.973931
    outer loop
      vertex -13.1434 16.995 5.52704
      vertex -13.1115 19.995 5.51961
      vertex -13.1115 16.995 5.51961
    endloop
  endfacet
  facet normal -0.226844 0 -0.973931
    outer loop
      vertex -13.1115 19.995 5.51961
      vertex -13.1434 16.995 5.52704
      vertex -13.1434 19.995 5.52704
    endloop
  endfacet
  facet normal -0.290152 0 -0.956981
    outer loop
      vertex -13.1747 16.995 5.53653
      vertex -13.1434 19.995 5.52704
      vertex -13.1434 16.995 5.52704
    endloop
  endfacet
  facet normal -0.290152 0 -0.956981
    outer loop
      vertex -13.1434 19.995 5.52704
      vertex -13.1747 16.995 5.53653
      vertex -13.1747 19.995 5.53653
    endloop
  endfacet
  facet normal -0.0979924 0 -0.995187
    outer loop
      vertex -13.0793 16.995 5.51428
      vertex -13.0467 19.995 5.51107
      vertex -13.0467 16.995 5.51107
    endloop
  endfacet
  facet normal -0.0979924 0 -0.995187
    outer loop
      vertex -13.0467 19.995 5.51107
      vertex -13.0793 16.995 5.51428
      vertex -13.0793 19.995 5.51428
    endloop
  endfacet
  facet normal -0.412086 0 -0.911145
    outer loop
      vertex -13.2317 16.995 5.56
      vertex -13.2053 19.995 5.54806
      vertex -13.2053 16.995 5.54806
    endloop
  endfacet
  facet normal -0.412086 0 -0.911145
    outer loop
      vertex -13.2053 19.995 5.54806
      vertex -13.2317 16.995 5.56
      vertex -13.2317 19.995 5.56
    endloop
  endfacet
  facet normal -0.634335 0 -0.773058
    outer loop
      vertex -13.3437 16.995 5.63408
      vertex -13.3184 19.995 5.61332
      vertex -13.3184 16.995 5.61332
    endloop
  endfacet
  facet normal -0.634335 0 -0.773058
    outer loop
      vertex -13.3184 19.995 5.61332
      vertex -13.3437 16.995 5.63408
      vertex -13.3437 19.995 5.63408
    endloop
  endfacet
  facet normal -0.582452 0 -0.812865
    outer loop
      vertex -13.3184 16.995 5.61332
      vertex -13.2918 19.995 5.59426
      vertex -13.2918 16.995 5.59426
    endloop
  endfacet
  facet normal -0.582452 0 -0.812865
    outer loop
      vertex -13.2918 19.995 5.59426
      vertex -13.3184 16.995 5.61332
      vertex -13.3184 19.995 5.61332
    endloop
  endfacet
  facet normal 0.995205 -0 0.0978089
    outer loop
      vertex -12.5183 16.995 6.07526
      vertex -12.5151 19.995 6.0427
      vertex -12.5183 19.995 6.07526
    endloop
  endfacet
  facet normal 0.995205 0 0.0978089
    outer loop
      vertex -12.5151 19.995 6.0427
      vertex -12.5183 16.995 6.07526
      vertex -12.5151 16.995 6.0427
    endloop
  endfacet
  facet normal 0.935144 -0 0.354268
    outer loop
      vertex -12.5521 16.995 6.20134
      vertex -12.5405 19.995 6.17072
      vertex -12.5521 19.995 6.20134
    endloop
  endfacet
  facet normal 0.935144 0 0.354268
    outer loop
      vertex -12.5405 19.995 6.17072
      vertex -12.5521 16.995 6.20134
      vertex -12.5405 16.995 6.17072
    endloop
  endfacet
  facet normal -0.935144 0 0.354268
    outer loop
      vertex -13.4875 16.995 6.17072
      vertex -13.4759 19.995 6.20134
      vertex -13.4875 19.995 6.17072
    endloop
  endfacet
  facet normal -0.935144 0 0.354268
    outer loop
      vertex -13.4759 19.995 6.20134
      vertex -13.4875 16.995 6.17072
      vertex -13.4759 16.995 6.20134
    endloop
  endfacet
  facet normal 0 -1 0
    outer loop
      vertex -12.664 16.995 6.36688
      vertex -12.6381 16.995 6.33967
      vertex -12.6604 16.995 6.36355
    endloop
  endfacet
  facet normal 0 -1 0
    outer loop
      vertex -12.664 16.995 6.36688
      vertex -12.6173 16.995 6.31438
      vertex -12.6381 16.995 6.33967
    endloop
  endfacet
  facet normal 0 -1 0
    outer loop
      vertex -12.664 16.995 6.36688
      vertex -12.5983 16.995 6.28778
      vertex -12.6173 16.995 6.31438
    endloop
  endfacet
  facet normal 0 -1 0
    outer loop
      vertex -12.664 16.995 6.36688
      vertex -12.581 16.995 6.26
      vertex -12.5983 16.995 6.28778
    endloop
  endfacet
  facet normal 0 -1 0
    outer loop
      vertex -12.664 16.995 6.36688
      vertex -12.5656 16.995 6.23114
      vertex -12.581 16.995 6.26
    endloop
  endfacet
  facet normal 0 -1 0
    outer loop
      vertex -12.664 16.995 6.36688
      vertex -12.5521 16.995 6.20134
      vertex -12.5656 16.995 6.23114
    endloop
  endfacet
  facet normal 0 -1 0
    outer loop
      vertex -12.664 16.995 6.36688
      vertex -12.5405 16.995 6.17072
      vertex -12.5521 16.995 6.20134
    endloop
  endfacet
  facet normal 0 -1 0
    outer loop
      vertex -12.664 16.995 6.36688
      vertex -12.531 16.995 6.13941
      vertex -12.5405 16.995 6.17072
    endloop
  endfacet
  facet normal 0 -1 0
    outer loop
      vertex -12.664 16.995 6.36688
      vertex -12.5236 16.995 6.10754
      vertex -12.531 16.995 6.13941
    endloop
  endfacet
  facet normal 0 -1 0
    outer loop
      vertex -12.664 16.995 6.36688
      vertex -12.5183 16.995 6.07526
      vertex -12.5236 16.995 6.10754
    endloop
  endfacet
  facet normal 0 -1 0
    outer loop
      vertex -12.664 16.995 6.36688
      vertex -12.5151 16.995 6.0427
      vertex -12.5183 16.995 6.07526
    endloop
  endfacet
  facet normal 0 -1 0
    outer loop
      vertex -12.664 16.995 6.36688
      vertex -12.514 16.995 6.01
      vertex -12.5151 16.995 6.0427
    endloop
  endfacet
  facet normal 0 -1 0
    outer loop
      vertex -12.664 16.995 6.36688
      vertex -12.5151 16.995 5.9773
      vertex -12.514 16.995 6.01
    endloop
  endfacet
  facet normal 0 -1 0
    outer loop
      vertex -12.664 16.995 6.36688
      vertex -12.5183 16.995 5.94474
      vertex -12.5151 16.995 5.9773
    endloop
  endfacet
  facet normal 0 -1 0
    outer loop
      vertex -12.664 16.995 6.36688
      vertex -12.5236 16.995 5.91245
      vertex -12.5183 16.995 5.94474
    endloop
  endfacet
  facet normal 0 -1 0
    outer loop
      vertex -12.664 16.995 6.36688
      vertex -12.531 16.995 5.88059
      vertex -12.5236 16.995 5.91245
    endloop
  endfacet
  facet normal 0 -1 0
    outer loop
      vertex -12.664 16.995 6.36688
      vertex -12.5405 16.995 5.84928
      vertex -12.531 16.995 5.88059
    endloop
  endfacet
  facet normal 0 -1 0
    outer loop
      vertex -12.664 16.995 6.36688
      vertex -12.5521 16.995 5.81866
      vertex -12.5405 16.995 5.84928
    endloop
  endfacet
  facet normal 0 -1 0
    outer loop
      vertex -12.664 16.995 6.36688
      vertex -12.5656 16.995 5.78886
      vertex -12.5521 16.995 5.81866
    endloop
  endfacet
  facet normal 0 -1 0
    outer loop
      vertex -12.664 16.995 6.36688
      vertex -12.581 16.995 5.76
      vertex -12.5656 16.995 5.78886
    endloop
  endfacet
  facet normal 0 -1 0
    outer loop
      vertex -12.664 16.995 6.36688
      vertex -12.5983 16.995 5.73221
      vertex -12.581 16.995 5.76
    endloop
  endfacet
  facet normal 0 -1 0
    outer loop
      vertex -12.664 16.995 6.36688
      vertex -12.6173 16.995 5.70562
      vertex -12.5983 16.995 5.73221
    endloop
  endfacet
  facet normal 0 -1 0
    outer loop
      vertex -12.664 16.995 6.36688
      vertex -12.6381 16.995 5.68033
      vertex -12.6173 16.995 5.70562
    endloop
  endfacet
  facet normal 0 -1 0
    outer loop
      vertex -12.664 16.995 5.65312
      vertex -12.6381 16.995 5.68033
      vertex -12.664 16.995 6.36688
    endloop
  endfacet
  facet normal 0 -1 0
    outer loop
      vertex -12.6381 16.995 5.68033
      vertex -12.664 16.995 5.65312
      vertex -12.6604 16.995 5.65645
    endloop
  endfacet
  facet normal 0 -1 0
    outer loop
      vertex -13.3184 16.995 6.40668
      vertex -13.264 16.995 6.44301
      vertex -13.2918 16.995 6.42573
    endloop
  endfacet
  facet normal 0 -1 0
    outer loop
      vertex -13.3437 16.995 6.38592
      vertex -13.264 16.995 6.44301
      vertex -13.3184 16.995 6.40668
    endloop
  endfacet
  facet normal 0 -1 0
    outer loop
      vertex -13.3676 16.995 6.36355
      vertex -13.264 16.995 6.44301
      vertex -13.3437 16.995 6.38592
    endloop
  endfacet
  facet normal 0 -1 0
    outer loop
      vertex -13.3899 16.995 6.33967
      vertex -13.264 16.995 6.44301
      vertex -13.3676 16.995 6.36355
    endloop
  endfacet
  facet normal 0 -1 0
    outer loop
      vertex -13.4107 16.995 6.31438
      vertex -13.264 16.995 6.44301
      vertex -13.3899 16.995 6.33967
    endloop
  endfacet
  facet normal 0 -1 0
    outer loop
      vertex -13.4297 16.995 6.28778
      vertex -13.264 16.995 6.44301
      vertex -13.4107 16.995 6.31438
    endloop
  endfacet
  facet normal 0 -1 0
    outer loop
      vertex -13.447 16.995 6.26
      vertex -13.264 16.995 6.44301
      vertex -13.4297 16.995 6.28778
    endloop
  endfacet
  facet normal 0 -1 0
    outer loop
      vertex -13.4624 16.995 6.23114
      vertex -13.264 16.995 6.44301
      vertex -13.447 16.995 6.26
    endloop
  endfacet
  facet normal 0 -1 0
    outer loop
      vertex -13.4759 16.995 6.20134
      vertex -13.264 16.995 6.44301
      vertex -13.4624 16.995 6.23114
    endloop
  endfacet
  facet normal 0 -1 0
    outer loop
      vertex -13.4875 16.995 6.17072
      vertex -13.264 16.995 6.44301
      vertex -13.4759 16.995 6.20134
    endloop
  endfacet
  facet normal 0 -1 0
    outer loop
      vertex -13.497 16.995 6.13941
      vertex -13.264 16.995 6.44301
      vertex -13.4875 16.995 6.17072
    endloop
  endfacet
  facet normal 0 -1 0
    outer loop
      vertex -13.5044 16.995 6.10754
      vertex -13.264 16.995 6.44301
      vertex -13.497 16.995 6.13941
    endloop
  endfacet
  facet normal 0 -1 0
    outer loop
      vertex -13.5097 16.995 6.07526
      vertex -13.264 16.995 6.44301
      vertex -13.5044 16.995 6.10754
    endloop
  endfacet
  facet normal 0 -1 0
    outer loop
      vertex -13.5129 16.995 6.0427
      vertex -13.264 16.995 6.44301
      vertex -13.5097 16.995 6.07526
    endloop
  endfacet
  facet normal 0 -1 0
    outer loop
      vertex -13.514 16.995 6.01
      vertex -13.264 16.995 6.44301
      vertex -13.5129 16.995 6.0427
    endloop
  endfacet
  facet normal 0 -1 0
    outer loop
      vertex -13.5129 16.995 5.9773
      vertex -13.264 16.995 6.44301
      vertex -13.514 16.995 6.01
    endloop
  endfacet
  facet normal 0 -1 0
    outer loop
      vertex -13.5097 16.995 5.94474
      vertex -13.264 16.995 6.44301
      vertex -13.5129 16.995 5.9773
    endloop
  endfacet
  facet normal 0 -1 0
    outer loop
      vertex -13.5044 16.995 5.91245
      vertex -13.264 16.995 6.44301
      vertex -13.5097 16.995 5.94474
    endloop
  endfacet
  facet normal 0 -1 0
    outer loop
      vertex -13.497 16.995 5.88059
      vertex -13.264 16.995 6.44301
      vertex -13.5044 16.995 5.91245
    endloop
  endfacet
  facet normal 0 -1 0
    outer loop
      vertex -13.4875 16.995 5.84928
      vertex -13.264 16.995 6.44301
      vertex -13.497 16.995 5.88059
    endloop
  endfacet
  facet normal 0 -1 0
    outer loop
      vertex -13.4759 16.995 5.81866
      vertex -13.264 16.995 6.44301
      vertex -13.4875 16.995 5.84928
    endloop
  endfacet
  facet normal 0 -1 0
    outer loop
      vertex -13.4624 16.995 5.78886
      vertex -13.264 16.995 6.44301
      vertex -13.4759 16.995 5.81866
    endloop
  endfacet
  facet normal 0 -1 0
    outer loop
      vertex -13.447 16.995 5.76
      vertex -13.264 16.995 6.44301
      vertex -13.4624 16.995 5.78886
    endloop
  endfacet
  facet normal 0 -1 0
    outer loop
      vertex -13.4297 16.995 5.73221
      vertex -13.264 16.995 6.44301
      vertex -13.447 16.995 5.76
    endloop
  endfacet
  facet normal 0 -1 0
    outer loop
      vertex -13.4107 16.995 5.70562
      vertex -13.264 16.995 6.44301
      vertex -13.4297 16.995 5.73221
    endloop
  endfacet
  facet normal 0 -1 0
    outer loop
      vertex -13.3899 16.995 5.68033
      vertex -13.264 16.995 6.44301
      vertex -13.4107 16.995 5.70562
    endloop
  endfacet
  facet normal 0 -1 0
    outer loop
      vertex -13.3676 16.995 5.65645
      vertex -13.264 16.995 6.44301
      vertex -13.3899 16.995 5.68033
    endloop
  endfacet
  facet normal 0 -1 0
    outer loop
      vertex -13.3437 16.995 5.63408
      vertex -13.264 16.995 6.44301
      vertex -13.3676 16.995 5.65645
    endloop
  endfacet
  facet normal 0 -1 0
    outer loop
      vertex -13.3184 16.995 5.61332
      vertex -13.264 16.995 6.44301
      vertex -13.3437 16.995 5.63408
    endloop
  endfacet
  facet normal 0 -1 0
    outer loop
      vertex -13.2918 16.995 5.59426
      vertex -13.264 16.995 6.44301
      vertex -13.3184 16.995 5.61332
    endloop
  endfacet
  facet normal 0 -1 -0
    outer loop
      vertex -13.264 16.995 6.44301
      vertex -13.2918 16.995 5.59426
      vertex -13.264 16.995 5.57699
    endloop
  endfacet
  facet normal 0 -1 0
    outer loop
      vertex -13.2053 16.995 5.54806
      vertex -12.7963 16.995 5.56
      vertex -13.2317 16.995 5.56
    endloop
  endfacet
  facet normal 0 -1 0
    outer loop
      vertex -13.2053 16.995 5.54806
      vertex -12.8227 16.995 5.54806
      vertex -12.7963 16.995 5.56
    endloop
  endfacet
  facet normal 0 -1 0
    outer loop
      vertex -13.1747 16.995 5.53653
      vertex -12.8227 16.995 5.54806
      vertex -13.2053 16.995 5.54806
    endloop
  endfacet
  facet normal 0 -1 0
    outer loop
      vertex -13.1747 16.995 5.53653
      vertex -12.8533 16.995 5.53653
      vertex -12.8227 16.995 5.54806
    endloop
  endfacet
  facet normal 0 -1 0
    outer loop
      vertex -13.1434 16.995 5.52704
      vertex -12.8533 16.995 5.53653
      vertex -13.1747 16.995 5.53653
    endloop
  endfacet
  facet normal 0 -1 0
    outer loop
      vertex -13.1434 16.995 5.52704
      vertex -12.8846 16.995 5.52704
      vertex -12.8533 16.995 5.53653
    endloop
  endfacet
  facet normal 0 -1 0
    outer loop
      vertex -13.1115 16.995 5.51961
      vertex -12.8846 16.995 5.52704
      vertex -13.1434 16.995 5.52704
    endloop
  endfacet
  facet normal 0 -1 0
    outer loop
      vertex -13.1115 16.995 5.51961
      vertex -12.9165 16.995 5.51961
      vertex -12.8846 16.995 5.52704
    endloop
  endfacet
  facet normal 0 -1 0
    outer loop
      vertex -13.0793 16.995 5.51428
      vertex -12.9165 16.995 5.51961
      vertex -13.1115 16.995 5.51961
    endloop
  endfacet
  facet normal 0 -1 0
    outer loop
      vertex -13.0793 16.995 5.51428
      vertex -12.9487 16.995 5.51428
      vertex -12.9165 16.995 5.51961
    endloop
  endfacet
  facet normal 0 -1 0
    outer loop
      vertex -13.0467 16.995 5.51107
      vertex -12.9487 16.995 5.51428
      vertex -13.0793 16.995 5.51428
    endloop
  endfacet
  facet normal 0 -1 0
    outer loop
      vertex -13.0467 16.995 5.51107
      vertex -12.9813 16.995 5.51107
      vertex -12.9487 16.995 5.51428
    endloop
  endfacet
  facet normal -0 -1 0
    outer loop
      vertex -12.9813 16.995 5.51107
      vertex -13.0467 16.995 5.51107
      vertex -13.014 16.995 5.51
    endloop
  endfacet
  facet normal 0.986796 0 -0.16197
    outer loop
      vertex -12.5183 16.995 5.94474
      vertex -12.5236 19.995 5.91245
      vertex -12.5183 19.995 5.94474
    endloop
  endfacet
  facet normal 0.986796 0 -0.16197
    outer loop
      vertex -12.5236 19.995 5.91245
      vertex -12.5183 16.995 5.94474
      vertex -12.5236 16.995 5.91245
    endloop
  endfacet
  facet normal 0.974071 0 -0.226244
    outer loop
      vertex -12.5236 16.995 5.91245
      vertex -12.531 19.995 5.88059
      vertex -12.5236 19.995 5.91245
    endloop
  endfacet
  facet normal 0.974071 0 -0.226244
    outer loop
      vertex -12.531 19.995 5.88059
      vertex -12.5236 16.995 5.91245
      vertex -12.531 16.995 5.88059
    endloop
  endfacet
  facet normal 0.935144 0 -0.354268
    outer loop
      vertex -12.5405 16.995 5.84928
      vertex -12.5521 19.995 5.81866
      vertex -12.5405 19.995 5.84928
    endloop
  endfacet
  facet normal 0.935144 0 -0.354268
    outer loop
      vertex -12.5521 19.995 5.81866
      vertex -12.5405 16.995 5.84928
      vertex -12.5521 16.995 5.81866
    endloop
  endfacet
  facet normal 0.974086 -0 0.226176
    outer loop
      vertex -12.531 16.995 6.13941
      vertex -12.5236 19.995 6.10754
      vertex -12.531 19.995 6.13941
    endloop
  endfacet
  facet normal 0.974086 0 0.226176
    outer loop
      vertex -12.5236 19.995 6.10754
      vertex -12.531 16.995 6.13941
      vertex -12.5236 16.995 6.10754
    endloop
  endfacet
  facet normal 0.882251 -0 0.470779
    outer loop
      vertex -12.581 16.995 6.26
      vertex -12.5656 19.995 6.23114
      vertex -12.581 19.995 6.26
    endloop
  endfacet
  facet normal 0.882251 0 0.470779
    outer loop
      vertex -12.5656 19.995 6.23114
      vertex -12.581 16.995 6.26
      vertex -12.5656 16.995 6.23114
    endloop
  endfacet
  facet normal 0.910889 -0 0.412651
    outer loop
      vertex -12.5656 16.995 6.23114
      vertex -12.5521 19.995 6.20134
      vertex -12.5656 19.995 6.23114
    endloop
  endfacet
  facet normal 0.910889 0 0.412651
    outer loop
      vertex -12.5521 19.995 6.20134
      vertex -12.5656 16.995 6.23114
      vertex -12.5521 16.995 6.20134
    endloop
  endfacet
  facet normal 0.679042 0 0.734099
    outer loop
      vertex -12.664 19.995 6.36688
      vertex -12.6604 16.995 6.36355
      vertex -12.6604 19.995 6.36355
    endloop
  endfacet
  facet normal 0.679042 0 0.734099
    outer loop
      vertex -12.6604 16.995 6.36355
      vertex -12.664 19.995 6.36688
      vertex -12.664 16.995 6.36688
    endloop
  endfacet
  facet normal 0.813733 -0 0.581238
    outer loop
      vertex -12.6173 16.995 6.31438
      vertex -12.5983 19.995 6.28778
      vertex -12.6173 19.995 6.31438
    endloop
  endfacet
  facet normal 0.813733 0 0.581238
    outer loop
      vertex -12.5983 19.995 6.28778
      vertex -12.6173 16.995 6.31438
      vertex -12.5983 16.995 6.28778
    endloop
  endfacet
  facet normal 0.848856 -0 0.528625
    outer loop
      vertex -12.5983 16.995 6.28778
      vertex -12.581 19.995 6.26
      vertex -12.5983 19.995 6.28778
    endloop
  endfacet
  facet normal 0.848856 0 0.528625
    outer loop
      vertex -12.581 19.995 6.26
      vertex -12.5983 16.995 6.28778
      vertex -12.581 16.995 6.26
    endloop
  endfacet
  facet normal -0.813733 0 0.581238
    outer loop
      vertex -13.4297 16.995 6.28778
      vertex -13.4107 19.995 6.31438
      vertex -13.4297 19.995 6.28778
    endloop
  endfacet
  facet normal -0.813733 0 0.581238
    outer loop
      vertex -13.4107 19.995 6.31438
      vertex -13.4297 16.995 6.28778
      vertex -13.4107 16.995 6.31438
    endloop
  endfacet
  facet normal -0.999435 0 0.0336201
    outer loop
      vertex -13.514 16.995 6.01
      vertex -13.5129 19.995 6.0427
      vertex -13.514 19.995 6.01
    endloop
  endfacet
  facet normal -0.999435 0 0.0336201
    outer loop
      vertex -13.5129 19.995 6.0427
      vertex -13.514 16.995 6.01
      vertex -13.5129 16.995 6.0427
    endloop
  endfacet
  facet normal 0.995205 0 -0.0978089
    outer loop
      vertex -12.5151 16.995 5.9773
      vertex -12.5183 19.995 5.94474
      vertex -12.5151 19.995 5.9773
    endloop
  endfacet
  facet normal 0.995205 0 -0.0978089
    outer loop
      vertex -12.5183 19.995 5.94474
      vertex -12.5151 16.995 5.9773
      vertex -12.5183 16.995 5.94474
    endloop
  endfacet
  facet normal 0.986788 -0 0.162019
    outer loop
      vertex -12.5236 16.995 6.10754
      vertex -12.5183 19.995 6.07526
      vertex -12.5236 19.995 6.10754
    endloop
  endfacet
  facet normal 0.986788 0 0.162019
    outer loop
      vertex -12.5183 19.995 6.07526
      vertex -12.5236 16.995 6.10754
      vertex -12.5183 16.995 6.07526
    endloop
  endfacet
  facet normal 0.730872 -0 0.682515
    outer loop
      vertex -12.6604 16.995 6.36355
      vertex -12.6381 19.995 6.33967
      vertex -12.6604 19.995 6.36355
    endloop
  endfacet
  facet normal 0.730872 0 0.682515
    outer loop
      vertex -12.6381 19.995 6.33967
      vertex -12.6604 16.995 6.36355
      vertex -12.6381 16.995 6.33967
    endloop
  endfacet
  facet normal -0.52791 0 0.8493
    outer loop
      vertex -13.2918 19.995 6.42573
      vertex -13.264 16.995 6.44301
      vertex -13.264 19.995 6.44301
    endloop
  endfacet
  facet normal -0.52791 0 0.8493
    outer loop
      vertex -13.264 16.995 6.44301
      vertex -13.2918 19.995 6.42573
      vertex -13.2918 16.995 6.42573
    endloop
  endfacet
  facet normal -0.882251 0 0.470779
    outer loop
      vertex -13.4624 16.995 6.23114
      vertex -13.447 19.995 6.26
      vertex -13.4624 19.995 6.23114
    endloop
  endfacet
  facet normal -0.882251 0 0.470779
    outer loop
      vertex -13.447 19.995 6.26
      vertex -13.4624 16.995 6.23114
      vertex -13.447 16.995 6.26
    endloop
  endfacet
  facet normal -0.848856 0 0.528625
    outer loop
      vertex -13.447 16.995 6.26
      vertex -13.4297 19.995 6.28778
      vertex -13.447 19.995 6.26
    endloop
  endfacet
  facet normal -0.848856 0 0.528625
    outer loop
      vertex -13.4297 19.995 6.28778
      vertex -13.447 16.995 6.26
      vertex -13.4297 16.995 6.28778
    endloop
  endfacet
  facet normal -0.683352 0 0.730089
    outer loop
      vertex -13.3676 19.995 6.36355
      vertex -13.3437 16.995 6.38592
      vertex -13.3437 19.995 6.38592
    endloop
  endfacet
  facet normal -0.683352 0 0.730089
    outer loop
      vertex -13.3437 16.995 6.38592
      vertex -13.3676 19.995 6.36355
      vertex -13.3676 16.995 6.36355
    endloop
  endfacet
  facet normal -0.956922 0 0.290347
    outer loop
      vertex -13.497 16.995 6.13941
      vertex -13.4875 19.995 6.17072
      vertex -13.497 19.995 6.13941
    endloop
  endfacet
  facet normal -0.956922 0 0.290347
    outer loop
      vertex -13.4875 19.995 6.17072
      vertex -13.497 16.995 6.13941
      vertex -13.4875 16.995 6.17072
    endloop
  endfacet
  facet normal -0.986788 0 0.162019
    outer loop
      vertex -13.5097 16.995 6.07526
      vertex -13.5044 19.995 6.10754
      vertex -13.5097 19.995 6.07526
    endloop
  endfacet
  facet normal -0.986788 0 0.162019
    outer loop
      vertex -13.5044 19.995 6.10754
      vertex -13.5097 16.995 6.07526
      vertex -13.5044 16.995 6.10754
    endloop
  endfacet
  facet normal -0.995205 0 0.0978089
    outer loop
      vertex -13.5129 16.995 6.0427
      vertex -13.5097 19.995 6.07526
      vertex -13.5129 19.995 6.0427
    endloop
  endfacet
  facet normal -0.995205 0 0.0978089
    outer loop
      vertex -13.5097 19.995 6.07526
      vertex -13.5129 16.995 6.0427
      vertex -13.5097 16.995 6.07526
    endloop
  endfacet
  facet normal 0.772336 -0 0.635215
    outer loop
      vertex -12.6381 16.995 6.33967
      vertex -12.6173 19.995 6.31438
      vertex -12.6381 19.995 6.33967
    endloop
  endfacet
  facet normal 0.772336 0 0.635215
    outer loop
      vertex -12.6173 19.995 6.31438
      vertex -12.6381 16.995 6.33967
      vertex -12.6173 16.995 6.31438
    endloop
  endfacet
  facet normal -0.58225 0 0.81301
    outer loop
      vertex -13.3184 19.995 6.40668
      vertex -13.2918 16.995 6.42573
      vertex -13.2918 19.995 6.42573
    endloop
  endfacet
  facet normal -0.58225 0 0.81301
    outer loop
      vertex -13.2918 16.995 6.42573
      vertex -13.3184 19.995 6.40668
      vertex -13.3184 16.995 6.40668
    endloop
  endfacet
  facet normal -0.634335 0 0.773058
    outer loop
      vertex -13.3437 19.995 6.38592
      vertex -13.3184 16.995 6.40668
      vertex -13.3184 19.995 6.40668
    endloop
  endfacet
  facet normal -0.634335 0 0.773058
    outer loop
      vertex -13.3184 16.995 6.40668
      vertex -13.3437 19.995 6.38592
      vertex -13.3437 16.995 6.38592
    endloop
  endfacet
  facet normal -0.772336 0 0.635215
    outer loop
      vertex -13.4107 16.995 6.31438
      vertex -13.3899 19.995 6.33967
      vertex -13.4107 19.995 6.31438
    endloop
  endfacet
  facet normal -0.772336 0 0.635215
    outer loop
      vertex -13.3899 19.995 6.33967
      vertex -13.4107 16.995 6.31438
      vertex -13.3899 16.995 6.33967
    endloop
  endfacet
  facet normal -0.730872 0 0.682515
    outer loop
      vertex -13.3899 16.995 6.33967
      vertex -13.3676 19.995 6.36355
      vertex -13.3899 19.995 6.33967
    endloop
  endfacet
  facet normal -0.730872 0 0.682515
    outer loop
      vertex -13.3676 19.995 6.36355
      vertex -13.3899 16.995 6.33967
      vertex -13.3676 16.995 6.36355
    endloop
  endfacet
  facet normal -1 0 0
    outer loop
      vertex 7.8 24.1 1.7
      vertex 7.8 25.7 6.76
      vertex 7.8 25.7 1.7
    endloop
  endfacet
  facet normal -1 -0 0
    outer loop
      vertex 7.8 25.7 6.76
      vertex 7.8 24.1 1.7
      vertex 7.8 24.1 6.76
    endloop
  endfacet
  facet normal 1 -0 0
    outer loop
      vertex 9.4 24.1 6.76
      vertex 9.4 25.7 1.7
      vertex 9.4 25.7 6.76
    endloop
  endfacet
  facet normal 1 0 0
    outer loop
      vertex 9.4 25.7 1.7
      vertex 9.4 24.1 6.76
      vertex 9.4 24.1 1.7
    endloop
  endfacet
  facet normal 0 0 -1
    outer loop
      vertex 7.8 24.1 1.7
      vertex 9.4 25.7 1.7
      vertex 9.4 24.1 1.7
    endloop
  endfacet
  facet normal -0 0 -1
    outer loop
      vertex 9.4 25.7 1.7
      vertex 7.8 24.1 1.7
      vertex 7.8 25.7 1.7
    endloop
  endfacet
  facet normal 0 -1 0
    outer loop
      vertex 7.8 24.1 1.7
      vertex 9.4 24.1 6.76
      vertex 7.8 24.1 6.76
    endloop
  endfacet
  facet normal 0 -1 -0
    outer loop
      vertex 9.4 24.1 6.76
      vertex 7.8 24.1 1.7
      vertex 9.4 24.1 1.7
    endloop
  endfacet
  facet normal 0 1 -0
    outer loop
      vertex 9.4 25.7 1.7
      vertex 7.8 25.7 6.76
      vertex 9.4 25.7 6.76
    endloop
  endfacet
  facet normal 0 1 0
    outer loop
      vertex 7.8 25.7 6.76
      vertex 9.4 25.7 1.7
      vertex 7.8 25.7 1.7
    endloop
  endfacet
  facet normal -1 0 0
    outer loop
      vertex 7.8 -11.1 1.7
      vertex 7.8 -9.5 6.76
      vertex 7.8 -9.5 1.7
    endloop
  endfacet
  facet normal -1 -0 0
    outer loop
      vertex 7.8 -9.5 6.76
      vertex 7.8 -11.1 1.7
      vertex 7.8 -11.1 6.76
    endloop
  endfacet
  facet normal 1 -0 0
    outer loop
      vertex 9.4 -11.1 6.76
      vertex 9.4 -9.5 1.7
      vertex 9.4 -9.5 6.76
    endloop
  endfacet
  facet normal 1 0 0
    outer loop
      vertex 9.4 -9.5 1.7
      vertex 9.4 -11.1 6.76
      vertex 9.4 -11.1 1.7
    endloop
  endfacet
  facet normal 0 1 -0
    outer loop
      vertex 9.4 -9.5 1.7
      vertex 7.8 -9.5 6.76
      vertex 9.4 -9.5 6.76
    endloop
  endfacet
  facet normal 0 1 0
    outer loop
      vertex 7.8 -9.5 6.76
      vertex 9.4 -9.5 1.7
      vertex 7.8 -9.5 1.7
    endloop
  endfacet
  facet normal 0 0 -1
    outer loop
      vertex 7.8 -11.1 1.7
      vertex 9.4 -9.5 1.7
      vertex 9.4 -11.1 1.7
    endloop
  endfacet
  facet normal -0 0 -1
    outer loop
      vertex 9.4 -9.5 1.7
      vertex 7.8 -11.1 1.7
      vertex 7.8 -9.5 1.7
    endloop
  endfacet
  facet normal 0 -1 0
    outer loop
      vertex 7.8 -11.1 1.7
      vertex 9.4 -11.1 6.76
      vertex 7.8 -11.1 6.76
    endloop
  endfacet
  facet normal 0 -1 -0
    outer loop
      vertex 9.4 -11.1 6.76
      vertex 7.8 -11.1 1.7
      vertex 9.4 -11.1 1.7
    endloop
  endfacet
  facet normal -1 0 0
    outer loop
      vertex -13 24.1 1.7
      vertex -13 25.7 5.56
      vertex -13 25.7 1.7
    endloop
  endfacet
  facet normal -1 -0 0
    outer loop
      vertex -13 25.7 5.56
      vertex -13 24.1 1.7
      vertex -13 24.1 5.56
    endloop
  endfacet
  facet normal 1 -0 0
    outer loop
      vertex -11.4 24.1 6.76
      vertex -11.4 25.7 1.7
      vertex -11.4 25.7 6.76
    endloop
  endfacet
  facet normal 1 0 0
    outer loop
      vertex -11.4 25.7 1.7
      vertex -11.4 24.1 6.76
      vertex -11.4 24.1 1.7
    endloop
  endfacet
  facet normal 0 1 0
    outer loop
      vertex -11.4 25.7 6.76
      vertex -12.664 25.7 5.56
      vertex -12.664 25.7 6.76
    endloop
  endfacet
  facet normal 0 1 -0
    outer loop
      vertex -11.4 25.7 1.7
      vertex -12.664 25.7 5.56
      vertex -11.4 25.7 6.76
    endloop
  endfacet
  facet normal 0 1 0
    outer loop
      vertex -13 25.7 1.7
      vertex -12.664 25.7 5.56
      vertex -11.4 25.7 1.7
    endloop
  endfacet
  facet normal 0 1 0
    outer loop
      vertex -12.664 25.7 5.56
      vertex -13 25.7 1.7
      vertex -13 25.7 5.56
    endloop
  endfacet
  facet normal 0 0 -1
    outer loop
      vertex -13 24.1 1.7
      vertex -11.4 25.7 1.7
      vertex -11.4 24.1 1.7
    endloop
  endfacet
  facet normal -0 0 -1
    outer loop
      vertex -11.4 25.7 1.7
      vertex -13 24.1 1.7
      vertex -13 25.7 1.7
    endloop
  endfacet
  facet normal 0 -1 0
    outer loop
      vertex -13 24.1 5.56
      vertex -13 24.1 1.7
      vertex -12.664 24.1 5.56
    endloop
  endfacet
  facet normal 0 -1 0
    outer loop
      vertex -12.664 24.1 5.56
      vertex -11.4 24.1 6.76
      vertex -12.664 24.1 6.76
    endloop
  endfacet
  facet normal 0 -1 0
    outer loop
      vertex -11.4 24.1 1.7
      vertex -12.664 24.1 5.56
      vertex -13 24.1 1.7
    endloop
  endfacet
  facet normal 0 -1 0
    outer loop
      vertex -12.664 24.1 5.56
      vertex -11.4 24.1 1.7
      vertex -11.4 24.1 6.76
    endloop
  endfacet
  facet normal -1 0 0
    outer loop
      vertex -14.614 -12.879 6.76
      vertex -14.614 27.695 8.26
      vertex -14.614 27.695 6.76
    endloop
  endfacet
  facet normal -1 -0 0
    outer loop
      vertex -14.614 27.695 8.26
      vertex -14.614 -12.879 6.76
      vertex -14.614 -12.879 8.26
    endloop
  endfacet
  facet normal 0 0 1
    outer loop
      vertex 8.14 13.45 8.26
      vertex 11.611 27.695 8.26
      vertex 8.14 18 8.26
    endloop
  endfacet
  facet normal 0 0 1
    outer loop
      vertex 11.611 27.695 8.26
      vertex 8.13797 18.0621 8.26
      vertex 8.14 18 8.26
    endloop
  endfacet
  facet normal 0 0 1
    outer loop
      vertex 11.611 27.695 8.26
      vertex 8.13187 18.124 8.26
      vertex 8.13797 18.0621 8.26
    endloop
  endfacet
  facet normal 0 0 1
    outer loop
      vertex 11.611 27.695 8.26
      vertex 8.12175 18.1853 8.26
      vertex 8.13187 18.124 8.26
    endloop
  endfacet
  facet normal 0 0 1
    outer loop
      vertex 11.611 27.695 8.26
      vertex 8.10763 18.2459 8.26
      vertex 8.12175 18.1853 8.26
    endloop
  endfacet
  facet normal 0 0 1
    outer loop
      vertex 11.611 27.695 8.26
      vertex 8.08958 18.3054 8.26
      vertex 8.10763 18.2459 8.26
    endloop
  endfacet
  facet normal 0 0 1
    outer loop
      vertex 11.611 27.695 8.26
      vertex 8.06769 18.3635 8.26
      vertex 8.08958 18.3054 8.26
    endloop
  endfacet
  facet normal 0 0 1
    outer loop
      vertex 11.611 27.695 8.26
      vertex 8.04203 18.4202 8.26
      vertex 8.06769 18.3635 8.26
    endloop
  endfacet
  facet normal 0 0 1
    outer loop
      vertex 11.611 27.695 8.26
      vertex 8.01272 18.475 8.26
      vertex 8.04203 18.4202 8.26
    endloop
  endfacet
  facet normal 0 0 1
    outer loop
      vertex 11.611 27.695 8.26
      vertex 7.9799 18.5278 8.26
      vertex 8.01272 18.475 8.26
    endloop
  endfacet
  facet normal 0 0 1
    outer loop
      vertex 11.611 27.695 8.26
      vertex 7.94369 18.5783 8.26
      vertex 7.9799 18.5278 8.26
    endloop
  endfacet
  facet normal 0 0 1
    outer loop
      vertex 11.611 27.695 8.26
      vertex 7.90425 18.6264 8.26
      vertex 7.94369 18.5783 8.26
    endloop
  endfacet
  facet normal 0 0 1
    outer loop
      vertex 11.611 27.695 8.26
      vertex 7.86175 18.6718 8.26
      vertex 7.90425 18.6264 8.26
    endloop
  endfacet
  facet normal 0 0 1
    outer loop
      vertex 11.611 27.695 8.26
      vertex 7.81638 18.7142 8.26
      vertex 7.86175 18.6718 8.26
    endloop
  endfacet
  facet normal 0 0 1
    outer loop
      vertex 11.611 27.695 8.26
      vertex 7.76832 18.7537 8.26
      vertex 7.81638 18.7142 8.26
    endloop
  endfacet
  facet normal 0 0 1
    outer loop
      vertex 11.611 27.695 8.26
      vertex 7.71779 18.7899 8.26
      vertex 7.76832 18.7537 8.26
    endloop
  endfacet
  facet normal 0 0 1
    outer loop
      vertex 11.611 27.695 8.26
      vertex 7.665 18.8227 8.26
      vertex 7.71779 18.7899 8.26
    endloop
  endfacet
  facet normal 0 0 1
    outer loop
      vertex 11.611 27.695 8.26
      vertex 7.61017 18.852 8.26
      vertex 7.665 18.8227 8.26
    endloop
  endfacet
  facet normal 0 0 1
    outer loop
      vertex 11.611 27.695 8.26
      vertex 7.55355 18.8777 8.26
      vertex 7.61017 18.852 8.26
    endloop
  endfacet
  facet normal 0 0 1
    outer loop
      vertex 11.611 27.695 8.26
      vertex 7.49537 18.8996 8.26
      vertex 7.55355 18.8777 8.26
    endloop
  endfacet
  facet normal 0 0 1
    outer loop
      vertex 11.611 27.695 8.26
      vertex 7.43588 18.9176 8.26
      vertex 7.49537 18.8996 8.26
    endloop
  endfacet
  facet normal 0 0 1
    outer loop
      vertex 11.611 27.695 8.26
      vertex 7.37534 18.9317 8.26
      vertex 7.43588 18.9176 8.26
    endloop
  endfacet
  facet normal 0 0 1
    outer loop
      vertex 11.611 27.695 8.26
      vertex 7.314 18.9419 8.26
      vertex 7.37534 18.9317 8.26
    endloop
  endfacet
  facet normal 0 0 1
    outer loop
      vertex 11.611 27.695 8.26
      vertex 7.25213 18.948 8.26
      vertex 7.314 18.9419 8.26
    endloop
  endfacet
  facet normal 0 0 1
    outer loop
      vertex 11.611 27.695 8.26
      vertex 7.19 18.95 8.26
      vertex 7.25213 18.948 8.26
    endloop
  endfacet
  facet normal 0 0 1
    outer loop
      vertex 11.611 27.695 8.26
      vertex 7.12787 18.948 8.26
      vertex 7.19 18.95 8.26
    endloop
  endfacet
  facet normal 0 0 1
    outer loop
      vertex 11.611 27.695 8.26
      vertex 7.066 18.9419 8.26
      vertex 7.12787 18.948 8.26
    endloop
  endfacet
  facet normal 0 0 1
    outer loop
      vertex 11.611 27.695 8.26
      vertex 7.00466 18.9317 8.26
      vertex 7.066 18.9419 8.26
    endloop
  endfacet
  facet normal 0 0 1
    outer loop
      vertex 11.611 27.695 8.26
      vertex 6.94412 18.9176 8.26
      vertex 7.00466 18.9317 8.26
    endloop
  endfacet
  facet normal 0 0 1
    outer loop
      vertex 11.611 27.695 8.26
      vertex 6.88463 18.8996 8.26
      vertex 6.94412 18.9176 8.26
    endloop
  endfacet
  facet normal 0 0 1
    outer loop
      vertex 11.611 27.695 8.26
      vertex 6.82645 18.8777 8.26
      vertex 6.88463 18.8996 8.26
    endloop
  endfacet
  facet normal 0 0 1
    outer loop
      vertex 11.611 27.695 8.26
      vertex 6.76982 18.852 8.26
      vertex 6.82645 18.8777 8.26
    endloop
  endfacet
  facet normal 0 0 1
    outer loop
      vertex 11.611 27.695 8.26
      vertex 6.715 18.8227 8.26
      vertex 6.76982 18.852 8.26
    endloop
  endfacet
  facet normal 0 0 1
    outer loop
      vertex 11.611 27.695 8.26
      vertex 6.66221 18.7899 8.26
      vertex 6.715 18.8227 8.26
    endloop
  endfacet
  facet normal 0 0 1
    outer loop
      vertex 11.611 27.695 8.26
      vertex 6.61168 18.7537 8.26
      vertex 6.66221 18.7899 8.26
    endloop
  endfacet
  facet normal -0 0 1
    outer loop
      vertex -14.614 27.695 8.26
      vertex 6.61168 18.7537 8.26
      vertex 11.611 27.695 8.26
    endloop
  endfacet
  facet normal 0 0 1
    outer loop
      vertex 6.61168 18.7537 8.26
      vertex -14.614 27.695 8.26
      vertex 6.56362 18.7142 8.26
    endloop
  endfacet
  facet normal 0 0 1
    outer loop
      vertex 6.56362 18.7142 8.26
      vertex -14.614 27.695 8.26
      vertex 6.51825 18.6718 8.26
    endloop
  endfacet
  facet normal 0 0 1
    outer loop
      vertex 6.51825 18.6718 8.26
      vertex -14.614 27.695 8.26
      vertex 6.47575 18.6264 8.26
    endloop
  endfacet
  facet normal 0 0 1
    outer loop
      vertex 6.47575 18.6264 8.26
      vertex -14.614 27.695 8.26
      vertex 6.43631 18.5783 8.26
    endloop
  endfacet
  facet normal 0 0 1
    outer loop
      vertex 6.43631 18.5783 8.26
      vertex -14.614 27.695 8.26
      vertex 6.4001 18.5278 8.26
    endloop
  endfacet
  facet normal 0 0 1
    outer loop
      vertex -10.5 5 8.26
      vertex 6.24 13.45 8.26
      vertex 6.24 18 8.26
    endloop
  endfacet
  facet normal 0 0 1
    outer loop
      vertex -14.614 27.695 8.26
      vertex 6.24 18 8.26
      vertex 6.24203 18.0621 8.26
    endloop
  endfacet
  facet normal 0 0 1
    outer loop
      vertex -14.614 27.695 8.26
      vertex 6.24203 18.0621 8.26
      vertex 6.24813 18.124 8.26
    endloop
  endfacet
  facet normal 0 0 1
    outer loop
      vertex -14.614 27.695 8.26
      vertex 6.24813 18.124 8.26
      vertex 6.25825 18.1853 8.26
    endloop
  endfacet
  facet normal 0 0 1
    outer loop
      vertex 6.24 13.45 8.26
      vertex -10.5 5 8.26
      vertex 3.5 5 8.26
    endloop
  endfacet
  facet normal 0 0 1
    outer loop
      vertex -14.614 27.695 8.26
      vertex 6.25825 18.1853 8.26
      vertex 6.27237 18.2459 8.26
    endloop
  endfacet
  facet normal 0 0 1
    outer loop
      vertex -14.614 27.695 8.26
      vertex 6.27237 18.2459 8.26
      vertex 6.29042 18.3054 8.26
    endloop
  endfacet
  facet normal 0 0 1
    outer loop
      vertex -14.614 27.695 8.26
      vertex 6.29042 18.3054 8.26
      vertex 6.31231 18.3635 8.26
    endloop
  endfacet
  facet normal 0 0 1
    outer loop
      vertex -14.614 27.695 8.26
      vertex 6.31231 18.3635 8.26
      vertex 6.33797 18.4202 8.26
    endloop
  endfacet
  facet normal 0 0 1
    outer loop
      vertex -14.614 27.695 8.26
      vertex 6.33797 18.4202 8.26
      vertex 6.36728 18.475 8.26
    endloop
  endfacet
  facet normal 0 0 1
    outer loop
      vertex 6.4001 18.5278 8.26
      vertex -14.614 27.695 8.26
      vertex 6.36728 18.475 8.26
    endloop
  endfacet
  facet normal 0 0 1
    outer loop
      vertex -14.614 -12.879 8.26
      vertex -10.5 5 8.26
      vertex -14.614 27.695 8.26
    endloop
  endfacet
  facet normal 0 0 1
    outer loop
      vertex 6.24 18 8.26
      vertex -14.614 27.695 8.26
      vertex -10.5 5 8.26
    endloop
  endfacet
  facet normal 0 0 1
    outer loop
      vertex 8.13797 13.3879 8.26
      vertex 11.611 27.695 8.26
      vertex 8.14 13.45 8.26
    endloop
  endfacet
  facet normal 0 0 1
    outer loop
      vertex 11.611 27.695 8.26
      vertex 8.13797 13.3879 8.26
      vertex 11.611 -12.879 8.26
    endloop
  endfacet
  facet normal -0 0 1
    outer loop
      vertex 8.13187 13.326 8.26
      vertex 11.611 -12.879 8.26
      vertex 8.13797 13.3879 8.26
    endloop
  endfacet
  facet normal -0 0 1
    outer loop
      vertex 8.12175 13.2647 8.26
      vertex 11.611 -12.879 8.26
      vertex 8.13187 13.326 8.26
    endloop
  endfacet
  facet normal -0 0 1
    outer loop
      vertex 8.10763 13.2041 8.26
      vertex 11.611 -12.879 8.26
      vertex 8.12175 13.2647 8.26
    endloop
  endfacet
  facet normal -0 0 1
    outer loop
      vertex 8.08958 13.1446 8.26
      vertex 11.611 -12.879 8.26
      vertex 8.10763 13.2041 8.26
    endloop
  endfacet
  facet normal -0 0 1
    outer loop
      vertex 8.06769 13.0865 8.26
      vertex 11.611 -12.879 8.26
      vertex 8.08958 13.1446 8.26
    endloop
  endfacet
  facet normal -0 0 1
    outer loop
      vertex 8.04203 13.0298 8.26
      vertex 11.611 -12.879 8.26
      vertex 8.06769 13.0865 8.26
    endloop
  endfacet
  facet normal -0 0 1
    outer loop
      vertex 8.01272 12.975 8.26
      vertex 11.611 -12.879 8.26
      vertex 8.04203 13.0298 8.26
    endloop
  endfacet
  facet normal -0 0 1
    outer loop
      vertex 7.9799 12.9222 8.26
      vertex 11.611 -12.879 8.26
      vertex 8.01272 12.975 8.26
    endloop
  endfacet
  facet normal -0 0 1
    outer loop
      vertex 7.94369 12.8717 8.26
      vertex 11.611 -12.879 8.26
      vertex 7.9799 12.9222 8.26
    endloop
  endfacet
  facet normal -0 0 1
    outer loop
      vertex 7.90425 12.8236 8.26
      vertex 11.611 -12.879 8.26
      vertex 7.94369 12.8717 8.26
    endloop
  endfacet
  facet normal -0 0 1
    outer loop
      vertex 7.86175 12.7782 8.26
      vertex 11.611 -12.879 8.26
      vertex 7.90425 12.8236 8.26
    endloop
  endfacet
  facet normal 0 0 1
    outer loop
      vertex 3.5 5 8.26
      vertex 7.86175 12.7782 8.26
      vertex 7.81638 12.7358 8.26
    endloop
  endfacet
  facet normal 0 0 1
    outer loop
      vertex 3.5 5 8.26
      vertex 7.81638 12.7358 8.26
      vertex 7.76832 12.6963 8.26
    endloop
  endfacet
  facet normal 0 0 1
    outer loop
      vertex 3.5 5 8.26
      vertex 7.76832 12.6963 8.26
      vertex 7.71779 12.6601 8.26
    endloop
  endfacet
  facet normal 0 0 1
    outer loop
      vertex 3.5 5 8.26
      vertex 7.71779 12.6601 8.26
      vertex 7.665 12.6273 8.26
    endloop
  endfacet
  facet normal 0 0 1
    outer loop
      vertex 3.5 5 8.26
      vertex 7.665 12.6273 8.26
      vertex 7.61017 12.598 8.26
    endloop
  endfacet
  facet normal 0 0 1
    outer loop
      vertex 3.5 5 8.26
      vertex 7.61017 12.598 8.26
      vertex 7.55355 12.5723 8.26
    endloop
  endfacet
  facet normal 0 0 1
    outer loop
      vertex 3.5 5 8.26
      vertex 7.55355 12.5723 8.26
      vertex 7.49537 12.5504 8.26
    endloop
  endfacet
  facet normal 0 0 1
    outer loop
      vertex 3.5 5 8.26
      vertex 7.49537 12.5504 8.26
      vertex 7.43588 12.5324 8.26
    endloop
  endfacet
  facet normal 0 0 1
    outer loop
      vertex 3.5 5 8.26
      vertex 7.43588 12.5324 8.26
      vertex 7.37534 12.5183 8.26
    endloop
  endfacet
  facet normal 0 0 1
    outer loop
      vertex 3.5 5 8.26
      vertex 7.37534 12.5183 8.26
      vertex 7.314 12.5081 8.26
    endloop
  endfacet
  facet normal 0 0 1
    outer loop
      vertex 3.5 5 8.26
      vertex 7.314 12.5081 8.26
      vertex 7.25213 12.502 8.26
    endloop
  endfacet
  facet normal 0 0 1
    outer loop
      vertex 3.5 5 8.26
      vertex 7.25213 12.502 8.26
      vertex 7.19 12.5 8.26
    endloop
  endfacet
  facet normal 0 0 1
    outer loop
      vertex 3.5 5 8.26
      vertex 7.19 12.5 8.26
      vertex 7.12787 12.502 8.26
    endloop
  endfacet
  facet normal 0 0 1
    outer loop
      vertex 3.5 5 8.26
      vertex 7.12787 12.502 8.26
      vertex 7.066 12.5081 8.26
    endloop
  endfacet
  facet normal 0 0 1
    outer loop
      vertex 3.5 5 8.26
      vertex 7.066 12.5081 8.26
      vertex 7.00466 12.5183 8.26
    endloop
  endfacet
  facet normal 0 0 1
    outer loop
      vertex 3.5 5 8.26
      vertex 7.00466 12.5183 8.26
      vertex 6.94412 12.5324 8.26
    endloop
  endfacet
  facet normal 0 0 1
    outer loop
      vertex 3.5 5 8.26
      vertex 6.94412 12.5324 8.26
      vertex 6.88463 12.5504 8.26
    endloop
  endfacet
  facet normal 0 0 1
    outer loop
      vertex 3.5 5 8.26
      vertex 6.88463 12.5504 8.26
      vertex 6.82645 12.5723 8.26
    endloop
  endfacet
  facet normal 0 0 1
    outer loop
      vertex 3.5 5 8.26
      vertex 6.82645 12.5723 8.26
      vertex 6.76982 12.598 8.26
    endloop
  endfacet
  facet normal 0 0 1
    outer loop
      vertex 3.5 5 8.26
      vertex 6.76982 12.598 8.26
      vertex 6.715 12.6273 8.26
    endloop
  endfacet
  facet normal 0 0 1
    outer loop
      vertex 3.5 5 8.26
      vertex 6.715 12.6273 8.26
      vertex 6.66221 12.6601 8.26
    endloop
  endfacet
  facet normal 0 0 1
    outer loop
      vertex 3.5 5 8.26
      vertex 6.66221 12.6601 8.26
      vertex 6.61168 12.6963 8.26
    endloop
  endfacet
  facet normal 0 0 1
    outer loop
      vertex 3.5 5 8.26
      vertex 6.61168 12.6963 8.26
      vertex 6.56362 12.7358 8.26
    endloop
  endfacet
  facet normal 0 0 1
    outer loop
      vertex 3.5 5 8.26
      vertex 6.56362 12.7358 8.26
      vertex 6.51825 12.7782 8.26
    endloop
  endfacet
  facet normal 0 0 1
    outer loop
      vertex 3.5 5 8.26
      vertex 6.51825 12.7782 8.26
      vertex 6.47575 12.8236 8.26
    endloop
  endfacet
  facet normal 0 0 1
    outer loop
      vertex 3.5 5 8.26
      vertex 6.47575 12.8236 8.26
      vertex 6.43631 12.8717 8.26
    endloop
  endfacet
  facet normal 0 0 1
    outer loop
      vertex 3.5 5 8.26
      vertex 6.43631 12.8717 8.26
      vertex 6.4001 12.9222 8.26
    endloop
  endfacet
  facet normal 0 0 1
    outer loop
      vertex 3.5 5 8.26
      vertex 6.4001 12.9222 8.26
      vertex 6.36728 12.975 8.26
    endloop
  endfacet
  facet normal 0 0 1
    outer loop
      vertex 3.5 5 8.26
      vertex 6.36728 12.975 8.26
      vertex 6.33797 13.0298 8.26
    endloop
  endfacet
  facet normal 0 0 1
    outer loop
      vertex 3.5 5 8.26
      vertex 6.33797 13.0298 8.26
      vertex 6.31231 13.0865 8.26
    endloop
  endfacet
  facet normal 0 0 1
    outer loop
      vertex 3.5 5 8.26
      vertex 6.31231 13.0865 8.26
      vertex 6.29042 13.1446 8.26
    endloop
  endfacet
  facet normal 0 0 1
    outer loop
      vertex 3.5 5 8.26
      vertex 6.29042 13.1446 8.26
      vertex 6.27237 13.2041 8.26
    endloop
  endfacet
  facet normal 0 0 1
    outer loop
      vertex 3.5 5 8.26
      vertex 6.27237 13.2041 8.26
      vertex 6.25825 13.2647 8.26
    endloop
  endfacet
  facet normal 0 0 1
    outer loop
      vertex 3.5 5 8.26
      vertex 6.24203 13.3879 8.26
      vertex 6.24 13.45 8.26
    endloop
  endfacet
  facet normal 0 0 1
    outer loop
      vertex 3.5 5 8.26
      vertex 6.24813 13.326 8.26
      vertex 6.24203 13.3879 8.26
    endloop
  endfacet
  facet normal 0 0 1
    outer loop
      vertex 3.5 5 8.26
      vertex 6.25825 13.2647 8.26
      vertex 6.24813 13.326 8.26
    endloop
  endfacet
  facet normal 0 0 1
    outer loop
      vertex 7.86175 12.7782 8.26
      vertex 3.5 5 8.26
      vertex 11.611 -12.879 8.26
    endloop
  endfacet
  facet normal -0 0 1
    outer loop
      vertex 3.5 -2.5 8.26
      vertex 11.611 -12.879 8.26
      vertex 3.5 5 8.26
    endloop
  endfacet
  facet normal 0 0 1
    outer loop
      vertex -14.614 -12.879 8.26
      vertex 3.5 -2.5 8.26
      vertex -10.5 -2.5 8.26
    endloop
  endfacet
  facet normal 0 0 1
    outer loop
      vertex 3.5 -2.5 8.26
      vertex -14.614 -12.879 8.26
      vertex 11.611 -12.879 8.26
    endloop
  endfacet
  facet normal 0 0 1
    outer loop
      vertex -10.5 5 8.26
      vertex -14.614 -12.879 8.26
      vertex -10.5 -2.5 8.26
    endloop
  endfacet
  facet normal 1 -0 0
    outer loop
      vertex 11.611 -12.879 8.26
      vertex 11.611 27.695 6.76
      vertex 11.611 27.695 8.26
    endloop
  endfacet
  facet normal 1 0 0
    outer loop
      vertex 11.611 27.695 6.76
      vertex 11.611 -12.879 8.26
      vertex 11.611 -12.879 6.76
    endloop
  endfacet
  facet normal 0 1 -0
    outer loop
      vertex 11.611 27.695 6.76
      vertex -14.614 27.695 8.26
      vertex 11.611 27.695 8.26
    endloop
  endfacet
  facet normal 0 1 0
    outer loop
      vertex -14.614 27.695 8.26
      vertex 11.611 27.695 6.76
      vertex -14.614 27.695 6.76
    endloop
  endfacet
  facet normal 0 0 -1
    outer loop
      vertex 9.661 26.345 6.76
      vertex -12.664 26.345 6.76
      vertex 9.661 26.495 6.76
    endloop
  endfacet
  facet normal 0 0 -1
    outer loop
      vertex 11.611 -12.879 6.76
      vertex 10.261 -11.679 6.76
      vertex 11.611 27.695 6.76
    endloop
  endfacet
  facet normal 0 0 -1
    outer loop
      vertex 11.611 -12.879 6.76
      vertex 9.661 -11.679 6.76
      vertex 10.261 -11.679 6.76
    endloop
  endfacet
  facet normal 0 0 -1
    outer loop
      vertex 9.4 -9.5 6.76
      vertex 9.661 -11.679 6.76
      vertex 9.4 -11.1 6.76
    endloop
  endfacet
  facet normal 0 0 -1
    outer loop
      vertex 9.661 -11.679 6.76
      vertex 7.8 -11.1 6.76
      vertex 9.4 -11.1 6.76
    endloop
  endfacet
  facet normal 0 0 -1
    outer loop
      vertex 11.611 -12.879 6.76
      vertex 7.8 -11.1 6.76
      vertex 9.661 -11.679 6.76
    endloop
  endfacet
  facet normal 0 0 -1
    outer loop
      vertex -12.664 -11.679 6.76
      vertex 7.8 -9.5 6.76
      vertex 7.8 -11.1 6.76
    endloop
  endfacet
  facet normal 0 0 -1
    outer loop
      vertex 7.8 -9.5 6.76
      vertex 7.60944 11.3413 6.76
      vertex 7.74646 11.3733 6.76
    endloop
  endfacet
  facet normal 0 0 -1
    outer loop
      vertex 7.8 -9.5 6.76
      vertex 7.47063 11.3184 6.76
      vertex 7.60944 11.3413 6.76
    endloop
  endfacet
  facet normal 0 0 -1
    outer loop
      vertex 7.8 -9.5 6.76
      vertex 7.33062 11.3046 6.76
      vertex 7.47063 11.3184 6.76
    endloop
  endfacet
  facet normal 0 0 -1
    outer loop
      vertex 7.8 -9.5 6.76
      vertex 7.19 11.3 6.76
      vertex 7.33062 11.3046 6.76
    endloop
  endfacet
  facet normal 0 0 -1
    outer loop
      vertex 7.8 -9.5 6.76
      vertex 7.04938 11.3046 6.76
      vertex 7.19 11.3 6.76
    endloop
  endfacet
  facet normal 0 0 -1
    outer loop
      vertex 7.8 -9.5 6.76
      vertex 6.90937 11.3184 6.76
      vertex 7.04938 11.3046 6.76
    endloop
  endfacet
  facet normal 0 0 -1
    outer loop
      vertex 7.8 -9.5 6.76
      vertex 6.77056 11.3413 6.76
      vertex 6.90937 11.3184 6.76
    endloop
  endfacet
  facet normal 0 0 -1
    outer loop
      vertex 7.8 -9.5 6.76
      vertex 6.63354 11.3733 6.76
      vertex 6.77056 11.3413 6.76
    endloop
  endfacet
  facet normal 0 0 -1
    outer loop
      vertex 7.8 -9.5 6.76
      vertex 6.4989 11.4141 6.76
      vertex 6.63354 11.3733 6.76
    endloop
  endfacet
  facet normal 0 0 -1
    outer loop
      vertex 7.8 -9.5 6.76
      vertex 6.36723 11.4637 6.76
      vertex 6.4989 11.4141 6.76
    endloop
  endfacet
  facet normal 0 0 -1
    outer loop
      vertex 7.8 -9.5 6.76
      vertex 6.23908 11.5217 6.76
      vertex 6.36723 11.4637 6.76
    endloop
  endfacet
  facet normal 0 0 -1
    outer loop
      vertex 7.8 -9.5 6.76
      vertex 6.115 11.588 6.76
      vertex 6.23908 11.5217 6.76
    endloop
  endfacet
  facet normal 0 0 -1
    outer loop
      vertex 7.8 -9.5 6.76
      vertex 5.99552 11.6623 6.76
      vertex 6.115 11.588 6.76
    endloop
  endfacet
  facet normal 0 0 -1
    outer loop
      vertex 7.8 -9.5 6.76
      vertex 5.88116 11.7443 6.76
      vertex 5.99552 11.6623 6.76
    endloop
  endfacet
  facet normal -0 0 -1
    outer loop
      vertex 7.8 -9.5 6.76
      vertex -12.664 -11.679 6.76
      vertex 5.88116 11.7443 6.76
    endloop
  endfacet
  facet normal -0 0 -1
    outer loop
      vertex 5.88116 11.7443 6.76
      vertex -12.664 -11.679 6.76
      vertex 5.77241 11.8335 6.76
    endloop
  endfacet
  facet normal -0 0 -1
    outer loop
      vertex 5.77241 11.8335 6.76
      vertex -12.664 -11.679 6.76
      vertex 5.66972 11.9297 6.76
    endloop
  endfacet
  facet normal -0 0 -1
    outer loop
      vertex 5.66972 11.9297 6.76
      vertex -12.664 -11.679 6.76
      vertex 5.57354 12.0324 6.76
    endloop
  endfacet
  facet normal -0 0 -1
    outer loop
      vertex 5.57354 12.0324 6.76
      vertex -12.664 -11.679 6.76
      vertex 5.48429 12.1412 6.76
    endloop
  endfacet
  facet normal -0 0 -1
    outer loop
      vertex 5.48429 12.1412 6.76
      vertex -12.664 -11.679 6.76
      vertex 5.40234 12.2555 6.76
    endloop
  endfacet
  facet normal -0 0 -1
    outer loop
      vertex 5.40234 12.2555 6.76
      vertex -12.664 -11.679 6.76
      vertex 5.32804 12.375 6.76
    endloop
  endfacet
  facet normal -0 0 -1
    outer loop
      vertex 5.32804 12.375 6.76
      vertex -12.664 -11.679 6.76
      vertex 5.26172 12.4991 6.76
    endloop
  endfacet
  facet normal -0 0 -1
    outer loop
      vertex 5.26172 12.4991 6.76
      vertex -12.664 -11.679 6.76
      vertex 5.20366 12.6272 6.76
    endloop
  endfacet
  facet normal 0 -0 -1
    outer loop
      vertex -11.4 24.1 6.76
      vertex 5.20366 12.6272 6.76
      vertex -12.664 -11.679 6.76
    endloop
  endfacet
  facet normal 0 0 -1
    outer loop
      vertex 5.20366 12.6272 6.76
      vertex -11.4 24.1 6.76
      vertex 5.1541 12.7589 6.76
    endloop
  endfacet
  facet normal 0 0 -1
    outer loop
      vertex 5.1541 12.7589 6.76
      vertex -11.4 24.1 6.76
      vertex 5.11326 12.8935 6.76
    endloop
  endfacet
  facet normal 0 0 -1
    outer loop
      vertex 5.04 13.45 6.76
      vertex -11.4 24.1 6.76
      vertex 5.04 18 6.76
    endloop
  endfacet
  facet normal 0 0 -1
    outer loop
      vertex 5.0446 13.3094 6.76
      vertex -11.4 24.1 6.76
      vertex 5.04 13.45 6.76
    endloop
  endfacet
  facet normal 0 0 -1
    outer loop
      vertex 5.05839 13.1694 6.76
      vertex -11.4 24.1 6.76
      vertex 5.0446 13.3094 6.76
    endloop
  endfacet
  facet normal 0 0 -1
    outer loop
      vertex 5.11326 12.8935 6.76
      vertex -11.4 24.1 6.76
      vertex 5.08131 13.0306 6.76
    endloop
  endfacet
  facet normal 0 0 -1
    outer loop
      vertex 5.08131 13.0306 6.76
      vertex -11.4 24.1 6.76
      vertex 5.05839 13.1694 6.76
    endloop
  endfacet
  facet normal 0 0 -1
    outer loop
      vertex -14.614 -12.879 6.76
      vertex 7.8 -11.1 6.76
      vertex 11.611 -12.879 6.76
    endloop
  endfacet
  facet normal 0 0 -1
    outer loop
      vertex 7.8 -11.1 6.76
      vertex -14.614 -12.879 6.76
      vertex -12.664 -11.679 6.76
    endloop
  endfacet
  facet normal -0 0 -1
    outer loop
      vertex -13.264 -11.679 6.76
      vertex -14.614 -12.879 6.76
      vertex -13.264 26.495 6.76
    endloop
  endfacet
  facet normal -0 0 -1
    outer loop
      vertex -12.664 -11.679 6.76
      vertex -14.614 -12.879 6.76
      vertex -13.264 -11.679 6.76
    endloop
  endfacet
  facet normal 0 0 -1
    outer loop
      vertex 10.261 26.495 6.76
      vertex 11.611 27.695 6.76
      vertex 10.261 -11.679 6.76
    endloop
  endfacet
  facet normal 0 0 -1
    outer loop
      vertex 9.661 26.495 6.76
      vertex 11.611 27.695 6.76
      vertex 10.261 26.495 6.76
    endloop
  endfacet
  facet normal 0 0 -1
    outer loop
      vertex -12.664 26.495 6.76
      vertex 9.661 26.495 6.76
      vertex -12.664 26.345 6.76
    endloop
  endfacet
  facet normal 0 0 -1
    outer loop
      vertex 9.661 26.495 6.76
      vertex -12.664 26.495 6.76
      vertex 11.611 27.695 6.76
    endloop
  endfacet
  facet normal 0 0 -1
    outer loop
      vertex -14.614 27.695 6.76
      vertex -12.664 26.495 6.76
      vertex -13.264 26.495 6.76
    endloop
  endfacet
  facet normal 0 0 -1
    outer loop
      vertex -12.664 26.495 6.76
      vertex -14.614 27.695 6.76
      vertex 11.611 27.695 6.76
    endloop
  endfacet
  facet normal 0 0 -1
    outer loop
      vertex -14.614 27.695 6.76
      vertex -13.264 26.495 6.76
      vertex -14.614 -12.879 6.76
    endloop
  endfacet
  facet normal -0 0 -1
    outer loop
      vertex -11.4 24.1 6.76
      vertex -12.664 -11.679 6.76
      vertex -12.664 24.1 6.76
    endloop
  endfacet
  facet normal 0 0 -1
    outer loop
      vertex 9.34 18 6.76
      vertex 9.661 25.745 6.76
      vertex 9.34 13.45 6.76
    endloop
  endfacet
  facet normal 0 0 -1
    outer loop
      vertex 9.661 -11.679 6.76
      vertex 9.3354 13.3094 6.76
      vertex 9.34 13.45 6.76
    endloop
  endfacet
  facet normal 0 0 -1
    outer loop
      vertex 9.4 -9.5 6.76
      vertex 9.32161 13.1694 6.76
      vertex 9.3354 13.3094 6.76
    endloop
  endfacet
  facet normal 0 0 -1
    outer loop
      vertex 9.4 -9.5 6.76
      vertex 9.29869 13.0306 6.76
      vertex 9.32161 13.1694 6.76
    endloop
  endfacet
  facet normal 0 0 -1
    outer loop
      vertex 9.4 -9.5 6.76
      vertex 9.26674 12.8935 6.76
      vertex 9.29869 13.0306 6.76
    endloop
  endfacet
  facet normal 0 0 -1
    outer loop
      vertex 9.4 -9.5 6.76
      vertex 9.2259 12.7589 6.76
      vertex 9.26674 12.8935 6.76
    endloop
  endfacet
  facet normal 0 0 -1
    outer loop
      vertex 9.4 -9.5 6.76
      vertex 9.17634 12.6272 6.76
      vertex 9.2259 12.7589 6.76
    endloop
  endfacet
  facet normal 0 0 -1
    outer loop
      vertex 9.4 -9.5 6.76
      vertex 9.11828 12.4991 6.76
      vertex 9.17634 12.6272 6.76
    endloop
  endfacet
  facet normal 0 0 -1
    outer loop
      vertex 9.4 -9.5 6.76
      vertex 9.05195 12.375 6.76
      vertex 9.11828 12.4991 6.76
    endloop
  endfacet
  facet normal 0 0 -1
    outer loop
      vertex 9.4 -9.5 6.76
      vertex 8.97766 12.2555 6.76
      vertex 9.05195 12.375 6.76
    endloop
  endfacet
  facet normal 0 0 -1
    outer loop
      vertex 9.4 -9.5 6.76
      vertex 8.89571 12.1412 6.76
      vertex 8.97766 12.2555 6.76
    endloop
  endfacet
  facet normal 0 0 -1
    outer loop
      vertex 9.4 -9.5 6.76
      vertex 8.80645 12.0324 6.76
      vertex 8.89571 12.1412 6.76
    endloop
  endfacet
  facet normal 0 0 -1
    outer loop
      vertex 9.4 -9.5 6.76
      vertex 8.71028 11.9297 6.76
      vertex 8.80645 12.0324 6.76
    endloop
  endfacet
  facet normal 0 0 -1
    outer loop
      vertex 9.4 -9.5 6.76
      vertex 8.60759 11.8335 6.76
      vertex 8.71028 11.9297 6.76
    endloop
  endfacet
  facet normal 0 0 -1
    outer loop
      vertex 9.4 -9.5 6.76
      vertex 8.49884 11.7443 6.76
      vertex 8.60759 11.8335 6.76
    endloop
  endfacet
  facet normal 0 0 -1
    outer loop
      vertex 9.4 -9.5 6.76
      vertex 8.38448 11.6623 6.76
      vertex 8.49884 11.7443 6.76
    endloop
  endfacet
  facet normal 0 0 -1
    outer loop
      vertex 9.4 -9.5 6.76
      vertex 8.265 11.588 6.76
      vertex 8.38448 11.6623 6.76
    endloop
  endfacet
  facet normal 0 0 -1
    outer loop
      vertex 9.4 -9.5 6.76
      vertex 8.14092 11.5217 6.76
      vertex 8.265 11.588 6.76
    endloop
  endfacet
  facet normal 0 0 -1
    outer loop
      vertex 9.4 -9.5 6.76
      vertex 8.01277 11.4637 6.76
      vertex 8.14092 11.5217 6.76
    endloop
  endfacet
  facet normal 0 0 -1
    outer loop
      vertex 9.4 -9.5 6.76
      vertex 7.88109 11.4141 6.76
      vertex 8.01277 11.4637 6.76
    endloop
  endfacet
  facet normal 0 0 -1
    outer loop
      vertex 7.74646 11.3733 6.76
      vertex 9.4 -9.5 6.76
      vertex 7.8 -9.5 6.76
    endloop
  endfacet
  facet normal 0 0 -1
    outer loop
      vertex 9.4 -9.5 6.76
      vertex 7.74646 11.3733 6.76
      vertex 7.88109 11.4141 6.76
    endloop
  endfacet
  facet normal 0 0 -1
    outer loop
      vertex 9.3354 13.3094 6.76
      vertex 9.661 -11.679 6.76
      vertex 9.4 -9.5 6.76
    endloop
  endfacet
  facet normal 0 0 -1
    outer loop
      vertex 9.661 -11.679 6.76
      vertex 9.34 13.45 6.76
      vertex 9.661 25.745 6.76
    endloop
  endfacet
  facet normal 0 0 -1
    outer loop
      vertex 9.4 25.7 6.76
      vertex 9.661 25.745 6.76
      vertex 9.4 24.1 6.76
    endloop
  endfacet
  facet normal 0 0 -1
    outer loop
      vertex 7.8 25.7 6.76
      vertex 9.661 25.745 6.76
      vertex 9.4 25.7 6.76
    endloop
  endfacet
  facet normal 0 0 -1
    outer loop
      vertex 7.47063 20.1316 6.76
      vertex 7.8 24.1 6.76
      vertex 7.60944 20.1087 6.76
    endloop
  endfacet
  facet normal 0 0 -1
    outer loop
      vertex 7.33062 20.1454 6.76
      vertex 7.8 24.1 6.76
      vertex 7.47063 20.1316 6.76
    endloop
  endfacet
  facet normal 0 0 -1
    outer loop
      vertex 7.19 20.15 6.76
      vertex 7.8 24.1 6.76
      vertex 7.33062 20.1454 6.76
    endloop
  endfacet
  facet normal 0 0 -1
    outer loop
      vertex 7.04938 20.1454 6.76
      vertex 7.8 24.1 6.76
      vertex 7.19 20.15 6.76
    endloop
  endfacet
  facet normal 0 0 -1
    outer loop
      vertex 6.90937 20.1316 6.76
      vertex 7.8 24.1 6.76
      vertex 7.04938 20.1454 6.76
    endloop
  endfacet
  facet normal 0 0 -1
    outer loop
      vertex 6.77056 20.1087 6.76
      vertex 7.8 24.1 6.76
      vertex 6.90937 20.1316 6.76
    endloop
  endfacet
  facet normal 0 0 -1
    outer loop
      vertex 6.63354 20.0767 6.76
      vertex 7.8 24.1 6.76
      vertex 6.77056 20.1087 6.76
    endloop
  endfacet
  facet normal 0 0 -1
    outer loop
      vertex 6.4989 20.0359 6.76
      vertex 7.8 24.1 6.76
      vertex 6.63354 20.0767 6.76
    endloop
  endfacet
  facet normal 0 0 -1
    outer loop
      vertex 6.36723 19.9863 6.76
      vertex 7.8 24.1 6.76
      vertex 6.4989 20.0359 6.76
    endloop
  endfacet
  facet normal 0 0 -1
    outer loop
      vertex 6.23908 19.9283 6.76
      vertex 7.8 24.1 6.76
      vertex 6.36723 19.9863 6.76
    endloop
  endfacet
  facet normal 0 0 -1
    outer loop
      vertex 6.115 19.862 6.76
      vertex 7.8 24.1 6.76
      vertex 6.23908 19.9283 6.76
    endloop
  endfacet
  facet normal 0 0 -1
    outer loop
      vertex 5.99552 19.7877 6.76
      vertex 7.8 24.1 6.76
      vertex 6.115 19.862 6.76
    endloop
  endfacet
  facet normal 0 0 -1
    outer loop
      vertex 5.88116 19.7057 6.76
      vertex 7.8 24.1 6.76
      vertex 5.99552 19.7877 6.76
    endloop
  endfacet
  facet normal 0 0 -1
    outer loop
      vertex 5.77241 19.6165 6.76
      vertex 7.8 24.1 6.76
      vertex 5.88116 19.7057 6.76
    endloop
  endfacet
  facet normal 0 0 -1
    outer loop
      vertex 5.66972 19.5203 6.76
      vertex 7.8 24.1 6.76
      vertex 5.77241 19.6165 6.76
    endloop
  endfacet
  facet normal -0 0 -1
    outer loop
      vertex 7.8 24.1 6.76
      vertex 5.66972 19.5203 6.76
      vertex 7.8 25.7 6.76
    endloop
  endfacet
  facet normal 0 0 -1
    outer loop
      vertex 5.57354 19.4176 6.76
      vertex 7.8 25.7 6.76
      vertex 5.66972 19.5203 6.76
    endloop
  endfacet
  facet normal 0 0 -1
    outer loop
      vertex -11.4 25.7 6.76
      vertex 5.57354 19.4176 6.76
      vertex 5.48429 19.3088 6.76
    endloop
  endfacet
  facet normal 0 0 -1
    outer loop
      vertex -11.4 24.1 6.76
      vertex 5.48429 19.3088 6.76
      vertex 5.40234 19.1945 6.76
    endloop
  endfacet
  facet normal 0 0 -1
    outer loop
      vertex -11.4 24.1 6.76
      vertex 5.40234 19.1945 6.76
      vertex 5.32804 19.075 6.76
    endloop
  endfacet
  facet normal 0 0 -1
    outer loop
      vertex -11.4 24.1 6.76
      vertex 5.32804 19.075 6.76
      vertex 5.26172 18.9509 6.76
    endloop
  endfacet
  facet normal 0 0 -1
    outer loop
      vertex -11.4 24.1 6.76
      vertex 5.26172 18.9509 6.76
      vertex 5.20366 18.8228 6.76
    endloop
  endfacet
  facet normal 0 0 -1
    outer loop
      vertex -11.4 24.1 6.76
      vertex 5.0446 18.1406 6.76
      vertex 5.04 18 6.76
    endloop
  endfacet
  facet normal 0 0 -1
    outer loop
      vertex -11.4 24.1 6.76
      vertex 5.05839 18.2806 6.76
      vertex 5.0446 18.1406 6.76
    endloop
  endfacet
  facet normal 0 0 -1
    outer loop
      vertex -11.4 24.1 6.76
      vertex 5.08131 18.4194 6.76
      vertex 5.05839 18.2806 6.76
    endloop
  endfacet
  facet normal 0 0 -1
    outer loop
      vertex -11.4 24.1 6.76
      vertex 5.11326 18.5565 6.76
      vertex 5.08131 18.4194 6.76
    endloop
  endfacet
  facet normal 0 0 -1
    outer loop
      vertex -11.4 24.1 6.76
      vertex 5.1541 18.6911 6.76
      vertex 5.11326 18.5565 6.76
    endloop
  endfacet
  facet normal 0 0 -1
    outer loop
      vertex -11.4 24.1 6.76
      vertex 5.20366 18.8228 6.76
      vertex 5.1541 18.6911 6.76
    endloop
  endfacet
  facet normal 0 0 -1
    outer loop
      vertex 5.48429 19.3088 6.76
      vertex -11.4 24.1 6.76
      vertex -11.4 25.7 6.76
    endloop
  endfacet
  facet normal 0 0 -1
    outer loop
      vertex 5.57354 19.4176 6.76
      vertex -11.4 25.7 6.76
      vertex 7.8 25.7 6.76
    endloop
  endfacet
  facet normal 0 0 -1
    outer loop
      vertex -12.664 25.745 6.76
      vertex 7.8 25.7 6.76
      vertex -11.4 25.7 6.76
    endloop
  endfacet
  facet normal 0 0 -1
    outer loop
      vertex -12.664 25.745 6.76
      vertex -11.4 25.7 6.76
      vertex -12.664 25.7 6.76
    endloop
  endfacet
  facet normal 0 0 -1
    outer loop
      vertex 7.8 25.7 6.76
      vertex -12.664 25.745 6.76
      vertex 9.661 25.745 6.76
    endloop
  endfacet
  facet normal 0 0 -1
    outer loop
      vertex 9.3354 18.1406 6.76
      vertex 9.661 25.745 6.76
      vertex 9.34 18 6.76
    endloop
  endfacet
  facet normal 0 0 -1
    outer loop
      vertex 9.661 25.745 6.76
      vertex 9.3354 18.1406 6.76
      vertex 9.4 24.1 6.76
    endloop
  endfacet
  facet normal 0 0 -1
    outer loop
      vertex 9.32161 18.2806 6.76
      vertex 9.4 24.1 6.76
      vertex 9.3354 18.1406 6.76
    endloop
  endfacet
  facet normal 0 0 -1
    outer loop
      vertex 9.29869 18.4194 6.76
      vertex 9.4 24.1 6.76
      vertex 9.32161 18.2806 6.76
    endloop
  endfacet
  facet normal 0 0 -1
    outer loop
      vertex 9.26674 18.5565 6.76
      vertex 9.4 24.1 6.76
      vertex 9.29869 18.4194 6.76
    endloop
  endfacet
  facet normal 0 0 -1
    outer loop
      vertex 9.2259 18.6911 6.76
      vertex 9.4 24.1 6.76
      vertex 9.26674 18.5565 6.76
    endloop
  endfacet
  facet normal 0 0 -1
    outer loop
      vertex 9.17634 18.8228 6.76
      vertex 9.4 24.1 6.76
      vertex 9.2259 18.6911 6.76
    endloop
  endfacet
  facet normal 0 0 -1
    outer loop
      vertex 9.11828 18.9509 6.76
      vertex 9.4 24.1 6.76
      vertex 9.17634 18.8228 6.76
    endloop
  endfacet
  facet normal 0 0 -1
    outer loop
      vertex 9.05195 19.075 6.76
      vertex 9.4 24.1 6.76
      vertex 9.11828 18.9509 6.76
    endloop
  endfacet
  facet normal 0 0 -1
    outer loop
      vertex 8.97766 19.1945 6.76
      vertex 9.4 24.1 6.76
      vertex 9.05195 19.075 6.76
    endloop
  endfacet
  facet normal 0 0 -1
    outer loop
      vertex 8.89571 19.3088 6.76
      vertex 9.4 24.1 6.76
      vertex 8.97766 19.1945 6.76
    endloop
  endfacet
  facet normal 0 0 -1
    outer loop
      vertex 8.80645 19.4176 6.76
      vertex 9.4 24.1 6.76
      vertex 8.89571 19.3088 6.76
    endloop
  endfacet
  facet normal 0 0 -1
    outer loop
      vertex 8.71028 19.5203 6.76
      vertex 9.4 24.1 6.76
      vertex 8.80645 19.4176 6.76
    endloop
  endfacet
  facet normal 0 0 -1
    outer loop
      vertex 8.60759 19.6165 6.76
      vertex 9.4 24.1 6.76
      vertex 8.71028 19.5203 6.76
    endloop
  endfacet
  facet normal 0 0 -1
    outer loop
      vertex 8.49884 19.7057 6.76
      vertex 9.4 24.1 6.76
      vertex 8.60759 19.6165 6.76
    endloop
  endfacet
  facet normal 0 0 -1
    outer loop
      vertex 8.38448 19.7877 6.76
      vertex 9.4 24.1 6.76
      vertex 8.49884 19.7057 6.76
    endloop
  endfacet
  facet normal 0 0 -1
    outer loop
      vertex 8.265 19.862 6.76
      vertex 9.4 24.1 6.76
      vertex 8.38448 19.7877 6.76
    endloop
  endfacet
  facet normal 0 0 -1
    outer loop
      vertex 8.14092 19.9283 6.76
      vertex 9.4 24.1 6.76
      vertex 8.265 19.862 6.76
    endloop
  endfacet
  facet normal 0 0 -1
    outer loop
      vertex 8.01277 19.9863 6.76
      vertex 9.4 24.1 6.76
      vertex 8.14092 19.9283 6.76
    endloop
  endfacet
  facet normal 0 0 -1
    outer loop
      vertex 7.88109 20.0359 6.76
      vertex 9.4 24.1 6.76
      vertex 8.01277 19.9863 6.76
    endloop
  endfacet
  facet normal 0 0 -1
    outer loop
      vertex 7.88109 20.0359 6.76
      vertex 7.8 24.1 6.76
      vertex 9.4 24.1 6.76
    endloop
  endfacet
  facet normal 0 0 -1
    outer loop
      vertex 7.60944 20.1087 6.76
      vertex 7.8 24.1 6.76
      vertex 7.74646 20.0767 6.76
    endloop
  endfacet
  facet normal 0 0 -1
    outer loop
      vertex 7.74646 20.0767 6.76
      vertex 7.8 24.1 6.76
      vertex 7.88109 20.0359 6.76
    endloop
  endfacet
  facet normal 0 -1 0
    outer loop
      vertex -14.614 -12.879 6.76
      vertex 11.611 -12.879 8.26
      vertex -14.614 -12.879 8.26
    endloop
  endfacet
  facet normal 0 -1 -0
    outer loop
      vertex 11.611 -12.879 8.26
      vertex -14.614 -12.879 6.76
      vertex 11.611 -12.879 6.76
    endloop
  endfacet
  facet normal -1 0 0
    outer loop
      vertex 9.661 19.995 6.36688
      vertex 9.661 25.745 5.56
      vertex 9.661 19.995 5.65312
    endloop
  endfacet
  facet normal -1 0 0
    outer loop
      vertex 9.661 25.745 5.56
      vertex 9.661 16.995 5.65312
      vertex 9.661 19.995 5.65312
    endloop
  endfacet
  facet normal -1 0 0
    outer loop
      vertex 9.661 16.995 5.65312
      vertex 9.661 -2.179 5.65312
      vertex 9.661 16.995 6.36688
    endloop
  endfacet
  facet normal -1 0 0
    outer loop
      vertex 9.661 25.745 5.56
      vertex 9.661 -2.179 5.65312
      vertex 9.661 16.995 5.65312
    endloop
  endfacet
  facet normal -1 0 0
    outer loop
      vertex 9.661 -11.679 5.56
      vertex 9.661 -2.179 5.65312
      vertex 9.661 25.745 5.56
    endloop
  endfacet
  facet normal -1 -0 0
    outer loop
      vertex 9.661 -5.179 5.65312
      vertex 9.661 -11.679 5.56
      vertex 9.661 -5.179 6.36688
    endloop
  endfacet
  facet normal -1 -0 0
    outer loop
      vertex 9.661 -2.179 5.65312
      vertex 9.661 -11.679 5.56
      vertex 9.661 -5.179 5.65312
    endloop
  endfacet
  facet normal -1 0 0
    outer loop
      vertex 9.661 25.745 5.56
      vertex 9.661 19.995 6.36688
      vertex 9.661 25.745 6.76
    endloop
  endfacet
  facet normal -1 0 0
    outer loop
      vertex 9.661 16.995 6.36688
      vertex 9.661 25.745 6.76
      vertex 9.661 19.995 6.36688
    endloop
  endfacet
  facet normal -1 0 0
    outer loop
      vertex 9.661 -2.179 6.36688
      vertex 9.661 16.995 6.36688
      vertex 9.661 -2.179 5.65312
    endloop
  endfacet
  facet normal -1 0 0
    outer loop
      vertex 9.661 16.995 6.36688
      vertex 9.661 -2.179 6.36688
      vertex 9.661 25.745 6.76
    endloop
  endfacet
  facet normal -1 0 0
    outer loop
      vertex 9.661 -11.679 6.76
      vertex 9.661 -2.179 6.36688
      vertex 9.661 -5.179 6.36688
    endloop
  endfacet
  facet normal -1 0 0
    outer loop
      vertex 9.661 -2.179 6.36688
      vertex 9.661 -11.679 6.76
      vertex 9.661 25.745 6.76
    endloop
  endfacet
  facet normal -1 0 0
    outer loop
      vertex 9.661 -11.679 6.76
      vertex 9.661 -5.179 6.36688
      vertex 9.661 -11.679 5.56
    endloop
  endfacet
  facet normal -1 0 0
    outer loop
      vertex 9.661 26.345 5.56
      vertex 9.661 26.495 6.76
      vertex 9.661 26.495 5.56
    endloop
  endfacet
  facet normal -1 -0 0
    outer loop
      vertex 9.661 26.495 6.76
      vertex 9.661 26.345 5.56
      vertex 9.661 26.345 6.76
    endloop
  endfacet
  facet normal 1 0 0
    outer loop
      vertex 10.261 26.495 6.76
      vertex 10.261 19.995 6.44301
      vertex 10.261 26.495 5.56
    endloop
  endfacet
  facet normal 1 0 0
    outer loop
      vertex 10.261 26.495 6.76
      vertex 10.261 16.995 6.44301
      vertex 10.261 19.995 6.44301
    endloop
  endfacet
  facet normal 1 0 0
    outer loop
      vertex 10.261 16.995 6.44301
      vertex 10.261 -2.179 6.44301
      vertex 10.261 16.995 5.57699
    endloop
  endfacet
  facet normal 1 0 0
    outer loop
      vertex 10.261 26.495 6.76
      vertex 10.261 -2.179 6.44301
      vertex 10.261 16.995 6.44301
    endloop
  endfacet
  facet normal 1 -0 0
    outer loop
      vertex 10.261 -11.679 6.76
      vertex 10.261 -2.179 6.44301
      vertex 10.261 26.495 6.76
    endloop
  endfacet
  facet normal 1 0 0
    outer loop
      vertex 10.261 -11.679 5.56
      vertex 10.261 -5.179 6.44301
      vertex 10.261 -11.679 6.76
    endloop
  endfacet
  facet normal 1 0 0
    outer loop
      vertex 10.261 -2.179 6.44301
      vertex 10.261 -11.679 6.76
      vertex 10.261 -5.179 6.44301
    endloop
  endfacet
  facet normal 1 -0 0
    outer loop
      vertex 10.261 19.995 5.57699
      vertex 10.261 26.495 5.56
      vertex 10.261 19.995 6.44301
    endloop
  endfacet
  facet normal 1 -0 0
    outer loop
      vertex 10.261 16.995 5.57699
      vertex 10.261 26.495 5.56
      vertex 10.261 19.995 5.57699
    endloop
  endfacet
  facet normal 1 0 0
    outer loop
      vertex 10.261 -2.179 5.57699
      vertex 10.261 16.995 5.57699
      vertex 10.261 -2.179 6.44301
    endloop
  endfacet
  facet normal 1 -0 0
    outer loop
      vertex 10.261 -2.179 5.57699
      vertex 10.261 26.495 5.56
      vertex 10.261 16.995 5.57699
    endloop
  endfacet
  facet normal 1 -0 0
    outer loop
      vertex 10.261 -5.179 5.57699
      vertex 10.261 26.495 5.56
      vertex 10.261 -2.179 5.57699
    endloop
  endfacet
  facet normal 1 0 0
    outer loop
      vertex 10.261 -5.179 5.57699
      vertex 10.261 -11.679 5.56
      vertex 10.261 26.495 5.56
    endloop
  endfacet
  facet normal 1 0 0
    outer loop
      vertex 10.261 -5.179 6.44301
      vertex 10.261 -11.679 5.56
      vertex 10.261 -5.179 5.57699
    endloop
  endfacet
  facet normal 0 1 -0
    outer loop
      vertex 10.261 26.495 5.56
      vertex 9.661 26.495 6.76
      vertex 10.261 26.495 6.76
    endloop
  endfacet
  facet normal 0 1 0
    outer loop
      vertex 9.661 26.495 6.76
      vertex 10.261 26.495 5.56
      vertex 9.661 26.495 5.56
    endloop
  endfacet
  facet normal 0 0 -1
    outer loop
      vertex -13.2317 -2.179 5.56
      vertex -12.7963 16.995 5.56
      vertex -12.7963 -2.179 5.56
    endloop
  endfacet
  facet normal -0 0 -1
    outer loop
      vertex -12.7963 16.995 5.56
      vertex -13.2317 -2.179 5.56
      vertex -13.2317 16.995 5.56
    endloop
  endfacet
  facet normal 0 0 -1
    outer loop
      vertex -12.7963 -2.179 5.56
      vertex -12.664 -11.679 5.56
      vertex -12.7963 -5.179 5.56
    endloop
  endfacet
  facet normal 0 0 -1
    outer loop
      vertex -13.264 -11.679 5.56
      vertex -12.7963 -5.179 5.56
      vertex -12.664 -11.679 5.56
    endloop
  endfacet
  facet normal 0 0 0
    outer loop
      vertex -13.2317 -5.179 5.56
      vertex -13.2317 16.995 5.56
      vertex -13.2317 -2.179 5.56
    endloop
  endfacet
  facet normal 0 0 0
    outer loop
      vertex -13.2317 -5.179 5.56
      vertex -13.2317 19.995 5.56
      vertex -13.2317 16.995 5.56
    endloop
  endfacet
  facet normal -0 0 -1
    outer loop
      vertex -13.2317 -5.179 5.56
      vertex -13.264 -11.679 5.56
      vertex -13.2317 19.995 5.56
    endloop
  endfacet
  facet normal -0 0 -1
    outer loop
      vertex -12.7963 -5.179 5.56
      vertex -13.264 -11.679 5.56
      vertex -13.2317 -5.179 5.56
    endloop
  endfacet
  facet normal 0 0 -1
    outer loop
      vertex -12.664 -11.679 5.56
      vertex -12.7963 -2.179 5.56
      vertex -12.664 24.1 5.56
    endloop
  endfacet
  facet normal 0 0 -1
    outer loop
      vertex -12.7963 16.995 5.56
      vertex -12.664 24.1 5.56
      vertex -12.7963 -2.179 5.56
    endloop
  endfacet
  facet normal 0 0 -1
    outer loop
      vertex -12.7963 19.995 5.56
      vertex -12.664 24.1 5.56
      vertex -12.7963 16.995 5.56
    endloop
  endfacet
  facet normal 0 0 -1
    outer loop
      vertex -12.7963 19.995 5.56
      vertex -13 24.1 5.56
      vertex -12.664 24.1 5.56
    endloop
  endfacet
  facet normal 0 0 -1
    outer loop
      vertex -13.264 26.495 5.56
      vertex -13 24.1 5.56
      vertex -13.2317 19.995 5.56
    endloop
  endfacet
  facet normal 0 0 -1
    outer loop
      vertex -13.2317 19.995 5.56
      vertex -13 24.1 5.56
      vertex -12.7963 19.995 5.56
    endloop
  endfacet
  facet normal 0 0 -1
    outer loop
      vertex -13 25.7 5.56
      vertex -12.664 25.745 5.56
      vertex -12.664 25.7 5.56
    endloop
  endfacet
  facet normal -0 0 -1
    outer loop
      vertex -12.664 25.745 5.56
      vertex -13 25.7 5.56
      vertex -12.664 26.345 5.56
    endloop
  endfacet
  facet normal 0 0 -1
    outer loop
      vertex -13.264 26.495 5.56
      vertex -12.664 26.345 5.56
      vertex -13 25.7 5.56
    endloop
  endfacet
  facet normal 0 0 -1
    outer loop
      vertex -12.664 26.345 5.56
      vertex -13.264 26.495 5.56
      vertex -12.664 26.495 5.56
    endloop
  endfacet
  facet normal 0 0 -1
    outer loop
      vertex -13 24.1 5.56
      vertex -13.264 26.495 5.56
      vertex -13 25.7 5.56
    endloop
  endfacet
  facet normal 0 0 -1
    outer loop
      vertex -13.264 26.495 5.56
      vertex -13.2317 19.995 5.56
      vertex -13.264 -11.679 5.56
    endloop
  endfacet
  facet normal 0 0 -1
    outer loop
      vertex -12.664 25.745 5.56
      vertex 9.661 26.345 5.56
      vertex 9.661 25.745 5.56
    endloop
  endfacet
  facet normal -0 0 -1
    outer loop
      vertex 9.661 26.345 5.56
      vertex -12.664 25.745 5.56
      vertex -12.664 26.345 5.56
    endloop
  endfacet
  facet normal 0 0 -1
    outer loop
      vertex 9.79331 -2.179 5.56
      vertex 10.2287 16.995 5.56
      vertex 10.2287 -2.179 5.56
    endloop
  endfacet
  facet normal -0 0 -1
    outer loop
      vertex 10.2287 16.995 5.56
      vertex 9.79331 -2.179 5.56
      vertex 9.79331 16.995 5.56
    endloop
  endfacet
  facet normal 0 0 -1
    outer loop
      vertex 10.261 -11.679 5.56
      vertex 10.2287 -5.179 5.56
      vertex 10.261 26.495 5.56
    endloop
  endfacet
  facet normal 0 0 -1
    outer loop
      vertex 10.261 -11.679 5.56
      vertex 9.79331 -5.179 5.56
      vertex 10.2287 -5.179 5.56
    endloop
  endfacet
  facet normal 0 0 -1
    outer loop
      vertex 9.661 -11.679 5.56
      vertex 9.79331 -2.179 5.56
      vertex 9.79331 -5.179 5.56
    endloop
  endfacet
  facet normal -0 0 -1
    outer loop
      vertex 9.79331 -2.179 5.56
      vertex 9.661 -11.679 5.56
      vertex 9.79331 16.995 5.56
    endloop
  endfacet
  facet normal 0 0 -1
    outer loop
      vertex 9.661 25.745 5.56
      vertex 9.79331 16.995 5.56
      vertex 9.661 -11.679 5.56
    endloop
  endfacet
  facet normal 0 0 -1
    outer loop
      vertex 9.661 -11.679 5.56
      vertex 9.79331 -5.179 5.56
      vertex 10.261 -11.679 5.56
    endloop
  endfacet
  facet normal 0 0 -1
    outer loop
      vertex 10.2287 -2.179 5.56
      vertex 10.261 26.495 5.56
      vertex 10.2287 -5.179 5.56
    endloop
  endfacet
  facet normal 0 0 -1
    outer loop
      vertex 10.2287 16.995 5.56
      vertex 10.261 26.495 5.56
      vertex 10.2287 -2.179 5.56
    endloop
  endfacet
  facet normal 0 0 -1
    outer loop
      vertex 10.2287 19.995 5.56
      vertex 10.261 26.495 5.56
      vertex 10.2287 16.995 5.56
    endloop
  endfacet
  facet normal 0 0 -1
    outer loop
      vertex 9.661 25.745 5.56
      vertex 10.2287 19.995 5.56
      vertex 9.79331 19.995 5.56
    endloop
  endfacet
  facet normal 0 0 -1
    outer loop
      vertex 9.79331 16.995 5.56
      vertex 9.661 25.745 5.56
      vertex 9.79331 19.995 5.56
    endloop
  endfacet
  facet normal 0 0 -1
    outer loop
      vertex 10.2287 19.995 5.56
      vertex 9.661 25.745 5.56
      vertex 10.261 26.495 5.56
    endloop
  endfacet
  facet normal 0 0 -1
    outer loop
      vertex 9.661 26.345 5.56
      vertex 10.261 26.495 5.56
      vertex 9.661 25.745 5.56
    endloop
  endfacet
  facet normal -0 0 -1
    outer loop
      vertex 10.261 26.495 5.56
      vertex 9.661 26.345 5.56
      vertex 9.661 26.495 5.56
    endloop
  endfacet
  facet normal 0 -1 0
    outer loop
      vertex 9.661 -11.679 5.56
      vertex 10.261 -11.679 6.76
      vertex 9.661 -11.679 6.76
    endloop
  endfacet
  facet normal 0 -1 -0
    outer loop
      vertex 10.261 -11.679 6.76
      vertex 9.661 -11.679 5.56
      vertex 10.261 -11.679 5.56
    endloop
  endfacet
  facet normal -1 0 0
    outer loop
      vertex -13.264 19.995 6.44301
      vertex -13.264 26.495 5.56
      vertex -13.264 19.995 5.57699
    endloop
  endfacet
  facet normal -1 0 0
    outer loop
      vertex -13.264 26.495 5.56
      vertex -13.264 16.995 5.57699
      vertex -13.264 19.995 5.57699
    endloop
  endfacet
  facet normal -1 0 0
    outer loop
      vertex -13.264 16.995 5.57699
      vertex -13.264 -2.179 5.57699
      vertex -13.264 16.995 6.44301
    endloop
  endfacet
  facet normal -1 0 0
    outer loop
      vertex -13.264 26.495 5.56
      vertex -13.264 -2.179 5.57699
      vertex -13.264 16.995 5.57699
    endloop
  endfacet
  facet normal -1 0 0
    outer loop
      vertex -13.264 26.495 5.56
      vertex -13.264 -5.179 5.57699
      vertex -13.264 -2.179 5.57699
    endloop
  endfacet
  facet normal -1 -0 0
    outer loop
      vertex -13.264 -5.179 5.57699
      vertex -13.264 -11.679 5.56
      vertex -13.264 -5.179 6.44301
    endloop
  endfacet
  facet normal -1 0 0
    outer loop
      vertex -13.264 -11.679 5.56
      vertex -13.264 -5.179 5.57699
      vertex -13.264 26.495 5.56
    endloop
  endfacet
  facet normal -1 0 0
    outer loop
      vertex -13.264 26.495 5.56
      vertex -13.264 19.995 6.44301
      vertex -13.264 26.495 6.76
    endloop
  endfacet
  facet normal -1 0 0
    outer loop
      vertex -13.264 16.995 6.44301
      vertex -13.264 26.495 6.76
      vertex -13.264 19.995 6.44301
    endloop
  endfacet
  facet normal -1 0 0
    outer loop
      vertex -13.264 -2.179 6.44301
      vertex -13.264 16.995 6.44301
      vertex -13.264 -2.179 5.57699
    endloop
  endfacet
  facet normal -1 0 0
    outer loop
      vertex -13.264 -2.179 6.44301
      vertex -13.264 26.495 6.76
      vertex -13.264 16.995 6.44301
    endloop
  endfacet
  facet normal -1 0 0
    outer loop
      vertex -13.264 -11.679 6.76
      vertex -13.264 -2.179 6.44301
      vertex -13.264 -5.179 6.44301
    endloop
  endfacet
  facet normal -1 0 0
    outer loop
      vertex -13.264 -2.179 6.44301
      vertex -13.264 -11.679 6.76
      vertex -13.264 26.495 6.76
    endloop
  endfacet
  facet normal -1 0 0
    outer loop
      vertex -13.264 -11.679 6.76
      vertex -13.264 -5.179 6.44301
      vertex -13.264 -11.679 5.56
    endloop
  endfacet
  facet normal 1 -0 0
    outer loop
      vertex -12.664 25.7 6.76
      vertex -12.664 25.745 5.56
      vertex -12.664 25.745 6.76
    endloop
  endfacet
  facet normal 1 0 0
    outer loop
      vertex -12.664 25.745 5.56
      vertex -12.664 25.7 6.76
      vertex -12.664 25.7 5.56
    endloop
  endfacet
  facet normal 1 -0 0
    outer loop
      vertex -12.664 26.345 6.76
      vertex -12.664 26.495 5.56
      vertex -12.664 26.495 6.76
    endloop
  endfacet
  facet normal 1 0 0
    outer loop
      vertex -12.664 26.495 5.56
      vertex -12.664 26.345 6.76
      vertex -12.664 26.345 5.56
    endloop
  endfacet
  facet normal 1 0 0
    outer loop
      vertex -12.664 24.1 6.76
      vertex -12.664 19.995 6.36688
      vertex -12.664 24.1 5.56
    endloop
  endfacet
  facet normal 1 0 0
    outer loop
      vertex -12.664 24.1 6.76
      vertex -12.664 16.995 6.36688
      vertex -12.664 19.995 6.36688
    endloop
  endfacet
  facet normal 1 0 0
    outer loop
      vertex -12.664 16.995 6.36688
      vertex -12.664 -2.179 6.36688
      vertex -12.664 16.995 5.65312
    endloop
  endfacet
  facet normal 1 0 0
    outer loop
      vertex -12.664 24.1 6.76
      vertex -12.664 -2.179 6.36688
      vertex -12.664 16.995 6.36688
    endloop
  endfacet
  facet normal 1 -0 0
    outer loop
      vertex -12.664 -11.679 6.76
      vertex -12.664 -2.179 6.36688
      vertex -12.664 24.1 6.76
    endloop
  endfacet
  facet normal 1 0 0
    outer loop
      vertex -12.664 -11.679 5.56
      vertex -12.664 -5.179 6.36688
      vertex -12.664 -11.679 6.76
    endloop
  endfacet
  facet normal 1 0 0
    outer loop
      vertex -12.664 -2.179 6.36688
      vertex -12.664 -11.679 6.76
      vertex -12.664 -5.179 6.36688
    endloop
  endfacet
  facet normal 1 -0 0
    outer loop
      vertex -12.664 19.995 5.65312
      vertex -12.664 24.1 5.56
      vertex -12.664 19.995 6.36688
    endloop
  endfacet
  facet normal 1 -0 0
    outer loop
      vertex -12.664 16.995 5.65312
      vertex -12.664 24.1 5.56
      vertex -12.664 19.995 5.65312
    endloop
  endfacet
  facet normal 1 0 0
    outer loop
      vertex -12.664 -2.179 5.65312
      vertex -12.664 16.995 5.65312
      vertex -12.664 -2.179 6.36688
    endloop
  endfacet
  facet normal 1 -0 0
    outer loop
      vertex -12.664 -2.179 5.65312
      vertex -12.664 24.1 5.56
      vertex -12.664 16.995 5.65312
    endloop
  endfacet
  facet normal 1 0 0
    outer loop
      vertex -12.664 -11.679 5.56
      vertex -12.664 -2.179 5.65312
      vertex -12.664 -5.179 5.65312
    endloop
  endfacet
  facet normal 1 0 0
    outer loop
      vertex -12.664 -2.179 5.65312
      vertex -12.664 -11.679 5.56
      vertex -12.664 24.1 5.56
    endloop
  endfacet
  facet normal 1 0 0
    outer loop
      vertex -12.664 -5.179 6.36688
      vertex -12.664 -11.679 5.56
      vertex -12.664 -5.179 5.65312
    endloop
  endfacet
  facet normal 0 -1 0
    outer loop
      vertex -13.264 -11.679 5.56
      vertex -12.664 -11.679 6.76
      vertex -13.264 -11.679 6.76
    endloop
  endfacet
  facet normal 0 -1 -0
    outer loop
      vertex -12.664 -11.679 6.76
      vertex -13.264 -11.679 5.56
      vertex -12.664 -11.679 5.56
    endloop
  endfacet
  facet normal 0 1 -0
    outer loop
      vertex -12.664 26.495 5.56
      vertex -13.264 26.495 6.76
      vertex -12.664 26.495 6.76
    endloop
  endfacet
  facet normal 0 1 0
    outer loop
      vertex -13.264 26.495 6.76
      vertex -12.664 26.495 5.56
      vertex -13.264 26.495 5.56
    endloop
  endfacet
  facet normal 0 1 -0
    outer loop
      vertex 9.661 26.345 5.56
      vertex -12.664 26.345 6.76
      vertex 9.661 26.345 6.76
    endloop
  endfacet
  facet normal 0 1 0
    outer loop
      vertex -12.664 26.345 6.76
      vertex 9.661 26.345 5.56
      vertex -12.664 26.345 5.56
    endloop
  endfacet
  facet normal 0 -1 0
    outer loop
      vertex -12.664 25.745 5.56
      vertex 9.661 25.745 6.76
      vertex -12.664 25.745 6.76
    endloop
  endfacet
  facet normal 0 -1 -0
    outer loop
      vertex 9.661 25.745 6.76
      vertex -12.664 25.745 5.56
      vertex 9.661 25.745 5.56
    endloop
  endfacet
  facet normal -0.706919 0.0231086 -0.706917
    outer loop
      vertex 8.14 13.45 7.98
      vertex 9.3354 13.3094 6.78
      vertex 8.13797 13.3879 7.98
    endloop
  endfacet
  facet normal -0.706918 -0.0231282 -0.706918
    outer loop
      vertex 9.3354 18.1406 6.78
      vertex 9.34 18 6.78
      vertex 8.14 18 7.98
    endloop
  endfacet
  facet normal 0.022757 -0.706945 -0.706902
    outer loop
      vertex 7.19 18.95 7.98
      vertex 7.12787 18.948 7.98
      vertex 7.04938 20.1454 6.78
    endloop
  endfacet
  facet normal -0.707107 0 -0.707107
    outer loop
      vertex 9.34 13.45 6.78
      vertex 8.14 18 7.98
      vertex 9.34 18 6.78
    endloop
  endfacet
  facet normal -0.707107 -0 -0.707107
    outer loop
      vertex 8.14 18 7.98
      vertex 9.34 13.45 6.78
      vertex 8.14 13.45 7.98
    endloop
  endfacet
  facet normal 0.706918 -0.0231282 -0.706918
    outer loop
      vertex 5.0446 18.1406 6.78
      vertex 6.24 18 7.98
      vertex 5.04 18 6.78
    endloop
  endfacet
  facet normal -0.999465 0.0326994 0
    outer loop
      vertex 9.3354 13.3094 6.76
      vertex 9.34 13.45 6.78
      vertex 9.34 13.45 6.76
    endloop
  endfacet
  facet normal -0.999465 0.0326994 0
    outer loop
      vertex 9.34 13.45 6.78
      vertex 9.3354 13.3094 6.76
      vertex 9.3354 13.3094 6.78
    endloop
  endfacet
  facet normal 0.999465 0.0326994 0
    outer loop
      vertex 5.0446 13.3094 6.78
      vertex 5.04 13.45 6.76
      vertex 5.04 13.45 6.78
    endloop
  endfacet
  facet normal 0.999465 0.0326994 0
    outer loop
      vertex 5.04 13.45 6.76
      vertex 5.0446 13.3094 6.78
      vertex 5.0446 13.3094 6.76
    endloop
  endfacet
  facet normal -0.623786 -0.333406 -0.706917
    outer loop
      vertex 9.05195 19.075 6.78
      vertex 9.11828 18.9509 6.78
      vertex 8.01272 18.475 7.98
    endloop
  endfacet
  facet normal -0.995184 0.0980256 0
    outer loop
      vertex 9.32161 13.1694 6.76
      vertex 9.3354 13.3094 6.78
      vertex 9.3354 13.3094 6.76
    endloop
  endfacet
  facet normal -0.995184 0.0980256 0
    outer loop
      vertex 9.3354 13.3094 6.78
      vertex 9.32161 13.1694 6.76
      vertex 9.32161 13.1694 6.78
    endloop
  endfacet
  facet normal -0.546822 0.448615 -0.706916
    outer loop
      vertex 8.89571 12.1412 6.78
      vertex 8.80645 12.0324 6.78
      vertex 7.94369 12.8717 7.98
    endloop
  endfacet
  facet normal 0.160439 0.688866 -0.706911
    outer loop
      vertex 6.94412 12.5324 7.98
      vertex 7.00466 12.5183 7.98
      vertex 6.63354 11.3733 6.78
    endloop
  endfacet
  facet normal 0.703889 0.069333 -0.706918
    outer loop
      vertex 6.24813 13.326 7.98
      vertex 5.05839 13.1694 6.78
      vertex 5.0446 13.3094 6.78
    endloop
  endfacet
  facet normal -0.999465 -0.0326994 0
    outer loop
      vertex 9.34 18 6.76
      vertex 9.3354 18.1406 6.78
      vertex 9.3354 18.1406 6.76
    endloop
  endfacet
  facet normal -0.999465 -0.0326994 0
    outer loop
      vertex 9.3354 18.1406 6.78
      vertex 9.34 18 6.76
      vertex 9.34 18 6.78
    endloop
  endfacet
  facet normal -0.986639 -0.162923 0
    outer loop
      vertex 9.32161 18.2806 6.76
      vertex 9.29869 18.4194 6.78
      vertex 9.29869 18.4194 6.76
    endloop
  endfacet
  facet normal -0.986639 -0.162923 0
    outer loop
      vertex 9.29869 18.4194 6.78
      vertex 9.32161 18.2806 6.76
      vertex 9.32161 18.2806 6.78
    endloop
  endfacet
  facet normal -0.773114 -0.634267 0
    outer loop
      vertex 8.89571 19.3088 6.76
      vertex 8.80645 19.4176 6.78
      vertex 8.80645 19.4176 6.76
    endloop
  endfacet
  facet normal -0.773114 -0.634267 0
    outer loop
      vertex 8.80645 19.4176 6.78
      vertex 8.89571 19.3088 6.76
      vertex 8.89571 19.3088 6.78
    endloop
  endfacet
  facet normal 0.448558 0.546869 -0.706916
    outer loop
      vertex 6.61168 12.6963 7.98
      vertex 5.88116 11.7443 6.78
      vertex 5.77241 11.8335 6.78
    endloop
  endfacet
  facet normal -0.352494 0.935814 0
    outer loop
      vertex 8.01277 11.4637 6.76
      vertex 7.88109 11.4141 6.78
      vertex 8.01277 11.4637 6.78
    endloop
  endfacet
  facet normal -0.352494 0.935814 0
    outer loop
      vertex 7.88109 11.4141 6.78
      vertex 8.01277 11.4637 6.76
      vertex 7.88109 11.4141 6.76
    endloop
  endfacet
  facet normal -0.688839 0.160528 -0.706917
    outer loop
      vertex 9.29869 13.0306 6.78
      vertex 9.26674 12.8935 6.78
      vertex 8.10763 13.2041 7.98
    endloop
  endfacet
  facet normal 0.986639 -0.162923 0
    outer loop
      vertex 5.05839 18.2806 6.78
      vertex 5.08131 18.4194 6.76
      vertex 5.08131 18.4194 6.78
    endloop
  endfacet
  facet normal 0.986639 -0.162923 0
    outer loop
      vertex 5.08131 18.4194 6.76
      vertex 5.05839 18.2806 6.78
      vertex 5.05839 18.2806 6.76
    endloop
  endfacet
  facet normal 0.661867 0.249368 -0.706928
    outer loop
      vertex 6.29042 13.1446 7.98
      vertex 6.31231 13.0865 7.98
      vertex 5.20366 12.6272 6.78
    endloop
  endfacet
  facet normal 0.703887 0.0693653 -0.706917
    outer loop
      vertex 6.24203 13.3879 7.98
      vertex 6.24813 13.326 7.98
      vertex 5.0446 13.3094 6.78
    endloop
  endfacet
  facet normal -0.706918 0.0231282 -0.706918
    outer loop
      vertex 9.34 13.45 6.78
      vertex 9.3354 13.3094 6.78
      vertex 8.14 13.45 7.98
    endloop
  endfacet
  facet normal -0.683669 -0.729792 0
    outer loop
      vertex 8.60759 19.6165 6.76
      vertex 8.71028 19.5203 6.78
      vertex 8.60759 19.6165 6.78
    endloop
  endfacet
  facet normal -0.683669 -0.729792 -0
    outer loop
      vertex 8.71028 19.5203 6.78
      vertex 8.60759 19.6165 6.76
      vertex 8.71028 19.5203 6.76
    endloop
  endfacet
  facet normal -0.995184 -0.0980256 0
    outer loop
      vertex 9.3354 18.1406 6.76
      vertex 9.32161 18.2806 6.78
      vertex 9.32161 18.2806 6.76
    endloop
  endfacet
  facet normal -0.995184 -0.0980256 0
    outer loop
      vertex 9.32161 18.2806 6.78
      vertex 9.3354 18.1406 6.76
      vertex 9.3354 18.1406 6.78
    endloop
  endfacet
  facet normal 0.697846 0.115235 -0.706917
    outer loop
      vertex 6.25825 13.2647 7.98
      vertex 5.08131 13.0306 6.78
      vertex 5.05839 13.1694 6.78
    endloop
  endfacet
  facet normal 0.849234 0.528017 0
    outer loop
      vertex 5.40234 12.2555 6.78
      vertex 5.32804 12.375 6.76
      vertex 5.32804 12.375 6.78
    endloop
  endfacet
  facet normal 0.849234 0.528017 0
    outer loop
      vertex 5.32804 12.375 6.76
      vertex 5.40234 12.2555 6.78
      vertex 5.40234 12.2555 6.76
    endloop
  endfacet
  facet normal 0.227423 0.973796 -0
    outer loop
      vertex 6.77056 11.3413 6.76
      vertex 6.63354 11.3733 6.78
      vertex 6.77056 11.3413 6.78
    endloop
  endfacet
  facet normal 0.227423 0.973796 0
    outer loop
      vertex 6.63354 11.3733 6.78
      vertex 6.77056 11.3413 6.76
      vertex 6.63354 11.3733 6.76
    endloop
  endfacet
  facet normal -0.069379 0.703895 -0.706908
    outer loop
      vertex 7.47063 11.3184 6.78
      vertex 7.33062 11.3046 6.78
      vertex 7.25213 12.502 7.98
    endloop
  endfacet
  facet normal -0.676836 0.205326 -0.706918
    outer loop
      vertex 8.10763 13.2041 7.98
      vertex 9.26674 12.8935 6.78
      vertex 8.08958 13.1446 7.98
    endloop
  endfacet
  facet normal -0.812699 0.582683 0
    outer loop
      vertex 8.89571 12.1412 6.76
      vertex 8.97766 12.2555 6.78
      vertex 8.97766 12.2555 6.76
    endloop
  endfacet
  facet normal -0.812699 0.582683 0
    outer loop
      vertex 8.97766 12.2555 6.78
      vertex 8.89571 12.1412 6.76
      vertex 8.89571 12.1412 6.78
    endloop
  endfacet
  facet normal -0.986639 0.162923 0
    outer loop
      vertex 9.29869 13.0306 6.76
      vertex 9.32161 13.1694 6.78
      vertex 9.32161 13.1694 6.76
    endloop
  endfacet
  facet normal -0.986639 0.162923 0
    outer loop
      vertex 9.32161 13.1694 6.78
      vertex 9.29869 13.0306 6.76
      vertex 9.29869 13.0306 6.78
    endloop
  endfacet
  facet normal 0.706918 0.0231282 -0.706918
    outer loop
      vertex 6.24 13.45 7.98
      vertex 5.0446 13.3094 6.78
      vertex 5.04 13.45 6.78
    endloop
  endfacet
  facet normal 0.707107 0 -0.707107
    outer loop
      vertex 6.24 13.45 7.98
      vertex 5.04 18 6.78
      vertex 6.24 18 7.98
    endloop
  endfacet
  facet normal 0.707107 0 -0.707107
    outer loop
      vertex 5.04 18 6.78
      vertex 6.24 13.45 7.98
      vertex 5.04 13.45 6.78
    endloop
  endfacet
  facet normal 0.706919 0.0231086 -0.706917
    outer loop
      vertex 6.24 13.45 7.98
      vertex 6.24203 13.3879 7.98
      vertex 5.0446 13.3094 6.78
    endloop
  endfacet
  facet normal 0.995184 -0.0980256 0
    outer loop
      vertex 5.0446 18.1406 6.78
      vertex 5.05839 18.2806 6.76
      vertex 5.05839 18.2806 6.78
    endloop
  endfacet
  facet normal 0.995184 -0.0980256 0
    outer loop
      vertex 5.05839 18.2806 6.76
      vertex 5.0446 18.1406 6.78
      vertex 5.0446 18.1406 6.76
    endloop
  endfacet
  facet normal 0.69785 -0.115208 -0.706918
    outer loop
      vertex 6.25825 18.1853 7.98
      vertex 6.24813 18.124 7.98
      vertex 5.05839 18.2806 6.78
    endloop
  endfacet
  facet normal 0.973904 0.22696 0
    outer loop
      vertex 5.11326 12.8935 6.78
      vertex 5.08131 13.0306 6.76
      vertex 5.08131 13.0306 6.78
    endloop
  endfacet
  facet normal 0.973904 0.22696 0
    outer loop
      vertex 5.08131 13.0306 6.76
      vertex 5.11326 12.8935 6.78
      vertex 5.11326 12.8935 6.76
    endloop
  endfacet
  facet normal 0.935926 0.352198 0
    outer loop
      vertex 5.20366 12.6272 6.78
      vertex 5.1541 12.7589 6.76
      vertex 5.1541 12.7589 6.78
    endloop
  endfacet
  facet normal 0.935926 0.352198 0
    outer loop
      vertex 5.1541 12.7589 6.76
      vertex 5.20366 12.6272 6.78
      vertex 5.20366 12.6272 6.76
    endloop
  endfacet
  facet normal -0.448546 -0.546855 -0.706934
    outer loop
      vertex 8.49884 19.7057 6.78
      vertex 8.60759 19.6165 6.78
      vertex 7.81638 18.7142 7.98
    endloop
  endfacet
  facet normal -0.352494 -0.935814 0
    outer loop
      vertex 7.88109 20.0359 6.76
      vertex 8.01277 19.9863 6.78
      vertex 7.88109 20.0359 6.78
    endloop
  endfacet
  facet normal -0.352494 -0.935814 -0
    outer loop
      vertex 8.01277 19.9863 6.78
      vertex 7.88109 20.0359 6.76
      vertex 8.01277 19.9863 6.76
    endloop
  endfacet
  facet normal -1 0 0
    outer loop
      vertex 9.34 13.45 6.76
      vertex 9.34 18 6.78
      vertex 9.34 18 6.76
    endloop
  endfacet
  facet normal -1 -0 0
    outer loop
      vertex 9.34 18 6.78
      vertex 9.34 13.45 6.76
      vertex 9.34 13.45 6.78
    endloop
  endfacet
  facet normal -0.644209 -0.291981 -0.706924
    outer loop
      vertex 9.11828 18.9509 6.78
      vertex 9.17634 18.8228 6.78
      vertex 8.06769 18.3635 7.98
    endloop
  endfacet
  facet normal -0.64439 -0.291623 -0.706907
    outer loop
      vertex 9.11828 18.9509 6.78
      vertex 8.06769 18.3635 7.98
      vertex 8.04203 18.4202 7.98
    endloop
  endfacet
  facet normal -0.956922 -0.290347 0
    outer loop
      vertex 9.26674 18.5565 6.76
      vertex 9.2259 18.6911 6.78
      vertex 9.2259 18.6911 6.76
    endloop
  endfacet
  facet normal -0.956922 -0.290347 0
    outer loop
      vertex 9.2259 18.6911 6.78
      vertex 9.26674 18.5565 6.76
      vertex 9.26674 18.5565 6.78
    endloop
  endfacet
  facet normal -0.661971 -0.249106 -0.706924
    outer loop
      vertex 9.17634 18.8228 6.78
      vertex 9.2259 18.6911 6.78
      vertex 8.06769 18.3635 7.98
    endloop
  endfacet
  facet normal 0.773149 0.634224 0
    outer loop
      vertex 5.57354 12.0324 6.78
      vertex 5.48429 12.1412 6.76
      vertex 5.48429 12.1412 6.78
    endloop
  endfacet
  facet normal 0.773149 0.634224 0
    outer loop
      vertex 5.48429 12.1412 6.76
      vertex 5.57354 12.0324 6.78
      vertex 5.57354 12.0324 6.76
    endloop
  endfacet
  facet normal 0.600705 0.373393 -0.706917
    outer loop
      vertex 6.36728 12.975 7.98
      vertex 6.4001 12.9222 7.98
      vertex 5.40234 12.2555 6.78
    endloop
  endfacet
  facet normal 0.676827 0.205361 -0.706917
    outer loop
      vertex 6.29042 13.1446 7.98
      vertex 5.1541 12.7589 6.78
      vertex 5.11326 12.8935 6.78
    endloop
  endfacet
  facet normal -0.0326948 0.999465 0
    outer loop
      vertex 7.33062 11.3046 6.76
      vertex 7.19 11.3 6.78
      vertex 7.33062 11.3046 6.78
    endloop
  endfacet
  facet normal -0.0326948 0.999465 0
    outer loop
      vertex 7.19 11.3 6.78
      vertex 7.33062 11.3046 6.76
      vertex 7.19 11.3 6.76
    endloop
  endfacet
  facet normal -0.116024 0.697739 -0.706894
    outer loop
      vertex 7.37534 12.5183 7.98
      vertex 7.47063 11.3184 6.78
      vertex 7.314 12.5081 7.98
    endloop
  endfacet
  facet normal -0.48356 0.516182 -0.706913
    outer loop
      vertex 8.71028 11.9297 6.78
      vertex 8.60759 11.8335 6.78
      vertex 7.86175 12.7782 7.98
    endloop
  endfacet
  facet normal -0.574819 0.41213 -0.706917
    outer loop
      vertex 8.97766 12.2555 6.78
      vertex 8.89571 12.1412 6.78
      vertex 7.94369 12.8717 7.98
    endloop
  endfacet
  facet normal -0.482912 0.516739 -0.706949
    outer loop
      vertex 7.86175 12.7782 7.98
      vertex 8.60759 11.8335 6.78
      vertex 7.81638 12.7358 7.98
    endloop
  endfacet
  facet normal -0.935926 0.352198 0
    outer loop
      vertex 9.17634 12.6272 6.76
      vertex 9.2259 12.7589 6.78
      vertex 9.2259 12.7589 6.76
    endloop
  endfacet
  facet normal -0.935926 0.352198 0
    outer loop
      vertex 9.2259 12.7589 6.78
      vertex 9.17634 12.6272 6.76
      vertex 9.17634 12.6272 6.78
    endloop
  endfacet
  facet normal -0.697846 0.115235 -0.706917
    outer loop
      vertex 9.32161 13.1694 6.78
      vertex 9.29869 13.0306 6.78
      vertex 8.13187 13.326 7.98
    endloop
  endfacet
  facet normal 1 -0 0
    outer loop
      vertex 5.04 13.45 6.78
      vertex 5.04 18 6.76
      vertex 5.04 18 6.78
    endloop
  endfacet
  facet normal 1 0 0
    outer loop
      vertex 5.04 18 6.76
      vertex 5.04 13.45 6.78
      vertex 5.04 13.45 6.76
    endloop
  endfacet
  facet normal 0.999465 -0.0326994 0
    outer loop
      vertex 5.04 18 6.78
      vertex 5.0446 18.1406 6.76
      vertex 5.0446 18.1406 6.78
    endloop
  endfacet
  facet normal 0.999465 -0.0326994 0
    outer loop
      vertex 5.0446 18.1406 6.76
      vertex 5.04 18 6.78
      vertex 5.04 18 6.76
    endloop
  endfacet
  facet normal 0.661978 -0.249109 -0.706916
    outer loop
      vertex 5.20366 18.8228 6.78
      vertex 6.29042 18.3054 7.98
      vertex 5.1541 18.6911 6.78
    endloop
  endfacet
  facet normal 0.688838 -0.160528 -0.706918
    outer loop
      vertex 5.11326 18.5565 6.78
      vertex 6.25825 18.1853 7.98
      vertex 5.08131 18.4194 6.78
    endloop
  endfacet
  facet normal 0.986639 0.162923 0
    outer loop
      vertex 5.08131 13.0306 6.78
      vertex 5.05839 13.1694 6.76
      vertex 5.05839 13.1694 6.78
    endloop
  endfacet
  facet normal 0.986639 0.162923 0
    outer loop
      vertex 5.05839 13.1694 6.76
      vertex 5.08131 13.0306 6.78
      vertex 5.08131 13.0306 6.76
    endloop
  endfacet
  facet normal 0.995184 0.0980256 0
    outer loop
      vertex 5.05839 13.1694 6.78
      vertex 5.0446 13.3094 6.76
      vertex 5.0446 13.3094 6.78
    endloop
  endfacet
  facet normal 0.995184 0.0980256 0
    outer loop
      vertex 5.0446 13.3094 6.76
      vertex 5.05839 13.1694 6.78
      vertex 5.05839 13.1694 6.76
    endloop
  endfacet
  facet normal 0.0693789 -0.703894 -0.706908
    outer loop
      vertex 7.04938 20.1454 6.78
      vertex 7.066 18.9419 7.98
      vertex 6.90937 20.1316 6.78
    endloop
  endfacet
  facet normal -0.160439 -0.688866 -0.706911
    outer loop
      vertex 7.74646 20.0767 6.78
      vertex 7.43588 18.9176 7.98
      vertex 7.37534 18.9317 7.98
    endloop
  endfacet
  facet normal -0.634186 -0.773181 0
    outer loop
      vertex 8.49884 19.7057 6.76
      vertex 8.60759 19.6165 6.78
      vertex 8.49884 19.7057 6.78
    endloop
  endfacet
  facet normal -0.634186 -0.773181 -0
    outer loop
      vertex 8.60759 19.6165 6.78
      vertex 8.49884 19.7057 6.76
      vertex 8.60759 19.6165 6.76
    endloop
  endfacet
  facet normal -0.546939 -0.448467 -0.706919
    outer loop
      vertex 8.89571 19.3088 6.78
      vertex 7.94369 18.5783 7.98
      vertex 7.90425 18.6264 7.98
    endloop
  endfacet
  facet normal 0.574805 0.412152 -0.706916
    outer loop
      vertex 6.4001 12.9222 7.98
      vertex 6.43631 12.8717 7.98
      vertex 5.40234 12.2555 6.78
    endloop
  endfacet
  facet normal 0.812699 0.582683 0
    outer loop
      vertex 5.48429 12.1412 6.78
      vertex 5.40234 12.2555 6.76
      vertex 5.40234 12.2555 6.78
    endloop
  endfacet
  facet normal 0.812699 0.582683 0
    outer loop
      vertex 5.40234 12.2555 6.76
      vertex 5.48429 12.1412 6.78
      vertex 5.48429 12.1412 6.76
    endloop
  endfacet
  facet normal 0.600657 0.373463 -0.70692
    outer loop
      vertex 6.36728 12.975 7.98
      vertex 5.40234 12.2555 6.78
      vertex 5.32804 12.375 6.78
    endloop
  endfacet
  facet normal 0.881959 0.471326 0
    outer loop
      vertex 5.32804 12.375 6.78
      vertex 5.26172 12.4991 6.76
      vertex 5.26172 12.4991 6.78
    endloop
  endfacet
  facet normal 0.881959 0.471326 0
    outer loop
      vertex 5.26172 12.4991 6.76
      vertex 5.32804 12.375 6.78
      vertex 5.32804 12.375 6.76
    endloop
  endfacet
  facet normal 0.69785 0.115208 -0.706918
    outer loop
      vertex 6.24813 13.326 7.98
      vertex 6.25825 13.2647 7.98
      vertex 5.05839 13.1694 6.78
    endloop
  endfacet
  facet normal 0.661978 0.249109 -0.706916
    outer loop
      vertex 6.29042 13.1446 7.98
      vertex 5.20366 12.6272 6.78
      vertex 5.1541 12.7589 6.78
    endloop
  endfacet
  facet normal 0.688838 0.160528 -0.706918
    outer loop
      vertex 6.25825 13.2647 7.98
      vertex 5.11326 12.8935 6.78
      vertex 5.08131 13.0306 6.78
    endloop
  endfacet
  facet normal 0.676836 0.205326 -0.706918
    outer loop
      vertex 6.27237 13.2041 7.98
      vertex 6.29042 13.1446 7.98
      vertex 5.11326 12.8935 6.78
    endloop
  endfacet
  facet normal 0.412329 0.911035 -0
    outer loop
      vertex 6.36723 11.4637 6.76
      vertex 6.23908 11.5217 6.78
      vertex 6.36723 11.4637 6.78
    endloop
  endfacet
  facet normal 0.412329 0.911035 0
    outer loop
      vertex 6.23908 11.5217 6.78
      vertex 6.36723 11.4637 6.76
      vertex 6.23908 11.5217 6.76
    endloop
  endfacet
  facet normal 0.729896 0.683558 0
    outer loop
      vertex 5.66972 11.9297 6.78
      vertex 5.57354 12.0324 6.76
      vertex 5.57354 12.0324 6.78
    endloop
  endfacet
  facet normal 0.729896 0.683558 0
    outer loop
      vertex 5.57354 12.0324 6.76
      vertex 5.66972 11.9297 6.78
      vertex 5.66972 11.9297 6.76
    endloop
  endfacet
  facet normal 0.516257 0.483482 -0.706912
    outer loop
      vertex 6.51825 12.7782 7.98
      vertex 5.66972 11.9297 6.78
      vertex 5.57354 12.0324 6.78
    endloop
  endfacet
  facet normal -0.0227563 0.706924 -0.706924
    outer loop
      vertex 7.19 12.5 7.98
      vertex 7.25213 12.502 7.98
      vertex 7.19 11.3 6.78
    endloop
  endfacet
  facet normal -0.205135 0.676896 -0.706917
    outer loop
      vertex 7.88109 11.4141 6.78
      vertex 7.74646 11.3733 6.78
      vertex 7.43588 12.5324 7.98
    endloop
  endfacet
  facet normal -0.0231252 0.706927 -0.706908
    outer loop
      vertex 7.25213 12.502 7.98
      vertex 7.33062 11.3046 6.78
      vertex 7.19 11.3 6.78
    endloop
  endfacet
  facet normal 0.115127 0.697848 -0.706932
    outer loop
      vertex 7.00466 12.5183 7.98
      vertex 6.90937 11.3184 6.78
      vertex 6.77056 11.3413 6.78
    endloop
  endfacet
  facet normal 0.069379 0.703895 -0.706908
    outer loop
      vertex 7.12787 12.502 7.98
      vertex 7.04938 11.3046 6.78
      vertex 6.90937 11.3184 6.78
    endloop
  endfacet
  facet normal 0.249176 0.661967 -0.706903
    outer loop
      vertex 6.82645 12.5723 7.98
      vertex 6.88463 12.5504 7.98
      vertex 6.36723 11.4637 6.78
    endloop
  endfacet
  facet normal 0.160853 0.688751 -0.706929
    outer loop
      vertex 7.00466 12.5183 7.98
      vertex 6.77056 11.3413 6.78
      vertex 6.63354 11.3733 6.78
    endloop
  endfacet
  facet normal -0.582716 0.812676 0
    outer loop
      vertex 8.49884 11.7443 6.76
      vertex 8.38448 11.6623 6.78
      vertex 8.49884 11.7443 6.78
    endloop
  endfacet
  facet normal -0.582716 0.812676 0
    outer loop
      vertex 8.38448 11.6623 6.78
      vertex 8.49884 11.7443 6.76
      vertex 8.38448 11.6623 6.76
    endloop
  endfacet
  facet normal -0.729932 0.68352 0
    outer loop
      vertex 8.71028 11.9297 6.76
      vertex 8.80645 12.0324 6.78
      vertex 8.80645 12.0324 6.76
    endloop
  endfacet
  facet normal -0.729932 0.68352 0
    outer loop
      vertex 8.80645 12.0324 6.78
      vertex 8.71028 11.9297 6.76
      vertex 8.71028 11.9297 6.78
    endloop
  endfacet
  facet normal -0.412149 0.574797 -0.706924
    outer loop
      vertex 8.49884 11.7443 6.78
      vertex 8.38448 11.6623 6.78
      vertex 7.71779 12.6601 7.98
    endloop
  endfacet
  facet normal -0.412329 0.911035 0
    outer loop
      vertex 8.14092 11.5217 6.76
      vertex 8.01277 11.4637 6.78
      vertex 8.14092 11.5217 6.78
    endloop
  endfacet
  facet normal -0.412329 0.911035 0
    outer loop
      vertex 8.01277 11.4637 6.78
      vertex 8.14092 11.5217 6.76
      vertex 8.01277 11.4637 6.76
    endloop
  endfacet
  facet normal -0.411918 0.574978 -0.706911
    outer loop
      vertex 7.76832 12.6963 7.98
      vertex 8.49884 11.7443 6.78
      vertex 7.71779 12.6601 7.98
    endloop
  endfacet
  facet normal -0.448558 0.546869 -0.706916
    outer loop
      vertex 8.60759 11.8335 6.78
      vertex 8.49884 11.7443 6.78
      vertex 7.76832 12.6963 7.98
    endloop
  endfacet
  facet normal -0.661971 0.249106 -0.706924
    outer loop
      vertex 9.2259 12.7589 6.78
      vertex 9.17634 12.6272 6.78
      vertex 8.06769 13.0865 7.98
    endloop
  endfacet
  facet normal -0.574805 0.412152 -0.706916
    outer loop
      vertex 7.9799 12.9222 7.98
      vertex 8.97766 12.2555 6.78
      vertex 7.94369 12.8717 7.98
    endloop
  endfacet
  facet normal -0.676827 0.205361 -0.706917
    outer loop
      vertex 9.26674 12.8935 6.78
      vertex 9.2259 12.7589 6.78
      vertex 8.08958 13.1446 7.98
    endloop
  endfacet
  facet normal -0.661883 0.249374 -0.706912
    outer loop
      vertex 8.08958 13.1446 7.98
      vertex 9.2259 12.7589 6.78
      vertex 8.06769 13.0865 7.98
    endloop
  endfacet
  facet normal -0.956922 0.290347 0
    outer loop
      vertex 9.2259 12.7589 6.76
      vertex 9.26674 12.8935 6.78
      vertex 9.26674 12.8935 6.76
    endloop
  endfacet
  facet normal -0.956922 0.290347 0
    outer loop
      vertex 9.26674 12.8935 6.78
      vertex 9.2259 12.7589 6.76
      vertex 9.2259 12.7589 6.78
    endloop
  endfacet
  facet normal -0.973904 0.22696 0
    outer loop
      vertex 9.26674 12.8935 6.76
      vertex 9.29869 13.0306 6.78
      vertex 9.29869 13.0306 6.76
    endloop
  endfacet
  facet normal -0.973904 0.22696 0
    outer loop
      vertex 9.29869 13.0306 6.78
      vertex 9.26674 12.8935 6.76
      vertex 9.26674 12.8935 6.78
    endloop
  endfacet
  facet normal -0.703889 0.069333 -0.706918
    outer loop
      vertex 9.3354 13.3094 6.78
      vertex 9.32161 13.1694 6.78
      vertex 8.13187 13.326 7.98
    endloop
  endfacet
  facet normal -0.703887 0.0693653 -0.706917
    outer loop
      vertex 8.13797 13.3879 7.98
      vertex 9.3354 13.3094 6.78
      vertex 8.13187 13.326 7.98
    endloop
  endfacet
  facet normal 0.703887 -0.0693653 -0.706917
    outer loop
      vertex 6.24813 18.124 7.98
      vertex 6.24203 18.0621 7.98
      vertex 5.0446 18.1406 6.78
    endloop
  endfacet
  facet normal 0.600705 -0.373393 -0.706917
    outer loop
      vertex 6.4001 18.5278 7.98
      vertex 6.36728 18.475 7.98
      vertex 5.40234 19.1945 6.78
    endloop
  endfacet
  facet normal 0.623698 -0.333588 -0.706909
    outer loop
      vertex 6.36728 18.475 7.98
      vertex 6.33797 18.4202 7.98
      vertex 5.26172 18.9509 6.78
    endloop
  endfacet
  facet normal 0.849234 -0.528017 0
    outer loop
      vertex 5.32804 19.075 6.78
      vertex 5.40234 19.1945 6.76
      vertex 5.40234 19.1945 6.78
    endloop
  endfacet
  facet normal 0.849234 -0.528017 0
    outer loop
      vertex 5.40234 19.1945 6.76
      vertex 5.32804 19.075 6.78
      vertex 5.32804 19.075 6.76
    endloop
  endfacet
  facet normal 0.373504 -0.600623 -0.706928
    outer loop
      vertex 6.115 19.862 6.78
      vertex 6.66221 18.7899 7.98
      vertex 5.99552 19.7877 6.78
    endloop
  endfacet
  facet normal 0.11513 -0.697872 -0.706909
    outer loop
      vertex 6.90937 20.1316 6.78
      vertex 7.066 18.9419 7.98
      vertex 6.77056 20.1087 6.78
    endloop
  endfacet
  facet normal 0.292287 -0.644055 -0.706938
    outer loop
      vertex 6.82645 18.8777 7.98
      vertex 6.76982 18.852 7.98
      vertex 6.23908 19.9283 6.78
    endloop
  endfacet
  facet normal 0.448546 -0.546855 -0.706934
    outer loop
      vertex 5.88116 19.7057 6.78
      vertex 6.56362 18.7142 7.98
      vertex 5.77241 19.6165 6.78
    endloop
  endfacet
  facet normal 0.291643 -0.644381 -0.706907
    outer loop
      vertex 6.36723 19.9863 6.78
      vertex 6.82645 18.8777 7.98
      vertex 6.23908 19.9283 6.78
    endloop
  endfacet
  facet normal -0.729932 -0.68352 0
    outer loop
      vertex 8.80645 19.4176 6.76
      vertex 8.71028 19.5203 6.78
      vertex 8.71028 19.5203 6.76
    endloop
  endfacet
  facet normal -0.729932 -0.68352 0
    outer loop
      vertex 8.71028 19.5203 6.78
      vertex 8.80645 19.4176 6.76
      vertex 8.80645 19.4176 6.78
    endloop
  endfacet
  facet normal -0.0980891 -0.995178 0
    outer loop
      vertex 7.33062 20.1454 6.76
      vertex 7.47063 20.1316 6.78
      vertex 7.33062 20.1454 6.78
    endloop
  endfacet
  facet normal -0.0980891 -0.995178 -0
    outer loop
      vertex 7.47063 20.1316 6.78
      vertex 7.33062 20.1454 6.76
      vertex 7.47063 20.1316 6.76
    endloop
  endfacet
  facet normal 0.162774 -0.986663 0
    outer loop
      vertex 6.77056 20.1087 6.76
      vertex 6.90937 20.1316 6.78
      vertex 6.77056 20.1087 6.78
    endloop
  endfacet
  facet normal 0.162774 -0.986663 0
    outer loop
      vertex 6.90937 20.1316 6.78
      vertex 6.77056 20.1087 6.76
      vertex 6.90937 20.1316 6.76
    endloop
  endfacet
  facet normal -0.51628 -0.483454 -0.706914
    outer loop
      vertex 8.71028 19.5203 6.78
      vertex 8.80645 19.4176 6.78
      vertex 7.90425 18.6264 7.98
    endloop
  endfacet
  facet normal -0.0693789 -0.703894 -0.706908
    outer loop
      vertex 7.33062 20.1454 6.78
      vertex 7.47063 20.1316 6.78
      vertex 7.314 18.9419 7.98
    endloop
  endfacet
  facet normal -0.676827 -0.205361 -0.706917
    outer loop
      vertex 9.2259 18.6911 6.78
      vertex 9.26674 18.5565 6.78
      vertex 8.08958 18.3054 7.98
    endloop
  endfacet
  facet normal -0.697851 -0.115208 -0.706916
    outer loop
      vertex 9.29869 18.4194 6.78
      vertex 8.13187 18.124 7.98
      vertex 8.12175 18.1853 7.98
    endloop
  endfacet
  facet normal -0.600681 -0.373428 -0.706919
    outer loop
      vertex 8.97766 19.1945 6.78
      vertex 9.05195 19.075 6.78
      vertex 8.01272 18.475 7.98
    endloop
  endfacet
  facet normal -0.88193 -0.471381 0
    outer loop
      vertex 9.11828 18.9509 6.76
      vertex 9.05195 19.075 6.78
      vertex 9.05195 19.075 6.76
    endloop
  endfacet
  facet normal -0.88193 -0.471381 0
    outer loop
      vertex 9.05195 19.075 6.78
      vertex 9.11828 18.9509 6.76
      vertex 9.11828 18.9509 6.78
    endloop
  endfacet
  facet normal 0.574819 0.41213 -0.706917
    outer loop
      vertex 6.43631 12.8717 7.98
      vertex 5.48429 12.1412 6.78
      vertex 5.40234 12.2555 6.78
    endloop
  endfacet
  facet normal 0.546946 0.448473 -0.70691
    outer loop
      vertex 6.43631 12.8717 7.98
      vertex 6.47575 12.8236 7.98
      vertex 5.57354 12.0324 6.78
    endloop
  endfacet
  facet normal 0.910814 0.412817 0
    outer loop
      vertex 5.26172 12.4991 6.78
      vertex 5.20366 12.6272 6.76
      vertex 5.20366 12.6272 6.78
    endloop
  endfacet
  facet normal 0.910814 0.412817 0
    outer loop
      vertex 5.20366 12.6272 6.76
      vertex 5.26172 12.4991 6.78
      vertex 5.26172 12.4991 6.76
    endloop
  endfacet
  facet normal 0.956922 0.290347 0
    outer loop
      vertex 5.1541 12.7589 6.78
      vertex 5.11326 12.8935 6.76
      vertex 5.11326 12.8935 6.78
    endloop
  endfacet
  facet normal 0.956922 0.290347 0
    outer loop
      vertex 5.11326 12.8935 6.76
      vertex 5.1541 12.7589 6.78
      vertex 5.1541 12.7589 6.76
    endloop
  endfacet
  facet normal 0.688845 0.160503 -0.706916
    outer loop
      vertex 6.25825 13.2647 7.98
      vertex 6.27237 13.2041 7.98
      vertex 5.11326 12.8935 6.78
    endloop
  endfacet
  facet normal 0.528081 0.849194 -0
    outer loop
      vertex 6.115 11.588 6.76
      vertex 5.99552 11.6623 6.78
      vertex 6.115 11.588 6.78
    endloop
  endfacet
  facet normal 0.528081 0.849194 0
    outer loop
      vertex 5.99552 11.6623 6.78
      vertex 6.115 11.588 6.76
      vertex 5.99552 11.6623 6.76
    endloop
  endfacet
  facet normal 0.291635 0.644364 -0.706926
    outer loop
      vertex 6.76982 12.598 7.98
      vertex 6.36723 11.4637 6.78
      vertex 6.23908 11.5217 6.78
    endloop
  endfacet
  facet normal 0.411918 0.574978 -0.706911
    outer loop
      vertex 6.61168 12.6963 7.98
      vertex 6.66221 12.6601 7.98
      vertex 5.88116 11.7443 6.78
    endloop
  endfacet
  facet normal 0.634186 0.773181 -0
    outer loop
      vertex 5.88116 11.7443 6.76
      vertex 5.77241 11.8335 6.78
      vertex 5.88116 11.7443 6.78
    endloop
  endfacet
  facet normal 0.634186 0.773181 0
    outer loop
      vertex 5.77241 11.8335 6.78
      vertex 5.88116 11.7443 6.76
      vertex 5.77241 11.8335 6.76
    endloop
  endfacet
  facet normal 0.546846 0.448585 -0.706916
    outer loop
      vertex 6.43631 12.8717 7.98
      vertex 5.57354 12.0324 6.78
      vertex 5.48429 12.1412 6.78
    endloop
  endfacet
  facet normal -0.204841 0.676999 -0.706904
    outer loop
      vertex 7.49537 12.5504 7.98
      vertex 7.88109 11.4141 6.78
      vertex 7.43588 12.5324 7.98
    endloop
  endfacet
  facet normal 0.0980891 0.995178 -0
    outer loop
      vertex 7.04938 11.3046 6.76
      vertex 6.90937 11.3184 6.78
      vertex 7.04938 11.3046 6.78
    endloop
  endfacet
  facet normal 0.0980891 0.995178 0
    outer loop
      vertex 6.90937 11.3184 6.78
      vertex 7.04938 11.3046 6.76
      vertex 6.90937 11.3184 6.76
    endloop
  endfacet
  facet normal 0.162774 0.986663 -0
    outer loop
      vertex 6.90937 11.3184 6.76
      vertex 6.77056 11.3413 6.78
      vertex 6.90937 11.3184 6.78
    endloop
  endfacet
  facet normal 0.162774 0.986663 0
    outer loop
      vertex 6.77056 11.3413 6.78
      vertex 6.90937 11.3184 6.76
      vertex 6.77056 11.3413 6.76
    endloop
  endfacet
  facet normal -0.0980891 0.995178 0
    outer loop
      vertex 7.47063 11.3184 6.76
      vertex 7.33062 11.3046 6.78
      vertex 7.47063 11.3184 6.78
    endloop
  endfacet
  facet normal -0.0980891 0.995178 0
    outer loop
      vertex 7.33062 11.3046 6.78
      vertex 7.47063 11.3184 6.76
      vertex 7.33062 11.3046 6.76
    endloop
  endfacet
  facet normal 0.0231252 0.706927 -0.706908
    outer loop
      vertex 7.12787 12.502 7.98
      vertex 7.19 11.3 6.78
      vertex 7.04938 11.3046 6.78
    endloop
  endfacet
  facet normal 0.0227563 0.706924 -0.706924
    outer loop
      vertex 7.19 12.5 7.98
      vertex 7.19 11.3 6.78
      vertex 7.12787 12.502 7.98
    endloop
  endfacet
  facet normal -0.471274 0.881987 0
    outer loop
      vertex 8.265 11.588 6.76
      vertex 8.14092 11.5217 6.78
      vertex 8.265 11.588 6.78
    endloop
  endfacet
  facet normal -0.471274 0.881987 0
    outer loop
      vertex 8.14092 11.5217 6.78
      vertex 8.265 11.588 6.76
      vertex 8.14092 11.5217 6.76
    endloop
  endfacet
  facet normal -0.546948 0.448475 -0.706908
    outer loop
      vertex 7.94369 12.8717 7.98
      vertex 8.80645 12.0324 6.78
      vertex 7.90425 12.8236 7.98
    endloop
  endfacet
  facet normal -0.249176 0.661967 -0.706903
    outer loop
      vertex 7.55355 12.5723 7.98
      vertex 8.01277 11.4637 6.78
      vertex 7.49537 12.5504 7.98
    endloop
  endfacet
  facet normal -0.24932 0.661905 -0.706909
    outer loop
      vertex 8.01277 11.4637 6.78
      vertex 7.88109 11.4141 6.78
      vertex 7.49537 12.5504 7.98
    endloop
  endfacet
  facet normal -0.373501 0.600617 -0.706935
    outer loop
      vertex 8.38448 11.6623 6.78
      vertex 8.265 11.588 6.78
      vertex 7.665 12.6273 7.98
    endloop
  endfacet
  facet normal -0.449081 0.546401 -0.706946
    outer loop
      vertex 7.81638 12.7358 7.98
      vertex 8.60759 11.8335 6.78
      vertex 7.76832 12.6963 7.98
    endloop
  endfacet
  facet normal -0.849266 0.527966 0
    outer loop
      vertex 8.97766 12.2555 6.76
      vertex 9.05195 12.375 6.78
      vertex 9.05195 12.375 6.76
    endloop
  endfacet
  facet normal -0.849266 0.527966 0
    outer loop
      vertex 9.05195 12.375 6.78
      vertex 8.97766 12.2555 6.76
      vertex 8.97766 12.2555 6.78
    endloop
  endfacet
  facet normal -0.623786 0.333406 -0.706917
    outer loop
      vertex 9.11828 12.4991 6.78
      vertex 9.05195 12.375 6.78
      vertex 8.01272 12.975 7.98
    endloop
  endfacet
  facet normal -0.688844 0.160503 -0.706918
    outer loop
      vertex 8.12175 13.2647 7.98
      vertex 9.29869 13.0306 6.78
      vertex 8.10763 13.2041 7.98
    endloop
  endfacet
  facet normal -0.697851 0.115208 -0.706916
    outer loop
      vertex 8.13187 13.326 7.98
      vertex 9.29869 13.0306 6.78
      vertex 8.12175 13.2647 7.98
    endloop
  endfacet
  facet normal 0.706919 -0.0231086 -0.706917
    outer loop
      vertex 6.24203 18.0621 7.98
      vertex 6.24 18 7.98
      vertex 5.0446 18.1406 6.78
    endloop
  endfacet
  facet normal 0.973904 -0.22696 0
    outer loop
      vertex 5.08131 18.4194 6.78
      vertex 5.11326 18.5565 6.76
      vertex 5.11326 18.5565 6.78
    endloop
  endfacet
  facet normal 0.973904 -0.22696 0
    outer loop
      vertex 5.11326 18.5565 6.76
      vertex 5.08131 18.4194 6.78
      vertex 5.08131 18.4194 6.76
    endloop
  endfacet
  facet normal 0.697846 -0.115235 -0.706917
    outer loop
      vertex 5.08131 18.4194 6.78
      vertex 6.25825 18.1853 7.98
      vertex 5.05839 18.2806 6.78
    endloop
  endfacet
  facet normal 0.546846 -0.448585 -0.706916
    outer loop
      vertex 5.57354 19.4176 6.78
      vertex 6.43631 18.5783 7.98
      vertex 5.48429 19.3088 6.78
    endloop
  endfacet
  facet normal 0.623805 -0.333366 -0.706919
    outer loop
      vertex 5.32804 19.075 6.78
      vertex 6.36728 18.475 7.98
      vertex 5.26172 18.9509 6.78
    endloop
  endfacet
  facet normal 0.688845 -0.160503 -0.706916
    outer loop
      vertex 6.27237 18.2459 7.98
      vertex 6.25825 18.1853 7.98
      vertex 5.11326 18.5565 6.78
    endloop
  endfacet
  facet normal 0.812699 -0.582683 0
    outer loop
      vertex 5.40234 19.1945 6.78
      vertex 5.48429 19.3088 6.76
      vertex 5.48429 19.3088 6.78
    endloop
  endfacet
  facet normal 0.812699 -0.582683 0
    outer loop
      vertex 5.48429 19.3088 6.76
      vertex 5.40234 19.1945 6.78
      vertex 5.40234 19.1945 6.76
    endloop
  endfacet
  facet normal 0.249338 -0.661903 -0.706905
    outer loop
      vertex 6.4989 20.0359 6.78
      vertex 6.82645 18.8777 7.98
      vertex 6.36723 19.9863 6.78
    endloop
  endfacet
  facet normal 0.411918 -0.574978 -0.706911
    outer loop
      vertex 6.66221 18.7899 7.98
      vertex 6.61168 18.7537 7.98
      vertex 5.88116 19.7057 6.78
    endloop
  endfacet
  facet normal 0.773149 -0.634224 0
    outer loop
      vertex 5.48429 19.3088 6.78
      vertex 5.57354 19.4176 6.76
      vertex 5.57354 19.4176 6.78
    endloop
  endfacet
  facet normal 0.773149 -0.634224 0
    outer loop
      vertex 5.57354 19.4176 6.76
      vertex 5.48429 19.3088 6.78
      vertex 5.48429 19.3088 6.76
    endloop
  endfacet
  facet normal 0.412149 -0.574797 -0.706924
    outer loop
      vertex 5.99552 19.7877 6.78
      vertex 6.66221 18.7899 7.98
      vertex 5.88116 19.7057 6.78
    endloop
  endfacet
  facet normal 0.249173 -0.661957 -0.706913
    outer loop
      vertex 6.88463 18.8996 7.98
      vertex 6.82645 18.8777 7.98
      vertex 6.4989 20.0359 6.78
    endloop
  endfacet
  facet normal 0.528081 -0.849194 0
    outer loop
      vertex 5.99552 19.7877 6.76
      vertex 6.115 19.862 6.78
      vertex 5.99552 19.7877 6.78
    endloop
  endfacet
  facet normal 0.528081 -0.849194 0
    outer loop
      vertex 6.115 19.862 6.78
      vertex 5.99552 19.7877 6.76
      vertex 6.115 19.862 6.76
    endloop
  endfacet
  facet normal 0.333324 -0.623813 -0.706932
    outer loop
      vertex 6.23908 19.9283 6.78
      vertex 6.76982 18.852 7.98
      vertex 6.115 19.862 6.78
    endloop
  endfacet
  facet normal -0.483545 -0.516166 -0.706935
    outer loop
      vertex 8.60759 19.6165 6.78
      vertex 8.71028 19.5203 6.78
      vertex 7.81638 18.7142 7.98
    endloop
  endfacet
  facet normal 0.0231249 -0.706918 -0.706918
    outer loop
      vertex 7.19 20.15 6.78
      vertex 7.19 18.95 7.98
      vertex 7.04938 20.1454 6.78
    endloop
  endfacet
  facet normal -0.412329 -0.911035 0
    outer loop
      vertex 8.01277 19.9863 6.76
      vertex 8.14092 19.9283 6.78
      vertex 8.01277 19.9863 6.78
    endloop
  endfacet
  facet normal -0.412329 -0.911035 -0
    outer loop
      vertex 8.14092 19.9283 6.78
      vertex 8.01277 19.9863 6.76
      vertex 8.14092 19.9283 6.76
    endloop
  endfacet
  facet normal -0.205135 -0.676896 -0.706917
    outer loop
      vertex 7.74646 20.0767 6.78
      vertex 7.88109 20.0359 6.78
      vertex 7.43588 18.9176 7.98
    endloop
  endfacet
  facet normal 0.290007 -0.957024 0
    outer loop
      vertex 6.4989 20.0359 6.76
      vertex 6.63354 20.0767 6.78
      vertex 6.4989 20.0359 6.78
    endloop
  endfacet
  facet normal 0.290007 -0.957024 0
    outer loop
      vertex 6.63354 20.0767 6.78
      vertex 6.4989 20.0359 6.76
      vertex 6.63354 20.0767 6.76
    endloop
  endfacet
  facet normal -0.291643 -0.644381 -0.706907
    outer loop
      vertex 8.01277 19.9863 6.78
      vertex 8.14092 19.9283 6.78
      vertex 7.55355 18.8777 7.98
    endloop
  endfacet
  facet normal -0.574819 -0.41213 -0.706917
    outer loop
      vertex 8.89571 19.3088 6.78
      vertex 8.97766 19.1945 6.78
      vertex 7.94369 18.5783 7.98
    endloop
  endfacet
  facet normal -0.546826 -0.448618 -0.706911
    outer loop
      vertex 8.80645 19.4176 6.78
      vertex 8.89571 19.3088 6.78
      vertex 7.90425 18.6264 7.98
    endloop
  endfacet
  facet normal -0.022757 -0.706945 -0.706902
    outer loop
      vertex 7.33062 20.1454 6.78
      vertex 7.25213 18.948 7.98
      vertex 7.19 18.95 7.98
    endloop
  endfacet
  facet normal -0.0693995 -0.703893 -0.706907
    outer loop
      vertex 7.33062 20.1454 6.78
      vertex 7.314 18.9419 7.98
      vertex 7.25213 18.948 7.98
    endloop
  endfacet
  facet normal -0.703889 -0.069333 -0.706918
    outer loop
      vertex 9.32161 18.2806 6.78
      vertex 9.3354 18.1406 6.78
      vertex 8.13187 18.124 7.98
    endloop
  endfacet
  facet normal -0.688844 -0.160503 -0.706918
    outer loop
      vertex 9.29869 18.4194 6.78
      vertex 8.12175 18.1853 7.98
      vertex 8.10763 18.2459 7.98
    endloop
  endfacet
  facet normal -0.849266 -0.527966 0
    outer loop
      vertex 9.05195 19.075 6.76
      vertex 8.97766 19.1945 6.78
      vertex 8.97766 19.1945 6.76
    endloop
  endfacet
  facet normal -0.849266 -0.527966 0
    outer loop
      vertex 8.97766 19.1945 6.78
      vertex 9.05195 19.075 6.76
      vertex 9.05195 19.075 6.78
    endloop
  endfacet
  facet normal 0.623805 0.333366 -0.706919
    outer loop
      vertex 6.36728 12.975 7.98
      vertex 5.32804 12.375 6.78
      vertex 5.26172 12.4991 6.78
    endloop
  endfacet
  facet normal 0.623698 0.333588 -0.706909
    outer loop
      vertex 6.33797 13.0298 7.98
      vertex 6.36728 12.975 7.98
      vertex 5.26172 12.4991 6.78
    endloop
  endfacet
  facet normal 0.20484 0.676998 -0.706905
    outer loop
      vertex 6.88463 12.5504 7.98
      vertex 6.94412 12.5324 7.98
      vertex 6.4989 11.4141 6.78
    endloop
  endfacet
  facet normal 0.249337 0.661898 -0.70691
    outer loop
      vertex 6.88463 12.5504 7.98
      vertex 6.4989 11.4141 6.78
      vertex 6.36723 11.4637 6.78
    endloop
  endfacet
  facet normal 0.412149 0.574797 -0.706924
    outer loop
      vertex 6.66221 12.6601 7.98
      vertex 5.99552 11.6623 6.78
      vertex 5.88116 11.7443 6.78
    endloop
  endfacet
  facet normal 0.683669 0.729792 -0
    outer loop
      vertex 5.77241 11.8335 6.76
      vertex 5.66972 11.9297 6.78
      vertex 5.77241 11.8335 6.78
    endloop
  endfacet
  facet normal 0.683669 0.729792 0
    outer loop
      vertex 5.66972 11.9297 6.78
      vertex 5.77241 11.8335 6.76
      vertex 5.66972 11.9297 6.76
    endloop
  endfacet
  facet normal 0.516353 0.48337 -0.706918
    outer loop
      vertex 6.47575 12.8236 7.98
      vertex 6.51825 12.7782 7.98
      vertex 5.57354 12.0324 6.78
    endloop
  endfacet
  facet normal -0.0693994 0.703892 -0.706909
    outer loop
      vertex 7.314 12.5081 7.98
      vertex 7.47063 11.3184 6.78
      vertex 7.25213 12.502 7.98
    endloop
  endfacet
  facet normal -0.160853 0.688751 -0.706929
    outer loop
      vertex 7.74646 11.3733 6.78
      vertex 7.60944 11.3413 6.78
      vertex 7.37534 12.5183 7.98
    endloop
  endfacet
  facet normal -0.160439 0.688866 -0.706911
    outer loop
      vertex 7.43588 12.5324 7.98
      vertex 7.74646 11.3733 6.78
      vertex 7.37534 12.5183 7.98
    endloop
  endfacet
  facet normal -0.115127 0.697848 -0.706932
    outer loop
      vertex 7.60944 11.3413 6.78
      vertex 7.47063 11.3184 6.78
      vertex 7.37534 12.5183 7.98
    endloop
  endfacet
  facet normal -0.162774 0.986663 0
    outer loop
      vertex 7.60944 11.3413 6.76
      vertex 7.47063 11.3184 6.78
      vertex 7.60944 11.3413 6.78
    endloop
  endfacet
  facet normal -0.162774 0.986663 0
    outer loop
      vertex 7.47063 11.3184 6.78
      vertex 7.60944 11.3413 6.76
      vertex 7.47063 11.3184 6.76
    endloop
  endfacet
  facet normal 0.0326948 0.999465 -0
    outer loop
      vertex 7.19 11.3 6.76
      vertex 7.04938 11.3046 6.78
      vertex 7.19 11.3 6.78
    endloop
  endfacet
  facet normal 0.0326948 0.999465 0
    outer loop
      vertex 7.04938 11.3046 6.78
      vertex 7.19 11.3 6.76
      vertex 7.04938 11.3046 6.76
    endloop
  endfacet
  facet normal 0.116024 0.697739 -0.706894
    outer loop
      vertex 7.00466 12.5183 7.98
      vertex 7.066 12.5081 7.98
      vertex 6.90937 11.3184 6.78
    endloop
  endfacet
  facet normal 0.0693994 0.703892 -0.706909
    outer loop
      vertex 7.066 12.5081 7.98
      vertex 7.12787 12.502 7.98
      vertex 6.90937 11.3184 6.78
    endloop
  endfacet
  facet normal -0.773114 0.634267 0
    outer loop
      vertex 8.80645 12.0324 6.76
      vertex 8.89571 12.1412 6.78
      vertex 8.89571 12.1412 6.76
    endloop
  endfacet
  facet normal -0.773114 0.634267 0
    outer loop
      vertex 8.89571 12.1412 6.78
      vertex 8.80645 12.0324 6.76
      vertex 8.80645 12.0324 6.78
    endloop
  endfacet
  facet normal -0.683669 0.729792 0
    outer loop
      vertex 8.71028 11.9297 6.76
      vertex 8.60759 11.8335 6.78
      vertex 8.71028 11.9297 6.78
    endloop
  endfacet
  facet normal -0.683669 0.729792 0
    outer loop
      vertex 8.60759 11.8335 6.78
      vertex 8.71028 11.9297 6.76
      vertex 8.60759 11.8335 6.76
    endloop
  endfacet
  facet normal -0.634186 0.773181 0
    outer loop
      vertex 8.60759 11.8335 6.76
      vertex 8.49884 11.7443 6.78
      vertex 8.60759 11.8335 6.78
    endloop
  endfacet
  facet normal -0.634186 0.773181 0
    outer loop
      vertex 8.49884 11.7443 6.78
      vertex 8.60759 11.8335 6.76
      vertex 8.49884 11.7443 6.76
    endloop
  endfacet
  facet normal -0.373276 0.60077 -0.706923
    outer loop
      vertex 7.71779 12.6601 7.98
      vertex 8.38448 11.6623 6.78
      vertex 7.665 12.6273 7.98
    endloop
  endfacet
  facet normal -0.528081 0.849194 0
    outer loop
      vertex 8.38448 11.6623 6.76
      vertex 8.265 11.588 6.78
      vertex 8.38448 11.6623 6.78
    endloop
  endfacet
  facet normal -0.528081 0.849194 0
    outer loop
      vertex 8.265 11.588 6.78
      vertex 8.38448 11.6623 6.76
      vertex 8.265 11.588 6.76
    endloop
  endfacet
  facet normal -0.516359 0.483376 -0.706909
    outer loop
      vertex 7.90425 12.8236 7.98
      vertex 8.71028 11.9297 6.78
      vertex 7.86175 12.7782 7.98
    endloop
  endfacet
  facet normal -0.51628 0.483454 -0.706914
    outer loop
      vertex 8.80645 12.0324 6.78
      vertex 8.71028 11.9297 6.78
      vertex 7.90425 12.8236 7.98
    endloop
  endfacet
  facet normal -0.292348 0.644075 -0.706895
    outer loop
      vertex 7.61017 12.598 7.98
      vertex 8.01277 11.4637 6.78
      vertex 7.55355 12.5723 7.98
    endloop
  endfacet
  facet normal -0.291635 0.644362 -0.706927
    outer loop
      vertex 8.14092 11.5217 6.78
      vertex 8.01277 11.4637 6.78
      vertex 7.61017 12.598 7.98
    endloop
  endfacet
  facet normal -0.88193 0.471381 0
    outer loop
      vertex 9.05195 12.375 6.76
      vertex 9.11828 12.4991 6.78
      vertex 9.11828 12.4991 6.76
    endloop
  endfacet
  facet normal -0.88193 0.471381 0
    outer loop
      vertex 9.11828 12.4991 6.78
      vertex 9.05195 12.375 6.76
      vertex 9.05195 12.375 6.78
    endloop
  endfacet
  facet normal -0.910814 0.412817 0
    outer loop
      vertex 9.11828 12.4991 6.76
      vertex 9.17634 12.6272 6.78
      vertex 9.17634 12.6272 6.76
    endloop
  endfacet
  facet normal -0.910814 0.412817 0
    outer loop
      vertex 9.17634 12.6272 6.78
      vertex 9.11828 12.4991 6.76
      vertex 9.11828 12.4991 6.78
    endloop
  endfacet
  facet normal -0.64439 0.291623 -0.706907
    outer loop
      vertex 8.06769 13.0865 7.98
      vertex 9.11828 12.4991 6.78
      vertex 8.04203 13.0298 7.98
    endloop
  endfacet
  facet normal -0.623698 0.333588 -0.706909
    outer loop
      vertex 8.04203 13.0298 7.98
      vertex 9.11828 12.4991 6.78
      vertex 8.01272 12.975 7.98
    endloop
  endfacet
  facet normal -0.600705 0.373393 -0.706917
    outer loop
      vertex 8.01272 12.975 7.98
      vertex 8.97766 12.2555 6.78
      vertex 7.9799 12.9222 7.98
    endloop
  endfacet
  facet normal -0.600681 0.373428 -0.706919
    outer loop
      vertex 9.05195 12.375 6.78
      vertex 8.97766 12.2555 6.78
      vertex 8.01272 12.975 7.98
    endloop
  endfacet
  facet normal 0.703889 -0.069333 -0.706918
    outer loop
      vertex 5.05839 18.2806 6.78
      vertex 6.24813 18.124 7.98
      vertex 5.0446 18.1406 6.78
    endloop
  endfacet
  facet normal 0.574805 -0.412152 -0.706916
    outer loop
      vertex 6.43631 18.5783 7.98
      vertex 6.4001 18.5278 7.98
      vertex 5.40234 19.1945 6.78
    endloop
  endfacet
  facet normal 0.574819 -0.41213 -0.706917
    outer loop
      vertex 5.48429 19.3088 6.78
      vertex 6.43631 18.5783 7.98
      vertex 5.40234 19.1945 6.78
    endloop
  endfacet
  facet normal 0.644209 -0.291981 -0.706924
    outer loop
      vertex 5.26172 18.9509 6.78
      vertex 6.31231 18.3635 7.98
      vertex 5.20366 18.8228 6.78
    endloop
  endfacet
  facet normal 0.661867 -0.249368 -0.706928
    outer loop
      vertex 6.31231 18.3635 7.98
      vertex 6.29042 18.3054 7.98
      vertex 5.20366 18.8228 6.78
    endloop
  endfacet
  facet normal 0.676827 -0.205361 -0.706917
    outer loop
      vertex 5.1541 18.6911 6.78
      vertex 6.29042 18.3054 7.98
      vertex 5.11326 18.5565 6.78
    endloop
  endfacet
  facet normal 0.0693995 -0.703893 -0.706907
    outer loop
      vertex 7.12787 18.948 7.98
      vertex 7.066 18.9419 7.98
      vertex 7.04938 20.1454 6.78
    endloop
  endfacet
  facet normal 0.482946 -0.516775 -0.706899
    outer loop
      vertex 6.56362 18.7142 7.98
      vertex 6.51825 18.6718 7.98
      vertex 5.66972 19.5203 6.78
    endloop
  endfacet
  facet normal 0.483545 -0.516166 -0.706935
    outer loop
      vertex 5.77241 19.6165 6.78
      vertex 6.56362 18.7142 7.98
      vertex 5.66972 19.5203 6.78
    endloop
  endfacet
  facet normal 0.516257 -0.483482 -0.706912
    outer loop
      vertex 5.66972 19.5203 6.78
      vertex 6.51825 18.6718 7.98
      vertex 5.57354 19.4176 6.78
    endloop
  endfacet
  facet normal 0.634186 -0.773181 0
    outer loop
      vertex 5.77241 19.6165 6.76
      vertex 5.88116 19.7057 6.78
      vertex 5.77241 19.6165 6.78
    endloop
  endfacet
  facet normal 0.634186 -0.773181 0
    outer loop
      vertex 5.88116 19.7057 6.78
      vertex 5.77241 19.6165 6.76
      vertex 5.88116 19.7057 6.76
    endloop
  endfacet
  facet normal 0.582716 -0.812676 0
    outer loop
      vertex 5.88116 19.7057 6.76
      vertex 5.99552 19.7877 6.78
      vertex 5.88116 19.7057 6.78
    endloop
  endfacet
  facet normal 0.582716 -0.812676 0
    outer loop
      vertex 5.99552 19.7877 6.78
      vertex 5.88116 19.7057 6.76
      vertex 5.99552 19.7877 6.76
    endloop
  endfacet
  facet normal 0.449107 -0.546433 -0.706905
    outer loop
      vertex 6.61168 18.7537 7.98
      vertex 6.56362 18.7142 7.98
      vertex 5.88116 19.7057 6.78
    endloop
  endfacet
  facet normal 0.412329 -0.911035 0
    outer loop
      vertex 6.23908 19.9283 6.76
      vertex 6.36723 19.9863 6.78
      vertex 6.23908 19.9283 6.78
    endloop
  endfacet
  facet normal 0.412329 -0.911035 0
    outer loop
      vertex 6.36723 19.9863 6.78
      vertex 6.23908 19.9283 6.76
      vertex 6.36723 19.9863 6.76
    endloop
  endfacet
  facet normal 0.160439 -0.688866 -0.706911
    outer loop
      vertex 7.00466 18.9317 7.98
      vertex 6.94412 18.9176 7.98
      vertex 6.63354 20.0767 6.78
    endloop
  endfacet
  facet normal 0.471274 -0.881987 0
    outer loop
      vertex 6.115 19.862 6.76
      vertex 6.23908 19.9283 6.78
      vertex 6.115 19.862 6.78
    endloop
  endfacet
  facet normal 0.471274 -0.881987 0
    outer loop
      vertex 6.23908 19.9283 6.78
      vertex 6.115 19.862 6.76
      vertex 6.23908 19.9283 6.76
    endloop
  endfacet
  facet normal 0.333392 -0.623773 -0.706935
    outer loop
      vertex 6.76982 18.852 7.98
      vertex 6.715 18.8227 7.98
      vertex 6.115 19.862 6.78
    endloop
  endfacet
  facet normal 0.373268 -0.600756 -0.706939
    outer loop
      vertex 6.715 18.8227 7.98
      vertex 6.66221 18.7899 7.98
      vertex 6.115 19.862 6.78
    endloop
  endfacet
  facet normal -0.204841 -0.676999 -0.706904
    outer loop
      vertex 7.88109 20.0359 6.78
      vertex 7.49537 18.8996 7.98
      vertex 7.43588 18.9176 7.98
    endloop
  endfacet
  facet normal 0.227423 -0.973796 0
    outer loop
      vertex 6.63354 20.0767 6.76
      vertex 6.77056 20.1087 6.78
      vertex 6.63354 20.0767 6.78
    endloop
  endfacet
  facet normal 0.227423 -0.973796 0
    outer loop
      vertex 6.77056 20.1087 6.78
      vertex 6.63354 20.0767 6.76
      vertex 6.77056 20.1087 6.76
    endloop
  endfacet
  facet normal 0.205121 -0.6769 -0.706917
    outer loop
      vertex 6.63354 20.0767 6.78
      vertex 6.94412 18.9176 7.98
      vertex 6.4989 20.0359 6.78
    endloop
  endfacet
  facet normal -0.516359 -0.483376 -0.706909
    outer loop
      vertex 8.71028 19.5203 6.78
      vertex 7.90425 18.6264 7.98
      vertex 7.86175 18.6718 7.98
    endloop
  endfacet
  facet normal -0.482946 -0.516775 -0.706899
    outer loop
      vertex 8.71028 19.5203 6.78
      vertex 7.86175 18.6718 7.98
      vertex 7.81638 18.7142 7.98
    endloop
  endfacet
  facet normal -0.11513 -0.697872 -0.706909
    outer loop
      vertex 7.47063 20.1316 6.78
      vertex 7.60944 20.1087 6.78
      vertex 7.314 18.9419 7.98
    endloop
  endfacet
  facet normal -0.162774 -0.986663 0
    outer loop
      vertex 7.47063 20.1316 6.76
      vertex 7.60944 20.1087 6.78
      vertex 7.47063 20.1316 6.78
    endloop
  endfacet
  facet normal -0.162774 -0.986663 -0
    outer loop
      vertex 7.60944 20.1087 6.78
      vertex 7.47063 20.1316 6.76
      vertex 7.60944 20.1087 6.76
    endloop
  endfacet
  facet normal -0.227423 -0.973796 0
    outer loop
      vertex 7.60944 20.1087 6.76
      vertex 7.74646 20.0767 6.78
      vertex 7.60944 20.1087 6.78
    endloop
  endfacet
  facet normal -0.227423 -0.973796 -0
    outer loop
      vertex 7.74646 20.0767 6.78
      vertex 7.60944 20.1087 6.76
      vertex 7.74646 20.0767 6.76
    endloop
  endfacet
  facet normal -0.0231249 -0.706918 -0.706918
    outer loop
      vertex 7.19 20.15 6.78
      vertex 7.33062 20.1454 6.78
      vertex 7.19 18.95 7.98
    endloop
  endfacet
  facet normal -0.623698 -0.333588 -0.706909
    outer loop
      vertex 9.11828 18.9509 6.78
      vertex 8.04203 18.4202 7.98
      vertex 8.01272 18.475 7.98
    endloop
  endfacet
  facet normal -0.697846 -0.115235 -0.706917
    outer loop
      vertex 9.29869 18.4194 6.78
      vertex 9.32161 18.2806 6.78
      vertex 8.13187 18.124 7.98
    endloop
  endfacet
  facet normal -0.812699 -0.582683 0
    outer loop
      vertex 8.97766 19.1945 6.76
      vertex 8.89571 19.3088 6.78
      vertex 8.89571 19.3088 6.76
    endloop
  endfacet
  facet normal -0.812699 -0.582683 0
    outer loop
      vertex 8.89571 19.3088 6.78
      vertex 8.97766 19.1945 6.76
      vertex 8.97766 19.1945 6.78
    endloop
  endfacet
  facet normal 0.290007 0.957024 -0
    outer loop
      vertex 6.63354 11.3733 6.76
      vertex 6.4989 11.4141 6.78
      vertex 6.63354 11.3733 6.78
    endloop
  endfacet
  facet normal 0.290007 0.957024 0
    outer loop
      vertex 6.4989 11.4141 6.78
      vertex 6.63354 11.3733 6.76
      vertex 6.4989 11.4141 6.76
    endloop
  endfacet
  facet normal 0.205121 0.6769 -0.706917
    outer loop
      vertex 6.94412 12.5324 7.98
      vertex 6.63354 11.3733 6.78
      vertex 6.4989 11.4141 6.78
    endloop
  endfacet
  facet normal 0.352517 0.935805 -0
    outer loop
      vertex 6.4989 11.4141 6.76
      vertex 6.36723 11.4637 6.78
      vertex 6.4989 11.4141 6.78
    endloop
  endfacet
  facet normal 0.352517 0.935805 0
    outer loop
      vertex 6.36723 11.4637 6.78
      vertex 6.4989 11.4141 6.76
      vertex 6.36723 11.4637 6.76
    endloop
  endfacet
  facet normal 0.292305 0.644094 -0.706895
    outer loop
      vertex 6.76982 12.598 7.98
      vertex 6.82645 12.5723 7.98
      vertex 6.36723 11.4637 6.78
    endloop
  endfacet
  facet normal 0.449081 0.546401 -0.706946
    outer loop
      vertex 6.56362 12.7358 7.98
      vertex 6.61168 12.6963 7.98
      vertex 5.77241 11.8335 6.78
    endloop
  endfacet
  facet normal 0.48356 0.516182 -0.706913
    outer loop
      vertex 6.51825 12.7782 7.98
      vertex 5.77241 11.8335 6.78
      vertex 5.66972 11.9297 6.78
    endloop
  endfacet
  facet normal 0.582716 0.812676 -0
    outer loop
      vertex 5.99552 11.6623 6.76
      vertex 5.88116 11.7443 6.78
      vertex 5.99552 11.6623 6.78
    endloop
  endfacet
  facet normal 0.582716 0.812676 0
    outer loop
      vertex 5.88116 11.7443 6.78
      vertex 5.99552 11.6623 6.76
      vertex 5.88116 11.7443 6.76
    endloop
  endfacet
  facet normal 0.373276 0.60077 -0.706923
    outer loop
      vertex 6.66221 12.6601 7.98
      vertex 6.715 12.6273 7.98
      vertex 5.99552 11.6623 6.78
    endloop
  endfacet
  facet normal -0.227423 0.973796 0
    outer loop
      vertex 7.74646 11.3733 6.76
      vertex 7.60944 11.3413 6.78
      vertex 7.74646 11.3733 6.78
    endloop
  endfacet
  facet normal -0.227423 0.973796 0
    outer loop
      vertex 7.60944 11.3413 6.78
      vertex 7.74646 11.3733 6.76
      vertex 7.60944 11.3413 6.76
    endloop
  endfacet
  facet normal -0.290027 0.957018 0
    outer loop
      vertex 7.88109 11.4141 6.76
      vertex 7.74646 11.3733 6.78
      vertex 7.88109 11.4141 6.78
    endloop
  endfacet
  facet normal -0.290027 0.957018 0
    outer loop
      vertex 7.74646 11.3733 6.78
      vertex 7.88109 11.4141 6.76
      vertex 7.74646 11.3733 6.76
    endloop
  endfacet
  facet normal -0.333345 0.623799 -0.706934
    outer loop
      vertex 7.665 12.6273 7.98
      vertex 8.265 11.588 6.78
      vertex 7.61017 12.598 7.98
    endloop
  endfacet
  facet normal -0.333323 0.623812 -0.706933
    outer loop
      vertex 8.265 11.588 6.78
      vertex 8.14092 11.5217 6.78
      vertex 7.61017 12.598 7.98
    endloop
  endfacet
  facet normal -0.644209 0.291981 -0.706924
    outer loop
      vertex 9.17634 12.6272 6.78
      vertex 9.11828 12.4991 6.78
      vertex 8.06769 13.0865 7.98
    endloop
  endfacet
  facet normal 0.600657 -0.373463 -0.70692
    outer loop
      vertex 5.40234 19.1945 6.78
      vertex 6.36728 18.475 7.98
      vertex 5.32804 19.075 6.78
    endloop
  endfacet
  facet normal 0.910814 -0.412817 0
    outer loop
      vertex 5.20366 18.8228 6.78
      vertex 5.26172 18.9509 6.76
      vertex 5.26172 18.9509 6.78
    endloop
  endfacet
  facet normal 0.910814 -0.412817 0
    outer loop
      vertex 5.26172 18.9509 6.76
      vertex 5.20366 18.8228 6.78
      vertex 5.20366 18.8228 6.76
    endloop
  endfacet
  facet normal 0.881959 -0.471326 0
    outer loop
      vertex 5.26172 18.9509 6.78
      vertex 5.32804 19.075 6.76
      vertex 5.32804 19.075 6.78
    endloop
  endfacet
  facet normal 0.881959 -0.471326 0
    outer loop
      vertex 5.32804 19.075 6.76
      vertex 5.26172 18.9509 6.78
      vertex 5.26172 18.9509 6.76
    endloop
  endfacet
  facet normal 0.64439 -0.291623 -0.706907
    outer loop
      vertex 6.33797 18.4202 7.98
      vertex 6.31231 18.3635 7.98
      vertex 5.26172 18.9509 6.78
    endloop
  endfacet
  facet normal 0.956922 -0.290347 0
    outer loop
      vertex 5.11326 18.5565 6.78
      vertex 5.1541 18.6911 6.76
      vertex 5.1541 18.6911 6.78
    endloop
  endfacet
  facet normal 0.956922 -0.290347 0
    outer loop
      vertex 5.1541 18.6911 6.76
      vertex 5.11326 18.5565 6.78
      vertex 5.11326 18.5565 6.76
    endloop
  endfacet
  facet normal 0.935926 -0.352198 0
    outer loop
      vertex 5.1541 18.6911 6.78
      vertex 5.20366 18.8228 6.76
      vertex 5.20366 18.8228 6.78
    endloop
  endfacet
  facet normal 0.935926 -0.352198 0
    outer loop
      vertex 5.20366 18.8228 6.76
      vertex 5.1541 18.6911 6.78
      vertex 5.1541 18.6911 6.76
    endloop
  endfacet
  facet normal 0.729896 -0.683558 0
    outer loop
      vertex 5.57354 19.4176 6.78
      vertex 5.66972 19.5203 6.76
      vertex 5.66972 19.5203 6.78
    endloop
  endfacet
  facet normal 0.729896 -0.683558 0
    outer loop
      vertex 5.66972 19.5203 6.76
      vertex 5.57354 19.4176 6.78
      vertex 5.57354 19.4176 6.76
    endloop
  endfacet
  facet normal 0.683669 -0.729792 0
    outer loop
      vertex 5.66972 19.5203 6.76
      vertex 5.77241 19.6165 6.78
      vertex 5.66972 19.5203 6.78
    endloop
  endfacet
  facet normal 0.683669 -0.729792 0
    outer loop
      vertex 5.77241 19.6165 6.78
      vertex 5.66972 19.5203 6.76
      vertex 5.77241 19.6165 6.76
    endloop
  endfacet
  facet normal 0.516353 -0.48337 -0.706918
    outer loop
      vertex 6.51825 18.6718 7.98
      vertex 6.47575 18.6264 7.98
      vertex 5.57354 19.4176 6.78
    endloop
  endfacet
  facet normal 0.546946 -0.448473 -0.70691
    outer loop
      vertex 6.47575 18.6264 7.98
      vertex 6.43631 18.5783 7.98
      vertex 5.57354 19.4176 6.78
    endloop
  endfacet
  facet normal 0.352517 -0.935805 0
    outer loop
      vertex 6.36723 19.9863 6.76
      vertex 6.4989 20.0359 6.78
      vertex 6.36723 19.9863 6.78
    endloop
  endfacet
  facet normal 0.352517 -0.935805 0
    outer loop
      vertex 6.4989 20.0359 6.78
      vertex 6.36723 19.9863 6.76
      vertex 6.4989 20.0359 6.76
    endloop
  endfacet
  facet normal 0.20484 -0.676998 -0.706905
    outer loop
      vertex 6.94412 18.9176 7.98
      vertex 6.88463 18.8996 7.98
      vertex 6.4989 20.0359 6.78
    endloop
  endfacet
  facet normal 0.116016 -0.697686 -0.706947
    outer loop
      vertex 7.066 18.9419 7.98
      vertex 7.00466 18.9317 7.98
      vertex 6.77056 20.1087 6.78
    endloop
  endfacet
  facet normal 0.160853 -0.688751 -0.706929
    outer loop
      vertex 6.77056 20.1087 6.78
      vertex 7.00466 18.9317 7.98
      vertex 6.63354 20.0767 6.78
    endloop
  endfacet
  facet normal -0.582716 -0.812676 0
    outer loop
      vertex 8.38448 19.7877 6.76
      vertex 8.49884 19.7057 6.78
      vertex 8.38448 19.7877 6.78
    endloop
  endfacet
  facet normal -0.582716 -0.812676 -0
    outer loop
      vertex 8.49884 19.7057 6.78
      vertex 8.38448 19.7877 6.76
      vertex 8.49884 19.7057 6.76
    endloop
  endfacet
  facet normal -0.333345 -0.623799 -0.706934
    outer loop
      vertex 8.265 19.862 6.78
      vertex 7.665 18.8227 7.98
      vertex 7.61017 18.852 7.98
    endloop
  endfacet
  facet normal -0.373268 -0.600756 -0.706939
    outer loop
      vertex 8.265 19.862 6.78
      vertex 7.71779 18.7899 7.98
      vertex 7.665 18.8227 7.98
    endloop
  endfacet
  facet normal -0.411918 -0.574978 -0.706911
    outer loop
      vertex 8.49884 19.7057 6.78
      vertex 7.76832 18.7537 7.98
      vertex 7.71779 18.7899 7.98
    endloop
  endfacet
  facet normal -0.0326948 -0.999465 0
    outer loop
      vertex 7.19 20.15 6.76
      vertex 7.33062 20.1454 6.78
      vertex 7.19 20.15 6.78
    endloop
  endfacet
  facet normal -0.0326948 -0.999465 -0
    outer loop
      vertex 7.33062 20.1454 6.78
      vertex 7.19 20.15 6.76
      vertex 7.33062 20.1454 6.76
    endloop
  endfacet
  facet normal -0.290027 -0.957018 0
    outer loop
      vertex 7.74646 20.0767 6.76
      vertex 7.88109 20.0359 6.78
      vertex 7.74646 20.0767 6.78
    endloop
  endfacet
  facet normal -0.290027 -0.957018 -0
    outer loop
      vertex 7.88109 20.0359 6.78
      vertex 7.74646 20.0767 6.76
      vertex 7.88109 20.0359 6.76
    endloop
  endfacet
  facet normal -0.292329 -0.644034 -0.70694
    outer loop
      vertex 8.14092 19.9283 6.78
      vertex 7.61017 18.852 7.98
      vertex 7.55355 18.8777 7.98
    endloop
  endfacet
  facet normal -0.249322 -0.661909 -0.706905
    outer loop
      vertex 7.88109 20.0359 6.78
      vertex 8.01277 19.9863 6.78
      vertex 7.55355 18.8777 7.98
    endloop
  endfacet
  facet normal -0.600705 -0.373393 -0.706917
    outer loop
      vertex 8.97766 19.1945 6.78
      vertex 8.01272 18.475 7.98
      vertex 7.9799 18.5278 7.98
    endloop
  endfacet
  facet normal -0.574805 -0.412152 -0.706916
    outer loop
      vertex 8.97766 19.1945 6.78
      vertex 7.9799 18.5278 7.98
      vertex 7.94369 18.5783 7.98
    endloop
  endfacet
  facet normal -0.160853 -0.688751 -0.706929
    outer loop
      vertex 7.60944 20.1087 6.78
      vertex 7.74646 20.0767 6.78
      vertex 7.37534 18.9317 7.98
    endloop
  endfacet
  facet normal -0.116016 -0.697686 -0.706947
    outer loop
      vertex 7.60944 20.1087 6.78
      vertex 7.37534 18.9317 7.98
      vertex 7.314 18.9419 7.98
    endloop
  endfacet
  facet normal -0.703887 -0.0693653 -0.706917
    outer loop
      vertex 9.3354 18.1406 6.78
      vertex 8.13797 18.0621 7.98
      vertex 8.13187 18.124 7.98
    endloop
  endfacet
  facet normal -0.688839 -0.160528 -0.706917
    outer loop
      vertex 9.26674 18.5565 6.78
      vertex 9.29869 18.4194 6.78
      vertex 8.10763 18.2459 7.98
    endloop
  endfacet
  facet normal -0.910814 -0.412817 0
    outer loop
      vertex 9.17634 18.8228 6.76
      vertex 9.11828 18.9509 6.78
      vertex 9.11828 18.9509 6.76
    endloop
  endfacet
  facet normal -0.910814 -0.412817 0
    outer loop
      vertex 9.11828 18.9509 6.78
      vertex 9.17634 18.8228 6.76
      vertex 9.17634 18.8228 6.78
    endloop
  endfacet
  facet normal -0.935926 -0.352198 0
    outer loop
      vertex 9.2259 18.6911 6.76
      vertex 9.17634 18.8228 6.78
      vertex 9.17634 18.8228 6.76
    endloop
  endfacet
  facet normal -0.935926 -0.352198 0
    outer loop
      vertex 9.17634 18.8228 6.78
      vertex 9.2259 18.6911 6.76
      vertex 9.2259 18.6911 6.78
    endloop
  endfacet
  facet normal 0.644368 0.291614 -0.706931
    outer loop
      vertex 6.31231 13.0865 7.98
      vertex 6.33797 13.0298 7.98
      vertex 5.20366 12.6272 6.78
    endloop
  endfacet
  facet normal 0.644218 0.291985 -0.706914
    outer loop
      vertex 6.33797 13.0298 7.98
      vertex 5.26172 12.4991 6.78
      vertex 5.20366 12.6272 6.78
    endloop
  endfacet
  facet normal 0.482912 0.516739 -0.706949
    outer loop
      vertex 6.51825 12.7782 7.98
      vertex 6.56362 12.7358 7.98
      vertex 5.77241 11.8335 6.78
    endloop
  endfacet
  facet normal 0.471274 0.881987 -0
    outer loop
      vertex 6.23908 11.5217 6.76
      vertex 6.115 11.588 6.78
      vertex 6.23908 11.5217 6.78
    endloop
  endfacet
  facet normal 0.471274 0.881987 0
    outer loop
      vertex 6.115 11.588 6.78
      vertex 6.23908 11.5217 6.76
      vertex 6.115 11.588 6.76
    endloop
  endfacet
  facet normal 0.333324 0.623813 -0.706932
    outer loop
      vertex 6.76982 12.598 7.98
      vertex 6.23908 11.5217 6.78
      vertex 6.115 11.588 6.78
    endloop
  endfacet
  facet normal 0.676836 -0.205326 -0.706918
    outer loop
      vertex 6.29042 18.3054 7.98
      vertex 6.27237 18.2459 7.98
      vertex 5.11326 18.5565 6.78
    endloop
  endfacet
  facet normal -0.373504 -0.600623 -0.706928
    outer loop
      vertex 8.265 19.862 6.78
      vertex 8.38448 19.7877 6.78
      vertex 7.71779 18.7899 7.98
    endloop
  endfacet
  facet normal -0.412149 -0.574797 -0.706924
    outer loop
      vertex 8.38448 19.7877 6.78
      vertex 8.49884 19.7057 6.78
      vertex 7.71779 18.7899 7.98
    endloop
  endfacet
  facet normal -0.528081 -0.849194 0
    outer loop
      vertex 8.265 19.862 6.76
      vertex 8.38448 19.7877 6.78
      vertex 8.265 19.862 6.78
    endloop
  endfacet
  facet normal -0.528081 -0.849194 -0
    outer loop
      vertex 8.38448 19.7877 6.78
      vertex 8.265 19.862 6.76
      vertex 8.38448 19.7877 6.76
    endloop
  endfacet
  facet normal -0.333323 -0.623812 -0.706933
    outer loop
      vertex 8.14092 19.9283 6.78
      vertex 8.265 19.862 6.78
      vertex 7.61017 18.852 7.98
    endloop
  endfacet
  facet normal -0.471274 -0.881987 0
    outer loop
      vertex 8.14092 19.9283 6.76
      vertex 8.265 19.862 6.78
      vertex 8.14092 19.9283 6.78
    endloop
  endfacet
  facet normal -0.471274 -0.881987 -0
    outer loop
      vertex 8.265 19.862 6.78
      vertex 8.14092 19.9283 6.76
      vertex 8.265 19.862 6.76
    endloop
  endfacet
  facet normal -0.449107 -0.546433 -0.706905
    outer loop
      vertex 8.49884 19.7057 6.78
      vertex 7.81638 18.7142 7.98
      vertex 7.76832 18.7537 7.98
    endloop
  endfacet
  facet normal 0.0980891 -0.995178 0
    outer loop
      vertex 6.90937 20.1316 6.76
      vertex 7.04938 20.1454 6.78
      vertex 6.90937 20.1316 6.78
    endloop
  endfacet
  facet normal 0.0980891 -0.995178 0
    outer loop
      vertex 7.04938 20.1454 6.78
      vertex 6.90937 20.1316 6.76
      vertex 7.04938 20.1454 6.76
    endloop
  endfacet
  facet normal 0.0326948 -0.999465 0
    outer loop
      vertex 7.04938 20.1454 6.76
      vertex 7.19 20.15 6.78
      vertex 7.04938 20.1454 6.78
    endloop
  endfacet
  facet normal 0.0326948 -0.999465 0
    outer loop
      vertex 7.19 20.15 6.78
      vertex 7.04938 20.1454 6.76
      vertex 7.19 20.15 6.76
    endloop
  endfacet
  facet normal -0.249173 -0.661958 -0.706912
    outer loop
      vertex 7.88109 20.0359 6.78
      vertex 7.55355 18.8777 7.98
      vertex 7.49537 18.8996 7.98
    endloop
  endfacet
  facet normal -0.706919 -0.0231086 -0.706917
    outer loop
      vertex 9.3354 18.1406 6.78
      vertex 8.14 18 7.98
      vertex 8.13797 18.0621 7.98
    endloop
  endfacet
  facet normal -0.661883 -0.249374 -0.706912
    outer loop
      vertex 9.2259 18.6911 6.78
      vertex 8.08958 18.3054 7.98
      vertex 8.06769 18.3635 7.98
    endloop
  endfacet
  facet normal -0.973904 -0.22696 0
    outer loop
      vertex 9.29869 18.4194 6.76
      vertex 9.26674 18.5565 6.78
      vertex 9.26674 18.5565 6.76
    endloop
  endfacet
  facet normal -0.973904 -0.22696 0
    outer loop
      vertex 9.26674 18.5565 6.78
      vertex 9.29869 18.4194 6.76
      vertex 9.29869 18.4194 6.78
    endloop
  endfacet
  facet normal 0.373501 0.600617 -0.706935
    outer loop
      vertex 6.715 12.6273 7.98
      vertex 6.115 11.588 6.78
      vertex 5.99552 11.6623 6.78
    endloop
  endfacet
  facet normal 0.333392 0.623773 -0.706935
    outer loop
      vertex 6.715 12.6273 7.98
      vertex 6.76982 12.598 7.98
      vertex 6.115 11.588 6.78
    endloop
  endfacet
  facet normal -0.676836 -0.205326 -0.706918
    outer loop
      vertex 9.26674 18.5565 6.78
      vertex 8.10763 18.2459 7.98
      vertex 8.08958 18.3054 7.98
    endloop
  endfacet
  facet normal -0.995179 0.098071 0
    outer loop
      vertex 8.13187 13.326 7.98
      vertex 8.13797 13.3879 8.26
      vertex 8.13797 13.3879 7.98
    endloop
  endfacet
  facet normal -0.995179 0.098071 0
    outer loop
      vertex 8.13797 13.3879 8.26
      vertex 8.13187 13.326 7.98
      vertex 8.13187 13.326 8.26
    endloop
  endfacet
  facet normal 1 -0 0
    outer loop
      vertex 6.24 13.45 8.26
      vertex 6.24 18 7.98
      vertex 6.24 18 8.26
    endloop
  endfacet
  facet normal 1 0 0
    outer loop
      vertex 6.24 18 7.98
      vertex 6.24 13.45 8.26
      vertex 6.24 13.45 7.98
    endloop
  endfacet
  facet normal -1 0 0
    outer loop
      vertex 8.14 13.45 7.98
      vertex 8.14 18 8.26
      vertex 8.14 18 7.98
    endloop
  endfacet
  facet normal -1 -0 0
    outer loop
      vertex 8.14 18 8.26
      vertex 8.14 13.45 7.98
      vertex 8.14 13.45 8.26
    endloop
  endfacet
  facet normal -0.999466 0.0326718 0
    outer loop
      vertex 8.13797 13.3879 7.98
      vertex 8.14 13.45 8.26
      vertex 8.14 13.45 7.98
    endloop
  endfacet
  facet normal -0.999466 0.0326718 0
    outer loop
      vertex 8.14 13.45 8.26
      vertex 8.13797 13.3879 7.98
      vertex 8.13797 13.3879 8.26
    endloop
  endfacet
  facet normal -0.634952 -0.772552 0
    outer loop
      vertex 7.76832 18.7537 7.98
      vertex 7.81638 18.7142 8.26
      vertex 7.76832 18.7537 8.26
    endloop
  endfacet
  facet normal -0.634952 -0.772552 -0
    outer loop
      vertex 7.81638 18.7142 8.26
      vertex 7.76832 18.7537 7.98
      vertex 7.81638 18.7142 7.98
    endloop
  endfacet
  facet normal -0.973912 0.226925 0
    outer loop
      vertex 8.10763 13.2041 7.98
      vertex 8.12175 13.2647 8.26
      vertex 8.12175 13.2647 7.98
    endloop
  endfacet
  facet normal -0.973912 0.226925 0
    outer loop
      vertex 8.12175 13.2647 8.26
      vertex 8.10763 13.2041 7.98
      vertex 8.10763 13.2041 8.26
    endloop
  endfacet
  facet normal -0.986645 -0.162885 0
    outer loop
      vertex 8.13187 18.124 7.98
      vertex 8.12175 18.1853 8.26
      vertex 8.12175 18.1853 7.98
    endloop
  endfacet
  facet normal -0.986645 -0.162885 0
    outer loop
      vertex 8.12175 18.1853 8.26
      vertex 8.13187 18.124 7.98
      vertex 8.13187 18.124 8.26
    endloop
  endfacet
  facet normal -0.352287 -0.935892 0
    outer loop
      vertex 7.49537 18.8996 7.98
      vertex 7.55355 18.8777 8.26
      vertex 7.49537 18.8996 8.26
    endloop
  endfacet
  facet normal -0.352287 -0.935892 -0
    outer loop
      vertex 7.55355 18.8777 8.26
      vertex 7.49537 18.8996 7.98
      vertex 7.55355 18.8777 7.98
    endloop
  endfacet
  facet normal 0.995179 -0.098071 0
    outer loop
      vertex 6.24203 18.0621 8.26
      vertex 6.24813 18.124 7.98
      vertex 6.24813 18.124 8.26
    endloop
  endfacet
  facet normal 0.995179 -0.098071 0
    outer loop
      vertex 6.24813 18.124 7.98
      vertex 6.24203 18.0621 8.26
      vertex 6.24203 18.0621 7.98
    endloop
  endfacet
  facet normal 0.773284 -0.63406 0
    outer loop
      vertex 6.43631 18.5783 8.26
      vertex 6.47575 18.6264 7.98
      vertex 6.47575 18.6264 8.26
    endloop
  endfacet
  facet normal 0.773284 -0.63406 0
    outer loop
      vertex 6.47575 18.6264 7.98
      vertex 6.43631 18.5783 8.26
      vertex 6.43631 18.5783 7.98
    endloop
  endfacet
  facet normal -0.634952 0.772552 0
    outer loop
      vertex 7.81638 12.7358 7.98
      vertex 7.76832 12.6963 8.26
      vertex 7.81638 12.7358 8.26
    endloop
  endfacet
  facet normal -0.634952 0.772552 0
    outer loop
      vertex 7.76832 12.6963 8.26
      vertex 7.81638 12.7358 7.98
      vertex 7.76832 12.6963 7.98
    endloop
  endfacet
  facet normal -0.730038 0.683406 0
    outer loop
      vertex 7.86175 12.7782 7.98
      vertex 7.90425 12.8236 8.26
      vertex 7.90425 12.8236 7.98
    endloop
  endfacet
  facet normal -0.730038 0.683406 0
    outer loop
      vertex 7.90425 12.8236 8.26
      vertex 7.86175 12.7782 7.98
      vertex 7.86175 12.7782 8.26
    endloop
  endfacet
  facet normal -0.911048 0.412301 0
    outer loop
      vertex 8.04203 13.0298 7.98
      vertex 8.06769 13.0865 8.26
      vertex 8.06769 13.0865 7.98
    endloop
  endfacet
  facet normal -0.911048 0.412301 0
    outer loop
      vertex 8.06769 13.0865 8.26
      vertex 8.04203 13.0298 7.98
      vertex 8.04203 13.0298 8.26
    endloop
  endfacet
  facet normal -0.527755 -0.849396 0
    outer loop
      vertex 7.665 18.8227 7.98
      vertex 7.71779 18.7899 8.26
      vertex 7.665 18.8227 8.26
    endloop
  endfacet
  facet normal -0.527755 -0.849396 -0
    outer loop
      vertex 7.71779 18.7899 8.26
      vertex 7.665 18.8227 7.98
      vertex 7.71779 18.7899 7.98
    endloop
  endfacet
  facet normal -0.164034 -0.986455 0
    outer loop
      vertex 7.314 18.9419 7.98
      vertex 7.37534 18.9317 8.26
      vertex 7.314 18.9419 8.26
    endloop
  endfacet
  facet normal -0.164034 -0.986455 -0
    outer loop
      vertex 7.37534 18.9317 8.26
      vertex 7.314 18.9419 7.98
      vertex 7.37534 18.9317 7.98
    endloop
  endfacet
  facet normal -0.289605 -0.957146 0
    outer loop
      vertex 7.43588 18.9176 7.98
      vertex 7.49537 18.8996 8.26
      vertex 7.43588 18.9176 8.26
    endloop
  endfacet
  facet normal -0.289605 -0.957146 -0
    outer loop
      vertex 7.49537 18.8996 8.26
      vertex 7.43588 18.9176 7.98
      vertex 7.49537 18.8996 7.98
    endloop
  endfacet
  facet normal 0.0321739 -0.999482 0
    outer loop
      vertex 7.12787 18.948 7.98
      vertex 7.19 18.95 8.26
      vertex 7.12787 18.948 8.26
    endloop
  endfacet
  facet normal 0.0321739 -0.999482 0
    outer loop
      vertex 7.19 18.95 8.26
      vertex 7.12787 18.948 7.98
      vertex 7.19 18.95 7.98
    endloop
  endfacet
  facet normal 0.289605 0.957146 -0
    outer loop
      vertex 6.94412 12.5324 7.98
      vertex 6.88463 12.5504 8.26
      vertex 6.94412 12.5324 8.26
    endloop
  endfacet
  facet normal 0.289605 0.957146 0
    outer loop
      vertex 6.88463 12.5504 8.26
      vertex 6.94412 12.5324 7.98
      vertex 6.88463 12.5504 7.98
    endloop
  endfacet
  facet normal 0.999466 -0.0326718 0
    outer loop
      vertex 6.24 18 8.26
      vertex 6.24203 18.0621 7.98
      vertex 6.24203 18.0621 8.26
    endloop
  endfacet
  facet normal 0.999466 -0.0326718 0
    outer loop
      vertex 6.24203 18.0621 7.98
      vertex 6.24 18 8.26
      vertex 6.24 18 7.98
    endloop
  endfacet
  facet normal -0.935785 0.35257 0
    outer loop
      vertex 8.06769 13.0865 7.98
      vertex 8.08958 13.1446 8.26
      vertex 8.08958 13.1446 7.98
    endloop
  endfacet
  facet normal -0.935785 0.35257 0
    outer loop
      vertex 8.08958 13.1446 8.26
      vertex 8.06769 13.0865 7.98
      vertex 8.06769 13.0865 8.26
    endloop
  endfacet
  facet normal -0.973912 -0.226925 0
    outer loop
      vertex 8.12175 18.1853 7.98
      vertex 8.10763 18.2459 8.26
      vertex 8.10763 18.2459 7.98
    endloop
  endfacet
  facet normal -0.973912 -0.226925 0
    outer loop
      vertex 8.10763 18.2459 8.26
      vertex 8.12175 18.1853 7.98
      vertex 8.12175 18.1853 8.26
    endloop
  endfacet
  facet normal -0.995179 -0.098071 0
    outer loop
      vertex 8.13797 18.0621 7.98
      vertex 8.13187 18.124 8.26
      vertex 8.13187 18.124 7.98
    endloop
  endfacet
  facet normal -0.995179 -0.098071 0
    outer loop
      vertex 8.13187 18.124 8.26
      vertex 8.13797 18.0621 7.98
      vertex 8.13797 18.0621 8.26
    endloop
  endfacet
  facet normal -0.999466 -0.0326718 0
    outer loop
      vertex 8.14 18 7.98
      vertex 8.13797 18.0621 8.26
      vertex 8.13797 18.0621 7.98
    endloop
  endfacet
  facet normal -0.999466 -0.0326718 0
    outer loop
      vertex 8.13797 18.0621 8.26
      vertex 8.14 18 7.98
      vertex 8.14 18 8.26
    endloop
  endfacet
  facet normal -0.730038 -0.683406 0
    outer loop
      vertex 7.90425 18.6264 7.98
      vertex 7.86175 18.6718 8.26
      vertex 7.86175 18.6718 7.98
    endloop
  endfacet
  facet normal -0.730038 -0.683406 0
    outer loop
      vertex 7.86175 18.6718 8.26
      vertex 7.90425 18.6264 7.98
      vertex 7.90425 18.6264 8.26
    endloop
  endfacet
  facet normal -0.911048 -0.412301 0
    outer loop
      vertex 8.06769 18.3635 7.98
      vertex 8.04203 18.4202 8.26
      vertex 8.04203 18.4202 7.98
    endloop
  endfacet
  facet normal -0.911048 -0.412301 0
    outer loop
      vertex 8.04203 18.4202 8.26
      vertex 8.06769 18.3635 7.98
      vertex 8.06769 18.3635 8.26
    endloop
  endfacet
  facet normal -0.582379 -0.812917 0
    outer loop
      vertex 7.71779 18.7899 7.98
      vertex 7.76832 18.7537 8.26
      vertex 7.71779 18.7899 8.26
    endloop
  endfacet
  facet normal -0.582379 -0.812917 -0
    outer loop
      vertex 7.76832 18.7537 8.26
      vertex 7.71779 18.7899 7.98
      vertex 7.76832 18.7537 7.98
    endloop
  endfacet
  facet normal -0.471306 -0.88197 0
    outer loop
      vertex 7.61017 18.852 7.98
      vertex 7.665 18.8227 8.26
      vertex 7.61017 18.852 8.26
    endloop
  endfacet
  facet normal -0.471306 -0.88197 -0
    outer loop
      vertex 7.665 18.8227 8.26
      vertex 7.61017 18.852 7.98
      vertex 7.665 18.8227 7.98
    endloop
  endfacet
  facet normal -0.413318 -0.910587 0
    outer loop
      vertex 7.55355 18.8777 7.98
      vertex 7.61017 18.852 8.26
      vertex 7.55355 18.8777 8.26
    endloop
  endfacet
  facet normal -0.413318 -0.910587 -0
    outer loop
      vertex 7.61017 18.852 8.26
      vertex 7.55355 18.8777 7.98
      vertex 7.61017 18.852 7.98
    endloop
  endfacet
  facet normal -0.226833 -0.973934 0
    outer loop
      vertex 7.37534 18.9317 7.98
      vertex 7.43588 18.9176 8.26
      vertex 7.37534 18.9317 8.26
    endloop
  endfacet
  facet normal -0.226833 -0.973934 -0
    outer loop
      vertex 7.43588 18.9176 8.26
      vertex 7.37534 18.9317 7.98
      vertex 7.43588 18.9176 7.98
    endloop
  endfacet
  facet normal -0.0321739 -0.999482 0
    outer loop
      vertex 7.19 18.95 7.98
      vertex 7.25213 18.948 8.26
      vertex 7.19 18.95 8.26
    endloop
  endfacet
  facet normal -0.0321739 -0.999482 -0
    outer loop
      vertex 7.25213 18.948 8.26
      vertex 7.19 18.95 7.98
      vertex 7.25213 18.948 7.98
    endloop
  endfacet
  facet normal -0.0981181 -0.995175 0
    outer loop
      vertex 7.25213 18.948 7.98
      vertex 7.314 18.9419 8.26
      vertex 7.25213 18.948 8.26
    endloop
  endfacet
  facet normal -0.0981181 -0.995175 -0
    outer loop
      vertex 7.314 18.9419 8.26
      vertex 7.25213 18.948 7.98
      vertex 7.314 18.9419 7.98
    endloop
  endfacet
  facet normal 0.289605 -0.957146 0
    outer loop
      vertex 6.88463 18.8996 7.98
      vertex 6.94412 18.9176 8.26
      vertex 6.88463 18.8996 8.26
    endloop
  endfacet
  facet normal 0.289605 -0.957146 0
    outer loop
      vertex 6.94412 18.9176 8.26
      vertex 6.88463 18.8996 7.98
      vertex 6.94412 18.9176 7.98
    endloop
  endfacet
  facet normal -0.289605 0.957146 0
    outer loop
      vertex 7.49537 12.5504 7.98
      vertex 7.43588 12.5324 8.26
      vertex 7.49537 12.5504 8.26
    endloop
  endfacet
  facet normal -0.289605 0.957146 0
    outer loop
      vertex 7.43588 12.5324 8.26
      vertex 7.49537 12.5504 7.98
      vertex 7.43588 12.5324 7.98
    endloop
  endfacet
  facet normal 0.682789 0.730616 -0
    outer loop
      vertex 6.56362 12.7358 7.98
      vertex 6.51825 12.7782 8.26
      vertex 6.56362 12.7358 8.26
    endloop
  endfacet
  facet normal 0.682789 0.730616 0
    outer loop
      vertex 6.51825 12.7782 8.26
      vertex 6.56362 12.7358 7.98
      vertex 6.51825 12.7782 7.98
    endloop
  endfacet
  facet normal 0.935785 0.35257 0
    outer loop
      vertex 6.31231 13.0865 8.26
      vertex 6.29042 13.1446 7.98
      vertex 6.29042 13.1446 8.26
    endloop
  endfacet
  facet normal 0.935785 0.35257 0
    outer loop
      vertex 6.29042 13.1446 7.98
      vertex 6.31231 13.0865 8.26
      vertex 6.31231 13.0865 7.98
    endloop
  endfacet
  facet normal 0.986645 0.162885 0
    outer loop
      vertex 6.25825 13.2647 8.26
      vertex 6.24813 13.326 7.98
      vertex 6.24813 13.326 8.26
    endloop
  endfacet
  facet normal 0.986645 0.162885 0
    outer loop
      vertex 6.24813 13.326 7.98
      vertex 6.25825 13.2647 8.26
      vertex 6.25825 13.2647 7.98
    endloop
  endfacet
  facet normal 0.999466 0.0326718 0
    outer loop
      vertex 6.24203 13.3879 8.26
      vertex 6.24 13.45 7.98
      vertex 6.24 13.45 8.26
    endloop
  endfacet
  facet normal 0.999466 0.0326718 0
    outer loop
      vertex 6.24 13.45 7.98
      vertex 6.24203 13.3879 8.26
      vertex 6.24203 13.3879 7.98
    endloop
  endfacet
  facet normal 0.995179 0.098071 0
    outer loop
      vertex 6.24813 13.326 8.26
      vertex 6.24203 13.3879 7.98
      vertex 6.24203 13.3879 8.26
    endloop
  endfacet
  facet normal 0.995179 0.098071 0
    outer loop
      vertex 6.24203 13.3879 7.98
      vertex 6.24813 13.326 8.26
      vertex 6.24813 13.326 7.98
    endloop
  endfacet
  facet normal 0.911048 -0.412301 0
    outer loop
      vertex 6.31231 18.3635 8.26
      vertex 6.33797 18.4202 7.98
      vertex 6.33797 18.4202 8.26
    endloop
  endfacet
  facet normal 0.911048 -0.412301 0
    outer loop
      vertex 6.33797 18.4202 7.98
      vertex 6.31231 18.3635 8.26
      vertex 6.31231 18.3635 7.98
    endloop
  endfacet
  facet normal 0.352287 -0.935892 0
    outer loop
      vertex 6.82645 18.8777 7.98
      vertex 6.88463 18.8996 8.26
      vertex 6.82645 18.8777 8.26
    endloop
  endfacet
  facet normal 0.352287 -0.935892 0
    outer loop
      vertex 6.88463 18.8996 8.26
      vertex 6.82645 18.8777 7.98
      vertex 6.88463 18.8996 7.98
    endloop
  endfacet
  facet normal 0.527755 -0.849396 0
    outer loop
      vertex 6.66221 18.7899 7.98
      vertex 6.715 18.8227 8.26
      vertex 6.66221 18.7899 8.26
    endloop
  endfacet
  facet normal 0.527755 -0.849396 0
    outer loop
      vertex 6.715 18.8227 8.26
      vertex 6.66221 18.7899 7.98
      vertex 6.715 18.8227 7.98
    endloop
  endfacet
  facet normal -0.413318 0.910587 0
    outer loop
      vertex 7.61017 12.598 7.98
      vertex 7.55355 12.5723 8.26
      vertex 7.61017 12.598 8.26
    endloop
  endfacet
  facet normal -0.413318 0.910587 0
    outer loop
      vertex 7.55355 12.5723 8.26
      vertex 7.61017 12.598 7.98
      vertex 7.55355 12.5723 7.98
    endloop
  endfacet
  facet normal -0.527755 0.849396 0
    outer loop
      vertex 7.71779 12.6601 7.98
      vertex 7.665 12.6273 8.26
      vertex 7.71779 12.6601 8.26
    endloop
  endfacet
  facet normal -0.527755 0.849396 0
    outer loop
      vertex 7.665 12.6273 8.26
      vertex 7.71779 12.6601 7.98
      vertex 7.665 12.6273 7.98
    endloop
  endfacet
  facet normal -0.956936 0.290298 0
    outer loop
      vertex 8.08958 13.1446 7.98
      vertex 8.10763 13.2041 8.26
      vertex 8.10763 13.2041 7.98
    endloop
  endfacet
  facet normal -0.956936 0.290298 0
    outer loop
      vertex 8.10763 13.2041 8.26
      vertex 8.08958 13.1446 7.98
      vertex 8.08958 13.1446 8.26
    endloop
  endfacet
  facet normal -0.682789 0.730616 0
    outer loop
      vertex 7.86175 12.7782 7.98
      vertex 7.81638 12.7358 8.26
      vertex 7.86175 12.7782 8.26
    endloop
  endfacet
  facet normal -0.682789 0.730616 0
    outer loop
      vertex 7.81638 12.7358 8.26
      vertex 7.86175 12.7782 7.98
      vertex 7.81638 12.7358 7.98
    endloop
  endfacet
  facet normal -0.812677 0.582714 0
    outer loop
      vertex 7.94369 12.8717 7.98
      vertex 7.9799 12.9222 8.26
      vertex 7.9799 12.9222 7.98
    endloop
  endfacet
  facet normal -0.812677 0.582714 0
    outer loop
      vertex 7.9799 12.9222 8.26
      vertex 7.94369 12.8717 7.98
      vertex 7.94369 12.8717 8.26
    endloop
  endfacet
  facet normal -0.935785 -0.35257 0
    outer loop
      vertex 8.08958 18.3054 7.98
      vertex 8.06769 18.3635 8.26
      vertex 8.06769 18.3635 7.98
    endloop
  endfacet
  facet normal -0.935785 -0.35257 0
    outer loop
      vertex 8.06769 18.3635 8.26
      vertex 8.08958 18.3054 7.98
      vertex 8.08958 18.3054 8.26
    endloop
  endfacet
  facet normal -0.773284 -0.63406 0
    outer loop
      vertex 7.94369 18.5783 7.98
      vertex 7.90425 18.6264 8.26
      vertex 7.90425 18.6264 7.98
    endloop
  endfacet
  facet normal -0.773284 -0.63406 0
    outer loop
      vertex 7.90425 18.6264 8.26
      vertex 7.94369 18.5783 7.98
      vertex 7.94369 18.5783 8.26
    endloop
  endfacet
  facet normal -0.682789 -0.730616 0
    outer loop
      vertex 7.81638 18.7142 7.98
      vertex 7.86175 18.6718 8.26
      vertex 7.81638 18.7142 8.26
    endloop
  endfacet
  facet normal -0.682789 -0.730616 -0
    outer loop
      vertex 7.86175 18.6718 8.26
      vertex 7.81638 18.7142 7.98
      vertex 7.86175 18.6718 7.98
    endloop
  endfacet
  facet normal -0.881796 -0.471632 0
    outer loop
      vertex 8.04203 18.4202 7.98
      vertex 8.01272 18.475 8.26
      vertex 8.01272 18.475 7.98
    endloop
  endfacet
  facet normal -0.881796 -0.471632 0
    outer loop
      vertex 8.01272 18.475 8.26
      vertex 8.04203 18.4202 7.98
      vertex 8.04203 18.4202 8.26
    endloop
  endfacet
  facet normal 0.226833 -0.973934 0
    outer loop
      vertex 6.94412 18.9176 7.98
      vertex 7.00466 18.9317 8.26
      vertex 6.94412 18.9176 8.26
    endloop
  endfacet
  facet normal 0.226833 -0.973934 0
    outer loop
      vertex 7.00466 18.9317 8.26
      vertex 6.94412 18.9176 7.98
      vertex 7.00466 18.9317 7.98
    endloop
  endfacet
  facet normal -0.164034 0.986455 0
    outer loop
      vertex 7.37534 12.5183 7.98
      vertex 7.314 12.5081 8.26
      vertex 7.37534 12.5183 8.26
    endloop
  endfacet
  facet normal -0.164034 0.986455 0
    outer loop
      vertex 7.314 12.5081 8.26
      vertex 7.37534 12.5183 7.98
      vertex 7.314 12.5081 7.98
    endloop
  endfacet
  facet normal 0.471373 0.881934 -0
    outer loop
      vertex 6.76982 12.598 7.98
      vertex 6.715 12.6273 8.26
      vertex 6.76982 12.598 8.26
    endloop
  endfacet
  facet normal 0.471373 0.881934 0
    outer loop
      vertex 6.715 12.6273 8.26
      vertex 6.76982 12.598 7.98
      vertex 6.715 12.6273 7.98
    endloop
  endfacet
  facet normal 0.413258 0.910614 -0
    outer loop
      vertex 6.82645 12.5723 7.98
      vertex 6.76982 12.598 8.26
      vertex 6.82645 12.5723 8.26
    endloop
  endfacet
  facet normal 0.413258 0.910614 0
    outer loop
      vertex 6.76982 12.598 8.26
      vertex 6.82645 12.5723 7.98
      vertex 6.76982 12.598 7.98
    endloop
  endfacet
  facet normal 0.226833 0.973934 -0
    outer loop
      vertex 7.00466 12.5183 7.98
      vertex 6.94412 12.5324 8.26
      vertex 7.00466 12.5183 8.26
    endloop
  endfacet
  facet normal 0.226833 0.973934 0
    outer loop
      vertex 6.94412 12.5324 8.26
      vertex 7.00466 12.5183 7.98
      vertex 6.94412 12.5324 7.98
    endloop
  endfacet
  facet normal 0.0981181 0.995175 -0
    outer loop
      vertex 7.12787 12.502 7.98
      vertex 7.066 12.5081 8.26
      vertex 7.12787 12.502 8.26
    endloop
  endfacet
  facet normal 0.0981181 0.995175 0
    outer loop
      vertex 7.066 12.5081 8.26
      vertex 7.12787 12.502 7.98
      vertex 7.066 12.5081 7.98
    endloop
  endfacet
  facet normal 0.0321739 0.999482 -0
    outer loop
      vertex 7.19 12.5 7.98
      vertex 7.12787 12.502 8.26
      vertex 7.19 12.5 8.26
    endloop
  endfacet
  facet normal 0.0321739 0.999482 0
    outer loop
      vertex 7.12787 12.502 8.26
      vertex 7.19 12.5 7.98
      vertex 7.12787 12.502 7.98
    endloop
  endfacet
  facet normal -0.0321739 0.999482 0
    outer loop
      vertex 7.25213 12.502 7.98
      vertex 7.19 12.5 8.26
      vertex 7.25213 12.502 8.26
    endloop
  endfacet
  facet normal -0.0321739 0.999482 0
    outer loop
      vertex 7.19 12.5 8.26
      vertex 7.25213 12.502 7.98
      vertex 7.19 12.5 7.98
    endloop
  endfacet
  facet normal -0.0981181 0.995175 0
    outer loop
      vertex 7.314 12.5081 7.98
      vertex 7.25213 12.502 8.26
      vertex 7.314 12.5081 8.26
    endloop
  endfacet
  facet normal -0.0981181 0.995175 0
    outer loop
      vertex 7.25213 12.502 8.26
      vertex 7.314 12.5081 7.98
      vertex 7.25213 12.502 7.98
    endloop
  endfacet
  facet normal 0.527755 0.849396 -0
    outer loop
      vertex 6.715 12.6273 7.98
      vertex 6.66221 12.6601 8.26
      vertex 6.715 12.6273 8.26
    endloop
  endfacet
  facet normal 0.527755 0.849396 0
    outer loop
      vertex 6.66221 12.6601 8.26
      vertex 6.715 12.6273 7.98
      vertex 6.66221 12.6601 7.98
    endloop
  endfacet
  facet normal 0.849297 0.527915 0
    outer loop
      vertex 6.4001 12.9222 8.26
      vertex 6.36728 12.975 7.98
      vertex 6.36728 12.975 8.26
    endloop
  endfacet
  facet normal 0.849297 0.527915 0
    outer loop
      vertex 6.36728 12.975 7.98
      vertex 6.4001 12.9222 8.26
      vertex 6.4001 12.9222 7.98
    endloop
  endfacet
  facet normal 0.911048 0.412301 0
    outer loop
      vertex 6.33797 13.0298 8.26
      vertex 6.31231 13.0865 7.98
      vertex 6.31231 13.0865 8.26
    endloop
  endfacet
  facet normal 0.911048 0.412301 0
    outer loop
      vertex 6.31231 13.0865 7.98
      vertex 6.33797 13.0298 8.26
      vertex 6.33797 13.0298 7.98
    endloop
  endfacet
  facet normal 0.956936 0.290298 0
    outer loop
      vertex 6.29042 13.1446 8.26
      vertex 6.27237 13.2041 7.98
      vertex 6.27237 13.2041 8.26
    endloop
  endfacet
  facet normal 0.956936 0.290298 0
    outer loop
      vertex 6.27237 13.2041 7.98
      vertex 6.29042 13.1446 8.26
      vertex 6.29042 13.1446 7.98
    endloop
  endfacet
  facet normal 0.973912 0.226925 0
    outer loop
      vertex 6.27237 13.2041 8.26
      vertex 6.25825 13.2647 7.98
      vertex 6.25825 13.2647 8.26
    endloop
  endfacet
  facet normal 0.973912 0.226925 0
    outer loop
      vertex 6.25825 13.2647 7.98
      vertex 6.27237 13.2041 8.26
      vertex 6.27237 13.2041 7.98
    endloop
  endfacet
  facet normal 0.413258 -0.910614 0
    outer loop
      vertex 6.76982 18.852 7.98
      vertex 6.82645 18.8777 8.26
      vertex 6.76982 18.852 8.26
    endloop
  endfacet
  facet normal 0.413258 -0.910614 0
    outer loop
      vertex 6.82645 18.8777 8.26
      vertex 6.76982 18.852 7.98
      vertex 6.82645 18.8777 7.98
    endloop
  endfacet
  facet normal 0.682789 -0.730616 0
    outer loop
      vertex 6.51825 18.6718 7.98
      vertex 6.56362 18.7142 8.26
      vertex 6.51825 18.6718 8.26
    endloop
  endfacet
  facet normal 0.682789 -0.730616 0
    outer loop
      vertex 6.56362 18.7142 8.26
      vertex 6.51825 18.6718 7.98
      vertex 6.56362 18.7142 7.98
    endloop
  endfacet
  facet normal 0.849297 -0.527915 0
    outer loop
      vertex 6.36728 18.475 8.26
      vertex 6.4001 18.5278 7.98
      vertex 6.4001 18.5278 8.26
    endloop
  endfacet
  facet normal 0.849297 -0.527915 0
    outer loop
      vertex 6.4001 18.5278 7.98
      vertex 6.36728 18.475 8.26
      vertex 6.36728 18.475 7.98
    endloop
  endfacet
  facet normal 0.812677 -0.582714 0
    outer loop
      vertex 6.4001 18.5278 8.26
      vertex 6.43631 18.5783 7.98
      vertex 6.43631 18.5783 8.26
    endloop
  endfacet
  facet normal 0.812677 -0.582714 0
    outer loop
      vertex 6.43631 18.5783 7.98
      vertex 6.4001 18.5278 8.26
      vertex 6.4001 18.5278 7.98
    endloop
  endfacet
  facet normal -0.471306 0.88197 0
    outer loop
      vertex 7.665 12.6273 7.98
      vertex 7.61017 12.598 8.26
      vertex 7.665 12.6273 8.26
    endloop
  endfacet
  facet normal -0.471306 0.88197 0
    outer loop
      vertex 7.61017 12.598 8.26
      vertex 7.665 12.6273 7.98
      vertex 7.61017 12.598 7.98
    endloop
  endfacet
  facet normal -0.582379 0.812917 0
    outer loop
      vertex 7.76832 12.6963 7.98
      vertex 7.71779 12.6601 8.26
      vertex 7.76832 12.6963 8.26
    endloop
  endfacet
  facet normal -0.582379 0.812917 0
    outer loop
      vertex 7.71779 12.6601 8.26
      vertex 7.76832 12.6963 7.98
      vertex 7.71779 12.6601 7.98
    endloop
  endfacet
  facet normal -0.986645 0.162885 0
    outer loop
      vertex 8.12175 13.2647 7.98
      vertex 8.13187 13.326 8.26
      vertex 8.13187 13.326 7.98
    endloop
  endfacet
  facet normal -0.986645 0.162885 0
    outer loop
      vertex 8.13187 13.326 8.26
      vertex 8.12175 13.2647 7.98
      vertex 8.12175 13.2647 8.26
    endloop
  endfacet
  facet normal -0.773284 0.63406 0
    outer loop
      vertex 7.90425 12.8236 7.98
      vertex 7.94369 12.8717 8.26
      vertex 7.94369 12.8717 7.98
    endloop
  endfacet
  facet normal -0.773284 0.63406 0
    outer loop
      vertex 7.94369 12.8717 8.26
      vertex 7.90425 12.8236 7.98
      vertex 7.90425 12.8236 8.26
    endloop
  endfacet
  facet normal -0.881796 0.471632 0
    outer loop
      vertex 8.01272 12.975 7.98
      vertex 8.04203 13.0298 8.26
      vertex 8.04203 13.0298 7.98
    endloop
  endfacet
  facet normal -0.881796 0.471632 0
    outer loop
      vertex 8.04203 13.0298 8.26
      vertex 8.01272 12.975 7.98
      vertex 8.01272 12.975 8.26
    endloop
  endfacet
  facet normal -0.849297 0.527915 0
    outer loop
      vertex 7.9799 12.9222 7.98
      vertex 8.01272 12.975 8.26
      vertex 8.01272 12.975 7.98
    endloop
  endfacet
  facet normal -0.849297 0.527915 0
    outer loop
      vertex 8.01272 12.975 8.26
      vertex 7.9799 12.9222 7.98
      vertex 7.9799 12.9222 8.26
    endloop
  endfacet
  facet normal -0.956936 -0.290298 0
    outer loop
      vertex 8.10763 18.2459 7.98
      vertex 8.08958 18.3054 8.26
      vertex 8.08958 18.3054 7.98
    endloop
  endfacet
  facet normal -0.956936 -0.290298 0
    outer loop
      vertex 8.08958 18.3054 8.26
      vertex 8.10763 18.2459 7.98
      vertex 8.10763 18.2459 8.26
    endloop
  endfacet
  facet normal -0.812677 -0.582714 0
    outer loop
      vertex 7.9799 18.5278 7.98
      vertex 7.94369 18.5783 8.26
      vertex 7.94369 18.5783 7.98
    endloop
  endfacet
  facet normal -0.812677 -0.582714 0
    outer loop
      vertex 7.94369 18.5783 8.26
      vertex 7.9799 18.5278 7.98
      vertex 7.9799 18.5278 8.26
    endloop
  endfacet
  facet normal 0.0981181 -0.995175 0
    outer loop
      vertex 7.066 18.9419 7.98
      vertex 7.12787 18.948 8.26
      vertex 7.066 18.9419 8.26
    endloop
  endfacet
  facet normal 0.0981181 -0.995175 0
    outer loop
      vertex 7.12787 18.948 8.26
      vertex 7.066 18.9419 7.98
      vertex 7.12787 18.948 7.98
    endloop
  endfacet
  facet normal -0.226833 0.973934 0
    outer loop
      vertex 7.43588 12.5324 7.98
      vertex 7.37534 12.5183 8.26
      vertex 7.43588 12.5324 8.26
    endloop
  endfacet
  facet normal -0.226833 0.973934 0
    outer loop
      vertex 7.37534 12.5183 8.26
      vertex 7.43588 12.5324 7.98
      vertex 7.37534 12.5183 7.98
    endloop
  endfacet
  facet normal -0.352287 0.935892 0
    outer loop
      vertex 7.55355 12.5723 7.98
      vertex 7.49537 12.5504 8.26
      vertex 7.55355 12.5723 8.26
    endloop
  endfacet
  facet normal -0.352287 0.935892 0
    outer loop
      vertex 7.49537 12.5504 8.26
      vertex 7.55355 12.5723 7.98
      vertex 7.49537 12.5504 7.98
    endloop
  endfacet
  facet normal 0.352287 0.935892 -0
    outer loop
      vertex 6.88463 12.5504 7.98
      vertex 6.82645 12.5723 8.26
      vertex 6.88463 12.5504 8.26
    endloop
  endfacet
  facet normal 0.352287 0.935892 0
    outer loop
      vertex 6.82645 12.5723 8.26
      vertex 6.88463 12.5504 7.98
      vertex 6.82645 12.5723 7.98
    endloop
  endfacet
  facet normal 0.164034 0.986455 -0
    outer loop
      vertex 7.066 12.5081 7.98
      vertex 7.00466 12.5183 8.26
      vertex 7.066 12.5081 8.26
    endloop
  endfacet
  facet normal 0.164034 0.986455 0
    outer loop
      vertex 7.00466 12.5183 8.26
      vertex 7.066 12.5081 7.98
      vertex 7.00466 12.5183 7.98
    endloop
  endfacet
  facet normal 0.634952 0.772552 -0
    outer loop
      vertex 6.61168 12.6963 7.98
      vertex 6.56362 12.7358 8.26
      vertex 6.61168 12.6963 8.26
    endloop
  endfacet
  facet normal 0.634952 0.772552 0
    outer loop
      vertex 6.56362 12.7358 8.26
      vertex 6.61168 12.6963 7.98
      vertex 6.56362 12.7358 7.98
    endloop
  endfacet
  facet normal 0.582379 0.812917 -0
    outer loop
      vertex 6.66221 12.6601 7.98
      vertex 6.61168 12.6963 8.26
      vertex 6.66221 12.6601 8.26
    endloop
  endfacet
  facet normal 0.582379 0.812917 0
    outer loop
      vertex 6.61168 12.6963 8.26
      vertex 6.66221 12.6601 7.98
      vertex 6.61168 12.6963 7.98
    endloop
  endfacet
  facet normal 0.812677 0.582714 0
    outer loop
      vertex 6.43631 12.8717 8.26
      vertex 6.4001 12.9222 7.98
      vertex 6.4001 12.9222 8.26
    endloop
  endfacet
  facet normal 0.812677 0.582714 0
    outer loop
      vertex 6.4001 12.9222 7.98
      vertex 6.43631 12.8717 8.26
      vertex 6.43631 12.8717 7.98
    endloop
  endfacet
  facet normal 0.773284 0.63406 0
    outer loop
      vertex 6.47575 12.8236 8.26
      vertex 6.43631 12.8717 7.98
      vertex 6.43631 12.8717 8.26
    endloop
  endfacet
  facet normal 0.773284 0.63406 0
    outer loop
      vertex 6.43631 12.8717 7.98
      vertex 6.47575 12.8236 8.26
      vertex 6.47575 12.8236 7.98
    endloop
  endfacet
  facet normal 0.730038 0.683406 0
    outer loop
      vertex 6.51825 12.7782 8.26
      vertex 6.47575 12.8236 7.98
      vertex 6.47575 12.8236 8.26
    endloop
  endfacet
  facet normal 0.730038 0.683406 0
    outer loop
      vertex 6.47575 12.8236 7.98
      vertex 6.51825 12.7782 8.26
      vertex 6.51825 12.7782 7.98
    endloop
  endfacet
  facet normal 0.881796 0.471632 0
    outer loop
      vertex 6.36728 12.975 8.26
      vertex 6.33797 13.0298 7.98
      vertex 6.33797 13.0298 8.26
    endloop
  endfacet
  facet normal 0.881796 0.471632 0
    outer loop
      vertex 6.33797 13.0298 7.98
      vertex 6.36728 12.975 8.26
      vertex 6.36728 12.975 7.98
    endloop
  endfacet
  facet normal 0.956936 -0.290298 0
    outer loop
      vertex 6.27237 18.2459 8.26
      vertex 6.29042 18.3054 7.98
      vertex 6.29042 18.3054 8.26
    endloop
  endfacet
  facet normal 0.956936 -0.290298 0
    outer loop
      vertex 6.29042 18.3054 7.98
      vertex 6.27237 18.2459 8.26
      vertex 6.27237 18.2459 7.98
    endloop
  endfacet
  facet normal 0.986645 -0.162885 0
    outer loop
      vertex 6.24813 18.124 8.26
      vertex 6.25825 18.1853 7.98
      vertex 6.25825 18.1853 8.26
    endloop
  endfacet
  facet normal 0.986645 -0.162885 0
    outer loop
      vertex 6.25825 18.1853 7.98
      vertex 6.24813 18.124 8.26
      vertex 6.24813 18.124 7.98
    endloop
  endfacet
  facet normal 0.973912 -0.226925 0
    outer loop
      vertex 6.25825 18.1853 8.26
      vertex 6.27237 18.2459 7.98
      vertex 6.27237 18.2459 8.26
    endloop
  endfacet
  facet normal 0.973912 -0.226925 0
    outer loop
      vertex 6.27237 18.2459 7.98
      vertex 6.25825 18.1853 8.26
      vertex 6.25825 18.1853 7.98
    endloop
  endfacet
  facet normal 0.634952 -0.772552 0
    outer loop
      vertex 6.56362 18.7142 7.98
      vertex 6.61168 18.7537 8.26
      vertex 6.56362 18.7142 8.26
    endloop
  endfacet
  facet normal 0.634952 -0.772552 0
    outer loop
      vertex 6.61168 18.7537 8.26
      vertex 6.56362 18.7142 7.98
      vertex 6.61168 18.7537 7.98
    endloop
  endfacet
  facet normal 0.582379 -0.812917 0
    outer loop
      vertex 6.61168 18.7537 7.98
      vertex 6.66221 18.7899 8.26
      vertex 6.61168 18.7537 8.26
    endloop
  endfacet
  facet normal 0.582379 -0.812917 0
    outer loop
      vertex 6.66221 18.7899 8.26
      vertex 6.61168 18.7537 7.98
      vertex 6.66221 18.7899 7.98
    endloop
  endfacet
  facet normal 0.471373 -0.881934 0
    outer loop
      vertex 6.715 18.8227 7.98
      vertex 6.76982 18.852 8.26
      vertex 6.715 18.8227 8.26
    endloop
  endfacet
  facet normal 0.471373 -0.881934 0
    outer loop
      vertex 6.76982 18.852 8.26
      vertex 6.715 18.8227 7.98
      vertex 6.76982 18.852 7.98
    endloop
  endfacet
  facet normal 0.730038 -0.683406 0
    outer loop
      vertex 6.47575 18.6264 8.26
      vertex 6.51825 18.6718 7.98
      vertex 6.51825 18.6718 8.26
    endloop
  endfacet
  facet normal 0.730038 -0.683406 0
    outer loop
      vertex 6.51825 18.6718 7.98
      vertex 6.47575 18.6264 8.26
      vertex 6.47575 18.6264 7.98
    endloop
  endfacet
  facet normal 0.881796 -0.471632 0
    outer loop
      vertex 6.33797 18.4202 8.26
      vertex 6.36728 18.475 7.98
      vertex 6.36728 18.475 8.26
    endloop
  endfacet
  facet normal 0.881796 -0.471632 0
    outer loop
      vertex 6.36728 18.475 7.98
      vertex 6.33797 18.4202 8.26
      vertex 6.33797 18.4202 7.98
    endloop
  endfacet
  facet normal -0.849297 -0.527915 0
    outer loop
      vertex 8.01272 18.475 7.98
      vertex 7.9799 18.5278 8.26
      vertex 7.9799 18.5278 7.98
    endloop
  endfacet
  facet normal -0.849297 -0.527915 0
    outer loop
      vertex 7.9799 18.5278 8.26
      vertex 8.01272 18.475 7.98
      vertex 8.01272 18.475 8.26
    endloop
  endfacet
  facet normal 0.164034 -0.986455 0
    outer loop
      vertex 7.00466 18.9317 7.98
      vertex 7.066 18.9419 8.26
      vertex 7.00466 18.9317 8.26
    endloop
  endfacet
  facet normal 0.164034 -0.986455 0
    outer loop
      vertex 7.066 18.9419 8.26
      vertex 7.00466 18.9317 7.98
      vertex 7.066 18.9419 7.98
    endloop
  endfacet
  facet normal 0.935785 -0.35257 0
    outer loop
      vertex 6.29042 18.3054 8.26
      vertex 6.31231 18.3635 7.98
      vertex 6.31231 18.3635 8.26
    endloop
  endfacet
  facet normal 0.935785 -0.35257 0
    outer loop
      vertex 6.31231 18.3635 7.98
      vertex 6.29042 18.3054 8.26
      vertex 6.29042 18.3054 7.98
    endloop
  endfacet
  facet normal 1 -0 0
    outer loop
      vertex -10.5 -2.5 8.26
      vertex -10.5 5 7.66
      vertex -10.5 5 8.26
    endloop
  endfacet
  facet normal 1 0 0
    outer loop
      vertex -10.5 5 7.66
      vertex -10.5 -2.5 8.26
      vertex -10.5 -2.5 7.66
    endloop
  endfacet
  facet normal -1 0 0
    outer loop
      vertex 3.5 -2.5 7.66
      vertex 3.5 5 8.26
      vertex 3.5 5 7.66
    endloop
  endfacet
  facet normal -1 -0 0
    outer loop
      vertex 3.5 5 8.26
      vertex 3.5 -2.5 7.66
      vertex 3.5 -2.5 8.26
    endloop
  endfacet
  facet normal -0 0 1
    outer loop
      vertex -10.5 5 7.66
      vertex 3.5 -2.5 7.66
      vertex 3.5 5 7.66
    endloop
  endfacet
  facet normal 0 0 1
    outer loop
      vertex 3.5 -2.5 7.66
      vertex -10.5 5 7.66
      vertex -10.5 -2.5 7.66
    endloop
  endfacet
  facet normal 0 1 -0
    outer loop
      vertex 3.5 -2.5 7.66
      vertex -10.5 -2.5 8.26
      vertex 3.5 -2.5 8.26
    endloop
  endfacet
  facet normal 0 1 0
    outer loop
      vertex -10.5 -2.5 8.26
      vertex 3.5 -2.5 7.66
      vertex -10.5 -2.5 7.66
    endloop
  endfacet
  facet normal 0 -1 0
    outer loop
      vertex -10.5 5 7.66
      vertex 3.5 5 8.26
      vertex -10.5 5 8.26
    endloop
  endfacet
  facet normal 0 -1 -0
    outer loop
      vertex 3.5 5 8.26
      vertex -10.5 5 7.66
      vertex 3.5 5 7.66
    endloop
  endfacet
endsolid OpenSCAD_Model
