solid OpenSCAD_Model
  facet normal 0.634335 0 0.773058
    outer loop
      vertex 10.7154 20.395 4.54668
      vertex 10.7407 17.395 4.52592
      vertex 10.7407 20.395 4.52592
    endloop
  endfacet
  facet normal 0.634335 0 0.773058
    outer loop
      vertex 10.7407 17.395 4.52592
      vertex 10.7154 20.395 4.54668
      vertex 10.7154 17.395 4.54668
    endloop
  endfacet
  facet normal -0.412086 0 0.911145
    outer loop
      vertex 10.1933 20.395 4.6
      vertex 10.2197 17.395 4.61194
      vertex 10.2197 20.395 4.61194
    endloop
  endfacet
  facet normal -0.412086 0 0.911145
    outer loop
      vertex 10.2197 17.395 4.61194
      vertex 10.1933 20.395 4.6
      vertex 10.1933 17.395 4.6
    endloop
  endfacet
  facet normal 0.956922 -0 0.290347
    outer loop
      vertex 10.8845 17.395 4.31072
      vertex 10.894 20.395 4.27941
      vertex 10.8845 20.395 4.31072
    endloop
  endfacet
  facet normal 0.956922 0 0.290347
    outer loop
      vertex 10.894 20.395 4.27941
      vertex 10.8845 17.395 4.31072
      vertex 10.894 17.395 4.27941
    endloop
  endfacet
  facet normal 0.772336 -0 0.635215
    outer loop
      vertex 10.7869 17.395 4.47967
      vertex 10.8077 20.395 4.45438
      vertex 10.7869 20.395 4.47967
    endloop
  endfacet
  facet normal 0.772336 0 0.635215
    outer loop
      vertex 10.8077 20.395 4.45438
      vertex 10.7869 17.395 4.47967
      vertex 10.8077 17.395 4.45438
    endloop
  endfacet
  facet normal 0.0327042 0 0.999465
    outer loop
      vertex 10.411 20.395 4.65
      vertex 10.4437 17.395 4.64893
      vertex 10.4437 20.395 4.64893
    endloop
  endfacet
  facet normal 0.0327042 0 0.999465
    outer loop
      vertex 10.4437 17.395 4.64893
      vertex 10.411 20.395 4.65
      vertex 10.411 17.395 4.65
    endloop
  endfacet
  facet normal 0.999435 0 -0.0336201
    outer loop
      vertex 10.911 17.395 4.15
      vertex 10.9099 20.395 4.1173
      vertex 10.911 20.395 4.15
    endloop
  endfacet
  facet normal 0.999435 0 -0.0336201
    outer loop
      vertex 10.9099 20.395 4.1173
      vertex 10.911 17.395 4.15
      vertex 10.9099 17.395 4.1173
    endloop
  endfacet
  facet normal 0.910889 0 -0.412651
    outer loop
      vertex 10.8729 17.395 3.95866
      vertex 10.8594 20.395 3.92886
      vertex 10.8729 20.395 3.95866
    endloop
  endfacet
  facet normal 0.910889 0 -0.412651
    outer loop
      vertex 10.8594 20.395 3.92886
      vertex 10.8729 17.395 3.95866
      vertex 10.8594 17.395 3.92886
    endloop
  endfacet
  facet normal 0.730872 0 -0.682515
    outer loop
      vertex 10.7869 17.395 3.82033
      vertex 10.7646 20.395 3.79645
      vertex 10.7869 20.395 3.82033
    endloop
  endfacet
  facet normal 0.730872 0 -0.682515
    outer loop
      vertex 10.7646 20.395 3.79645
      vertex 10.7869 17.395 3.82033
      vertex 10.7646 17.395 3.79645
    endloop
  endfacet
  facet normal 0.995205 -0 0.0978089
    outer loop
      vertex 10.9067 17.395 4.21526
      vertex 10.9099 20.395 4.1827
      vertex 10.9067 20.395 4.21526
    endloop
  endfacet
  facet normal 0.995205 0 0.0978089
    outer loop
      vertex 10.9099 20.395 4.1827
      vertex 10.9067 17.395 4.21526
      vertex 10.9099 17.395 4.1827
    endloop
  endfacet
  facet normal 0.910889 -0 0.412651
    outer loop
      vertex 10.8594 17.395 4.37114
      vertex 10.8729 20.395 4.34134
      vertex 10.8594 20.395 4.37114
    endloop
  endfacet
  facet normal 0.910889 0 0.412651
    outer loop
      vertex 10.8729 20.395 4.34134
      vertex 10.8594 17.395 4.37114
      vertex 10.8729 17.395 4.34134
    endloop
  endfacet
  facet normal 0.848941 -0 0.528488
    outer loop
      vertex 10.8267 17.395 4.42779
      vertex 10.844 20.395 4.4
      vertex 10.8267 20.395 4.42779
    endloop
  endfacet
  facet normal 0.848941 0 0.528488
    outer loop
      vertex 10.844 20.395 4.4
      vertex 10.8267 17.395 4.42779
      vertex 10.844 17.395 4.4
    endloop
  endfacet
  facet normal 0.81363 -0 0.581383
    outer loop
      vertex 10.8077 17.395 4.45438
      vertex 10.8267 20.395 4.42779
      vertex 10.8077 20.395 4.45438
    endloop
  endfacet
  facet normal 0.81363 0 0.581383
    outer loop
      vertex 10.8267 20.395 4.42779
      vertex 10.8077 17.395 4.45438
      vertex 10.8267 17.395 4.42779
    endloop
  endfacet
  facet normal 0.683352 0 0.730089
    outer loop
      vertex 10.7407 20.395 4.52592
      vertex 10.7646 17.395 4.50355
      vertex 10.7646 20.395 4.50355
    endloop
  endfacet
  facet normal 0.683352 0 0.730089
    outer loop
      vertex 10.7646 17.395 4.50355
      vertex 10.7407 20.395 4.52592
      vertex 10.7407 17.395 4.52592
    endloop
  endfacet
  facet normal 0.163306 0 0.986575
    outer loop
      vertex 10.4763 20.395 4.64572
      vertex 10.5085 17.395 4.64039
      vertex 10.5085 20.395 4.64039
    endloop
  endfacet
  facet normal 0.163306 0 0.986575
    outer loop
      vertex 10.5085 17.395 4.64039
      vertex 10.4763 20.395 4.64572
      vertex 10.4763 17.395 4.64572
    endloop
  endfacet
  facet normal 0.582452 0 0.812865
    outer loop
      vertex 10.6888 20.395 4.56574
      vertex 10.7154 17.395 4.54668
      vertex 10.7154 20.395 4.54668
    endloop
  endfacet
  facet normal 0.582452 0 0.812865
    outer loop
      vertex 10.7154 17.395 4.54668
      vertex 10.6888 20.395 4.56574
      vertex 10.6888 17.395 4.56574
    endloop
  endfacet
  facet normal 0.290152 0 0.956981
    outer loop
      vertex 10.5404 20.395 4.63296
      vertex 10.5717 17.395 4.62347
      vertex 10.5717 20.395 4.62347
    endloop
  endfacet
  facet normal 0.290152 0 0.956981
    outer loop
      vertex 10.5717 17.395 4.62347
      vertex 10.5404 20.395 4.63296
      vertex 10.5404 17.395 4.63296
    endloop
  endfacet
  facet normal -0.0979924 0 0.995187
    outer loop
      vertex 10.3457 20.395 4.64572
      vertex 10.3783 17.395 4.64893
      vertex 10.3783 20.395 4.64893
    endloop
  endfacet
  facet normal -0.0979924 0 0.995187
    outer loop
      vertex 10.3783 17.395 4.64893
      vertex 10.3457 20.395 4.64572
      vertex 10.3457 17.395 4.64572
    endloop
  endfacet
  facet normal -0.352598 0 0.935775
    outer loop
      vertex 10.2197 20.395 4.61194
      vertex 10.2503 17.395 4.62347
      vertex 10.2503 20.395 4.62347
    endloop
  endfacet
  facet normal -0.352598 0 0.935775
    outer loop
      vertex 10.2503 17.395 4.62347
      vertex 10.2197 20.395 4.61194
      vertex 10.2197 17.395 4.61194
    endloop
  endfacet
  facet normal 0.956922 0 -0.290347
    outer loop
      vertex 10.894 17.395 4.02059
      vertex 10.8845 20.395 3.98928
      vertex 10.894 20.395 4.02059
    endloop
  endfacet
  facet normal 0.956922 0 -0.290347
    outer loop
      vertex 10.8845 20.395 3.98928
      vertex 10.894 17.395 4.02059
      vertex 10.8845 17.395 3.98928
    endloop
  endfacet
  facet normal 0.995205 0 -0.0978089
    outer loop
      vertex 10.9099 17.395 4.1173
      vertex 10.9067 20.395 4.08474
      vertex 10.9099 20.395 4.1173
    endloop
  endfacet
  facet normal 0.995205 0 -0.0978089
    outer loop
      vertex 10.9067 20.395 4.08474
      vertex 10.9099 17.395 4.1173
      vertex 10.9067 17.395 4.08474
    endloop
  endfacet
  facet normal 0.772336 0 -0.635215
    outer loop
      vertex 10.8077 17.395 3.84562
      vertex 10.7869 20.395 3.82033
      vertex 10.8077 20.395 3.84562
    endloop
  endfacet
  facet normal 0.772336 0 -0.635215
    outer loop
      vertex 10.7869 20.395 3.82033
      vertex 10.8077 17.395 3.84562
      vertex 10.7869 17.395 3.82033
    endloop
  endfacet
  facet normal 0.882251 0 -0.470779
    outer loop
      vertex 10.8594 17.395 3.92886
      vertex 10.844 20.395 3.9
      vertex 10.8594 20.395 3.92886
    endloop
  endfacet
  facet normal 0.882251 0 -0.470779
    outer loop
      vertex 10.844 20.395 3.9
      vertex 10.8594 17.395 3.92886
      vertex 10.844 17.395 3.9
    endloop
  endfacet
  facet normal 0 1 0
    outer loop
      vertex 10.7154 20.395 4.54668
      vertex 10.661 20.395 4.58301
      vertex 10.6888 20.395 4.56574
    endloop
  endfacet
  facet normal 0 1 0
    outer loop
      vertex 10.7407 20.395 4.52592
      vertex 10.661 20.395 4.58301
      vertex 10.7154 20.395 4.54668
    endloop
  endfacet
  facet normal 0 1 0
    outer loop
      vertex 10.7646 20.395 4.50355
      vertex 10.661 20.395 4.58301
      vertex 10.7407 20.395 4.52592
    endloop
  endfacet
  facet normal 0 1 0
    outer loop
      vertex 10.7869 20.395 4.47967
      vertex 10.661 20.395 4.58301
      vertex 10.7646 20.395 4.50355
    endloop
  endfacet
  facet normal 0 1 0
    outer loop
      vertex 10.8077 20.395 4.45438
      vertex 10.661 20.395 4.58301
      vertex 10.7869 20.395 4.47967
    endloop
  endfacet
  facet normal 0 1 0
    outer loop
      vertex 10.8267 20.395 4.42779
      vertex 10.661 20.395 4.58301
      vertex 10.8077 20.395 4.45438
    endloop
  endfacet
  facet normal 0 1 0
    outer loop
      vertex 10.844 20.395 4.4
      vertex 10.661 20.395 4.58301
      vertex 10.8267 20.395 4.42779
    endloop
  endfacet
  facet normal 0 1 0
    outer loop
      vertex 10.8594 20.395 4.37114
      vertex 10.661 20.395 4.58301
      vertex 10.844 20.395 4.4
    endloop
  endfacet
  facet normal 0 1 0
    outer loop
      vertex 10.8729 20.395 4.34134
      vertex 10.661 20.395 4.58301
      vertex 10.8594 20.395 4.37114
    endloop
  endfacet
  facet normal 0 1 0
    outer loop
      vertex 10.8845 20.395 4.31072
      vertex 10.661 20.395 4.58301
      vertex 10.8729 20.395 4.34134
    endloop
  endfacet
  facet normal 0 1 0
    outer loop
      vertex 10.894 20.395 4.27941
      vertex 10.661 20.395 4.58301
      vertex 10.8845 20.395 4.31072
    endloop
  endfacet
  facet normal 0 1 0
    outer loop
      vertex 10.9014 20.395 4.24755
      vertex 10.661 20.395 4.58301
      vertex 10.894 20.395 4.27941
    endloop
  endfacet
  facet normal 0 1 0
    outer loop
      vertex 10.9067 20.395 4.21526
      vertex 10.661 20.395 4.58301
      vertex 10.9014 20.395 4.24755
    endloop
  endfacet
  facet normal 0 1 0
    outer loop
      vertex 10.9099 20.395 4.1827
      vertex 10.661 20.395 4.58301
      vertex 10.9067 20.395 4.21526
    endloop
  endfacet
  facet normal 0 1 0
    outer loop
      vertex 10.911 20.395 4.15
      vertex 10.661 20.395 4.58301
      vertex 10.9099 20.395 4.1827
    endloop
  endfacet
  facet normal 0 1 -0
    outer loop
      vertex 10.9099 20.395 4.1173
      vertex 10.661 20.395 4.58301
      vertex 10.911 20.395 4.15
    endloop
  endfacet
  facet normal 0 1 -0
    outer loop
      vertex 10.9067 20.395 4.08474
      vertex 10.661 20.395 4.58301
      vertex 10.9099 20.395 4.1173
    endloop
  endfacet
  facet normal 0 1 -0
    outer loop
      vertex 10.9014 20.395 4.05246
      vertex 10.661 20.395 4.58301
      vertex 10.9067 20.395 4.08474
    endloop
  endfacet
  facet normal 0 1 -0
    outer loop
      vertex 10.894 20.395 4.02059
      vertex 10.661 20.395 4.58301
      vertex 10.9014 20.395 4.05246
    endloop
  endfacet
  facet normal 0 1 -0
    outer loop
      vertex 10.8845 20.395 3.98928
      vertex 10.661 20.395 4.58301
      vertex 10.894 20.395 4.02059
    endloop
  endfacet
  facet normal 0 1 -0
    outer loop
      vertex 10.8729 20.395 3.95866
      vertex 10.661 20.395 4.58301
      vertex 10.8845 20.395 3.98928
    endloop
  endfacet
  facet normal 0 1 -0
    outer loop
      vertex 10.8594 20.395 3.92886
      vertex 10.661 20.395 4.58301
      vertex 10.8729 20.395 3.95866
    endloop
  endfacet
  facet normal 0 1 -0
    outer loop
      vertex 10.844 20.395 3.9
      vertex 10.661 20.395 4.58301
      vertex 10.8594 20.395 3.92886
    endloop
  endfacet
  facet normal 0 1 -0
    outer loop
      vertex 10.8267 20.395 3.87222
      vertex 10.661 20.395 4.58301
      vertex 10.844 20.395 3.9
    endloop
  endfacet
  facet normal 0 1 -0
    outer loop
      vertex 10.8077 20.395 3.84562
      vertex 10.661 20.395 4.58301
      vertex 10.8267 20.395 3.87222
    endloop
  endfacet
  facet normal 0 1 -0
    outer loop
      vertex 10.7869 20.395 3.82033
      vertex 10.661 20.395 4.58301
      vertex 10.8077 20.395 3.84562
    endloop
  endfacet
  facet normal 0 1 -0
    outer loop
      vertex 10.7646 20.395 3.79645
      vertex 10.661 20.395 4.58301
      vertex 10.7869 20.395 3.82033
    endloop
  endfacet
  facet normal 0 1 -0
    outer loop
      vertex 10.7407 20.395 3.77408
      vertex 10.661 20.395 4.58301
      vertex 10.7646 20.395 3.79645
    endloop
  endfacet
  facet normal 0 1 -0
    outer loop
      vertex 10.7154 20.395 3.75332
      vertex 10.661 20.395 4.58301
      vertex 10.7407 20.395 3.77408
    endloop
  endfacet
  facet normal 0 1 -0
    outer loop
      vertex 10.6888 20.395 3.73427
      vertex 10.661 20.395 4.58301
      vertex 10.7154 20.395 3.75332
    endloop
  endfacet
  facet normal 0 1 0
    outer loop
      vertex 10.661 20.395 4.58301
      vertex 10.6888 20.395 3.73427
      vertex 10.661 20.395 3.71699
    endloop
  endfacet
  facet normal 0 1 0
    outer loop
      vertex 10.4437 20.395 4.64893
      vertex 10.3783 20.395 4.64893
      vertex 10.411 20.395 4.65
    endloop
  endfacet
  facet normal 0 1 0
    outer loop
      vertex 10.4763 20.395 4.64572
      vertex 10.3783 20.395 4.64893
      vertex 10.4437 20.395 4.64893
    endloop
  endfacet
  facet normal 0 1 0
    outer loop
      vertex 10.4763 20.395 4.64572
      vertex 10.3457 20.395 4.64572
      vertex 10.3783 20.395 4.64893
    endloop
  endfacet
  facet normal 0 1 0
    outer loop
      vertex 10.5085 20.395 4.64039
      vertex 10.3457 20.395 4.64572
      vertex 10.4763 20.395 4.64572
    endloop
  endfacet
  facet normal 0 1 0
    outer loop
      vertex 10.5085 20.395 4.64039
      vertex 10.3135 20.395 4.64039
      vertex 10.3457 20.395 4.64572
    endloop
  endfacet
  facet normal 0 1 0
    outer loop
      vertex 10.5404 20.395 4.63296
      vertex 10.3135 20.395 4.64039
      vertex 10.5085 20.395 4.64039
    endloop
  endfacet
  facet normal 0 1 0
    outer loop
      vertex 10.5404 20.395 4.63296
      vertex 10.2816 20.395 4.63296
      vertex 10.3135 20.395 4.64039
    endloop
  endfacet
  facet normal 0 1 0
    outer loop
      vertex 10.5717 20.395 4.62347
      vertex 10.2816 20.395 4.63296
      vertex 10.5404 20.395 4.63296
    endloop
  endfacet
  facet normal 0 1 0
    outer loop
      vertex 10.5717 20.395 4.62347
      vertex 10.2503 20.395 4.62347
      vertex 10.2816 20.395 4.63296
    endloop
  endfacet
  facet normal 0 1 0
    outer loop
      vertex 10.6023 20.395 4.61194
      vertex 10.2503 20.395 4.62347
      vertex 10.5717 20.395 4.62347
    endloop
  endfacet
  facet normal 0 1 0
    outer loop
      vertex 10.6023 20.395 4.61194
      vertex 10.2197 20.395 4.61194
      vertex 10.2503 20.395 4.62347
    endloop
  endfacet
  facet normal 0 1 0
    outer loop
      vertex 10.6287 20.395 4.6
      vertex 10.2197 20.395 4.61194
      vertex 10.6023 20.395 4.61194
    endloop
  endfacet
  facet normal 0 1 0
    outer loop
      vertex 10.2197 20.395 4.61194
      vertex 10.6287 20.395 4.6
      vertex 10.1933 20.395 4.6
    endloop
  endfacet
  facet normal 0.935144 -0 0.354268
    outer loop
      vertex 10.8729 17.395 4.34134
      vertex 10.8845 20.395 4.31072
      vertex 10.8729 20.395 4.34134
    endloop
  endfacet
  facet normal 0.935144 0 0.354268
    outer loop
      vertex 10.8845 20.395 4.31072
      vertex 10.8729 17.395 4.34134
      vertex 10.8845 17.395 4.31072
    endloop
  endfacet
  facet normal 0.882251 -0 0.470779
    outer loop
      vertex 10.844 17.395 4.4
      vertex 10.8594 20.395 4.37114
      vertex 10.844 20.395 4.4
    endloop
  endfacet
  facet normal 0.882251 0 0.470779
    outer loop
      vertex 10.8594 20.395 4.37114
      vertex 10.844 17.395 4.4
      vertex 10.8594 17.395 4.37114
    endloop
  endfacet
  facet normal 0.730872 -0 0.682515
    outer loop
      vertex 10.7646 17.395 4.50355
      vertex 10.7869 20.395 4.47967
      vertex 10.7646 20.395 4.50355
    endloop
  endfacet
  facet normal 0.730872 0 0.682515
    outer loop
      vertex 10.7869 20.395 4.47967
      vertex 10.7646 17.395 4.50355
      vertex 10.7869 17.395 4.47967
    endloop
  endfacet
  facet normal -0.0327042 0 0.999465
    outer loop
      vertex 10.3783 20.395 4.64893
      vertex 10.411 17.395 4.65
      vertex 10.411 20.395 4.65
    endloop
  endfacet
  facet normal -0.0327042 0 0.999465
    outer loop
      vertex 10.411 17.395 4.65
      vertex 10.3783 20.395 4.64893
      vertex 10.3783 17.395 4.64893
    endloop
  endfacet
  facet normal 0.52769 0 0.849437
    outer loop
      vertex 10.661 20.395 4.58301
      vertex 10.6888 17.395 4.56574
      vertex 10.6888 20.395 4.56574
    endloop
  endfacet
  facet normal 0.52769 0 0.849437
    outer loop
      vertex 10.6888 17.395 4.56574
      vertex 10.661 20.395 4.58301
      vertex 10.661 17.395 4.58301
    endloop
  endfacet
  facet normal 0.352598 0 0.935775
    outer loop
      vertex 10.5717 20.395 4.62347
      vertex 10.6023 17.395 4.61194
      vertex 10.6023 20.395 4.61194
    endloop
  endfacet
  facet normal 0.352598 0 0.935775
    outer loop
      vertex 10.6023 17.395 4.61194
      vertex 10.5717 20.395 4.62347
      vertex 10.5717 17.395 4.62347
    endloop
  endfacet
  facet normal 0.412086 0 0.911145
    outer loop
      vertex 10.6023 20.395 4.61194
      vertex 10.6287 17.395 4.6
      vertex 10.6287 20.395 4.6
    endloop
  endfacet
  facet normal 0.412086 0 0.911145
    outer loop
      vertex 10.6287 17.395 4.6
      vertex 10.6023 20.395 4.61194
      vertex 10.6023 17.395 4.61194
    endloop
  endfacet
  facet normal 0.0979924 0 0.995187
    outer loop
      vertex 10.4437 20.395 4.64893
      vertex 10.4763 17.395 4.64572
      vertex 10.4763 20.395 4.64572
    endloop
  endfacet
  facet normal 0.0979924 0 0.995187
    outer loop
      vertex 10.4763 17.395 4.64572
      vertex 10.4437 20.395 4.64893
      vertex 10.4437 17.395 4.64893
    endloop
  endfacet
  facet normal 0.226844 0 0.973931
    outer loop
      vertex 10.5085 20.395 4.64039
      vertex 10.5404 17.395 4.63296
      vertex 10.5404 20.395 4.63296
    endloop
  endfacet
  facet normal 0.226844 0 0.973931
    outer loop
      vertex 10.5404 17.395 4.63296
      vertex 10.5085 20.395 4.64039
      vertex 10.5085 17.395 4.64039
    endloop
  endfacet
  facet normal 0 -1 0
    outer loop
      vertex 10.661 17.395 4.58301
      vertex 10.7154 17.395 4.54668
      vertex 10.6888 17.395 4.56574
    endloop
  endfacet
  facet normal 0 -1 0
    outer loop
      vertex 10.661 17.395 4.58301
      vertex 10.7407 17.395 4.52592
      vertex 10.7154 17.395 4.54668
    endloop
  endfacet
  facet normal 0 -1 0
    outer loop
      vertex 10.661 17.395 4.58301
      vertex 10.7646 17.395 4.50355
      vertex 10.7407 17.395 4.52592
    endloop
  endfacet
  facet normal 0 -1 0
    outer loop
      vertex 10.661 17.395 4.58301
      vertex 10.7869 17.395 4.47967
      vertex 10.7646 17.395 4.50355
    endloop
  endfacet
  facet normal 0 -1 0
    outer loop
      vertex 10.661 17.395 4.58301
      vertex 10.8077 17.395 4.45438
      vertex 10.7869 17.395 4.47967
    endloop
  endfacet
  facet normal 0 -1 0
    outer loop
      vertex 10.661 17.395 4.58301
      vertex 10.8267 17.395 4.42779
      vertex 10.8077 17.395 4.45438
    endloop
  endfacet
  facet normal 0 -1 0
    outer loop
      vertex 10.661 17.395 4.58301
      vertex 10.844 17.395 4.4
      vertex 10.8267 17.395 4.42779
    endloop
  endfacet
  facet normal 0 -1 0
    outer loop
      vertex 10.661 17.395 4.58301
      vertex 10.8594 17.395 4.37114
      vertex 10.844 17.395 4.4
    endloop
  endfacet
  facet normal 0 -1 0
    outer loop
      vertex 10.661 17.395 4.58301
      vertex 10.8729 17.395 4.34134
      vertex 10.8594 17.395 4.37114
    endloop
  endfacet
  facet normal 0 -1 0
    outer loop
      vertex 10.661 17.395 4.58301
      vertex 10.8845 17.395 4.31072
      vertex 10.8729 17.395 4.34134
    endloop
  endfacet
  facet normal 0 -1 0
    outer loop
      vertex 10.661 17.395 4.58301
      vertex 10.894 17.395 4.27941
      vertex 10.8845 17.395 4.31072
    endloop
  endfacet
  facet normal 0 -1 0
    outer loop
      vertex 10.661 17.395 4.58301
      vertex 10.9014 17.395 4.24755
      vertex 10.894 17.395 4.27941
    endloop
  endfacet
  facet normal 0 -1 0
    outer loop
      vertex 10.661 17.395 4.58301
      vertex 10.9067 17.395 4.21526
      vertex 10.9014 17.395 4.24755
    endloop
  endfacet
  facet normal 0 -1 0
    outer loop
      vertex 10.661 17.395 4.58301
      vertex 10.9099 17.395 4.1827
      vertex 10.9067 17.395 4.21526
    endloop
  endfacet
  facet normal 0 -1 0
    outer loop
      vertex 10.661 17.395 4.58301
      vertex 10.911 17.395 4.15
      vertex 10.9099 17.395 4.1827
    endloop
  endfacet
  facet normal 0 -1 0
    outer loop
      vertex 10.661 17.395 4.58301
      vertex 10.9099 17.395 4.1173
      vertex 10.911 17.395 4.15
    endloop
  endfacet
  facet normal 0 -1 0
    outer loop
      vertex 10.661 17.395 4.58301
      vertex 10.9067 17.395 4.08474
      vertex 10.9099 17.395 4.1173
    endloop
  endfacet
  facet normal 0 -1 0
    outer loop
      vertex 10.661 17.395 4.58301
      vertex 10.9014 17.395 4.05246
      vertex 10.9067 17.395 4.08474
    endloop
  endfacet
  facet normal 0 -1 0
    outer loop
      vertex 10.661 17.395 4.58301
      vertex 10.894 17.395 4.02059
      vertex 10.9014 17.395 4.05246
    endloop
  endfacet
  facet normal 0 -1 0
    outer loop
      vertex 10.661 17.395 4.58301
      vertex 10.8845 17.395 3.98928
      vertex 10.894 17.395 4.02059
    endloop
  endfacet
  facet normal 0 -1 0
    outer loop
      vertex 10.661 17.395 4.58301
      vertex 10.8729 17.395 3.95866
      vertex 10.8845 17.395 3.98928
    endloop
  endfacet
  facet normal 0 -1 0
    outer loop
      vertex 10.661 17.395 4.58301
      vertex 10.8594 17.395 3.92886
      vertex 10.8729 17.395 3.95866
    endloop
  endfacet
  facet normal 0 -1 0
    outer loop
      vertex 10.661 17.395 4.58301
      vertex 10.844 17.395 3.9
      vertex 10.8594 17.395 3.92886
    endloop
  endfacet
  facet normal 0 -1 0
    outer loop
      vertex 10.661 17.395 4.58301
      vertex 10.8267 17.395 3.87222
      vertex 10.844 17.395 3.9
    endloop
  endfacet
  facet normal 0 -1 0
    outer loop
      vertex 10.661 17.395 4.58301
      vertex 10.8077 17.395 3.84562
      vertex 10.8267 17.395 3.87222
    endloop
  endfacet
  facet normal 0 -1 0
    outer loop
      vertex 10.661 17.395 4.58301
      vertex 10.7869 17.395 3.82033
      vertex 10.8077 17.395 3.84562
    endloop
  endfacet
  facet normal 0 -1 0
    outer loop
      vertex 10.661 17.395 4.58301
      vertex 10.7646 17.395 3.79645
      vertex 10.7869 17.395 3.82033
    endloop
  endfacet
  facet normal 0 -1 0
    outer loop
      vertex 10.661 17.395 4.58301
      vertex 10.7407 17.395 3.77408
      vertex 10.7646 17.395 3.79645
    endloop
  endfacet
  facet normal 0 -1 0
    outer loop
      vertex 10.661 17.395 4.58301
      vertex 10.7154 17.395 3.75332
      vertex 10.7407 17.395 3.77408
    endloop
  endfacet
  facet normal 0 -1 0
    outer loop
      vertex 10.661 17.395 4.58301
      vertex 10.6888 17.395 3.73427
      vertex 10.7154 17.395 3.75332
    endloop
  endfacet
  facet normal -0 -1 0
    outer loop
      vertex 10.6888 17.395 3.73427
      vertex 10.661 17.395 4.58301
      vertex 10.661 17.395 3.71699
    endloop
  endfacet
  facet normal 0 -1 0
    outer loop
      vertex 10.3783 17.395 4.64893
      vertex 10.4437 17.395 4.64893
      vertex 10.411 17.395 4.65
    endloop
  endfacet
  facet normal 0 -1 0
    outer loop
      vertex 10.3457 17.395 4.64572
      vertex 10.4437 17.395 4.64893
      vertex 10.3783 17.395 4.64893
    endloop
  endfacet
  facet normal 0 -1 0
    outer loop
      vertex 10.3457 17.395 4.64572
      vertex 10.4763 17.395 4.64572
      vertex 10.4437 17.395 4.64893
    endloop
  endfacet
  facet normal 0 -1 0
    outer loop
      vertex 10.3135 17.395 4.64039
      vertex 10.4763 17.395 4.64572
      vertex 10.3457 17.395 4.64572
    endloop
  endfacet
  facet normal 0 -1 0
    outer loop
      vertex 10.3135 17.395 4.64039
      vertex 10.5085 17.395 4.64039
      vertex 10.4763 17.395 4.64572
    endloop
  endfacet
  facet normal 0 -1 0
    outer loop
      vertex 10.2816 17.395 4.63296
      vertex 10.5085 17.395 4.64039
      vertex 10.3135 17.395 4.64039
    endloop
  endfacet
  facet normal 0 -1 0
    outer loop
      vertex 10.2816 17.395 4.63296
      vertex 10.5404 17.395 4.63296
      vertex 10.5085 17.395 4.64039
    endloop
  endfacet
  facet normal 0 -1 0
    outer loop
      vertex 10.2503 17.395 4.62347
      vertex 10.5404 17.395 4.63296
      vertex 10.2816 17.395 4.63296
    endloop
  endfacet
  facet normal 0 -1 0
    outer loop
      vertex 10.2503 17.395 4.62347
      vertex 10.5717 17.395 4.62347
      vertex 10.5404 17.395 4.63296
    endloop
  endfacet
  facet normal 0 -1 0
    outer loop
      vertex 10.2197 17.395 4.61194
      vertex 10.5717 17.395 4.62347
      vertex 10.2503 17.395 4.62347
    endloop
  endfacet
  facet normal 0 -1 0
    outer loop
      vertex 10.2197 17.395 4.61194
      vertex 10.6023 17.395 4.61194
      vertex 10.5717 17.395 4.62347
    endloop
  endfacet
  facet normal 0 -1 0
    outer loop
      vertex 10.1933 17.395 4.6
      vertex 10.6023 17.395 4.61194
      vertex 10.2197 17.395 4.61194
    endloop
  endfacet
  facet normal 0 -1 -0
    outer loop
      vertex 10.6023 17.395 4.61194
      vertex 10.1933 17.395 4.6
      vertex 10.6287 17.395 4.6
    endloop
  endfacet
  facet normal -0.290152 0 0.956981
    outer loop
      vertex 10.2503 20.395 4.62347
      vertex 10.2816 17.395 4.63296
      vertex 10.2816 20.395 4.63296
    endloop
  endfacet
  facet normal -0.290152 0 0.956981
    outer loop
      vertex 10.2816 17.395 4.63296
      vertex 10.2503 20.395 4.62347
      vertex 10.2503 17.395 4.62347
    endloop
  endfacet
  facet normal -0.163306 0 0.986575
    outer loop
      vertex 10.3135 20.395 4.64039
      vertex 10.3457 17.395 4.64572
      vertex 10.3457 20.395 4.64572
    endloop
  endfacet
  facet normal -0.163306 0 0.986575
    outer loop
      vertex 10.3457 17.395 4.64572
      vertex 10.3135 20.395 4.64039
      vertex 10.3135 17.395 4.64039
    endloop
  endfacet
  facet normal -0.226844 0 0.973931
    outer loop
      vertex 10.2816 20.395 4.63296
      vertex 10.3135 17.395 4.64039
      vertex 10.3135 20.395 4.64039
    endloop
  endfacet
  facet normal -0.226844 0 0.973931
    outer loop
      vertex 10.3135 17.395 4.64039
      vertex 10.2816 20.395 4.63296
      vertex 10.2816 17.395 4.63296
    endloop
  endfacet
  facet normal 0.999435 -0 0.0336201
    outer loop
      vertex 10.9099 17.395 4.1827
      vertex 10.911 20.395 4.15
      vertex 10.9099 20.395 4.1827
    endloop
  endfacet
  facet normal 0.999435 0 0.0336201
    outer loop
      vertex 10.911 20.395 4.15
      vertex 10.9099 17.395 4.1827
      vertex 10.911 17.395 4.15
    endloop
  endfacet
  facet normal 0.974086 0 -0.226176
    outer loop
      vertex 10.9014 17.395 4.05246
      vertex 10.894 20.395 4.02059
      vertex 10.9014 20.395 4.05246
    endloop
  endfacet
  facet normal 0.974086 0 -0.226176
    outer loop
      vertex 10.894 20.395 4.02059
      vertex 10.9014 17.395 4.05246
      vertex 10.894 17.395 4.02059
    endloop
  endfacet
  facet normal 0.634335 0 -0.773058
    outer loop
      vertex 10.7154 17.395 3.75332
      vertex 10.7407 20.395 3.77408
      vertex 10.7407 17.395 3.77408
    endloop
  endfacet
  facet normal 0.634335 0 -0.773058
    outer loop
      vertex 10.7407 20.395 3.77408
      vertex 10.7154 17.395 3.75332
      vertex 10.7154 20.395 3.75332
    endloop
  endfacet
  facet normal 0.52791 0 -0.8493
    outer loop
      vertex 10.661 17.395 3.71699
      vertex 10.6888 20.395 3.73427
      vertex 10.6888 17.395 3.73427
    endloop
  endfacet
  facet normal 0.52791 0 -0.8493
    outer loop
      vertex 10.6888 20.395 3.73427
      vertex 10.661 17.395 3.71699
      vertex 10.661 20.395 3.71699
    endloop
  endfacet
  facet normal 0.58225 0 -0.81301
    outer loop
      vertex 10.6888 17.395 3.73427
      vertex 10.7154 20.395 3.75332
      vertex 10.7154 17.395 3.75332
    endloop
  endfacet
  facet normal 0.58225 0 -0.81301
    outer loop
      vertex 10.7154 20.395 3.75332
      vertex 10.6888 17.395 3.73427
      vertex 10.6888 20.395 3.73427
    endloop
  endfacet
  facet normal 0.813733 0 -0.581238
    outer loop
      vertex 10.8267 17.395 3.87222
      vertex 10.8077 20.395 3.84562
      vertex 10.8267 20.395 3.87222
    endloop
  endfacet
  facet normal 0.813733 0 -0.581238
    outer loop
      vertex 10.8077 20.395 3.84562
      vertex 10.8267 17.395 3.87222
      vertex 10.8077 17.395 3.84562
    endloop
  endfacet
  facet normal 0.848856 0 -0.528625
    outer loop
      vertex 10.844 17.395 3.9
      vertex 10.8267 20.395 3.87222
      vertex 10.844 20.395 3.9
    endloop
  endfacet
  facet normal 0.848856 0 -0.528625
    outer loop
      vertex 10.8267 20.395 3.87222
      vertex 10.844 17.395 3.9
      vertex 10.8267 17.395 3.87222
    endloop
  endfacet
  facet normal 0.974071 -0 0.226244
    outer loop
      vertex 10.894 17.395 4.27941
      vertex 10.9014 20.395 4.24755
      vertex 10.894 20.395 4.27941
    endloop
  endfacet
  facet normal 0.974071 0 0.226244
    outer loop
      vertex 10.9014 20.395 4.24755
      vertex 10.894 17.395 4.27941
      vertex 10.9014 17.395 4.24755
    endloop
  endfacet
  facet normal 0.986796 -0 0.16197
    outer loop
      vertex 10.9014 17.395 4.24755
      vertex 10.9067 20.395 4.21526
      vertex 10.9014 20.395 4.24755
    endloop
  endfacet
  facet normal 0.986796 0 0.16197
    outer loop
      vertex 10.9067 20.395 4.21526
      vertex 10.9014 17.395 4.24755
      vertex 10.9067 17.395 4.21526
    endloop
  endfacet
  facet normal 0.986788 0 -0.162019
    outer loop
      vertex 10.9067 17.395 4.08474
      vertex 10.9014 20.395 4.05246
      vertex 10.9067 20.395 4.08474
    endloop
  endfacet
  facet normal 0.986788 0 -0.162019
    outer loop
      vertex 10.9014 20.395 4.05246
      vertex 10.9067 17.395 4.08474
      vertex 10.9014 17.395 4.05246
    endloop
  endfacet
  facet normal 0.683352 0 -0.730089
    outer loop
      vertex 10.7407 17.395 3.77408
      vertex 10.7646 20.395 3.79645
      vertex 10.7646 17.395 3.79645
    endloop
  endfacet
  facet normal 0.683352 0 -0.730089
    outer loop
      vertex 10.7646 20.395 3.79645
      vertex 10.7407 17.395 3.77408
      vertex 10.7407 20.395 3.77408
    endloop
  endfacet
  facet normal 0.935144 0 -0.354268
    outer loop
      vertex 10.8845 17.395 3.98928
      vertex 10.8729 20.395 3.95866
      vertex 10.8845 20.395 3.98928
    endloop
  endfacet
  facet normal 0.935144 0 -0.354268
    outer loop
      vertex 10.8729 20.395 3.95866
      vertex 10.8845 17.395 3.98928
      vertex 10.8729 17.395 3.95866
    endloop
  endfacet
  facet normal -0.999435 0 0.0336201
    outer loop
      vertex -13.914 17.395 4.15
      vertex -13.9129 20.395 4.1827
      vertex -13.914 20.395 4.15
    endloop
  endfacet
  facet normal -0.999435 0 0.0336201
    outer loop
      vertex -13.9129 20.395 4.1827
      vertex -13.914 17.395 4.15
      vertex -13.9129 17.395 4.1827
    endloop
  endfacet
  facet normal -0.0327042 0 0.999465
    outer loop
      vertex -13.4467 20.395 4.64893
      vertex -13.414 17.395 4.65
      vertex -13.414 20.395 4.65
    endloop
  endfacet
  facet normal -0.0327042 0 0.999465
    outer loop
      vertex -13.414 17.395 4.65
      vertex -13.4467 20.395 4.64893
      vertex -13.4467 17.395 4.64893
    endloop
  endfacet
  facet normal -0.683352 0 0.730089
    outer loop
      vertex -13.7676 20.395 4.50355
      vertex -13.7437 17.395 4.52592
      vertex -13.7437 20.395 4.52592
    endloop
  endfacet
  facet normal -0.683352 0 0.730089
    outer loop
      vertex -13.7437 17.395 4.52592
      vertex -13.7676 20.395 4.50355
      vertex -13.7676 17.395 4.50355
    endloop
  endfacet
  facet normal -0.412086 0 0.911145
    outer loop
      vertex -13.6317 20.395 4.6
      vertex -13.6053 17.395 4.61194
      vertex -13.6053 20.395 4.61194
    endloop
  endfacet
  facet normal -0.412086 0 0.911145
    outer loop
      vertex -13.6053 17.395 4.61194
      vertex -13.6317 20.395 4.6
      vertex -13.6317 17.395 4.6
    endloop
  endfacet
  facet normal -0.848941 0 0.528488
    outer loop
      vertex -13.847 17.395 4.4
      vertex -13.8297 20.395 4.42779
      vertex -13.847 20.395 4.4
    endloop
  endfacet
  facet normal -0.848941 0 0.528488
    outer loop
      vertex -13.8297 20.395 4.42779
      vertex -13.847 17.395 4.4
      vertex -13.8297 17.395 4.42779
    endloop
  endfacet
  facet normal -0.81363 0 0.581383
    outer loop
      vertex -13.8297 17.395 4.42779
      vertex -13.8107 20.395 4.45438
      vertex -13.8297 20.395 4.42779
    endloop
  endfacet
  facet normal -0.81363 0 0.581383
    outer loop
      vertex -13.8107 20.395 4.45438
      vertex -13.8297 17.395 4.42779
      vertex -13.8107 17.395 4.45438
    endloop
  endfacet
  facet normal -0.163306 0 0.986575
    outer loop
      vertex -13.5115 20.395 4.64039
      vertex -13.4793 17.395 4.64572
      vertex -13.4793 20.395 4.64572
    endloop
  endfacet
  facet normal -0.163306 0 0.986575
    outer loop
      vertex -13.4793 17.395 4.64572
      vertex -13.5115 20.395 4.64039
      vertex -13.5115 17.395 4.64039
    endloop
  endfacet
  facet normal -0.730872 0 -0.682515
    outer loop
      vertex -13.7676 17.395 3.79645
      vertex -13.7899 20.395 3.82033
      vertex -13.7676 20.395 3.79645
    endloop
  endfacet
  facet normal -0.730872 -0 -0.682515
    outer loop
      vertex -13.7899 20.395 3.82033
      vertex -13.7676 17.395 3.79645
      vertex -13.7899 17.395 3.82033
    endloop
  endfacet
  facet normal 0.226844 0 0.973931
    outer loop
      vertex -13.3165 20.395 4.64039
      vertex -13.2846 17.395 4.63296
      vertex -13.2846 20.395 4.63296
    endloop
  endfacet
  facet normal 0.226844 0 0.973931
    outer loop
      vertex -13.2846 17.395 4.63296
      vertex -13.3165 20.395 4.64039
      vertex -13.3165 17.395 4.64039
    endloop
  endfacet
  facet normal 0.290152 0 0.956981
    outer loop
      vertex -13.2846 20.395 4.63296
      vertex -13.2533 17.395 4.62347
      vertex -13.2533 20.395 4.62347
    endloop
  endfacet
  facet normal 0.290152 0 0.956981
    outer loop
      vertex -13.2533 17.395 4.62347
      vertex -13.2846 20.395 4.63296
      vertex -13.2846 17.395 4.63296
    endloop
  endfacet
  facet normal 0.0979924 0 0.995187
    outer loop
      vertex -13.3813 20.395 4.64893
      vertex -13.3487 17.395 4.64572
      vertex -13.3487 20.395 4.64572
    endloop
  endfacet
  facet normal 0.0979924 0 0.995187
    outer loop
      vertex -13.3487 17.395 4.64572
      vertex -13.3813 20.395 4.64893
      vertex -13.3813 17.395 4.64893
    endloop
  endfacet
  facet normal -0.956922 0 0.290347
    outer loop
      vertex -13.897 17.395 4.27941
      vertex -13.8875 20.395 4.31072
      vertex -13.897 20.395 4.27941
    endloop
  endfacet
  facet normal -0.956922 0 0.290347
    outer loop
      vertex -13.8875 20.395 4.31072
      vertex -13.897 17.395 4.27941
      vertex -13.8875 17.395 4.31072
    endloop
  endfacet
  facet normal -0.772336 0 0.635215
    outer loop
      vertex -13.8107 17.395 4.45438
      vertex -13.7899 20.395 4.47967
      vertex -13.8107 20.395 4.45438
    endloop
  endfacet
  facet normal -0.772336 0 0.635215
    outer loop
      vertex -13.7899 20.395 4.47967
      vertex -13.8107 17.395 4.45438
      vertex -13.7899 17.395 4.47967
    endloop
  endfacet
  facet normal -0.910889 0 0.412651
    outer loop
      vertex -13.8759 17.395 4.34134
      vertex -13.8624 20.395 4.37114
      vertex -13.8759 20.395 4.34134
    endloop
  endfacet
  facet normal -0.910889 0 0.412651
    outer loop
      vertex -13.8624 20.395 4.37114
      vertex -13.8759 17.395 4.34134
      vertex -13.8624 17.395 4.37114
    endloop
  endfacet
  facet normal -0.882251 0 0.470779
    outer loop
      vertex -13.8624 17.395 4.37114
      vertex -13.847 20.395 4.4
      vertex -13.8624 20.395 4.37114
    endloop
  endfacet
  facet normal -0.882251 0 0.470779
    outer loop
      vertex -13.847 20.395 4.4
      vertex -13.8624 17.395 4.37114
      vertex -13.847 17.395 4.4
    endloop
  endfacet
  facet normal -0.935144 0 0.354268
    outer loop
      vertex -13.8875 17.395 4.31072
      vertex -13.8759 20.395 4.34134
      vertex -13.8875 20.395 4.31072
    endloop
  endfacet
  facet normal -0.935144 0 0.354268
    outer loop
      vertex -13.8759 20.395 4.34134
      vertex -13.8875 17.395 4.31072
      vertex -13.8759 17.395 4.34134
    endloop
  endfacet
  facet normal -0.986796 0 0.16197
    outer loop
      vertex -13.9097 17.395 4.21526
      vertex -13.9044 20.395 4.24755
      vertex -13.9097 20.395 4.21526
    endloop
  endfacet
  facet normal -0.986796 0 0.16197
    outer loop
      vertex -13.9044 20.395 4.24755
      vertex -13.9097 17.395 4.21526
      vertex -13.9044 17.395 4.24755
    endloop
  endfacet
  facet normal -0.52769 0 0.849437
    outer loop
      vertex -13.6918 20.395 4.56574
      vertex -13.664 17.395 4.58301
      vertex -13.664 20.395 4.58301
    endloop
  endfacet
  facet normal -0.52769 0 0.849437
    outer loop
      vertex -13.664 17.395 4.58301
      vertex -13.6918 20.395 4.56574
      vertex -13.6918 17.395 4.56574
    endloop
  endfacet
  facet normal -0.352598 0 0.935775
    outer loop
      vertex -13.6053 20.395 4.61194
      vertex -13.5747 17.395 4.62347
      vertex -13.5747 20.395 4.62347
    endloop
  endfacet
  facet normal -0.352598 0 0.935775
    outer loop
      vertex -13.5747 17.395 4.62347
      vertex -13.6053 20.395 4.61194
      vertex -13.6053 17.395 4.61194
    endloop
  endfacet
  facet normal -0.0979924 0 0.995187
    outer loop
      vertex -13.4793 20.395 4.64572
      vertex -13.4467 17.395 4.64893
      vertex -13.4467 20.395 4.64893
    endloop
  endfacet
  facet normal -0.0979924 0 0.995187
    outer loop
      vertex -13.4467 17.395 4.64893
      vertex -13.4793 20.395 4.64572
      vertex -13.4793 17.395 4.64572
    endloop
  endfacet
  facet normal -0.683352 0 -0.730089
    outer loop
      vertex -13.7676 17.395 3.79645
      vertex -13.7437 20.395 3.77408
      vertex -13.7437 17.395 3.77408
    endloop
  endfacet
  facet normal -0.683352 0 -0.730089
    outer loop
      vertex -13.7437 20.395 3.77408
      vertex -13.7676 17.395 3.79645
      vertex -13.7676 20.395 3.79645
    endloop
  endfacet
  facet normal -0.634335 0 -0.773058
    outer loop
      vertex -13.7437 17.395 3.77408
      vertex -13.7184 20.395 3.75332
      vertex -13.7184 17.395 3.75332
    endloop
  endfacet
  facet normal -0.634335 0 -0.773058
    outer loop
      vertex -13.7184 20.395 3.75332
      vertex -13.7437 17.395 3.77408
      vertex -13.7437 20.395 3.77408
    endloop
  endfacet
  facet normal -0.848856 0 -0.528625
    outer loop
      vertex -13.8297 17.395 3.87222
      vertex -13.847 20.395 3.9
      vertex -13.8297 20.395 3.87222
    endloop
  endfacet
  facet normal -0.848856 -0 -0.528625
    outer loop
      vertex -13.847 20.395 3.9
      vertex -13.8297 17.395 3.87222
      vertex -13.847 17.395 3.9
    endloop
  endfacet
  facet normal -0.935144 0 -0.354268
    outer loop
      vertex -13.8759 17.395 3.95866
      vertex -13.8875 20.395 3.98928
      vertex -13.8759 20.395 3.95866
    endloop
  endfacet
  facet normal -0.935144 -0 -0.354268
    outer loop
      vertex -13.8875 20.395 3.98928
      vertex -13.8759 17.395 3.95866
      vertex -13.8875 17.395 3.98928
    endloop
  endfacet
  facet normal 0 1 0
    outer loop
      vertex -13.664 20.395 4.58301
      vertex -13.7184 20.395 4.54668
      vertex -13.6918 20.395 4.56574
    endloop
  endfacet
  facet normal 0 1 0
    outer loop
      vertex -13.664 20.395 4.58301
      vertex -13.7437 20.395 4.52592
      vertex -13.7184 20.395 4.54668
    endloop
  endfacet
  facet normal 0 1 0
    outer loop
      vertex -13.664 20.395 4.58301
      vertex -13.7676 20.395 4.50355
      vertex -13.7437 20.395 4.52592
    endloop
  endfacet
  facet normal 0 1 0
    outer loop
      vertex -13.664 20.395 4.58301
      vertex -13.7899 20.395 4.47967
      vertex -13.7676 20.395 4.50355
    endloop
  endfacet
  facet normal 0 1 0
    outer loop
      vertex -13.664 20.395 4.58301
      vertex -13.8107 20.395 4.45438
      vertex -13.7899 20.395 4.47967
    endloop
  endfacet
  facet normal 0 1 0
    outer loop
      vertex -13.664 20.395 4.58301
      vertex -13.8297 20.395 4.42779
      vertex -13.8107 20.395 4.45438
    endloop
  endfacet
  facet normal 0 1 0
    outer loop
      vertex -13.664 20.395 4.58301
      vertex -13.847 20.395 4.4
      vertex -13.8297 20.395 4.42779
    endloop
  endfacet
  facet normal 0 1 0
    outer loop
      vertex -13.664 20.395 4.58301
      vertex -13.8624 20.395 4.37114
      vertex -13.847 20.395 4.4
    endloop
  endfacet
  facet normal 0 1 0
    outer loop
      vertex -13.664 20.395 4.58301
      vertex -13.8759 20.395 4.34134
      vertex -13.8624 20.395 4.37114
    endloop
  endfacet
  facet normal 0 1 0
    outer loop
      vertex -13.664 20.395 4.58301
      vertex -13.8875 20.395 4.31072
      vertex -13.8759 20.395 4.34134
    endloop
  endfacet
  facet normal 0 1 0
    outer loop
      vertex -13.664 20.395 4.58301
      vertex -13.897 20.395 4.27941
      vertex -13.8875 20.395 4.31072
    endloop
  endfacet
  facet normal 0 1 0
    outer loop
      vertex -13.664 20.395 4.58301
      vertex -13.9044 20.395 4.24755
      vertex -13.897 20.395 4.27941
    endloop
  endfacet
  facet normal 0 1 0
    outer loop
      vertex -13.664 20.395 4.58301
      vertex -13.9097 20.395 4.21526
      vertex -13.9044 20.395 4.24755
    endloop
  endfacet
  facet normal 0 1 0
    outer loop
      vertex -13.664 20.395 4.58301
      vertex -13.9129 20.395 4.1827
      vertex -13.9097 20.395 4.21526
    endloop
  endfacet
  facet normal 0 1 0
    outer loop
      vertex -13.664 20.395 4.58301
      vertex -13.914 20.395 4.15
      vertex -13.9129 20.395 4.1827
    endloop
  endfacet
  facet normal 0 1 0
    outer loop
      vertex -13.664 20.395 4.58301
      vertex -13.9129 20.395 4.1173
      vertex -13.914 20.395 4.15
    endloop
  endfacet
  facet normal 0 1 0
    outer loop
      vertex -13.664 20.395 4.58301
      vertex -13.9097 20.395 4.08474
      vertex -13.9129 20.395 4.1173
    endloop
  endfacet
  facet normal 0 1 0
    outer loop
      vertex -13.664 20.395 4.58301
      vertex -13.9044 20.395 4.05246
      vertex -13.9097 20.395 4.08474
    endloop
  endfacet
  facet normal 0 1 0
    outer loop
      vertex -13.664 20.395 4.58301
      vertex -13.897 20.395 4.02059
      vertex -13.9044 20.395 4.05246
    endloop
  endfacet
  facet normal 0 1 0
    outer loop
      vertex -13.664 20.395 4.58301
      vertex -13.8875 20.395 3.98928
      vertex -13.897 20.395 4.02059
    endloop
  endfacet
  facet normal 0 1 0
    outer loop
      vertex -13.664 20.395 4.58301
      vertex -13.8759 20.395 3.95866
      vertex -13.8875 20.395 3.98928
    endloop
  endfacet
  facet normal 0 1 0
    outer loop
      vertex -13.664 20.395 4.58301
      vertex -13.8624 20.395 3.92886
      vertex -13.8759 20.395 3.95866
    endloop
  endfacet
  facet normal 0 1 0
    outer loop
      vertex -13.664 20.395 4.58301
      vertex -13.847 20.395 3.9
      vertex -13.8624 20.395 3.92886
    endloop
  endfacet
  facet normal 0 1 0
    outer loop
      vertex -13.664 20.395 4.58301
      vertex -13.8297 20.395 3.87222
      vertex -13.847 20.395 3.9
    endloop
  endfacet
  facet normal 0 1 0
    outer loop
      vertex -13.664 20.395 4.58301
      vertex -13.8107 20.395 3.84562
      vertex -13.8297 20.395 3.87222
    endloop
  endfacet
  facet normal 0 1 0
    outer loop
      vertex -13.664 20.395 4.58301
      vertex -13.7899 20.395 3.82033
      vertex -13.8107 20.395 3.84562
    endloop
  endfacet
  facet normal 0 1 0
    outer loop
      vertex -13.664 20.395 4.58301
      vertex -13.7676 20.395 3.79645
      vertex -13.7899 20.395 3.82033
    endloop
  endfacet
  facet normal 0 1 0
    outer loop
      vertex -13.664 20.395 4.58301
      vertex -13.7437 20.395 3.77408
      vertex -13.7676 20.395 3.79645
    endloop
  endfacet
  facet normal 0 1 0
    outer loop
      vertex -13.664 20.395 4.58301
      vertex -13.7184 20.395 3.75332
      vertex -13.7437 20.395 3.77408
    endloop
  endfacet
  facet normal 0 1 0
    outer loop
      vertex -13.664 20.395 4.58301
      vertex -13.6918 20.395 3.73427
      vertex -13.7184 20.395 3.75332
    endloop
  endfacet
  facet normal -0 1 0
    outer loop
      vertex -13.6918 20.395 3.73427
      vertex -13.664 20.395 4.58301
      vertex -13.664 20.395 3.71699
    endloop
  endfacet
  facet normal 0 1 0
    outer loop
      vertex -13.3813 20.395 4.64893
      vertex -13.4467 20.395 4.64893
      vertex -13.414 20.395 4.65
    endloop
  endfacet
  facet normal 0 1 0
    outer loop
      vertex -13.3487 20.395 4.64572
      vertex -13.4467 20.395 4.64893
      vertex -13.3813 20.395 4.64893
    endloop
  endfacet
  facet normal 0 1 0
    outer loop
      vertex -13.3487 20.395 4.64572
      vertex -13.4793 20.395 4.64572
      vertex -13.4467 20.395 4.64893
    endloop
  endfacet
  facet normal 0 1 0
    outer loop
      vertex -13.3165 20.395 4.64039
      vertex -13.4793 20.395 4.64572
      vertex -13.3487 20.395 4.64572
    endloop
  endfacet
  facet normal 0 1 0
    outer loop
      vertex -13.3165 20.395 4.64039
      vertex -13.5115 20.395 4.64039
      vertex -13.4793 20.395 4.64572
    endloop
  endfacet
  facet normal 0 1 0
    outer loop
      vertex -13.2846 20.395 4.63296
      vertex -13.5115 20.395 4.64039
      vertex -13.3165 20.395 4.64039
    endloop
  endfacet
  facet normal 0 1 0
    outer loop
      vertex -13.2846 20.395 4.63296
      vertex -13.5434 20.395 4.63296
      vertex -13.5115 20.395 4.64039
    endloop
  endfacet
  facet normal 0 1 0
    outer loop
      vertex -13.2533 20.395 4.62347
      vertex -13.5434 20.395 4.63296
      vertex -13.2846 20.395 4.63296
    endloop
  endfacet
  facet normal 0 1 0
    outer loop
      vertex -13.2533 20.395 4.62347
      vertex -13.5747 20.395 4.62347
      vertex -13.5434 20.395 4.63296
    endloop
  endfacet
  facet normal 0 1 0
    outer loop
      vertex -13.2227 20.395 4.61194
      vertex -13.5747 20.395 4.62347
      vertex -13.2533 20.395 4.62347
    endloop
  endfacet
  facet normal 0 1 0
    outer loop
      vertex -13.2227 20.395 4.61194
      vertex -13.6053 20.395 4.61194
      vertex -13.5747 20.395 4.62347
    endloop
  endfacet
  facet normal 0 1 0
    outer loop
      vertex -13.1963 20.395 4.6
      vertex -13.6053 20.395 4.61194
      vertex -13.2227 20.395 4.61194
    endloop
  endfacet
  facet normal 0 1 0
    outer loop
      vertex -13.6053 20.395 4.61194
      vertex -13.1963 20.395 4.6
      vertex -13.6317 20.395 4.6
    endloop
  endfacet
  facet normal 0.163306 0 0.986575
    outer loop
      vertex -13.3487 20.395 4.64572
      vertex -13.3165 17.395 4.64039
      vertex -13.3165 20.395 4.64039
    endloop
  endfacet
  facet normal 0.163306 0 0.986575
    outer loop
      vertex -13.3165 17.395 4.64039
      vertex -13.3487 20.395 4.64572
      vertex -13.3487 17.395 4.64572
    endloop
  endfacet
  facet normal 0.0327042 0 0.999465
    outer loop
      vertex -13.414 20.395 4.65
      vertex -13.3813 17.395 4.64893
      vertex -13.3813 20.395 4.64893
    endloop
  endfacet
  facet normal 0.0327042 0 0.999465
    outer loop
      vertex -13.3813 17.395 4.64893
      vertex -13.414 20.395 4.65
      vertex -13.414 17.395 4.65
    endloop
  endfacet
  facet normal 0.352598 0 0.935775
    outer loop
      vertex -13.2533 20.395 4.62347
      vertex -13.2227 17.395 4.61194
      vertex -13.2227 20.395 4.61194
    endloop
  endfacet
  facet normal 0.352598 0 0.935775
    outer loop
      vertex -13.2227 17.395 4.61194
      vertex -13.2533 20.395 4.62347
      vertex -13.2533 17.395 4.62347
    endloop
  endfacet
  facet normal 0.412086 0 0.911145
    outer loop
      vertex -13.2227 20.395 4.61194
      vertex -13.1963 17.395 4.6
      vertex -13.1963 20.395 4.6
    endloop
  endfacet
  facet normal 0.412086 0 0.911145
    outer loop
      vertex -13.1963 17.395 4.6
      vertex -13.2227 20.395 4.61194
      vertex -13.2227 17.395 4.61194
    endloop
  endfacet
  facet normal -0.730872 0 0.682515
    outer loop
      vertex -13.7899 17.395 4.47967
      vertex -13.7676 20.395 4.50355
      vertex -13.7899 20.395 4.47967
    endloop
  endfacet
  facet normal -0.730872 0 0.682515
    outer loop
      vertex -13.7676 20.395 4.50355
      vertex -13.7899 17.395 4.47967
      vertex -13.7676 17.395 4.50355
    endloop
  endfacet
  facet normal -0.974071 0 0.226244
    outer loop
      vertex -13.9044 17.395 4.24755
      vertex -13.897 20.395 4.27941
      vertex -13.9044 20.395 4.24755
    endloop
  endfacet
  facet normal -0.974071 0 0.226244
    outer loop
      vertex -13.897 20.395 4.27941
      vertex -13.9044 17.395 4.24755
      vertex -13.897 17.395 4.27941
    endloop
  endfacet
  facet normal -0.995205 0 0.0978089
    outer loop
      vertex -13.9129 17.395 4.1827
      vertex -13.9097 20.395 4.21526
      vertex -13.9129 20.395 4.1827
    endloop
  endfacet
  facet normal -0.995205 0 0.0978089
    outer loop
      vertex -13.9097 20.395 4.21526
      vertex -13.9129 17.395 4.1827
      vertex -13.9097 17.395 4.21526
    endloop
  endfacet
  facet normal 0 -1 0
    outer loop
      vertex -13.4467 17.395 4.64893
      vertex -13.3813 17.395 4.64893
      vertex -13.414 17.395 4.65
    endloop
  endfacet
  facet normal 0 -1 0
    outer loop
      vertex -13.4793 17.395 4.64572
      vertex -13.3813 17.395 4.64893
      vertex -13.4467 17.395 4.64893
    endloop
  endfacet
  facet normal 0 -1 0
    outer loop
      vertex -13.4793 17.395 4.64572
      vertex -13.3487 17.395 4.64572
      vertex -13.3813 17.395 4.64893
    endloop
  endfacet
  facet normal 0 -1 0
    outer loop
      vertex -13.5115 17.395 4.64039
      vertex -13.3487 17.395 4.64572
      vertex -13.4793 17.395 4.64572
    endloop
  endfacet
  facet normal 0 -1 0
    outer loop
      vertex -13.5115 17.395 4.64039
      vertex -13.3165 17.395 4.64039
      vertex -13.3487 17.395 4.64572
    endloop
  endfacet
  facet normal 0 -1 0
    outer loop
      vertex -13.5434 17.395 4.63296
      vertex -13.3165 17.395 4.64039
      vertex -13.5115 17.395 4.64039
    endloop
  endfacet
  facet normal 0 -1 0
    outer loop
      vertex -13.5434 17.395 4.63296
      vertex -13.2846 17.395 4.63296
      vertex -13.3165 17.395 4.64039
    endloop
  endfacet
  facet normal 0 -1 0
    outer loop
      vertex -13.5747 17.395 4.62347
      vertex -13.2846 17.395 4.63296
      vertex -13.5434 17.395 4.63296
    endloop
  endfacet
  facet normal 0 -1 0
    outer loop
      vertex -13.5747 17.395 4.62347
      vertex -13.2533 17.395 4.62347
      vertex -13.2846 17.395 4.63296
    endloop
  endfacet
  facet normal 0 -1 0
    outer loop
      vertex -13.6053 17.395 4.61194
      vertex -13.2533 17.395 4.62347
      vertex -13.5747 17.395 4.62347
    endloop
  endfacet
  facet normal 0 -1 0
    outer loop
      vertex -13.6053 17.395 4.61194
      vertex -13.2227 17.395 4.61194
      vertex -13.2533 17.395 4.62347
    endloop
  endfacet
  facet normal 0 -1 0
    outer loop
      vertex -13.6317 17.395 4.6
      vertex -13.2227 17.395 4.61194
      vertex -13.6053 17.395 4.61194
    endloop
  endfacet
  facet normal 0 -1 -0
    outer loop
      vertex -13.2227 17.395 4.61194
      vertex -13.6317 17.395 4.6
      vertex -13.1963 17.395 4.6
    endloop
  endfacet
  facet normal 0 -1 0
    outer loop
      vertex -13.7184 17.395 4.54668
      vertex -13.664 17.395 4.58301
      vertex -13.6918 17.395 4.56574
    endloop
  endfacet
  facet normal 0 -1 0
    outer loop
      vertex -13.7437 17.395 4.52592
      vertex -13.664 17.395 4.58301
      vertex -13.7184 17.395 4.54668
    endloop
  endfacet
  facet normal 0 -1 0
    outer loop
      vertex -13.7676 17.395 4.50355
      vertex -13.664 17.395 4.58301
      vertex -13.7437 17.395 4.52592
    endloop
  endfacet
  facet normal 0 -1 0
    outer loop
      vertex -13.7899 17.395 4.47967
      vertex -13.664 17.395 4.58301
      vertex -13.7676 17.395 4.50355
    endloop
  endfacet
  facet normal 0 -1 0
    outer loop
      vertex -13.8107 17.395 4.45438
      vertex -13.664 17.395 4.58301
      vertex -13.7899 17.395 4.47967
    endloop
  endfacet
  facet normal 0 -1 0
    outer loop
      vertex -13.8297 17.395 4.42779
      vertex -13.664 17.395 4.58301
      vertex -13.8107 17.395 4.45438
    endloop
  endfacet
  facet normal 0 -1 0
    outer loop
      vertex -13.847 17.395 4.4
      vertex -13.664 17.395 4.58301
      vertex -13.8297 17.395 4.42779
    endloop
  endfacet
  facet normal 0 -1 0
    outer loop
      vertex -13.8624 17.395 4.37114
      vertex -13.664 17.395 4.58301
      vertex -13.847 17.395 4.4
    endloop
  endfacet
  facet normal 0 -1 0
    outer loop
      vertex -13.8759 17.395 4.34134
      vertex -13.664 17.395 4.58301
      vertex -13.8624 17.395 4.37114
    endloop
  endfacet
  facet normal 0 -1 0
    outer loop
      vertex -13.8875 17.395 4.31072
      vertex -13.664 17.395 4.58301
      vertex -13.8759 17.395 4.34134
    endloop
  endfacet
  facet normal 0 -1 0
    outer loop
      vertex -13.897 17.395 4.27941
      vertex -13.664 17.395 4.58301
      vertex -13.8875 17.395 4.31072
    endloop
  endfacet
  facet normal 0 -1 0
    outer loop
      vertex -13.9044 17.395 4.24755
      vertex -13.664 17.395 4.58301
      vertex -13.897 17.395 4.27941
    endloop
  endfacet
  facet normal 0 -1 0
    outer loop
      vertex -13.9097 17.395 4.21526
      vertex -13.664 17.395 4.58301
      vertex -13.9044 17.395 4.24755
    endloop
  endfacet
  facet normal 0 -1 0
    outer loop
      vertex -13.9129 17.395 4.1827
      vertex -13.664 17.395 4.58301
      vertex -13.9097 17.395 4.21526
    endloop
  endfacet
  facet normal 0 -1 0
    outer loop
      vertex -13.914 17.395 4.15
      vertex -13.664 17.395 4.58301
      vertex -13.9129 17.395 4.1827
    endloop
  endfacet
  facet normal 0 -1 0
    outer loop
      vertex -13.9129 17.395 4.1173
      vertex -13.664 17.395 4.58301
      vertex -13.914 17.395 4.15
    endloop
  endfacet
  facet normal 0 -1 0
    outer loop
      vertex -13.9097 17.395 4.08474
      vertex -13.664 17.395 4.58301
      vertex -13.9129 17.395 4.1173
    endloop
  endfacet
  facet normal 0 -1 0
    outer loop
      vertex -13.9044 17.395 4.05246
      vertex -13.664 17.395 4.58301
      vertex -13.9097 17.395 4.08474
    endloop
  endfacet
  facet normal 0 -1 0
    outer loop
      vertex -13.897 17.395 4.02059
      vertex -13.664 17.395 4.58301
      vertex -13.9044 17.395 4.05246
    endloop
  endfacet
  facet normal 0 -1 0
    outer loop
      vertex -13.8875 17.395 3.98928
      vertex -13.664 17.395 4.58301
      vertex -13.897 17.395 4.02059
    endloop
  endfacet
  facet normal 0 -1 0
    outer loop
      vertex -13.8759 17.395 3.95866
      vertex -13.664 17.395 4.58301
      vertex -13.8875 17.395 3.98928
    endloop
  endfacet
  facet normal 0 -1 0
    outer loop
      vertex -13.8624 17.395 3.92886
      vertex -13.664 17.395 4.58301
      vertex -13.8759 17.395 3.95866
    endloop
  endfacet
  facet normal 0 -1 0
    outer loop
      vertex -13.847 17.395 3.9
      vertex -13.664 17.395 4.58301
      vertex -13.8624 17.395 3.92886
    endloop
  endfacet
  facet normal 0 -1 0
    outer loop
      vertex -13.8297 17.395 3.87222
      vertex -13.664 17.395 4.58301
      vertex -13.847 17.395 3.9
    endloop
  endfacet
  facet normal 0 -1 0
    outer loop
      vertex -13.8107 17.395 3.84562
      vertex -13.664 17.395 4.58301
      vertex -13.8297 17.395 3.87222
    endloop
  endfacet
  facet normal 0 -1 0
    outer loop
      vertex -13.7899 17.395 3.82033
      vertex -13.664 17.395 4.58301
      vertex -13.8107 17.395 3.84562
    endloop
  endfacet
  facet normal 0 -1 0
    outer loop
      vertex -13.7676 17.395 3.79645
      vertex -13.664 17.395 4.58301
      vertex -13.7899 17.395 3.82033
    endloop
  endfacet
  facet normal 0 -1 0
    outer loop
      vertex -13.7437 17.395 3.77408
      vertex -13.664 17.395 4.58301
      vertex -13.7676 17.395 3.79645
    endloop
  endfacet
  facet normal 0 -1 0
    outer loop
      vertex -13.7184 17.395 3.75332
      vertex -13.664 17.395 4.58301
      vertex -13.7437 17.395 3.77408
    endloop
  endfacet
  facet normal 0 -1 0
    outer loop
      vertex -13.6918 17.395 3.73427
      vertex -13.664 17.395 4.58301
      vertex -13.7184 17.395 3.75332
    endloop
  endfacet
  facet normal 0 -1 -0
    outer loop
      vertex -13.664 17.395 4.58301
      vertex -13.6918 17.395 3.73427
      vertex -13.664 17.395 3.71699
    endloop
  endfacet
  facet normal -0.582452 0 0.812865
    outer loop
      vertex -13.7184 20.395 4.54668
      vertex -13.6918 17.395 4.56574
      vertex -13.6918 20.395 4.56574
    endloop
  endfacet
  facet normal -0.582452 0 0.812865
    outer loop
      vertex -13.6918 17.395 4.56574
      vertex -13.7184 20.395 4.54668
      vertex -13.7184 17.395 4.54668
    endloop
  endfacet
  facet normal -0.634335 0 0.773058
    outer loop
      vertex -13.7437 20.395 4.52592
      vertex -13.7184 17.395 4.54668
      vertex -13.7184 20.395 4.54668
    endloop
  endfacet
  facet normal -0.634335 0 0.773058
    outer loop
      vertex -13.7184 17.395 4.54668
      vertex -13.7437 20.395 4.52592
      vertex -13.7437 17.395 4.52592
    endloop
  endfacet
  facet normal -0.290152 0 0.956981
    outer loop
      vertex -13.5747 20.395 4.62347
      vertex -13.5434 17.395 4.63296
      vertex -13.5434 20.395 4.63296
    endloop
  endfacet
  facet normal -0.290152 0 0.956981
    outer loop
      vertex -13.5434 17.395 4.63296
      vertex -13.5747 20.395 4.62347
      vertex -13.5747 17.395 4.62347
    endloop
  endfacet
  facet normal -0.226844 0 0.973931
    outer loop
      vertex -13.5434 20.395 4.63296
      vertex -13.5115 17.395 4.64039
      vertex -13.5115 20.395 4.64039
    endloop
  endfacet
  facet normal -0.226844 0 0.973931
    outer loop
      vertex -13.5115 17.395 4.64039
      vertex -13.5434 20.395 4.63296
      vertex -13.5434 17.395 4.63296
    endloop
  endfacet
  facet normal -0.52791 0 -0.8493
    outer loop
      vertex -13.6918 17.395 3.73427
      vertex -13.664 20.395 3.71699
      vertex -13.664 17.395 3.71699
    endloop
  endfacet
  facet normal -0.52791 0 -0.8493
    outer loop
      vertex -13.664 20.395 3.71699
      vertex -13.6918 17.395 3.73427
      vertex -13.6918 20.395 3.73427
    endloop
  endfacet
  facet normal -0.910889 0 -0.412651
    outer loop
      vertex -13.8624 17.395 3.92886
      vertex -13.8759 20.395 3.95866
      vertex -13.8624 20.395 3.92886
    endloop
  endfacet
  facet normal -0.910889 -0 -0.412651
    outer loop
      vertex -13.8759 20.395 3.95866
      vertex -13.8624 17.395 3.92886
      vertex -13.8759 17.395 3.95866
    endloop
  endfacet
  facet normal -0.882251 0 -0.470779
    outer loop
      vertex -13.847 17.395 3.9
      vertex -13.8624 20.395 3.92886
      vertex -13.847 20.395 3.9
    endloop
  endfacet
  facet normal -0.882251 -0 -0.470779
    outer loop
      vertex -13.8624 20.395 3.92886
      vertex -13.847 17.395 3.9
      vertex -13.8624 17.395 3.92886
    endloop
  endfacet
  facet normal -0.813733 0 -0.581238
    outer loop
      vertex -13.8107 17.395 3.84562
      vertex -13.8297 20.395 3.87222
      vertex -13.8107 20.395 3.84562
    endloop
  endfacet
  facet normal -0.813733 -0 -0.581238
    outer loop
      vertex -13.8297 20.395 3.87222
      vertex -13.8107 17.395 3.84562
      vertex -13.8297 17.395 3.87222
    endloop
  endfacet
  facet normal -0.974086 0 -0.226176
    outer loop
      vertex -13.897 17.395 4.02059
      vertex -13.9044 20.395 4.05246
      vertex -13.897 20.395 4.02059
    endloop
  endfacet
  facet normal -0.974086 -0 -0.226176
    outer loop
      vertex -13.9044 20.395 4.05246
      vertex -13.897 17.395 4.02059
      vertex -13.9044 17.395 4.05246
    endloop
  endfacet
  facet normal -0.986788 0 -0.162019
    outer loop
      vertex -13.9044 17.395 4.05246
      vertex -13.9097 20.395 4.08474
      vertex -13.9044 20.395 4.05246
    endloop
  endfacet
  facet normal -0.986788 -0 -0.162019
    outer loop
      vertex -13.9097 20.395 4.08474
      vertex -13.9044 17.395 4.05246
      vertex -13.9097 17.395 4.08474
    endloop
  endfacet
  facet normal -0.999435 0 -0.0336201
    outer loop
      vertex -13.9129 17.395 4.1173
      vertex -13.914 20.395 4.15
      vertex -13.9129 20.395 4.1173
    endloop
  endfacet
  facet normal -0.999435 -0 -0.0336201
    outer loop
      vertex -13.914 20.395 4.15
      vertex -13.9129 17.395 4.1173
      vertex -13.914 17.395 4.15
    endloop
  endfacet
  facet normal -0.58225 0 -0.81301
    outer loop
      vertex -13.7184 17.395 3.75332
      vertex -13.6918 20.395 3.73427
      vertex -13.6918 17.395 3.73427
    endloop
  endfacet
  facet normal -0.58225 0 -0.81301
    outer loop
      vertex -13.6918 20.395 3.73427
      vertex -13.7184 17.395 3.75332
      vertex -13.7184 20.395 3.75332
    endloop
  endfacet
  facet normal -0.772336 0 -0.635215
    outer loop
      vertex -13.7899 17.395 3.82033
      vertex -13.8107 20.395 3.84562
      vertex -13.7899 20.395 3.82033
    endloop
  endfacet
  facet normal -0.772336 -0 -0.635215
    outer loop
      vertex -13.8107 20.395 3.84562
      vertex -13.7899 17.395 3.82033
      vertex -13.8107 17.395 3.84562
    endloop
  endfacet
  facet normal -0.956922 0 -0.290347
    outer loop
      vertex -13.8875 17.395 3.98928
      vertex -13.897 20.395 4.02059
      vertex -13.8875 20.395 3.98928
    endloop
  endfacet
  facet normal -0.956922 -0 -0.290347
    outer loop
      vertex -13.897 20.395 4.02059
      vertex -13.8875 17.395 3.98928
      vertex -13.897 17.395 4.02059
    endloop
  endfacet
  facet normal -0.995205 0 -0.0978089
    outer loop
      vertex -13.9097 17.395 4.08474
      vertex -13.9129 20.395 4.1173
      vertex -13.9097 20.395 4.08474
    endloop
  endfacet
  facet normal -0.995205 -0 -0.0978089
    outer loop
      vertex -13.9129 20.395 4.1173
      vertex -13.9097 17.395 4.08474
      vertex -13.9129 17.395 4.1173
    endloop
  endfacet
  facet normal 0.999435 -0 0.0336201
    outer loop
      vertex 10.9099 -5.579 4.1827
      vertex 10.911 -2.579 4.15
      vertex 10.9099 -2.579 4.1827
    endloop
  endfacet
  facet normal 0.999435 0 0.0336201
    outer loop
      vertex 10.911 -2.579 4.15
      vertex 10.9099 -5.579 4.1827
      vertex 10.911 -5.579 4.15
    endloop
  endfacet
  facet normal -0.0327042 0 0.999465
    outer loop
      vertex 10.3783 -2.579 4.64893
      vertex 10.411 -5.579 4.65
      vertex 10.411 -2.579 4.65
    endloop
  endfacet
  facet normal -0.0327042 0 0.999465
    outer loop
      vertex 10.411 -5.579 4.65
      vertex 10.3783 -2.579 4.64893
      vertex 10.3783 -5.579 4.64893
    endloop
  endfacet
  facet normal 0.683352 0 0.730089
    outer loop
      vertex 10.7407 -2.579 4.52592
      vertex 10.7646 -5.579 4.50355
      vertex 10.7646 -2.579 4.50355
    endloop
  endfacet
  facet normal 0.683352 0 0.730089
    outer loop
      vertex 10.7646 -5.579 4.50355
      vertex 10.7407 -2.579 4.52592
      vertex 10.7407 -5.579 4.52592
    endloop
  endfacet
  facet normal -0.412086 0 0.911145
    outer loop
      vertex 10.1933 -2.579 4.6
      vertex 10.2197 -5.579 4.61194
      vertex 10.2197 -2.579 4.61194
    endloop
  endfacet
  facet normal -0.412086 0 0.911145
    outer loop
      vertex 10.2197 -5.579 4.61194
      vertex 10.1933 -2.579 4.6
      vertex 10.1933 -5.579 4.6
    endloop
  endfacet
  facet normal 0.910889 -0 0.412651
    outer loop
      vertex 10.8594 -5.579 4.37114
      vertex 10.8729 -2.579 4.34134
      vertex 10.8594 -2.579 4.37114
    endloop
  endfacet
  facet normal 0.910889 0 0.412651
    outer loop
      vertex 10.8729 -2.579 4.34134
      vertex 10.8594 -5.579 4.37114
      vertex 10.8729 -5.579 4.34134
    endloop
  endfacet
  facet normal 0.352598 0 0.935775
    outer loop
      vertex 10.5717 -2.579 4.62347
      vertex 10.6023 -5.579 4.61194
      vertex 10.6023 -2.579 4.61194
    endloop
  endfacet
  facet normal 0.352598 0 0.935775
    outer loop
      vertex 10.6023 -5.579 4.61194
      vertex 10.5717 -2.579 4.62347
      vertex 10.5717 -5.579 4.62347
    endloop
  endfacet
  facet normal 0.52769 0 0.849437
    outer loop
      vertex 10.661 -2.579 4.58301
      vertex 10.6888 -5.579 4.56574
      vertex 10.6888 -2.579 4.56574
    endloop
  endfacet
  facet normal 0.52769 0 0.849437
    outer loop
      vertex 10.6888 -5.579 4.56574
      vertex 10.661 -2.579 4.58301
      vertex 10.661 -5.579 4.58301
    endloop
  endfacet
  facet normal -0.226844 0 0.973931
    outer loop
      vertex 10.2816 -2.579 4.63296
      vertex 10.3135 -5.579 4.64039
      vertex 10.3135 -2.579 4.64039
    endloop
  endfacet
  facet normal -0.226844 0 0.973931
    outer loop
      vertex 10.3135 -5.579 4.64039
      vertex 10.2816 -2.579 4.63296
      vertex 10.2816 -5.579 4.63296
    endloop
  endfacet
  facet normal 0.935144 0 -0.354268
    outer loop
      vertex 10.8845 -5.579 3.98928
      vertex 10.8729 -2.579 3.95866
      vertex 10.8845 -2.579 3.98928
    endloop
  endfacet
  facet normal 0.935144 0 -0.354268
    outer loop
      vertex 10.8729 -2.579 3.95866
      vertex 10.8845 -5.579 3.98928
      vertex 10.8729 -5.579 3.95866
    endloop
  endfacet
  facet normal 0 1 0
    outer loop
      vertex 10.7154 -2.579 4.54668
      vertex 10.661 -2.579 4.58301
      vertex 10.6888 -2.579 4.56574
    endloop
  endfacet
  facet normal 0 1 0
    outer loop
      vertex 10.7407 -2.579 4.52592
      vertex 10.661 -2.579 4.58301
      vertex 10.7154 -2.579 4.54668
    endloop
  endfacet
  facet normal 0 1 0
    outer loop
      vertex 10.7646 -2.579 4.50355
      vertex 10.661 -2.579 4.58301
      vertex 10.7407 -2.579 4.52592
    endloop
  endfacet
  facet normal 0 1 0
    outer loop
      vertex 10.7869 -2.579 4.47967
      vertex 10.661 -2.579 4.58301
      vertex 10.7646 -2.579 4.50355
    endloop
  endfacet
  facet normal 0 1 0
    outer loop
      vertex 10.8077 -2.579 4.45438
      vertex 10.661 -2.579 4.58301
      vertex 10.7869 -2.579 4.47967
    endloop
  endfacet
  facet normal 0 1 0
    outer loop
      vertex 10.8267 -2.579 4.42779
      vertex 10.661 -2.579 4.58301
      vertex 10.8077 -2.579 4.45438
    endloop
  endfacet
  facet normal 0 1 0
    outer loop
      vertex 10.844 -2.579 4.4
      vertex 10.661 -2.579 4.58301
      vertex 10.8267 -2.579 4.42779
    endloop
  endfacet
  facet normal 0 1 0
    outer loop
      vertex 10.8594 -2.579 4.37114
      vertex 10.661 -2.579 4.58301
      vertex 10.844 -2.579 4.4
    endloop
  endfacet
  facet normal 0 1 0
    outer loop
      vertex 10.8729 -2.579 4.34134
      vertex 10.661 -2.579 4.58301
      vertex 10.8594 -2.579 4.37114
    endloop
  endfacet
  facet normal 0 1 0
    outer loop
      vertex 10.8845 -2.579 4.31072
      vertex 10.661 -2.579 4.58301
      vertex 10.8729 -2.579 4.34134
    endloop
  endfacet
  facet normal 0 1 0
    outer loop
      vertex 10.894 -2.579 4.27941
      vertex 10.661 -2.579 4.58301
      vertex 10.8845 -2.579 4.31072
    endloop
  endfacet
  facet normal 0 1 0
    outer loop
      vertex 10.9014 -2.579 4.24755
      vertex 10.661 -2.579 4.58301
      vertex 10.894 -2.579 4.27941
    endloop
  endfacet
  facet normal 0 1 0
    outer loop
      vertex 10.9067 -2.579 4.21526
      vertex 10.661 -2.579 4.58301
      vertex 10.9014 -2.579 4.24755
    endloop
  endfacet
  facet normal 0 1 0
    outer loop
      vertex 10.9099 -2.579 4.1827
      vertex 10.661 -2.579 4.58301
      vertex 10.9067 -2.579 4.21526
    endloop
  endfacet
  facet normal 0 1 0
    outer loop
      vertex 10.911 -2.579 4.15
      vertex 10.661 -2.579 4.58301
      vertex 10.9099 -2.579 4.1827
    endloop
  endfacet
  facet normal 0 1 -0
    outer loop
      vertex 10.9099 -2.579 4.1173
      vertex 10.661 -2.579 4.58301
      vertex 10.911 -2.579 4.15
    endloop
  endfacet
  facet normal 0 1 -0
    outer loop
      vertex 10.9067 -2.579 4.08474
      vertex 10.661 -2.579 4.58301
      vertex 10.9099 -2.579 4.1173
    endloop
  endfacet
  facet normal 0 1 -0
    outer loop
      vertex 10.9014 -2.579 4.05246
      vertex 10.661 -2.579 4.58301
      vertex 10.9067 -2.579 4.08474
    endloop
  endfacet
  facet normal 0 1 -0
    outer loop
      vertex 10.894 -2.579 4.02059
      vertex 10.661 -2.579 4.58301
      vertex 10.9014 -2.579 4.05246
    endloop
  endfacet
  facet normal 0 1 -0
    outer loop
      vertex 10.8845 -2.579 3.98928
      vertex 10.661 -2.579 4.58301
      vertex 10.894 -2.579 4.02059
    endloop
  endfacet
  facet normal 0 1 -0
    outer loop
      vertex 10.8729 -2.579 3.95866
      vertex 10.661 -2.579 4.58301
      vertex 10.8845 -2.579 3.98928
    endloop
  endfacet
  facet normal 0 1 -0
    outer loop
      vertex 10.8594 -2.579 3.92886
      vertex 10.661 -2.579 4.58301
      vertex 10.8729 -2.579 3.95866
    endloop
  endfacet
  facet normal 0 1 -0
    outer loop
      vertex 10.844 -2.579 3.9
      vertex 10.661 -2.579 4.58301
      vertex 10.8594 -2.579 3.92886
    endloop
  endfacet
  facet normal 0 1 -0
    outer loop
      vertex 10.8267 -2.579 3.87222
      vertex 10.661 -2.579 4.58301
      vertex 10.844 -2.579 3.9
    endloop
  endfacet
  facet normal 0 1 -0
    outer loop
      vertex 10.8077 -2.579 3.84562
      vertex 10.661 -2.579 4.58301
      vertex 10.8267 -2.579 3.87222
    endloop
  endfacet
  facet normal 0 1 -0
    outer loop
      vertex 10.7869 -2.579 3.82033
      vertex 10.661 -2.579 4.58301
      vertex 10.8077 -2.579 3.84562
    endloop
  endfacet
  facet normal 0 1 -0
    outer loop
      vertex 10.7646 -2.579 3.79645
      vertex 10.661 -2.579 4.58301
      vertex 10.7869 -2.579 3.82033
    endloop
  endfacet
  facet normal 0 1 -0
    outer loop
      vertex 10.7407 -2.579 3.77408
      vertex 10.661 -2.579 4.58301
      vertex 10.7646 -2.579 3.79645
    endloop
  endfacet
  facet normal 0 1 -0
    outer loop
      vertex 10.7154 -2.579 3.75332
      vertex 10.661 -2.579 4.58301
      vertex 10.7407 -2.579 3.77408
    endloop
  endfacet
  facet normal 0 1 -0
    outer loop
      vertex 10.6888 -2.579 3.73427
      vertex 10.661 -2.579 4.58301
      vertex 10.7154 -2.579 3.75332
    endloop
  endfacet
  facet normal 0 1 0
    outer loop
      vertex 10.661 -2.579 4.58301
      vertex 10.6888 -2.579 3.73427
      vertex 10.661 -2.579 3.71699
    endloop
  endfacet
  facet normal 0 1 0
    outer loop
      vertex 10.4437 -2.579 4.64893
      vertex 10.3783 -2.579 4.64893
      vertex 10.411 -2.579 4.65
    endloop
  endfacet
  facet normal 0 1 0
    outer loop
      vertex 10.4763 -2.579 4.64572
      vertex 10.3783 -2.579 4.64893
      vertex 10.4437 -2.579 4.64893
    endloop
  endfacet
  facet normal 0 1 0
    outer loop
      vertex 10.4763 -2.579 4.64572
      vertex 10.3457 -2.579 4.64572
      vertex 10.3783 -2.579 4.64893
    endloop
  endfacet
  facet normal 0 1 0
    outer loop
      vertex 10.5085 -2.579 4.64039
      vertex 10.3457 -2.579 4.64572
      vertex 10.4763 -2.579 4.64572
    endloop
  endfacet
  facet normal 0 1 0
    outer loop
      vertex 10.5085 -2.579 4.64039
      vertex 10.3135 -2.579 4.64039
      vertex 10.3457 -2.579 4.64572
    endloop
  endfacet
  facet normal 0 1 0
    outer loop
      vertex 10.5404 -2.579 4.63296
      vertex 10.3135 -2.579 4.64039
      vertex 10.5085 -2.579 4.64039
    endloop
  endfacet
  facet normal 0 1 0
    outer loop
      vertex 10.5404 -2.579 4.63296
      vertex 10.2816 -2.579 4.63296
      vertex 10.3135 -2.579 4.64039
    endloop
  endfacet
  facet normal 0 1 0
    outer loop
      vertex 10.5717 -2.579 4.62347
      vertex 10.2816 -2.579 4.63296
      vertex 10.5404 -2.579 4.63296
    endloop
  endfacet
  facet normal 0 1 0
    outer loop
      vertex 10.5717 -2.579 4.62347
      vertex 10.2503 -2.579 4.62347
      vertex 10.2816 -2.579 4.63296
    endloop
  endfacet
  facet normal 0 1 0
    outer loop
      vertex 10.6023 -2.579 4.61194
      vertex 10.2503 -2.579 4.62347
      vertex 10.5717 -2.579 4.62347
    endloop
  endfacet
  facet normal 0 1 0
    outer loop
      vertex 10.6023 -2.579 4.61194
      vertex 10.2197 -2.579 4.61194
      vertex 10.2503 -2.579 4.62347
    endloop
  endfacet
  facet normal 0 1 0
    outer loop
      vertex 10.6287 -2.579 4.6
      vertex 10.2197 -2.579 4.61194
      vertex 10.6023 -2.579 4.61194
    endloop
  endfacet
  facet normal 0 1 0
    outer loop
      vertex 10.2197 -2.579 4.61194
      vertex 10.6287 -2.579 4.6
      vertex 10.1933 -2.579 4.6
    endloop
  endfacet
  facet normal 0.974071 -0 0.226244
    outer loop
      vertex 10.894 -5.579 4.27941
      vertex 10.9014 -2.579 4.24755
      vertex 10.894 -2.579 4.27941
    endloop
  endfacet
  facet normal 0.974071 0 0.226244
    outer loop
      vertex 10.9014 -2.579 4.24755
      vertex 10.894 -5.579 4.27941
      vertex 10.9014 -5.579 4.24755
    endloop
  endfacet
  facet normal 0.995205 -0 0.0978089
    outer loop
      vertex 10.9067 -5.579 4.21526
      vertex 10.9099 -2.579 4.1827
      vertex 10.9067 -2.579 4.21526
    endloop
  endfacet
  facet normal 0.995205 0 0.0978089
    outer loop
      vertex 10.9099 -2.579 4.1827
      vertex 10.9067 -5.579 4.21526
      vertex 10.9099 -5.579 4.1827
    endloop
  endfacet
  facet normal 0.81363 -0 0.581383
    outer loop
      vertex 10.8077 -5.579 4.45438
      vertex 10.8267 -2.579 4.42779
      vertex 10.8077 -2.579 4.45438
    endloop
  endfacet
  facet normal 0.81363 0 0.581383
    outer loop
      vertex 10.8267 -2.579 4.42779
      vertex 10.8077 -5.579 4.45438
      vertex 10.8267 -5.579 4.42779
    endloop
  endfacet
  facet normal 0.848941 -0 0.528488
    outer loop
      vertex 10.8267 -5.579 4.42779
      vertex 10.844 -2.579 4.4
      vertex 10.8267 -2.579 4.42779
    endloop
  endfacet
  facet normal 0.848941 0 0.528488
    outer loop
      vertex 10.844 -2.579 4.4
      vertex 10.8267 -5.579 4.42779
      vertex 10.844 -5.579 4.4
    endloop
  endfacet
  facet normal 0.163306 0 0.986575
    outer loop
      vertex 10.4763 -2.579 4.64572
      vertex 10.5085 -5.579 4.64039
      vertex 10.5085 -2.579 4.64039
    endloop
  endfacet
  facet normal 0.163306 0 0.986575
    outer loop
      vertex 10.5085 -5.579 4.64039
      vertex 10.4763 -2.579 4.64572
      vertex 10.4763 -5.579 4.64572
    endloop
  endfacet
  facet normal 0.290152 0 0.956981
    outer loop
      vertex 10.5404 -2.579 4.63296
      vertex 10.5717 -5.579 4.62347
      vertex 10.5717 -2.579 4.62347
    endloop
  endfacet
  facet normal 0.290152 0 0.956981
    outer loop
      vertex 10.5717 -5.579 4.62347
      vertex 10.5404 -2.579 4.63296
      vertex 10.5404 -5.579 4.63296
    endloop
  endfacet
  facet normal 0.0979924 0 0.995187
    outer loop
      vertex 10.4437 -2.579 4.64893
      vertex 10.4763 -5.579 4.64572
      vertex 10.4763 -2.579 4.64572
    endloop
  endfacet
  facet normal 0.0979924 0 0.995187
    outer loop
      vertex 10.4763 -5.579 4.64572
      vertex 10.4437 -2.579 4.64893
      vertex 10.4437 -5.579 4.64893
    endloop
  endfacet
  facet normal 0.634335 0 0.773058
    outer loop
      vertex 10.7154 -2.579 4.54668
      vertex 10.7407 -5.579 4.52592
      vertex 10.7407 -2.579 4.52592
    endloop
  endfacet
  facet normal 0.634335 0 0.773058
    outer loop
      vertex 10.7407 -5.579 4.52592
      vertex 10.7154 -2.579 4.54668
      vertex 10.7154 -5.579 4.54668
    endloop
  endfacet
  facet normal 0 -1 0
    outer loop
      vertex 10.661 -5.579 4.58301
      vertex 10.7154 -5.579 4.54668
      vertex 10.6888 -5.579 4.56574
    endloop
  endfacet
  facet normal 0 -1 0
    outer loop
      vertex 10.661 -5.579 4.58301
      vertex 10.7407 -5.579 4.52592
      vertex 10.7154 -5.579 4.54668
    endloop
  endfacet
  facet normal 0 -1 0
    outer loop
      vertex 10.661 -5.579 4.58301
      vertex 10.7646 -5.579 4.50355
      vertex 10.7407 -5.579 4.52592
    endloop
  endfacet
  facet normal 0 -1 0
    outer loop
      vertex 10.661 -5.579 4.58301
      vertex 10.7869 -5.579 4.47967
      vertex 10.7646 -5.579 4.50355
    endloop
  endfacet
  facet normal 0 -1 0
    outer loop
      vertex 10.661 -5.579 4.58301
      vertex 10.8077 -5.579 4.45438
      vertex 10.7869 -5.579 4.47967
    endloop
  endfacet
  facet normal 0 -1 0
    outer loop
      vertex 10.661 -5.579 4.58301
      vertex 10.8267 -5.579 4.42779
      vertex 10.8077 -5.579 4.45438
    endloop
  endfacet
  facet normal 0 -1 0
    outer loop
      vertex 10.661 -5.579 4.58301
      vertex 10.844 -5.579 4.4
      vertex 10.8267 -5.579 4.42779
    endloop
  endfacet
  facet normal 0 -1 0
    outer loop
      vertex 10.661 -5.579 4.58301
      vertex 10.8594 -5.579 4.37114
      vertex 10.844 -5.579 4.4
    endloop
  endfacet
  facet normal 0 -1 0
    outer loop
      vertex 10.661 -5.579 4.58301
      vertex 10.8729 -5.579 4.34134
      vertex 10.8594 -5.579 4.37114
    endloop
  endfacet
  facet normal 0 -1 0
    outer loop
      vertex 10.661 -5.579 4.58301
      vertex 10.8845 -5.579 4.31072
      vertex 10.8729 -5.579 4.34134
    endloop
  endfacet
  facet normal 0 -1 0
    outer loop
      vertex 10.661 -5.579 4.58301
      vertex 10.894 -5.579 4.27941
      vertex 10.8845 -5.579 4.31072
    endloop
  endfacet
  facet normal 0 -1 0
    outer loop
      vertex 10.661 -5.579 4.58301
      vertex 10.9014 -5.579 4.24755
      vertex 10.894 -5.579 4.27941
    endloop
  endfacet
  facet normal 0 -1 0
    outer loop
      vertex 10.661 -5.579 4.58301
      vertex 10.9067 -5.579 4.21526
      vertex 10.9014 -5.579 4.24755
    endloop
  endfacet
  facet normal 0 -1 0
    outer loop
      vertex 10.661 -5.579 4.58301
      vertex 10.9099 -5.579 4.1827
      vertex 10.9067 -5.579 4.21526
    endloop
  endfacet
  facet normal 0 -1 0
    outer loop
      vertex 10.661 -5.579 4.58301
      vertex 10.911 -5.579 4.15
      vertex 10.9099 -5.579 4.1827
    endloop
  endfacet
  facet normal 0 -1 0
    outer loop
      vertex 10.661 -5.579 4.58301
      vertex 10.9099 -5.579 4.1173
      vertex 10.911 -5.579 4.15
    endloop
  endfacet
  facet normal 0 -1 0
    outer loop
      vertex 10.661 -5.579 4.58301
      vertex 10.9067 -5.579 4.08474
      vertex 10.9099 -5.579 4.1173
    endloop
  endfacet
  facet normal 0 -1 0
    outer loop
      vertex 10.661 -5.579 4.58301
      vertex 10.9014 -5.579 4.05246
      vertex 10.9067 -5.579 4.08474
    endloop
  endfacet
  facet normal 0 -1 0
    outer loop
      vertex 10.661 -5.579 4.58301
      vertex 10.894 -5.579 4.02059
      vertex 10.9014 -5.579 4.05246
    endloop
  endfacet
  facet normal 0 -1 0
    outer loop
      vertex 10.661 -5.579 4.58301
      vertex 10.8845 -5.579 3.98928
      vertex 10.894 -5.579 4.02059
    endloop
  endfacet
  facet normal 0 -1 0
    outer loop
      vertex 10.661 -5.579 4.58301
      vertex 10.8729 -5.579 3.95866
      vertex 10.8845 -5.579 3.98928
    endloop
  endfacet
  facet normal 0 -1 0
    outer loop
      vertex 10.661 -5.579 4.58301
      vertex 10.8594 -5.579 3.92886
      vertex 10.8729 -5.579 3.95866
    endloop
  endfacet
  facet normal 0 -1 0
    outer loop
      vertex 10.661 -5.579 4.58301
      vertex 10.844 -5.579 3.9
      vertex 10.8594 -5.579 3.92886
    endloop
  endfacet
  facet normal 0 -1 0
    outer loop
      vertex 10.661 -5.579 4.58301
      vertex 10.8267 -5.579 3.87222
      vertex 10.844 -5.579 3.9
    endloop
  endfacet
  facet normal 0 -1 0
    outer loop
      vertex 10.661 -5.579 4.58301
      vertex 10.8077 -5.579 3.84562
      vertex 10.8267 -5.579 3.87222
    endloop
  endfacet
  facet normal 0 -1 0
    outer loop
      vertex 10.661 -5.579 4.58301
      vertex 10.7869 -5.579 3.82033
      vertex 10.8077 -5.579 3.84562
    endloop
  endfacet
  facet normal 0 -1 0
    outer loop
      vertex 10.661 -5.579 4.58301
      vertex 10.7646 -5.579 3.79645
      vertex 10.7869 -5.579 3.82033
    endloop
  endfacet
  facet normal 0 -1 0
    outer loop
      vertex 10.661 -5.579 4.58301
      vertex 10.7407 -5.579 3.77408
      vertex 10.7646 -5.579 3.79645
    endloop
  endfacet
  facet normal 0 -1 0
    outer loop
      vertex 10.661 -5.579 4.58301
      vertex 10.7154 -5.579 3.75332
      vertex 10.7407 -5.579 3.77408
    endloop
  endfacet
  facet normal 0 -1 0
    outer loop
      vertex 10.661 -5.579 4.58301
      vertex 10.6888 -5.579 3.73427
      vertex 10.7154 -5.579 3.75332
    endloop
  endfacet
  facet normal -0 -1 0
    outer loop
      vertex 10.6888 -5.579 3.73427
      vertex 10.661 -5.579 4.58301
      vertex 10.661 -5.579 3.71699
    endloop
  endfacet
  facet normal 0 -1 0
    outer loop
      vertex 10.3783 -5.579 4.64893
      vertex 10.4437 -5.579 4.64893
      vertex 10.411 -5.579 4.65
    endloop
  endfacet
  facet normal 0 -1 0
    outer loop
      vertex 10.3457 -5.579 4.64572
      vertex 10.4437 -5.579 4.64893
      vertex 10.3783 -5.579 4.64893
    endloop
  endfacet
  facet normal 0 -1 0
    outer loop
      vertex 10.3457 -5.579 4.64572
      vertex 10.4763 -5.579 4.64572
      vertex 10.4437 -5.579 4.64893
    endloop
  endfacet
  facet normal 0 -1 0
    outer loop
      vertex 10.3135 -5.579 4.64039
      vertex 10.4763 -5.579 4.64572
      vertex 10.3457 -5.579 4.64572
    endloop
  endfacet
  facet normal 0 -1 0
    outer loop
      vertex 10.3135 -5.579 4.64039
      vertex 10.5085 -5.579 4.64039
      vertex 10.4763 -5.579 4.64572
    endloop
  endfacet
  facet normal 0 -1 0
    outer loop
      vertex 10.2816 -5.579 4.63296
      vertex 10.5085 -5.579 4.64039
      vertex 10.3135 -5.579 4.64039
    endloop
  endfacet
  facet normal 0 -1 0
    outer loop
      vertex 10.2816 -5.579 4.63296
      vertex 10.5404 -5.579 4.63296
      vertex 10.5085 -5.579 4.64039
    endloop
  endfacet
  facet normal 0 -1 0
    outer loop
      vertex 10.2503 -5.579 4.62347
      vertex 10.5404 -5.579 4.63296
      vertex 10.2816 -5.579 4.63296
    endloop
  endfacet
  facet normal 0 -1 0
    outer loop
      vertex 10.2503 -5.579 4.62347
      vertex 10.5717 -5.579 4.62347
      vertex 10.5404 -5.579 4.63296
    endloop
  endfacet
  facet normal 0 -1 0
    outer loop
      vertex 10.2197 -5.579 4.61194
      vertex 10.5717 -5.579 4.62347
      vertex 10.2503 -5.579 4.62347
    endloop
  endfacet
  facet normal 0 -1 0
    outer loop
      vertex 10.2197 -5.579 4.61194
      vertex 10.6023 -5.579 4.61194
      vertex 10.5717 -5.579 4.62347
    endloop
  endfacet
  facet normal 0 -1 0
    outer loop
      vertex 10.1933 -5.579 4.6
      vertex 10.6023 -5.579 4.61194
      vertex 10.2197 -5.579 4.61194
    endloop
  endfacet
  facet normal 0 -1 -0
    outer loop
      vertex 10.6023 -5.579 4.61194
      vertex 10.1933 -5.579 4.6
      vertex 10.6287 -5.579 4.6
    endloop
  endfacet
  facet normal -0.0979924 0 0.995187
    outer loop
      vertex 10.3457 -2.579 4.64572
      vertex 10.3783 -5.579 4.64893
      vertex 10.3783 -2.579 4.64893
    endloop
  endfacet
  facet normal -0.0979924 0 0.995187
    outer loop
      vertex 10.3783 -5.579 4.64893
      vertex 10.3457 -2.579 4.64572
      vertex 10.3457 -5.579 4.64572
    endloop
  endfacet
  facet normal 0.772336 0 -0.635215
    outer loop
      vertex 10.8077 -5.579 3.84562
      vertex 10.7869 -2.579 3.82033
      vertex 10.8077 -2.579 3.84562
    endloop
  endfacet
  facet normal 0.772336 0 -0.635215
    outer loop
      vertex 10.7869 -2.579 3.82033
      vertex 10.8077 -5.579 3.84562
      vertex 10.7869 -5.579 3.82033
    endloop
  endfacet
  facet normal 0.882251 0 -0.470779
    outer loop
      vertex 10.8594 -5.579 3.92886
      vertex 10.844 -2.579 3.9
      vertex 10.8594 -2.579 3.92886
    endloop
  endfacet
  facet normal 0.882251 0 -0.470779
    outer loop
      vertex 10.844 -2.579 3.9
      vertex 10.8594 -5.579 3.92886
      vertex 10.844 -5.579 3.9
    endloop
  endfacet
  facet normal 0.956922 0 -0.290347
    outer loop
      vertex 10.894 -5.579 4.02059
      vertex 10.8845 -2.579 3.98928
      vertex 10.894 -2.579 4.02059
    endloop
  endfacet
  facet normal 0.956922 0 -0.290347
    outer loop
      vertex 10.8845 -2.579 3.98928
      vertex 10.894 -5.579 4.02059
      vertex 10.8845 -5.579 3.98928
    endloop
  endfacet
  facet normal 0.995205 0 -0.0978089
    outer loop
      vertex 10.9099 -5.579 4.1173
      vertex 10.9067 -2.579 4.08474
      vertex 10.9099 -2.579 4.1173
    endloop
  endfacet
  facet normal 0.995205 0 -0.0978089
    outer loop
      vertex 10.9067 -2.579 4.08474
      vertex 10.9099 -5.579 4.1173
      vertex 10.9067 -5.579 4.08474
    endloop
  endfacet
  facet normal 0.986796 -0 0.16197
    outer loop
      vertex 10.9014 -5.579 4.24755
      vertex 10.9067 -2.579 4.21526
      vertex 10.9014 -2.579 4.24755
    endloop
  endfacet
  facet normal 0.986796 0 0.16197
    outer loop
      vertex 10.9067 -2.579 4.21526
      vertex 10.9014 -5.579 4.24755
      vertex 10.9067 -5.579 4.21526
    endloop
  endfacet
  facet normal 0.935144 -0 0.354268
    outer loop
      vertex 10.8729 -5.579 4.34134
      vertex 10.8845 -2.579 4.31072
      vertex 10.8729 -2.579 4.34134
    endloop
  endfacet
  facet normal 0.935144 0 0.354268
    outer loop
      vertex 10.8845 -2.579 4.31072
      vertex 10.8729 -5.579 4.34134
      vertex 10.8845 -5.579 4.31072
    endloop
  endfacet
  facet normal 0.956922 -0 0.290347
    outer loop
      vertex 10.8845 -5.579 4.31072
      vertex 10.894 -2.579 4.27941
      vertex 10.8845 -2.579 4.31072
    endloop
  endfacet
  facet normal 0.956922 0 0.290347
    outer loop
      vertex 10.894 -2.579 4.27941
      vertex 10.8845 -5.579 4.31072
      vertex 10.894 -5.579 4.27941
    endloop
  endfacet
  facet normal 0.772336 -0 0.635215
    outer loop
      vertex 10.7869 -5.579 4.47967
      vertex 10.8077 -2.579 4.45438
      vertex 10.7869 -2.579 4.47967
    endloop
  endfacet
  facet normal 0.772336 0 0.635215
    outer loop
      vertex 10.8077 -2.579 4.45438
      vertex 10.7869 -5.579 4.47967
      vertex 10.8077 -5.579 4.45438
    endloop
  endfacet
  facet normal 0.730872 -0 0.682515
    outer loop
      vertex 10.7646 -5.579 4.50355
      vertex 10.7869 -2.579 4.47967
      vertex 10.7646 -2.579 4.50355
    endloop
  endfacet
  facet normal 0.730872 0 0.682515
    outer loop
      vertex 10.7869 -2.579 4.47967
      vertex 10.7646 -5.579 4.50355
      vertex 10.7869 -5.579 4.47967
    endloop
  endfacet
  facet normal 0.882251 -0 0.470779
    outer loop
      vertex 10.844 -5.579 4.4
      vertex 10.8594 -2.579 4.37114
      vertex 10.844 -2.579 4.4
    endloop
  endfacet
  facet normal 0.882251 0 0.470779
    outer loop
      vertex 10.8594 -2.579 4.37114
      vertex 10.844 -5.579 4.4
      vertex 10.8594 -5.579 4.37114
    endloop
  endfacet
  facet normal 0.226844 0 0.973931
    outer loop
      vertex 10.5085 -2.579 4.64039
      vertex 10.5404 -5.579 4.63296
      vertex 10.5404 -2.579 4.63296
    endloop
  endfacet
  facet normal 0.226844 0 0.973931
    outer loop
      vertex 10.5404 -5.579 4.63296
      vertex 10.5085 -2.579 4.64039
      vertex 10.5085 -5.579 4.64039
    endloop
  endfacet
  facet normal 0.0327042 0 0.999465
    outer loop
      vertex 10.411 -2.579 4.65
      vertex 10.4437 -5.579 4.64893
      vertex 10.4437 -2.579 4.64893
    endloop
  endfacet
  facet normal 0.0327042 0 0.999465
    outer loop
      vertex 10.4437 -5.579 4.64893
      vertex 10.411 -2.579 4.65
      vertex 10.411 -5.579 4.65
    endloop
  endfacet
  facet normal 0.412086 0 0.911145
    outer loop
      vertex 10.6023 -2.579 4.61194
      vertex 10.6287 -5.579 4.6
      vertex 10.6287 -2.579 4.6
    endloop
  endfacet
  facet normal 0.412086 0 0.911145
    outer loop
      vertex 10.6287 -5.579 4.6
      vertex 10.6023 -2.579 4.61194
      vertex 10.6023 -5.579 4.61194
    endloop
  endfacet
  facet normal 0.582452 0 0.812865
    outer loop
      vertex 10.6888 -2.579 4.56574
      vertex 10.7154 -5.579 4.54668
      vertex 10.7154 -2.579 4.54668
    endloop
  endfacet
  facet normal 0.582452 0 0.812865
    outer loop
      vertex 10.7154 -5.579 4.54668
      vertex 10.6888 -2.579 4.56574
      vertex 10.6888 -5.579 4.56574
    endloop
  endfacet
  facet normal -0.290152 0 0.956981
    outer loop
      vertex 10.2503 -2.579 4.62347
      vertex 10.2816 -5.579 4.63296
      vertex 10.2816 -2.579 4.63296
    endloop
  endfacet
  facet normal -0.290152 0 0.956981
    outer loop
      vertex 10.2816 -5.579 4.63296
      vertex 10.2503 -2.579 4.62347
      vertex 10.2503 -5.579 4.62347
    endloop
  endfacet
  facet normal -0.352598 0 0.935775
    outer loop
      vertex 10.2197 -2.579 4.61194
      vertex 10.2503 -5.579 4.62347
      vertex 10.2503 -2.579 4.62347
    endloop
  endfacet
  facet normal -0.352598 0 0.935775
    outer loop
      vertex 10.2503 -5.579 4.62347
      vertex 10.2197 -2.579 4.61194
      vertex 10.2197 -5.579 4.61194
    endloop
  endfacet
  facet normal -0.163306 0 0.986575
    outer loop
      vertex 10.3135 -2.579 4.64039
      vertex 10.3457 -5.579 4.64572
      vertex 10.3457 -2.579 4.64572
    endloop
  endfacet
  facet normal -0.163306 0 0.986575
    outer loop
      vertex 10.3457 -5.579 4.64572
      vertex 10.3135 -2.579 4.64039
      vertex 10.3135 -5.579 4.64039
    endloop
  endfacet
  facet normal 0.999435 0 -0.0336201
    outer loop
      vertex 10.911 -5.579 4.15
      vertex 10.9099 -2.579 4.1173
      vertex 10.911 -2.579 4.15
    endloop
  endfacet
  facet normal 0.999435 0 -0.0336201
    outer loop
      vertex 10.9099 -2.579 4.1173
      vertex 10.911 -5.579 4.15
      vertex 10.9099 -5.579 4.1173
    endloop
  endfacet
  facet normal 0.634335 0 -0.773058
    outer loop
      vertex 10.7154 -5.579 3.75332
      vertex 10.7407 -2.579 3.77408
      vertex 10.7407 -5.579 3.77408
    endloop
  endfacet
  facet normal 0.634335 0 -0.773058
    outer loop
      vertex 10.7407 -2.579 3.77408
      vertex 10.7154 -5.579 3.75332
      vertex 10.7154 -2.579 3.75332
    endloop
  endfacet
  facet normal 0.730872 0 -0.682515
    outer loop
      vertex 10.7869 -5.579 3.82033
      vertex 10.7646 -2.579 3.79645
      vertex 10.7869 -2.579 3.82033
    endloop
  endfacet
  facet normal 0.730872 0 -0.682515
    outer loop
      vertex 10.7646 -2.579 3.79645
      vertex 10.7869 -5.579 3.82033
      vertex 10.7646 -5.579 3.79645
    endloop
  endfacet
  facet normal 0.52791 0 -0.8493
    outer loop
      vertex 10.661 -5.579 3.71699
      vertex 10.6888 -2.579 3.73427
      vertex 10.6888 -5.579 3.73427
    endloop
  endfacet
  facet normal 0.52791 0 -0.8493
    outer loop
      vertex 10.6888 -2.579 3.73427
      vertex 10.661 -5.579 3.71699
      vertex 10.661 -2.579 3.71699
    endloop
  endfacet
  facet normal 0.813733 0 -0.581238
    outer loop
      vertex 10.8267 -5.579 3.87222
      vertex 10.8077 -2.579 3.84562
      vertex 10.8267 -2.579 3.87222
    endloop
  endfacet
  facet normal 0.813733 0 -0.581238
    outer loop
      vertex 10.8077 -2.579 3.84562
      vertex 10.8267 -5.579 3.87222
      vertex 10.8077 -5.579 3.84562
    endloop
  endfacet
  facet normal 0.910889 0 -0.412651
    outer loop
      vertex 10.8729 -5.579 3.95866
      vertex 10.8594 -2.579 3.92886
      vertex 10.8729 -2.579 3.95866
    endloop
  endfacet
  facet normal 0.910889 0 -0.412651
    outer loop
      vertex 10.8594 -2.579 3.92886
      vertex 10.8729 -5.579 3.95866
      vertex 10.8594 -5.579 3.92886
    endloop
  endfacet
  facet normal 0.974086 0 -0.226176
    outer loop
      vertex 10.9014 -5.579 4.05246
      vertex 10.894 -2.579 4.02059
      vertex 10.9014 -2.579 4.05246
    endloop
  endfacet
  facet normal 0.974086 0 -0.226176
    outer loop
      vertex 10.894 -2.579 4.02059
      vertex 10.9014 -5.579 4.05246
      vertex 10.894 -5.579 4.02059
    endloop
  endfacet
  facet normal 0.683352 0 -0.730089
    outer loop
      vertex 10.7407 -5.579 3.77408
      vertex 10.7646 -2.579 3.79645
      vertex 10.7646 -5.579 3.79645
    endloop
  endfacet
  facet normal 0.683352 0 -0.730089
    outer loop
      vertex 10.7646 -2.579 3.79645
      vertex 10.7407 -5.579 3.77408
      vertex 10.7407 -2.579 3.77408
    endloop
  endfacet
  facet normal 0.58225 0 -0.81301
    outer loop
      vertex 10.6888 -5.579 3.73427
      vertex 10.7154 -2.579 3.75332
      vertex 10.7154 -5.579 3.75332
    endloop
  endfacet
  facet normal 0.58225 0 -0.81301
    outer loop
      vertex 10.7154 -2.579 3.75332
      vertex 10.6888 -5.579 3.73427
      vertex 10.6888 -2.579 3.73427
    endloop
  endfacet
  facet normal 0.848856 0 -0.528625
    outer loop
      vertex 10.844 -5.579 3.9
      vertex 10.8267 -2.579 3.87222
      vertex 10.844 -2.579 3.9
    endloop
  endfacet
  facet normal 0.848856 0 -0.528625
    outer loop
      vertex 10.8267 -2.579 3.87222
      vertex 10.844 -5.579 3.9
      vertex 10.8267 -5.579 3.87222
    endloop
  endfacet
  facet normal 0.986788 0 -0.162019
    outer loop
      vertex 10.9067 -5.579 4.08474
      vertex 10.9014 -2.579 4.05246
      vertex 10.9067 -2.579 4.08474
    endloop
  endfacet
  facet normal 0.986788 0 -0.162019
    outer loop
      vertex 10.9014 -2.579 4.05246
      vertex 10.9067 -5.579 4.08474
      vertex 10.9014 -5.579 4.05246
    endloop
  endfacet
  facet normal -0.412086 0 0.911145
    outer loop
      vertex -13.6317 -2.579 4.6
      vertex -13.6053 -5.579 4.61194
      vertex -13.6053 -2.579 4.61194
    endloop
  endfacet
  facet normal -0.412086 0 0.911145
    outer loop
      vertex -13.6053 -5.579 4.61194
      vertex -13.6317 -2.579 4.6
      vertex -13.6317 -5.579 4.6
    endloop
  endfacet
  facet normal -0.910889 0 0.412651
    outer loop
      vertex -13.8759 -5.579 4.34134
      vertex -13.8624 -2.579 4.37114
      vertex -13.8759 -2.579 4.34134
    endloop
  endfacet
  facet normal -0.910889 0 0.412651
    outer loop
      vertex -13.8624 -2.579 4.37114
      vertex -13.8759 -5.579 4.34134
      vertex -13.8624 -5.579 4.37114
    endloop
  endfacet
  facet normal 0.352598 0 0.935775
    outer loop
      vertex -13.2533 -2.579 4.62347
      vertex -13.2227 -5.579 4.61194
      vertex -13.2227 -2.579 4.61194
    endloop
  endfacet
  facet normal 0.352598 0 0.935775
    outer loop
      vertex -13.2227 -5.579 4.61194
      vertex -13.2533 -2.579 4.62347
      vertex -13.2533 -5.579 4.62347
    endloop
  endfacet
  facet normal 0.0979924 0 0.995187
    outer loop
      vertex -13.3813 -2.579 4.64893
      vertex -13.3487 -5.579 4.64572
      vertex -13.3487 -2.579 4.64572
    endloop
  endfacet
  facet normal 0.0979924 0 0.995187
    outer loop
      vertex -13.3487 -5.579 4.64572
      vertex -13.3813 -2.579 4.64893
      vertex -13.3813 -5.579 4.64893
    endloop
  endfacet
  facet normal -0.986796 0 0.16197
    outer loop
      vertex -13.9097 -5.579 4.21526
      vertex -13.9044 -2.579 4.24755
      vertex -13.9097 -2.579 4.21526
    endloop
  endfacet
  facet normal -0.986796 0 0.16197
    outer loop
      vertex -13.9044 -2.579 4.24755
      vertex -13.9097 -5.579 4.21526
      vertex -13.9044 -5.579 4.24755
    endloop
  endfacet
  facet normal -0.730872 0 0.682515
    outer loop
      vertex -13.7899 -5.579 4.47967
      vertex -13.7676 -2.579 4.50355
      vertex -13.7899 -2.579 4.47967
    endloop
  endfacet
  facet normal -0.730872 0 0.682515
    outer loop
      vertex -13.7676 -2.579 4.50355
      vertex -13.7899 -5.579 4.47967
      vertex -13.7676 -5.579 4.50355
    endloop
  endfacet
  facet normal -0.226844 0 0.973931
    outer loop
      vertex -13.5434 -2.579 4.63296
      vertex -13.5115 -5.579 4.64039
      vertex -13.5115 -2.579 4.64039
    endloop
  endfacet
  facet normal -0.226844 0 0.973931
    outer loop
      vertex -13.5115 -5.579 4.64039
      vertex -13.5434 -2.579 4.63296
      vertex -13.5434 -5.579 4.63296
    endloop
  endfacet
  facet normal -0.683352 0 -0.730089
    outer loop
      vertex -13.7676 -5.579 3.79645
      vertex -13.7437 -2.579 3.77408
      vertex -13.7437 -5.579 3.77408
    endloop
  endfacet
  facet normal -0.683352 0 -0.730089
    outer loop
      vertex -13.7437 -2.579 3.77408
      vertex -13.7676 -5.579 3.79645
      vertex -13.7676 -2.579 3.79645
    endloop
  endfacet
  facet normal -0.935144 0 -0.354268
    outer loop
      vertex -13.8759 -5.579 3.95866
      vertex -13.8875 -2.579 3.98928
      vertex -13.8759 -2.579 3.95866
    endloop
  endfacet
  facet normal -0.935144 -0 -0.354268
    outer loop
      vertex -13.8875 -2.579 3.98928
      vertex -13.8759 -5.579 3.95866
      vertex -13.8875 -5.579 3.98928
    endloop
  endfacet
  facet normal 0.290152 0 0.956981
    outer loop
      vertex -13.2846 -2.579 4.63296
      vertex -13.2533 -5.579 4.62347
      vertex -13.2533 -2.579 4.62347
    endloop
  endfacet
  facet normal 0.290152 0 0.956981
    outer loop
      vertex -13.2533 -5.579 4.62347
      vertex -13.2846 -2.579 4.63296
      vertex -13.2846 -5.579 4.63296
    endloop
  endfacet
  facet normal 0.163306 0 0.986575
    outer loop
      vertex -13.3487 -2.579 4.64572
      vertex -13.3165 -5.579 4.64039
      vertex -13.3165 -2.579 4.64039
    endloop
  endfacet
  facet normal 0.163306 0 0.986575
    outer loop
      vertex -13.3165 -5.579 4.64039
      vertex -13.3487 -2.579 4.64572
      vertex -13.3487 -5.579 4.64572
    endloop
  endfacet
  facet normal -0.935144 0 0.354268
    outer loop
      vertex -13.8875 -5.579 4.31072
      vertex -13.8759 -2.579 4.34134
      vertex -13.8875 -2.579 4.31072
    endloop
  endfacet
  facet normal -0.935144 0 0.354268
    outer loop
      vertex -13.8759 -2.579 4.34134
      vertex -13.8875 -5.579 4.31072
      vertex -13.8759 -5.579 4.34134
    endloop
  endfacet
  facet normal -0.974071 0 0.226244
    outer loop
      vertex -13.9044 -5.579 4.24755
      vertex -13.897 -2.579 4.27941
      vertex -13.9044 -2.579 4.24755
    endloop
  endfacet
  facet normal -0.974071 0 0.226244
    outer loop
      vertex -13.897 -2.579 4.27941
      vertex -13.9044 -5.579 4.24755
      vertex -13.897 -5.579 4.27941
    endloop
  endfacet
  facet normal -0.81363 0 0.581383
    outer loop
      vertex -13.8297 -5.579 4.42779
      vertex -13.8107 -2.579 4.45438
      vertex -13.8297 -2.579 4.42779
    endloop
  endfacet
  facet normal -0.81363 0 0.581383
    outer loop
      vertex -13.8107 -2.579 4.45438
      vertex -13.8297 -5.579 4.42779
      vertex -13.8107 -5.579 4.45438
    endloop
  endfacet
  facet normal -0.0979924 0 0.995187
    outer loop
      vertex -13.4793 -2.579 4.64572
      vertex -13.4467 -5.579 4.64893
      vertex -13.4467 -2.579 4.64893
    endloop
  endfacet
  facet normal -0.0979924 0 0.995187
    outer loop
      vertex -13.4467 -5.579 4.64893
      vertex -13.4793 -2.579 4.64572
      vertex -13.4793 -5.579 4.64572
    endloop
  endfacet
  facet normal -0.52769 0 0.849437
    outer loop
      vertex -13.6918 -2.579 4.56574
      vertex -13.664 -5.579 4.58301
      vertex -13.664 -2.579 4.58301
    endloop
  endfacet
  facet normal -0.52769 0 0.849437
    outer loop
      vertex -13.664 -5.579 4.58301
      vertex -13.6918 -2.579 4.56574
      vertex -13.6918 -5.579 4.56574
    endloop
  endfacet
  facet normal -0.683352 0 0.730089
    outer loop
      vertex -13.7676 -2.579 4.50355
      vertex -13.7437 -5.579 4.52592
      vertex -13.7437 -2.579 4.52592
    endloop
  endfacet
  facet normal -0.683352 0 0.730089
    outer loop
      vertex -13.7437 -5.579 4.52592
      vertex -13.7676 -2.579 4.50355
      vertex -13.7676 -5.579 4.50355
    endloop
  endfacet
  facet normal -0.995205 0 -0.0978089
    outer loop
      vertex -13.9097 -5.579 4.08474
      vertex -13.9129 -2.579 4.1173
      vertex -13.9097 -2.579 4.08474
    endloop
  endfacet
  facet normal -0.995205 -0 -0.0978089
    outer loop
      vertex -13.9129 -2.579 4.1173
      vertex -13.9097 -5.579 4.08474
      vertex -13.9129 -5.579 4.1173
    endloop
  endfacet
  facet normal 0 1 0
    outer loop
      vertex -13.664 -2.579 4.58301
      vertex -13.7184 -2.579 4.54668
      vertex -13.6918 -2.579 4.56574
    endloop
  endfacet
  facet normal 0 1 0
    outer loop
      vertex -13.664 -2.579 4.58301
      vertex -13.7437 -2.579 4.52592
      vertex -13.7184 -2.579 4.54668
    endloop
  endfacet
  facet normal 0 1 0
    outer loop
      vertex -13.664 -2.579 4.58301
      vertex -13.7676 -2.579 4.50355
      vertex -13.7437 -2.579 4.52592
    endloop
  endfacet
  facet normal 0 1 0
    outer loop
      vertex -13.664 -2.579 4.58301
      vertex -13.7899 -2.579 4.47967
      vertex -13.7676 -2.579 4.50355
    endloop
  endfacet
  facet normal 0 1 0
    outer loop
      vertex -13.664 -2.579 4.58301
      vertex -13.8107 -2.579 4.45438
      vertex -13.7899 -2.579 4.47967
    endloop
  endfacet
  facet normal 0 1 0
    outer loop
      vertex -13.664 -2.579 4.58301
      vertex -13.8297 -2.579 4.42779
      vertex -13.8107 -2.579 4.45438
    endloop
  endfacet
  facet normal 0 1 0
    outer loop
      vertex -13.664 -2.579 4.58301
      vertex -13.847 -2.579 4.4
      vertex -13.8297 -2.579 4.42779
    endloop
  endfacet
  facet normal 0 1 0
    outer loop
      vertex -13.664 -2.579 4.58301
      vertex -13.8624 -2.579 4.37114
      vertex -13.847 -2.579 4.4
    endloop
  endfacet
  facet normal 0 1 0
    outer loop
      vertex -13.664 -2.579 4.58301
      vertex -13.8759 -2.579 4.34134
      vertex -13.8624 -2.579 4.37114
    endloop
  endfacet
  facet normal 0 1 0
    outer loop
      vertex -13.664 -2.579 4.58301
      vertex -13.8875 -2.579 4.31072
      vertex -13.8759 -2.579 4.34134
    endloop
  endfacet
  facet normal 0 1 0
    outer loop
      vertex -13.664 -2.579 4.58301
      vertex -13.897 -2.579 4.27941
      vertex -13.8875 -2.579 4.31072
    endloop
  endfacet
  facet normal 0 1 0
    outer loop
      vertex -13.664 -2.579 4.58301
      vertex -13.9044 -2.579 4.24755
      vertex -13.897 -2.579 4.27941
    endloop
  endfacet
  facet normal 0 1 0
    outer loop
      vertex -13.664 -2.579 4.58301
      vertex -13.9097 -2.579 4.21526
      vertex -13.9044 -2.579 4.24755
    endloop
  endfacet
  facet normal 0 1 0
    outer loop
      vertex -13.664 -2.579 4.58301
      vertex -13.9129 -2.579 4.1827
      vertex -13.9097 -2.579 4.21526
    endloop
  endfacet
  facet normal 0 1 0
    outer loop
      vertex -13.664 -2.579 4.58301
      vertex -13.914 -2.579 4.15
      vertex -13.9129 -2.579 4.1827
    endloop
  endfacet
  facet normal 0 1 0
    outer loop
      vertex -13.664 -2.579 4.58301
      vertex -13.9129 -2.579 4.1173
      vertex -13.914 -2.579 4.15
    endloop
  endfacet
  facet normal 0 1 0
    outer loop
      vertex -13.664 -2.579 4.58301
      vertex -13.9097 -2.579 4.08474
      vertex -13.9129 -2.579 4.1173
    endloop
  endfacet
  facet normal 0 1 0
    outer loop
      vertex -13.664 -2.579 4.58301
      vertex -13.9044 -2.579 4.05246
      vertex -13.9097 -2.579 4.08474
    endloop
  endfacet
  facet normal 0 1 0
    outer loop
      vertex -13.664 -2.579 4.58301
      vertex -13.897 -2.579 4.02059
      vertex -13.9044 -2.579 4.05246
    endloop
  endfacet
  facet normal 0 1 0
    outer loop
      vertex -13.664 -2.579 4.58301
      vertex -13.8875 -2.579 3.98928
      vertex -13.897 -2.579 4.02059
    endloop
  endfacet
  facet normal 0 1 0
    outer loop
      vertex -13.664 -2.579 4.58301
      vertex -13.8759 -2.579 3.95866
      vertex -13.8875 -2.579 3.98928
    endloop
  endfacet
  facet normal 0 1 0
    outer loop
      vertex -13.664 -2.579 4.58301
      vertex -13.8624 -2.579 3.92886
      vertex -13.8759 -2.579 3.95866
    endloop
  endfacet
  facet normal 0 1 0
    outer loop
      vertex -13.664 -2.579 4.58301
      vertex -13.847 -2.579 3.9
      vertex -13.8624 -2.579 3.92886
    endloop
  endfacet
  facet normal 0 1 0
    outer loop
      vertex -13.664 -2.579 4.58301
      vertex -13.8297 -2.579 3.87222
      vertex -13.847 -2.579 3.9
    endloop
  endfacet
  facet normal 0 1 0
    outer loop
      vertex -13.664 -2.579 4.58301
      vertex -13.8107 -2.579 3.84562
      vertex -13.8297 -2.579 3.87222
    endloop
  endfacet
  facet normal 0 1 0
    outer loop
      vertex -13.664 -2.579 4.58301
      vertex -13.7899 -2.579 3.82033
      vertex -13.8107 -2.579 3.84562
    endloop
  endfacet
  facet normal 0 1 0
    outer loop
      vertex -13.664 -2.579 4.58301
      vertex -13.7676 -2.579 3.79645
      vertex -13.7899 -2.579 3.82033
    endloop
  endfacet
  facet normal 0 1 0
    outer loop
      vertex -13.664 -2.579 4.58301
      vertex -13.7437 -2.579 3.77408
      vertex -13.7676 -2.579 3.79645
    endloop
  endfacet
  facet normal 0 1 0
    outer loop
      vertex -13.664 -2.579 4.58301
      vertex -13.7184 -2.579 3.75332
      vertex -13.7437 -2.579 3.77408
    endloop
  endfacet
  facet normal 0 1 0
    outer loop
      vertex -13.664 -2.579 4.58301
      vertex -13.6918 -2.579 3.73427
      vertex -13.7184 -2.579 3.75332
    endloop
  endfacet
  facet normal -0 1 0
    outer loop
      vertex -13.6918 -2.579 3.73427
      vertex -13.664 -2.579 4.58301
      vertex -13.664 -2.579 3.71699
    endloop
  endfacet
  facet normal 0 1 0
    outer loop
      vertex -13.3813 -2.579 4.64893
      vertex -13.4467 -2.579 4.64893
      vertex -13.414 -2.579 4.65
    endloop
  endfacet
  facet normal 0 1 0
    outer loop
      vertex -13.3487 -2.579 4.64572
      vertex -13.4467 -2.579 4.64893
      vertex -13.3813 -2.579 4.64893
    endloop
  endfacet
  facet normal 0 1 0
    outer loop
      vertex -13.3487 -2.579 4.64572
      vertex -13.4793 -2.579 4.64572
      vertex -13.4467 -2.579 4.64893
    endloop
  endfacet
  facet normal 0 1 0
    outer loop
      vertex -13.3165 -2.579 4.64039
      vertex -13.4793 -2.579 4.64572
      vertex -13.3487 -2.579 4.64572
    endloop
  endfacet
  facet normal 0 1 0
    outer loop
      vertex -13.3165 -2.579 4.64039
      vertex -13.5115 -2.579 4.64039
      vertex -13.4793 -2.579 4.64572
    endloop
  endfacet
  facet normal 0 1 0
    outer loop
      vertex -13.2846 -2.579 4.63296
      vertex -13.5115 -2.579 4.64039
      vertex -13.3165 -2.579 4.64039
    endloop
  endfacet
  facet normal 0 1 0
    outer loop
      vertex -13.2846 -2.579 4.63296
      vertex -13.5434 -2.579 4.63296
      vertex -13.5115 -2.579 4.64039
    endloop
  endfacet
  facet normal 0 1 0
    outer loop
      vertex -13.2533 -2.579 4.62347
      vertex -13.5434 -2.579 4.63296
      vertex -13.2846 -2.579 4.63296
    endloop
  endfacet
  facet normal 0 1 0
    outer loop
      vertex -13.2533 -2.579 4.62347
      vertex -13.5747 -2.579 4.62347
      vertex -13.5434 -2.579 4.63296
    endloop
  endfacet
  facet normal 0 1 0
    outer loop
      vertex -13.2227 -2.579 4.61194
      vertex -13.5747 -2.579 4.62347
      vertex -13.2533 -2.579 4.62347
    endloop
  endfacet
  facet normal 0 1 0
    outer loop
      vertex -13.2227 -2.579 4.61194
      vertex -13.6053 -2.579 4.61194
      vertex -13.5747 -2.579 4.62347
    endloop
  endfacet
  facet normal 0 1 0
    outer loop
      vertex -13.1963 -2.579 4.6
      vertex -13.6053 -2.579 4.61194
      vertex -13.2227 -2.579 4.61194
    endloop
  endfacet
  facet normal 0 1 0
    outer loop
      vertex -13.6053 -2.579 4.61194
      vertex -13.1963 -2.579 4.6
      vertex -13.6317 -2.579 4.6
    endloop
  endfacet
  facet normal -0.813733 0 -0.581238
    outer loop
      vertex -13.8107 -5.579 3.84562
      vertex -13.8297 -2.579 3.87222
      vertex -13.8107 -2.579 3.84562
    endloop
  endfacet
  facet normal -0.813733 -0 -0.581238
    outer loop
      vertex -13.8297 -2.579 3.87222
      vertex -13.8107 -5.579 3.84562
      vertex -13.8297 -5.579 3.87222
    endloop
  endfacet
  facet normal -0.730872 0 -0.682515
    outer loop
      vertex -13.7676 -5.579 3.79645
      vertex -13.7899 -2.579 3.82033
      vertex -13.7676 -2.579 3.79645
    endloop
  endfacet
  facet normal -0.730872 -0 -0.682515
    outer loop
      vertex -13.7899 -2.579 3.82033
      vertex -13.7676 -5.579 3.79645
      vertex -13.7899 -5.579 3.82033
    endloop
  endfacet
  facet normal -0.0327042 0 0.999465
    outer loop
      vertex -13.4467 -2.579 4.64893
      vertex -13.414 -5.579 4.65
      vertex -13.414 -2.579 4.65
    endloop
  endfacet
  facet normal -0.0327042 0 0.999465
    outer loop
      vertex -13.414 -5.579 4.65
      vertex -13.4467 -2.579 4.64893
      vertex -13.4467 -5.579 4.64893
    endloop
  endfacet
  facet normal 0.412086 0 0.911145
    outer loop
      vertex -13.2227 -2.579 4.61194
      vertex -13.1963 -5.579 4.6
      vertex -13.1963 -2.579 4.6
    endloop
  endfacet
  facet normal 0.412086 0 0.911145
    outer loop
      vertex -13.1963 -5.579 4.6
      vertex -13.2227 -2.579 4.61194
      vertex -13.2227 -5.579 4.61194
    endloop
  endfacet
  facet normal 0.226844 0 0.973931
    outer loop
      vertex -13.3165 -2.579 4.64039
      vertex -13.2846 -5.579 4.63296
      vertex -13.2846 -2.579 4.63296
    endloop
  endfacet
  facet normal 0.226844 0 0.973931
    outer loop
      vertex -13.2846 -5.579 4.63296
      vertex -13.3165 -2.579 4.64039
      vertex -13.3165 -5.579 4.64039
    endloop
  endfacet
  facet normal -0.999435 0 0.0336201
    outer loop
      vertex -13.914 -5.579 4.15
      vertex -13.9129 -2.579 4.1827
      vertex -13.914 -2.579 4.15
    endloop
  endfacet
  facet normal -0.999435 0 0.0336201
    outer loop
      vertex -13.9129 -2.579 4.1827
      vertex -13.914 -5.579 4.15
      vertex -13.9129 -5.579 4.1827
    endloop
  endfacet
  facet normal -0.956922 0 0.290347
    outer loop
      vertex -13.897 -5.579 4.27941
      vertex -13.8875 -2.579 4.31072
      vertex -13.897 -2.579 4.27941
    endloop
  endfacet
  facet normal -0.956922 0 0.290347
    outer loop
      vertex -13.8875 -2.579 4.31072
      vertex -13.897 -5.579 4.27941
      vertex -13.8875 -5.579 4.31072
    endloop
  endfacet
  facet normal -0.848941 0 0.528488
    outer loop
      vertex -13.847 -5.579 4.4
      vertex -13.8297 -2.579 4.42779
      vertex -13.847 -2.579 4.4
    endloop
  endfacet
  facet normal -0.848941 0 0.528488
    outer loop
      vertex -13.8297 -2.579 4.42779
      vertex -13.847 -5.579 4.4
      vertex -13.8297 -5.579 4.42779
    endloop
  endfacet
  facet normal -0.882251 0 0.470779
    outer loop
      vertex -13.8624 -5.579 4.37114
      vertex -13.847 -2.579 4.4
      vertex -13.8624 -2.579 4.37114
    endloop
  endfacet
  facet normal -0.882251 0 0.470779
    outer loop
      vertex -13.847 -2.579 4.4
      vertex -13.8624 -5.579 4.37114
      vertex -13.847 -5.579 4.4
    endloop
  endfacet
  facet normal -0.772336 0 0.635215
    outer loop
      vertex -13.8107 -5.579 4.45438
      vertex -13.7899 -2.579 4.47967
      vertex -13.8107 -2.579 4.45438
    endloop
  endfacet
  facet normal -0.772336 0 0.635215
    outer loop
      vertex -13.7899 -2.579 4.47967
      vertex -13.8107 -5.579 4.45438
      vertex -13.7899 -5.579 4.47967
    endloop
  endfacet
  facet normal -0.290152 0 0.956981
    outer loop
      vertex -13.5747 -2.579 4.62347
      vertex -13.5434 -5.579 4.63296
      vertex -13.5434 -2.579 4.63296
    endloop
  endfacet
  facet normal -0.290152 0 0.956981
    outer loop
      vertex -13.5434 -5.579 4.63296
      vertex -13.5747 -2.579 4.62347
      vertex -13.5747 -5.579 4.62347
    endloop
  endfacet
  facet normal -0.352598 0 0.935775
    outer loop
      vertex -13.6053 -2.579 4.61194
      vertex -13.5747 -5.579 4.62347
      vertex -13.5747 -2.579 4.62347
    endloop
  endfacet
  facet normal -0.352598 0 0.935775
    outer loop
      vertex -13.5747 -5.579 4.62347
      vertex -13.6053 -2.579 4.61194
      vertex -13.6053 -5.579 4.61194
    endloop
  endfacet
  facet normal -0.163306 0 0.986575
    outer loop
      vertex -13.5115 -2.579 4.64039
      vertex -13.4793 -5.579 4.64572
      vertex -13.4793 -2.579 4.64572
    endloop
  endfacet
  facet normal -0.163306 0 0.986575
    outer loop
      vertex -13.4793 -5.579 4.64572
      vertex -13.5115 -2.579 4.64039
      vertex -13.5115 -5.579 4.64039
    endloop
  endfacet
  facet normal -0.634335 0 0.773058
    outer loop
      vertex -13.7437 -2.579 4.52592
      vertex -13.7184 -5.579 4.54668
      vertex -13.7184 -2.579 4.54668
    endloop
  endfacet
  facet normal -0.634335 0 0.773058
    outer loop
      vertex -13.7184 -5.579 4.54668
      vertex -13.7437 -2.579 4.52592
      vertex -13.7437 -5.579 4.52592
    endloop
  endfacet
  facet normal -0.582452 0 0.812865
    outer loop
      vertex -13.7184 -2.579 4.54668
      vertex -13.6918 -5.579 4.56574
      vertex -13.6918 -2.579 4.56574
    endloop
  endfacet
  facet normal -0.582452 0 0.812865
    outer loop
      vertex -13.6918 -5.579 4.56574
      vertex -13.7184 -2.579 4.54668
      vertex -13.7184 -5.579 4.54668
    endloop
  endfacet
  facet normal -0.52791 0 -0.8493
    outer loop
      vertex -13.6918 -5.579 3.73427
      vertex -13.664 -2.579 3.71699
      vertex -13.664 -5.579 3.71699
    endloop
  endfacet
  facet normal -0.52791 0 -0.8493
    outer loop
      vertex -13.664 -2.579 3.71699
      vertex -13.6918 -5.579 3.73427
      vertex -13.6918 -2.579 3.73427
    endloop
  endfacet
  facet normal -0.634335 0 -0.773058
    outer loop
      vertex -13.7437 -5.579 3.77408
      vertex -13.7184 -2.579 3.75332
      vertex -13.7184 -5.579 3.75332
    endloop
  endfacet
  facet normal -0.634335 0 -0.773058
    outer loop
      vertex -13.7184 -2.579 3.75332
      vertex -13.7437 -5.579 3.77408
      vertex -13.7437 -2.579 3.77408
    endloop
  endfacet
  facet normal -0.58225 0 -0.81301
    outer loop
      vertex -13.7184 -5.579 3.75332
      vertex -13.6918 -2.579 3.73427
      vertex -13.6918 -5.579 3.73427
    endloop
  endfacet
  facet normal -0.58225 0 -0.81301
    outer loop
      vertex -13.6918 -2.579 3.73427
      vertex -13.7184 -5.579 3.75332
      vertex -13.7184 -2.579 3.75332
    endloop
  endfacet
  facet normal -0.974086 0 -0.226176
    outer loop
      vertex -13.897 -5.579 4.02059
      vertex -13.9044 -2.579 4.05246
      vertex -13.897 -2.579 4.02059
    endloop
  endfacet
  facet normal -0.974086 -0 -0.226176
    outer loop
      vertex -13.9044 -2.579 4.05246
      vertex -13.897 -5.579 4.02059
      vertex -13.9044 -5.579 4.05246
    endloop
  endfacet
  facet normal -0.986788 0 -0.162019
    outer loop
      vertex -13.9044 -5.579 4.05246
      vertex -13.9097 -2.579 4.08474
      vertex -13.9044 -2.579 4.05246
    endloop
  endfacet
  facet normal -0.986788 -0 -0.162019
    outer loop
      vertex -13.9097 -2.579 4.08474
      vertex -13.9044 -5.579 4.05246
      vertex -13.9097 -5.579 4.08474
    endloop
  endfacet
  facet normal -0.999435 0 -0.0336201
    outer loop
      vertex -13.9129 -5.579 4.1173
      vertex -13.914 -2.579 4.15
      vertex -13.9129 -2.579 4.1173
    endloop
  endfacet
  facet normal -0.999435 -0 -0.0336201
    outer loop
      vertex -13.914 -2.579 4.15
      vertex -13.9129 -5.579 4.1173
      vertex -13.914 -5.579 4.15
    endloop
  endfacet
  facet normal -0.882251 0 -0.470779
    outer loop
      vertex -13.847 -5.579 3.9
      vertex -13.8624 -2.579 3.92886
      vertex -13.847 -2.579 3.9
    endloop
  endfacet
  facet normal -0.882251 -0 -0.470779
    outer loop
      vertex -13.8624 -2.579 3.92886
      vertex -13.847 -5.579 3.9
      vertex -13.8624 -5.579 3.92886
    endloop
  endfacet
  facet normal -0.848856 0 -0.528625
    outer loop
      vertex -13.8297 -5.579 3.87222
      vertex -13.847 -2.579 3.9
      vertex -13.8297 -2.579 3.87222
    endloop
  endfacet
  facet normal -0.848856 -0 -0.528625
    outer loop
      vertex -13.847 -2.579 3.9
      vertex -13.8297 -5.579 3.87222
      vertex -13.847 -5.579 3.9
    endloop
  endfacet
  facet normal -0.910889 0 -0.412651
    outer loop
      vertex -13.8624 -5.579 3.92886
      vertex -13.8759 -2.579 3.95866
      vertex -13.8624 -2.579 3.92886
    endloop
  endfacet
  facet normal -0.910889 -0 -0.412651
    outer loop
      vertex -13.8759 -2.579 3.95866
      vertex -13.8624 -5.579 3.92886
      vertex -13.8759 -5.579 3.95866
    endloop
  endfacet
  facet normal 0.0327042 0 0.999465
    outer loop
      vertex -13.414 -2.579 4.65
      vertex -13.3813 -5.579 4.64893
      vertex -13.3813 -2.579 4.64893
    endloop
  endfacet
  facet normal 0.0327042 0 0.999465
    outer loop
      vertex -13.3813 -5.579 4.64893
      vertex -13.414 -2.579 4.65
      vertex -13.414 -5.579 4.65
    endloop
  endfacet
  facet normal 0 -1 0
    outer loop
      vertex -13.7184 -5.579 4.54668
      vertex -13.664 -5.579 4.58301
      vertex -13.6918 -5.579 4.56574
    endloop
  endfacet
  facet normal 0 -1 0
    outer loop
      vertex -13.7437 -5.579 4.52592
      vertex -13.664 -5.579 4.58301
      vertex -13.7184 -5.579 4.54668
    endloop
  endfacet
  facet normal 0 -1 0
    outer loop
      vertex -13.7676 -5.579 4.50355
      vertex -13.664 -5.579 4.58301
      vertex -13.7437 -5.579 4.52592
    endloop
  endfacet
  facet normal 0 -1 0
    outer loop
      vertex -13.7899 -5.579 4.47967
      vertex -13.664 -5.579 4.58301
      vertex -13.7676 -5.579 4.50355
    endloop
  endfacet
  facet normal 0 -1 0
    outer loop
      vertex -13.8107 -5.579 4.45438
      vertex -13.664 -5.579 4.58301
      vertex -13.7899 -5.579 4.47967
    endloop
  endfacet
  facet normal 0 -1 0
    outer loop
      vertex -13.8297 -5.579 4.42779
      vertex -13.664 -5.579 4.58301
      vertex -13.8107 -5.579 4.45438
    endloop
  endfacet
  facet normal 0 -1 0
    outer loop
      vertex -13.847 -5.579 4.4
      vertex -13.664 -5.579 4.58301
      vertex -13.8297 -5.579 4.42779
    endloop
  endfacet
  facet normal 0 -1 0
    outer loop
      vertex -13.8624 -5.579 4.37114
      vertex -13.664 -5.579 4.58301
      vertex -13.847 -5.579 4.4
    endloop
  endfacet
  facet normal 0 -1 0
    outer loop
      vertex -13.8759 -5.579 4.34134
      vertex -13.664 -5.579 4.58301
      vertex -13.8624 -5.579 4.37114
    endloop
  endfacet
  facet normal 0 -1 0
    outer loop
      vertex -13.8875 -5.579 4.31072
      vertex -13.664 -5.579 4.58301
      vertex -13.8759 -5.579 4.34134
    endloop
  endfacet
  facet normal 0 -1 0
    outer loop
      vertex -13.897 -5.579 4.27941
      vertex -13.664 -5.579 4.58301
      vertex -13.8875 -5.579 4.31072
    endloop
  endfacet
  facet normal 0 -1 0
    outer loop
      vertex -13.9044 -5.579 4.24755
      vertex -13.664 -5.579 4.58301
      vertex -13.897 -5.579 4.27941
    endloop
  endfacet
  facet normal 0 -1 0
    outer loop
      vertex -13.9097 -5.579 4.21526
      vertex -13.664 -5.579 4.58301
      vertex -13.9044 -5.579 4.24755
    endloop
  endfacet
  facet normal 0 -1 0
    outer loop
      vertex -13.9129 -5.579 4.1827
      vertex -13.664 -5.579 4.58301
      vertex -13.9097 -5.579 4.21526
    endloop
  endfacet
  facet normal 0 -1 0
    outer loop
      vertex -13.914 -5.579 4.15
      vertex -13.664 -5.579 4.58301
      vertex -13.9129 -5.579 4.1827
    endloop
  endfacet
  facet normal 0 -1 0
    outer loop
      vertex -13.9129 -5.579 4.1173
      vertex -13.664 -5.579 4.58301
      vertex -13.914 -5.579 4.15
    endloop
  endfacet
  facet normal 0 -1 0
    outer loop
      vertex -13.9097 -5.579 4.08474
      vertex -13.664 -5.579 4.58301
      vertex -13.9129 -5.579 4.1173
    endloop
  endfacet
  facet normal 0 -1 0
    outer loop
      vertex -13.9044 -5.579 4.05246
      vertex -13.664 -5.579 4.58301
      vertex -13.9097 -5.579 4.08474
    endloop
  endfacet
  facet normal 0 -1 0
    outer loop
      vertex -13.897 -5.579 4.02059
      vertex -13.664 -5.579 4.58301
      vertex -13.9044 -5.579 4.05246
    endloop
  endfacet
  facet normal 0 -1 0
    outer loop
      vertex -13.8875 -5.579 3.98928
      vertex -13.664 -5.579 4.58301
      vertex -13.897 -5.579 4.02059
    endloop
  endfacet
  facet normal 0 -1 0
    outer loop
      vertex -13.8759 -5.579 3.95866
      vertex -13.664 -5.579 4.58301
      vertex -13.8875 -5.579 3.98928
    endloop
  endfacet
  facet normal 0 -1 0
    outer loop
      vertex -13.8624 -5.579 3.92886
      vertex -13.664 -5.579 4.58301
      vertex -13.8759 -5.579 3.95866
    endloop
  endfacet
  facet normal 0 -1 0
    outer loop
      vertex -13.847 -5.579 3.9
      vertex -13.664 -5.579 4.58301
      vertex -13.8624 -5.579 3.92886
    endloop
  endfacet
  facet normal 0 -1 0
    outer loop
      vertex -13.8297 -5.579 3.87222
      vertex -13.664 -5.579 4.58301
      vertex -13.847 -5.579 3.9
    endloop
  endfacet
  facet normal 0 -1 0
    outer loop
      vertex -13.8107 -5.579 3.84562
      vertex -13.664 -5.579 4.58301
      vertex -13.8297 -5.579 3.87222
    endloop
  endfacet
  facet normal 0 -1 0
    outer loop
      vertex -13.7899 -5.579 3.82033
      vertex -13.664 -5.579 4.58301
      vertex -13.8107 -5.579 3.84562
    endloop
  endfacet
  facet normal 0 -1 0
    outer loop
      vertex -13.7676 -5.579 3.79645
      vertex -13.664 -5.579 4.58301
      vertex -13.7899 -5.579 3.82033
    endloop
  endfacet
  facet normal 0 -1 0
    outer loop
      vertex -13.7437 -5.579 3.77408
      vertex -13.664 -5.579 4.58301
      vertex -13.7676 -5.579 3.79645
    endloop
  endfacet
  facet normal 0 -1 0
    outer loop
      vertex -13.7184 -5.579 3.75332
      vertex -13.664 -5.579 4.58301
      vertex -13.7437 -5.579 3.77408
    endloop
  endfacet
  facet normal 0 -1 0
    outer loop
      vertex -13.6918 -5.579 3.73427
      vertex -13.664 -5.579 4.58301
      vertex -13.7184 -5.579 3.75332
    endloop
  endfacet
  facet normal 0 -1 -0
    outer loop
      vertex -13.664 -5.579 4.58301
      vertex -13.6918 -5.579 3.73427
      vertex -13.664 -5.579 3.71699
    endloop
  endfacet
  facet normal 0 -1 0
    outer loop
      vertex -13.4467 -5.579 4.64893
      vertex -13.3813 -5.579 4.64893
      vertex -13.414 -5.579 4.65
    endloop
  endfacet
  facet normal 0 -1 0
    outer loop
      vertex -13.4793 -5.579 4.64572
      vertex -13.3813 -5.579 4.64893
      vertex -13.4467 -5.579 4.64893
    endloop
  endfacet
  facet normal 0 -1 0
    outer loop
      vertex -13.4793 -5.579 4.64572
      vertex -13.3487 -5.579 4.64572
      vertex -13.3813 -5.579 4.64893
    endloop
  endfacet
  facet normal 0 -1 0
    outer loop
      vertex -13.5115 -5.579 4.64039
      vertex -13.3487 -5.579 4.64572
      vertex -13.4793 -5.579 4.64572
    endloop
  endfacet
  facet normal 0 -1 0
    outer loop
      vertex -13.5115 -5.579 4.64039
      vertex -13.3165 -5.579 4.64039
      vertex -13.3487 -5.579 4.64572
    endloop
  endfacet
  facet normal 0 -1 0
    outer loop
      vertex -13.5434 -5.579 4.63296
      vertex -13.3165 -5.579 4.64039
      vertex -13.5115 -5.579 4.64039
    endloop
  endfacet
  facet normal 0 -1 0
    outer loop
      vertex -13.5434 -5.579 4.63296
      vertex -13.2846 -5.579 4.63296
      vertex -13.3165 -5.579 4.64039
    endloop
  endfacet
  facet normal 0 -1 0
    outer loop
      vertex -13.5747 -5.579 4.62347
      vertex -13.2846 -5.579 4.63296
      vertex -13.5434 -5.579 4.63296
    endloop
  endfacet
  facet normal 0 -1 0
    outer loop
      vertex -13.5747 -5.579 4.62347
      vertex -13.2533 -5.579 4.62347
      vertex -13.2846 -5.579 4.63296
    endloop
  endfacet
  facet normal 0 -1 0
    outer loop
      vertex -13.6053 -5.579 4.61194
      vertex -13.2533 -5.579 4.62347
      vertex -13.5747 -5.579 4.62347
    endloop
  endfacet
  facet normal 0 -1 0
    outer loop
      vertex -13.6053 -5.579 4.61194
      vertex -13.2227 -5.579 4.61194
      vertex -13.2533 -5.579 4.62347
    endloop
  endfacet
  facet normal 0 -1 0
    outer loop
      vertex -13.6317 -5.579 4.6
      vertex -13.2227 -5.579 4.61194
      vertex -13.6053 -5.579 4.61194
    endloop
  endfacet
  facet normal 0 -1 -0
    outer loop
      vertex -13.2227 -5.579 4.61194
      vertex -13.6317 -5.579 4.6
      vertex -13.1963 -5.579 4.6
    endloop
  endfacet
  facet normal -0.995205 0 0.0978089
    outer loop
      vertex -13.9129 -5.579 4.1827
      vertex -13.9097 -2.579 4.21526
      vertex -13.9129 -2.579 4.1827
    endloop
  endfacet
  facet normal -0.995205 0 0.0978089
    outer loop
      vertex -13.9097 -2.579 4.21526
      vertex -13.9129 -5.579 4.1827
      vertex -13.9097 -5.579 4.21526
    endloop
  endfacet
  facet normal -0.956922 0 -0.290347
    outer loop
      vertex -13.8875 -5.579 3.98928
      vertex -13.897 -2.579 4.02059
      vertex -13.8875 -2.579 3.98928
    endloop
  endfacet
  facet normal -0.956922 -0 -0.290347
    outer loop
      vertex -13.897 -2.579 4.02059
      vertex -13.8875 -5.579 3.98928
      vertex -13.897 -5.579 4.02059
    endloop
  endfacet
  facet normal -0.772336 0 -0.635215
    outer loop
      vertex -13.7899 -5.579 3.82033
      vertex -13.8107 -2.579 3.84562
      vertex -13.7899 -2.579 3.82033
    endloop
  endfacet
  facet normal -0.772336 -0 -0.635215
    outer loop
      vertex -13.8107 -2.579 3.84562
      vertex -13.7899 -5.579 3.82033
      vertex -13.8107 -5.579 3.84562
    endloop
  endfacet
  facet normal -1 0 0
    outer loop
      vertex 7.8 -10.884 3.4
      vertex 7.8 -9.284 8.86
      vertex 7.8 -9.284 3.4
    endloop
  endfacet
  facet normal -1 -0 0
    outer loop
      vertex 7.8 -9.284 8.86
      vertex 7.8 -10.884 3.4
      vertex 7.8 -10.884 8.86
    endloop
  endfacet
  facet normal 1 -0 0
    outer loop
      vertex 9.4 -10.884 8.86
      vertex 9.4 -9.284 3.4
      vertex 9.4 -9.284 8.86
    endloop
  endfacet
  facet normal 1 0 0
    outer loop
      vertex 9.4 -9.284 3.4
      vertex 9.4 -10.884 8.86
      vertex 9.4 -10.884 3.4
    endloop
  endfacet
  facet normal -0 0 1
    outer loop
      vertex 7.8 -9.284 8.86
      vertex 9.4 -10.884 8.86
      vertex 9.4 -9.284 8.86
    endloop
  endfacet
  facet normal 0 0 1
    outer loop
      vertex 9.4 -10.884 8.86
      vertex 7.8 -9.284 8.86
      vertex 7.8 -10.884 8.86
    endloop
  endfacet
  facet normal 0 1 -0
    outer loop
      vertex 9.4 -9.284 3.4
      vertex 7.8 -9.284 8.86
      vertex 9.4 -9.284 8.86
    endloop
  endfacet
  facet normal 0 1 0
    outer loop
      vertex 7.8 -9.284 8.86
      vertex 9.4 -9.284 3.4
      vertex 7.8 -9.284 3.4
    endloop
  endfacet
  facet normal 0 -1 0
    outer loop
      vertex 7.8 -10.884 3.4
      vertex 9.4 -10.884 8.86
      vertex 7.8 -10.884 8.86
    endloop
  endfacet
  facet normal 0 -1 -0
    outer loop
      vertex 9.4 -10.884 8.86
      vertex 7.8 -10.884 3.4
      vertex 9.4 -10.884 3.4
    endloop
  endfacet
  facet normal -1 0 0
    outer loop
      vertex 7.8 24.316 3.4
      vertex 7.8 25.916 8.86
      vertex 7.8 25.916 3.4
    endloop
  endfacet
  facet normal -1 -0 0
    outer loop
      vertex 7.8 25.916 8.86
      vertex 7.8 24.316 3.4
      vertex 7.8 24.316 8.86
    endloop
  endfacet
  facet normal 1 -0 0
    outer loop
      vertex 9.4 24.316 8.86
      vertex 9.4 25.916 3.4
      vertex 9.4 25.916 8.86
    endloop
  endfacet
  facet normal 1 0 0
    outer loop
      vertex 9.4 25.916 3.4
      vertex 9.4 24.316 8.86
      vertex 9.4 24.316 3.4
    endloop
  endfacet
  facet normal 0 -1 0
    outer loop
      vertex 7.8 24.316 3.4
      vertex 9.4 24.316 8.86
      vertex 7.8 24.316 8.86
    endloop
  endfacet
  facet normal 0 -1 -0
    outer loop
      vertex 9.4 24.316 8.86
      vertex 7.8 24.316 3.4
      vertex 9.4 24.316 3.4
    endloop
  endfacet
  facet normal -0 0 1
    outer loop
      vertex 7.8 25.916 8.86
      vertex 9.4 24.316 8.86
      vertex 9.4 25.916 8.86
    endloop
  endfacet
  facet normal 0 0 1
    outer loop
      vertex 9.4 24.316 8.86
      vertex 7.8 25.916 8.86
      vertex 7.8 24.316 8.86
    endloop
  endfacet
  facet normal 0 1 -0
    outer loop
      vertex 9.4 25.916 3.4
      vertex 7.8 25.916 8.86
      vertex 9.4 25.916 8.86
    endloop
  endfacet
  facet normal 0 1 0
    outer loop
      vertex 7.8 25.916 8.86
      vertex 9.4 25.916 3.4
      vertex 7.8 25.916 3.4
    endloop
  endfacet
  facet normal -1 0 0
    outer loop
      vertex -13 -10.884 4.6
      vertex -13 -9.284 8.86
      vertex -13 -9.284 4.6
    endloop
  endfacet
  facet normal -1 -0 0
    outer loop
      vertex -13 -9.284 8.86
      vertex -13 -10.884 4.6
      vertex -13 -10.884 8.86
    endloop
  endfacet
  facet normal 1 -0 0
    outer loop
      vertex -11.4 -10.884 8.86
      vertex -11.4 -9.284 3.4
      vertex -11.4 -9.284 8.86
    endloop
  endfacet
  facet normal 1 0 0
    outer loop
      vertex -11.4 -9.284 3.4
      vertex -11.4 -10.884 8.86
      vertex -11.4 -10.884 3.4
    endloop
  endfacet
  facet normal 0 -1 0
    outer loop
      vertex -12.764 -10.884 4.6
      vertex -13 -10.884 8.86
      vertex -13 -10.884 4.6
    endloop
  endfacet
  facet normal 0 -1 0
    outer loop
      vertex -13 -10.884 8.86
      vertex -12.764 -10.884 4.6
      vertex -11.4 -10.884 8.86
    endloop
  endfacet
  facet normal 0 -1 0
    outer loop
      vertex -11.4 -10.884 3.4
      vertex -12.764 -10.884 4.6
      vertex -12.764 -10.884 3.4
    endloop
  endfacet
  facet normal 0 -1 0
    outer loop
      vertex -12.764 -10.884 4.6
      vertex -11.4 -10.884 3.4
      vertex -11.4 -10.884 8.86
    endloop
  endfacet
  facet normal -0 0 1
    outer loop
      vertex -13 -9.284 8.86
      vertex -11.4 -10.884 8.86
      vertex -11.4 -9.284 8.86
    endloop
  endfacet
  facet normal 0 0 1
    outer loop
      vertex -11.4 -10.884 8.86
      vertex -13 -9.284 8.86
      vertex -13 -10.884 8.86
    endloop
  endfacet
  facet normal 0 1 0
    outer loop
      vertex -11.4 -9.284 8.86
      vertex -12.764 -9.284 4.6
      vertex -13 -9.284 8.86
    endloop
  endfacet
  facet normal 0 1 -0
    outer loop
      vertex -11.4 -9.284 3.4
      vertex -12.764 -9.284 4.6
      vertex -11.4 -9.284 8.86
    endloop
  endfacet
  facet normal 0 1 0
    outer loop
      vertex -12.764 -9.284 4.6
      vertex -11.4 -9.284 3.4
      vertex -12.764 -9.284 3.4
    endloop
  endfacet
  facet normal 0 1 0
    outer loop
      vertex -13 -9.284 8.86
      vertex -12.764 -9.284 4.6
      vertex -13 -9.284 4.6
    endloop
  endfacet
  facet normal -1 0 0
    outer loop
      vertex -15.814 -14.079 1
      vertex -15.814 28.895 3.4
      vertex -15.814 28.895 1
    endloop
  endfacet
  facet normal -1 -0 0
    outer loop
      vertex -15.814 28.895 3.4
      vertex -15.814 -14.079 1
      vertex -15.814 -14.079 3.4
    endloop
  endfacet
  facet normal 0 0 -1
    outer loop
      vertex 8.14 1.366 1
      vertex 12.811 -14.079 1
      vertex 8.14 -3.184 1
    endloop
  endfacet
  facet normal 0 0 -1
    outer loop
      vertex 12.811 -14.079 1
      vertex 8.13797 -3.24613 1
      vertex 8.14 -3.184 1
    endloop
  endfacet
  facet normal 0 0 -1
    outer loop
      vertex 12.811 -14.079 1
      vertex 8.13187 -3.308 1
      vertex 8.13797 -3.24613 1
    endloop
  endfacet
  facet normal 0 0 -1
    outer loop
      vertex 12.811 -14.079 1
      vertex 8.12175 -3.36934 1
      vertex 8.13187 -3.308 1
    endloop
  endfacet
  facet normal 0 0 -1
    outer loop
      vertex 12.811 -14.079 1
      vertex 8.10763 -3.42988 1
      vertex 8.12175 -3.36934 1
    endloop
  endfacet
  facet normal 0 0 -1
    outer loop
      vertex 12.811 -14.079 1
      vertex 8.08958 -3.48937 1
      vertex 8.10763 -3.42988 1
    endloop
  endfacet
  facet normal 0 0 -1
    outer loop
      vertex 12.811 -14.079 1
      vertex 8.06769 -3.54755 1
      vertex 8.08958 -3.48937 1
    endloop
  endfacet
  facet normal 0 0 -1
    outer loop
      vertex 12.811 -14.079 1
      vertex 8.04203 -3.60417 1
      vertex 8.06769 -3.54755 1
    endloop
  endfacet
  facet normal 0 0 -1
    outer loop
      vertex 12.811 -14.079 1
      vertex 8.01272 -3.659 1
      vertex 8.04203 -3.60417 1
    endloop
  endfacet
  facet normal 0 0 -1
    outer loop
      vertex 12.811 -14.079 1
      vertex 7.9799 -3.71179 1
      vertex 8.01272 -3.659 1
    endloop
  endfacet
  facet normal 0 0 -1
    outer loop
      vertex 12.811 -14.079 1
      vertex 7.94369 -3.76232 1
      vertex 7.9799 -3.71179 1
    endloop
  endfacet
  facet normal 0 0 -1
    outer loop
      vertex 12.811 -14.079 1
      vertex 7.90425 -3.81038 1
      vertex 7.94369 -3.76232 1
    endloop
  endfacet
  facet normal 0 0 -1
    outer loop
      vertex 12.811 -14.079 1
      vertex 7.86175 -3.85575 1
      vertex 7.90425 -3.81038 1
    endloop
  endfacet
  facet normal 0 0 -1
    outer loop
      vertex 12.811 -14.079 1
      vertex 7.81638 -3.89825 1
      vertex 7.86175 -3.85575 1
    endloop
  endfacet
  facet normal 0 0 -1
    outer loop
      vertex 12.811 -14.079 1
      vertex 7.76832 -3.93769 1
      vertex 7.81638 -3.89825 1
    endloop
  endfacet
  facet normal 0 0 -1
    outer loop
      vertex 12.811 -14.079 1
      vertex 7.71779 -3.9739 1
      vertex 7.76832 -3.93769 1
    endloop
  endfacet
  facet normal 0 0 -1
    outer loop
      vertex 12.811 -14.079 1
      vertex 7.665 -4.00672 1
      vertex 7.71779 -3.9739 1
    endloop
  endfacet
  facet normal 0 0 -1
    outer loop
      vertex 12.811 -14.079 1
      vertex 7.61017 -4.03603 1
      vertex 7.665 -4.00672 1
    endloop
  endfacet
  facet normal 0 0 -1
    outer loop
      vertex 12.811 -14.079 1
      vertex 7.55355 -4.06169 1
      vertex 7.61017 -4.03603 1
    endloop
  endfacet
  facet normal 0 0 -1
    outer loop
      vertex 12.811 -14.079 1
      vertex 7.49537 -4.08358 1
      vertex 7.55355 -4.06169 1
    endloop
  endfacet
  facet normal 0 0 -1
    outer loop
      vertex 12.811 -14.079 1
      vertex 7.43588 -4.10163 1
      vertex 7.49537 -4.08358 1
    endloop
  endfacet
  facet normal 0 0 -1
    outer loop
      vertex 12.811 -14.079 1
      vertex 7.37534 -4.11575 1
      vertex 7.43588 -4.10163 1
    endloop
  endfacet
  facet normal 0 0 -1
    outer loop
      vertex 12.811 -14.079 1
      vertex 7.314 -4.12587 1
      vertex 7.37534 -4.11575 1
    endloop
  endfacet
  facet normal 0 0 -1
    outer loop
      vertex 12.811 -14.079 1
      vertex 7.25213 -4.13197 1
      vertex 7.314 -4.12587 1
    endloop
  endfacet
  facet normal 0 0 -1
    outer loop
      vertex 12.811 -14.079 1
      vertex 7.19 -4.134 1
      vertex 7.25213 -4.13197 1
    endloop
  endfacet
  facet normal 0 0 -1
    outer loop
      vertex 12.811 -14.079 1
      vertex 7.12787 -4.13197 1
      vertex 7.19 -4.134 1
    endloop
  endfacet
  facet normal 0 0 -1
    outer loop
      vertex 12.811 -14.079 1
      vertex 7.066 -4.12587 1
      vertex 7.12787 -4.13197 1
    endloop
  endfacet
  facet normal 0 0 -1
    outer loop
      vertex 12.811 -14.079 1
      vertex 7.00466 -4.11575 1
      vertex 7.066 -4.12587 1
    endloop
  endfacet
  facet normal 0 0 -1
    outer loop
      vertex 12.811 -14.079 1
      vertex 6.94412 -4.10163 1
      vertex 7.00466 -4.11575 1
    endloop
  endfacet
  facet normal 0 0 -1
    outer loop
      vertex 12.811 -14.079 1
      vertex 6.88463 -4.08358 1
      vertex 6.94412 -4.10163 1
    endloop
  endfacet
  facet normal 0 0 -1
    outer loop
      vertex 12.811 -14.079 1
      vertex 6.82645 -4.06169 1
      vertex 6.88463 -4.08358 1
    endloop
  endfacet
  facet normal 0 0 -1
    outer loop
      vertex 12.811 -14.079 1
      vertex 6.76982 -4.03603 1
      vertex 6.82645 -4.06169 1
    endloop
  endfacet
  facet normal 0 0 -1
    outer loop
      vertex 12.811 -14.079 1
      vertex 6.715 -4.00672 1
      vertex 6.76982 -4.03603 1
    endloop
  endfacet
  facet normal 0 0 -1
    outer loop
      vertex 12.811 -14.079 1
      vertex 6.66221 -3.9739 1
      vertex 6.715 -4.00672 1
    endloop
  endfacet
  facet normal 0 0 -1
    outer loop
      vertex -15.814 -14.079 1
      vertex 6.66221 -3.9739 1
      vertex 12.811 -14.079 1
    endloop
  endfacet
  facet normal -0 0 -1
    outer loop
      vertex 6.66221 -3.9739 1
      vertex -15.814 -14.079 1
      vertex 6.61168 -3.93769 1
    endloop
  endfacet
  facet normal -0 0 -1
    outer loop
      vertex 6.61168 -3.93769 1
      vertex -15.814 -14.079 1
      vertex 6.56362 -3.89825 1
    endloop
  endfacet
  facet normal -0 0 -1
    outer loop
      vertex 6.56362 -3.89825 1
      vertex -15.814 -14.079 1
      vertex 6.51825 -3.85575 1
    endloop
  endfacet
  facet normal -0 0 -1
    outer loop
      vertex 6.51825 -3.85575 1
      vertex -15.814 -14.079 1
      vertex 6.47575 -3.81038 1
    endloop
  endfacet
  facet normal -0 0 -1
    outer loop
      vertex 6.47575 -3.81038 1
      vertex -15.814 -14.079 1
      vertex 6.43631 -3.76232 1
    endloop
  endfacet
  facet normal -0 0 -1
    outer loop
      vertex 6.43631 -3.76232 1
      vertex -15.814 -14.079 1
      vertex 6.4001 -3.71179 1
    endloop
  endfacet
  facet normal 0 0 -1
    outer loop
      vertex -10.5 9.816 1
      vertex 6.24 1.366 1
      vertex 6.24 -3.184 1
    endloop
  endfacet
  facet normal 0 0 -1
    outer loop
      vertex -15.814 -14.079 1
      vertex 6.24 -3.184 1
      vertex 6.24203 -3.24613 1
    endloop
  endfacet
  facet normal 0 0 -1
    outer loop
      vertex -15.814 -14.079 1
      vertex 6.24203 -3.24613 1
      vertex 6.24813 -3.308 1
    endloop
  endfacet
  facet normal 0 0 -1
    outer loop
      vertex -15.814 -14.079 1
      vertex 6.24813 -3.308 1
      vertex 6.25825 -3.36934 1
    endloop
  endfacet
  facet normal 0 0 -1
    outer loop
      vertex 6.24 1.366 1
      vertex -10.5 9.816 1
      vertex 3.5 9.816 1
    endloop
  endfacet
  facet normal 0 0 -1
    outer loop
      vertex -15.814 -14.079 1
      vertex 6.25825 -3.36934 1
      vertex 6.27237 -3.42988 1
    endloop
  endfacet
  facet normal 0 0 -1
    outer loop
      vertex -15.814 -14.079 1
      vertex 6.27237 -3.42988 1
      vertex 6.29042 -3.48937 1
    endloop
  endfacet
  facet normal 0 0 -1
    outer loop
      vertex -15.814 -14.079 1
      vertex 6.29042 -3.48937 1
      vertex 6.31231 -3.54755 1
    endloop
  endfacet
  facet normal 0 0 -1
    outer loop
      vertex -15.814 -14.079 1
      vertex 6.31231 -3.54755 1
      vertex 6.33797 -3.60417 1
    endloop
  endfacet
  facet normal 0 0 -1
    outer loop
      vertex -15.814 -14.079 1
      vertex 6.33797 -3.60417 1
      vertex 6.36728 -3.659 1
    endloop
  endfacet
  facet normal -0 0 -1
    outer loop
      vertex 6.4001 -3.71179 1
      vertex -15.814 -14.079 1
      vertex 6.36728 -3.659 1
    endloop
  endfacet
  facet normal 0 0 -1
    outer loop
      vertex -15.814 28.895 1
      vertex -10.5 9.816 1
      vertex -15.814 -14.079 1
    endloop
  endfacet
  facet normal -0 0 -1
    outer loop
      vertex 6.24 -3.184 1
      vertex -15.814 -14.079 1
      vertex -10.5 9.816 1
    endloop
  endfacet
  facet normal 0 0 -1
    outer loop
      vertex 8.13797 1.42813 1
      vertex 12.811 -14.079 1
      vertex 8.14 1.366 1
    endloop
  endfacet
  facet normal 0 0 -1
    outer loop
      vertex 8.13187 1.49 1
      vertex 12.811 -14.079 1
      vertex 8.13797 1.42813 1
    endloop
  endfacet
  facet normal 0 0 -1
    outer loop
      vertex 12.811 -14.079 1
      vertex 8.13187 1.49 1
      vertex 12.811 28.895 1
    endloop
  endfacet
  facet normal 0 0 -1
    outer loop
      vertex 8.12175 1.55134 1
      vertex 12.811 28.895 1
      vertex 8.13187 1.49 1
    endloop
  endfacet
  facet normal 0 0 -1
    outer loop
      vertex 8.10763 1.61188 1
      vertex 12.811 28.895 1
      vertex 8.12175 1.55134 1
    endloop
  endfacet
  facet normal 0 0 -1
    outer loop
      vertex 8.08958 1.67137 1
      vertex 12.811 28.895 1
      vertex 8.10763 1.61188 1
    endloop
  endfacet
  facet normal 0 0 -1
    outer loop
      vertex 8.06769 1.72955 1
      vertex 12.811 28.895 1
      vertex 8.08958 1.67137 1
    endloop
  endfacet
  facet normal 0 0 -1
    outer loop
      vertex 8.04203 1.78617 1
      vertex 12.811 28.895 1
      vertex 8.06769 1.72955 1
    endloop
  endfacet
  facet normal 0 0 -1
    outer loop
      vertex 8.01272 1.841 1
      vertex 12.811 28.895 1
      vertex 8.04203 1.78617 1
    endloop
  endfacet
  facet normal 0 0 -1
    outer loop
      vertex 7.9799 1.89379 1
      vertex 12.811 28.895 1
      vertex 8.01272 1.841 1
    endloop
  endfacet
  facet normal 0 0 -1
    outer loop
      vertex 7.94369 1.94432 1
      vertex 12.811 28.895 1
      vertex 7.9799 1.89379 1
    endloop
  endfacet
  facet normal 0 0 -1
    outer loop
      vertex 7.90425 1.99238 1
      vertex 12.811 28.895 1
      vertex 7.94369 1.94432 1
    endloop
  endfacet
  facet normal 0 0 -1
    outer loop
      vertex 7.86175 2.03775 1
      vertex 12.811 28.895 1
      vertex 7.90425 1.99238 1
    endloop
  endfacet
  facet normal 0 0 -1
    outer loop
      vertex 3.5 9.816 1
      vertex 7.86175 2.03775 1
      vertex 7.81638 2.08025 1
    endloop
  endfacet
  facet normal 0 0 -1
    outer loop
      vertex 3.5 9.816 1
      vertex 7.81638 2.08025 1
      vertex 7.76832 2.11969 1
    endloop
  endfacet
  facet normal 0 0 -1
    outer loop
      vertex 3.5 9.816 1
      vertex 7.76832 2.11969 1
      vertex 7.71779 2.1559 1
    endloop
  endfacet
  facet normal 0 0 -1
    outer loop
      vertex 3.5 9.816 1
      vertex 7.71779 2.1559 1
      vertex 7.665 2.18872 1
    endloop
  endfacet
  facet normal 0 0 -1
    outer loop
      vertex 3.5 9.816 1
      vertex 7.665 2.18872 1
      vertex 7.61017 2.21803 1
    endloop
  endfacet
  facet normal 0 0 -1
    outer loop
      vertex 3.5 9.816 1
      vertex 7.61017 2.21803 1
      vertex 7.55355 2.24369 1
    endloop
  endfacet
  facet normal 0 0 -1
    outer loop
      vertex 3.5 9.816 1
      vertex 7.55355 2.24369 1
      vertex 7.49537 2.26558 1
    endloop
  endfacet
  facet normal 0 0 -1
    outer loop
      vertex 3.5 9.816 1
      vertex 7.49537 2.26558 1
      vertex 7.43588 2.28363 1
    endloop
  endfacet
  facet normal 0 0 -1
    outer loop
      vertex 3.5 9.816 1
      vertex 7.43588 2.28363 1
      vertex 7.37534 2.29775 1
    endloop
  endfacet
  facet normal 0 0 -1
    outer loop
      vertex 3.5 9.816 1
      vertex 7.37534 2.29775 1
      vertex 7.314 2.30787 1
    endloop
  endfacet
  facet normal 0 0 -1
    outer loop
      vertex 3.5 9.816 1
      vertex 7.314 2.30787 1
      vertex 7.25213 2.31397 1
    endloop
  endfacet
  facet normal 0 0 -1
    outer loop
      vertex 3.5 9.816 1
      vertex 7.25213 2.31397 1
      vertex 7.19 2.316 1
    endloop
  endfacet
  facet normal 0 0 -1
    outer loop
      vertex 3.5 9.816 1
      vertex 7.19 2.316 1
      vertex 7.12787 2.31397 1
    endloop
  endfacet
  facet normal 0 0 -1
    outer loop
      vertex 3.5 9.816 1
      vertex 7.12787 2.31397 1
      vertex 7.066 2.30787 1
    endloop
  endfacet
  facet normal 0 0 -1
    outer loop
      vertex 3.5 9.816 1
      vertex 7.066 2.30787 1
      vertex 7.00466 2.29775 1
    endloop
  endfacet
  facet normal 0 0 -1
    outer loop
      vertex 3.5 9.816 1
      vertex 7.00466 2.29775 1
      vertex 6.94412 2.28363 1
    endloop
  endfacet
  facet normal 0 0 -1
    outer loop
      vertex 3.5 9.816 1
      vertex 6.94412 2.28363 1
      vertex 6.88463 2.26558 1
    endloop
  endfacet
  facet normal 0 0 -1
    outer loop
      vertex 3.5 9.816 1
      vertex 6.88463 2.26558 1
      vertex 6.82645 2.24369 1
    endloop
  endfacet
  facet normal 0 0 -1
    outer loop
      vertex 3.5 9.816 1
      vertex 6.82645 2.24369 1
      vertex 6.76982 2.21803 1
    endloop
  endfacet
  facet normal 0 0 -1
    outer loop
      vertex 3.5 9.816 1
      vertex 6.76982 2.21803 1
      vertex 6.715 2.18872 1
    endloop
  endfacet
  facet normal 0 0 -1
    outer loop
      vertex 3.5 9.816 1
      vertex 6.715 2.18872 1
      vertex 6.66221 2.1559 1
    endloop
  endfacet
  facet normal 0 0 -1
    outer loop
      vertex 3.5 9.816 1
      vertex 6.66221 2.1559 1
      vertex 6.61168 2.11969 1
    endloop
  endfacet
  facet normal 0 0 -1
    outer loop
      vertex 3.5 9.816 1
      vertex 6.61168 2.11969 1
      vertex 6.56362 2.08025 1
    endloop
  endfacet
  facet normal 0 0 -1
    outer loop
      vertex 3.5 9.816 1
      vertex 6.56362 2.08025 1
      vertex 6.51825 2.03775 1
    endloop
  endfacet
  facet normal 0 0 -1
    outer loop
      vertex 3.5 9.816 1
      vertex 6.51825 2.03775 1
      vertex 6.47575 1.99238 1
    endloop
  endfacet
  facet normal 0 0 -1
    outer loop
      vertex 3.5 9.816 1
      vertex 6.47575 1.99238 1
      vertex 6.43631 1.94432 1
    endloop
  endfacet
  facet normal 0 0 -1
    outer loop
      vertex 3.5 9.816 1
      vertex 6.43631 1.94432 1
      vertex 6.4001 1.89379 1
    endloop
  endfacet
  facet normal 0 0 -1
    outer loop
      vertex 3.5 9.816 1
      vertex 6.4001 1.89379 1
      vertex 6.36728 1.841 1
    endloop
  endfacet
  facet normal 0 0 -1
    outer loop
      vertex 3.5 9.816 1
      vertex 6.36728 1.841 1
      vertex 6.33797 1.78617 1
    endloop
  endfacet
  facet normal 0 0 -1
    outer loop
      vertex 3.5 9.816 1
      vertex 6.33797 1.78617 1
      vertex 6.31231 1.72955 1
    endloop
  endfacet
  facet normal 0 0 -1
    outer loop
      vertex 3.5 9.816 1
      vertex 6.31231 1.72955 1
      vertex 6.29042 1.67137 1
    endloop
  endfacet
  facet normal 0 0 -1
    outer loop
      vertex 3.5 9.816 1
      vertex 6.29042 1.67137 1
      vertex 6.27237 1.61188 1
    endloop
  endfacet
  facet normal 0 0 -1
    outer loop
      vertex 3.5 9.816 1
      vertex 6.24203 1.42813 1
      vertex 6.24 1.366 1
    endloop
  endfacet
  facet normal 0 0 -1
    outer loop
      vertex 3.5 9.816 1
      vertex 6.24813 1.49 1
      vertex 6.24203 1.42813 1
    endloop
  endfacet
  facet normal 0 0 -1
    outer loop
      vertex 3.5 9.816 1
      vertex 6.25825 1.55134 1
      vertex 6.24813 1.49 1
    endloop
  endfacet
  facet normal 0 0 -1
    outer loop
      vertex 3.5 9.816 1
      vertex 6.27237 1.61188 1
      vertex 6.25825 1.55134 1
    endloop
  endfacet
  facet normal 0 0 -1
    outer loop
      vertex 7.86175 2.03775 1
      vertex 3.5 9.816 1
      vertex 3.5 17.316 1
    endloop
  endfacet
  facet normal 0 0 -1
    outer loop
      vertex 7.86175 2.03775 1
      vertex 3.5 17.316 1
      vertex 12.811 28.895 1
    endloop
  endfacet
  facet normal 0 0 -1
    outer loop
      vertex -15.814 28.895 1
      vertex 3.5 17.316 1
      vertex -10.5 17.316 1
    endloop
  endfacet
  facet normal 0 0 -1
    outer loop
      vertex 3.5 17.316 1
      vertex -15.814 28.895 1
      vertex 12.811 28.895 1
    endloop
  endfacet
  facet normal 0 0 -1
    outer loop
      vertex -10.5 9.816 1
      vertex -15.814 28.895 1
      vertex -10.5 17.316 1
    endloop
  endfacet
  facet normal 1 -0 0
    outer loop
      vertex 12.811 -14.079 3.4
      vertex 12.811 28.895 1
      vertex 12.811 28.895 3.4
    endloop
  endfacet
  facet normal 1 0 0
    outer loop
      vertex 12.811 28.895 1
      vertex 12.811 -14.079 3.4
      vertex 12.811 -14.079 1
    endloop
  endfacet
  facet normal 0 -1 0
    outer loop
      vertex -15.814 -14.079 1
      vertex 12.811 -14.079 3.4
      vertex -15.814 -14.079 3.4
    endloop
  endfacet
  facet normal 0 -1 -0
    outer loop
      vertex 12.811 -14.079 3.4
      vertex -15.814 -14.079 1
      vertex 12.811 -14.079 1
    endloop
  endfacet
  facet normal 0 0 1
    outer loop
      vertex 9.761 -11.929 3.4
      vertex -12.764 -11.929 3.4
      vertex 9.761 -12.079 3.4
    endloop
  endfacet
  facet normal 0 0 1
    outer loop
      vertex 12.811 28.895 3.4
      vertex 10.661 26.895 3.4
      vertex 12.811 -14.079 3.4
    endloop
  endfacet
  facet normal 0 0 1
    outer loop
      vertex 12.811 28.895 3.4
      vertex 9.761 26.895 3.4
      vertex 10.661 26.895 3.4
    endloop
  endfacet
  facet normal 0 0 1
    outer loop
      vertex 9.4 24.316 3.4
      vertex 9.761 26.895 3.4
      vertex 9.4 25.916 3.4
    endloop
  endfacet
  facet normal 0 0 1
    outer loop
      vertex 9.761 26.895 3.4
      vertex 7.8 25.916 3.4
      vertex 9.4 25.916 3.4
    endloop
  endfacet
  facet normal 0 0 1
    outer loop
      vertex 12.811 28.895 3.4
      vertex 7.8 25.916 3.4
      vertex 9.761 26.895 3.4
    endloop
  endfacet
  facet normal 0 0 1
    outer loop
      vertex -12.764 26.895 3.4
      vertex 7.8 24.316 3.4
      vertex 7.8 25.916 3.4
    endloop
  endfacet
  facet normal 0 0 1
    outer loop
      vertex 7.8 24.316 3.4
      vertex 7.60944 3.47469 3.4
      vertex 7.74646 3.44274 3.4
    endloop
  endfacet
  facet normal 0 0 1
    outer loop
      vertex 7.8 24.316 3.4
      vertex 7.47063 3.49761 3.4
      vertex 7.60944 3.47469 3.4
    endloop
  endfacet
  facet normal 0 0 1
    outer loop
      vertex 7.8 24.316 3.4
      vertex 7.33062 3.5114 3.4
      vertex 7.47063 3.49761 3.4
    endloop
  endfacet
  facet normal 0 0 1
    outer loop
      vertex 7.8 24.316 3.4
      vertex 7.19 3.516 3.4
      vertex 7.33062 3.5114 3.4
    endloop
  endfacet
  facet normal 0 0 1
    outer loop
      vertex 7.8 24.316 3.4
      vertex 7.04938 3.5114 3.4
      vertex 7.19 3.516 3.4
    endloop
  endfacet
  facet normal 0 0 1
    outer loop
      vertex 7.8 24.316 3.4
      vertex 6.90937 3.49761 3.4
      vertex 7.04938 3.5114 3.4
    endloop
  endfacet
  facet normal 0 0 1
    outer loop
      vertex 7.8 24.316 3.4
      vertex 6.77056 3.47469 3.4
      vertex 6.90937 3.49761 3.4
    endloop
  endfacet
  facet normal 0 0 1
    outer loop
      vertex 7.8 24.316 3.4
      vertex 6.63354 3.44274 3.4
      vertex 6.77056 3.47469 3.4
    endloop
  endfacet
  facet normal 0 0 1
    outer loop
      vertex 7.8 24.316 3.4
      vertex 6.4989 3.4019 3.4
      vertex 6.63354 3.44274 3.4
    endloop
  endfacet
  facet normal 0 0 1
    outer loop
      vertex 7.8 24.316 3.4
      vertex 6.36723 3.35234 3.4
      vertex 6.4989 3.4019 3.4
    endloop
  endfacet
  facet normal 0 0 1
    outer loop
      vertex 7.8 24.316 3.4
      vertex 6.23908 3.29428 3.4
      vertex 6.36723 3.35234 3.4
    endloop
  endfacet
  facet normal 0 0 1
    outer loop
      vertex 7.8 24.316 3.4
      vertex 6.115 3.22795 3.4
      vertex 6.23908 3.29428 3.4
    endloop
  endfacet
  facet normal 0 0 1
    outer loop
      vertex 7.8 24.316 3.4
      vertex 5.99552 3.15366 3.4
      vertex 6.115 3.22795 3.4
    endloop
  endfacet
  facet normal 0 0 1
    outer loop
      vertex 7.8 24.316 3.4
      vertex 5.88116 3.07171 3.4
      vertex 5.99552 3.15366 3.4
    endloop
  endfacet
  facet normal 0 0 1
    outer loop
      vertex 7.8 24.316 3.4
      vertex -12.764 26.895 3.4
      vertex 5.88116 3.07171 3.4
    endloop
  endfacet
  facet normal 0 0 1
    outer loop
      vertex 5.88116 3.07171 3.4
      vertex -12.764 26.895 3.4
      vertex 5.77241 2.98246 3.4
    endloop
  endfacet
  facet normal 0 0 1
    outer loop
      vertex 5.77241 2.98246 3.4
      vertex -12.764 26.895 3.4
      vertex 5.66972 2.88628 3.4
    endloop
  endfacet
  facet normal 0 0 1
    outer loop
      vertex 5.66972 2.88628 3.4
      vertex -12.764 26.895 3.4
      vertex 5.57354 2.78359 3.4
    endloop
  endfacet
  facet normal 0 0 1
    outer loop
      vertex 5.57354 2.78359 3.4
      vertex -12.764 26.895 3.4
      vertex 5.48429 2.67484 3.4
    endloop
  endfacet
  facet normal 0 0 1
    outer loop
      vertex 5.48429 2.67484 3.4
      vertex -12.764 26.895 3.4
      vertex 5.40234 2.56048 3.4
    endloop
  endfacet
  facet normal 0 0 1
    outer loop
      vertex 5.40234 2.56048 3.4
      vertex -12.764 26.895 3.4
      vertex 5.32804 2.441 3.4
    endloop
  endfacet
  facet normal 0 0 1
    outer loop
      vertex 5.32804 2.441 3.4
      vertex -12.764 26.895 3.4
      vertex 5.26172 2.31692 3.4
    endloop
  endfacet
  facet normal 0 0 1
    outer loop
      vertex 5.26172 2.31692 3.4
      vertex -12.764 26.895 3.4
      vertex 5.20366 2.18877 3.4
    endloop
  endfacet
  facet normal 0 -0 1
    outer loop
      vertex -11.4 -9.284 3.4
      vertex 5.20366 2.18877 3.4
      vertex -12.764 26.895 3.4
    endloop
  endfacet
  facet normal 0 0 1
    outer loop
      vertex 5.20366 2.18877 3.4
      vertex -11.4 -9.284 3.4
      vertex 5.1541 2.0571 3.4
    endloop
  endfacet
  facet normal 0 0 1
    outer loop
      vertex 5.1541 2.0571 3.4
      vertex -11.4 -9.284 3.4
      vertex 5.11326 1.92246 3.4
    endloop
  endfacet
  facet normal 0 0 1
    outer loop
      vertex 5.04 1.366 3.4
      vertex -11.4 -9.284 3.4
      vertex 5.04 -3.184 3.4
    endloop
  endfacet
  facet normal 0 0 1
    outer loop
      vertex 5.0446 1.50662 3.4
      vertex -11.4 -9.284 3.4
      vertex 5.04 1.366 3.4
    endloop
  endfacet
  facet normal 0 0 1
    outer loop
      vertex 5.05839 1.64663 3.4
      vertex -11.4 -9.284 3.4
      vertex 5.0446 1.50662 3.4
    endloop
  endfacet
  facet normal 0 0 1
    outer loop
      vertex 5.11326 1.92246 3.4
      vertex -11.4 -9.284 3.4
      vertex 5.08131 1.78544 3.4
    endloop
  endfacet
  facet normal 0 0 1
    outer loop
      vertex 5.08131 1.78544 3.4
      vertex -11.4 -9.284 3.4
      vertex 5.05839 1.64663 3.4
    endloop
  endfacet
  facet normal 0 0 1
    outer loop
      vertex 12.811 28.895 3.4
      vertex -12.764 26.895 3.4
      vertex 7.8 25.916 3.4
    endloop
  endfacet
  facet normal -0 0 1
    outer loop
      vertex -15.814 28.895 3.4
      vertex -12.764 26.895 3.4
      vertex 12.811 28.895 3.4
    endloop
  endfacet
  facet normal 0 0 1
    outer loop
      vertex -13.664 26.895 3.4
      vertex -15.814 28.895 3.4
      vertex -13.664 -12.079 3.4
    endloop
  endfacet
  facet normal 0 0 1
    outer loop
      vertex -12.764 26.895 3.4
      vertex -15.814 28.895 3.4
      vertex -13.664 26.895 3.4
    endloop
  endfacet
  facet normal -0 0 1
    outer loop
      vertex 10.661 -12.079 3.4
      vertex 12.811 -14.079 3.4
      vertex 10.661 26.895 3.4
    endloop
  endfacet
  facet normal -0 0 1
    outer loop
      vertex 9.761 -12.079 3.4
      vertex 12.811 -14.079 3.4
      vertex 10.661 -12.079 3.4
    endloop
  endfacet
  facet normal 0 0 1
    outer loop
      vertex -12.764 -12.079 3.4
      vertex 9.761 -12.079 3.4
      vertex -12.764 -11.929 3.4
    endloop
  endfacet
  facet normal 0 0 1
    outer loop
      vertex 9.761 -12.079 3.4
      vertex -12.764 -12.079 3.4
      vertex 12.811 -14.079 3.4
    endloop
  endfacet
  facet normal 0 0 1
    outer loop
      vertex -15.814 -14.079 3.4
      vertex -12.764 -12.079 3.4
      vertex -13.664 -12.079 3.4
    endloop
  endfacet
  facet normal 0 0 1
    outer loop
      vertex -12.764 -12.079 3.4
      vertex -15.814 -14.079 3.4
      vertex 12.811 -14.079 3.4
    endloop
  endfacet
  facet normal 0 0 1
    outer loop
      vertex -15.814 -14.079 3.4
      vertex -13.664 -12.079 3.4
      vertex -15.814 28.895 3.4
    endloop
  endfacet
  facet normal 0 0 1
    outer loop
      vertex -11.4 -9.284 3.4
      vertex -12.764 26.895 3.4
      vertex -12.764 -9.284 3.4
    endloop
  endfacet
  facet normal -0 0 1
    outer loop
      vertex 9.34 -3.184 3.4
      vertex 9.761 -11.029 3.4
      vertex 9.34 1.366 3.4
    endloop
  endfacet
  facet normal 0 0 1
    outer loop
      vertex 9.761 26.895 3.4
      vertex 9.3354 1.50662 3.4
      vertex 9.34 1.366 3.4
    endloop
  endfacet
  facet normal 0 0 1
    outer loop
      vertex 9.761 26.895 3.4
      vertex 9.32161 1.64663 3.4
      vertex 9.3354 1.50662 3.4
    endloop
  endfacet
  facet normal 0 0 1
    outer loop
      vertex 9.4 24.316 3.4
      vertex 9.29869 1.78544 3.4
      vertex 9.32161 1.64663 3.4
    endloop
  endfacet
  facet normal 0 0 1
    outer loop
      vertex 9.4 24.316 3.4
      vertex 9.26674 1.92246 3.4
      vertex 9.29869 1.78544 3.4
    endloop
  endfacet
  facet normal 0 0 1
    outer loop
      vertex 9.4 24.316 3.4
      vertex 9.2259 2.0571 3.4
      vertex 9.26674 1.92246 3.4
    endloop
  endfacet
  facet normal 0 0 1
    outer loop
      vertex 9.4 24.316 3.4
      vertex 9.17634 2.18877 3.4
      vertex 9.2259 2.0571 3.4
    endloop
  endfacet
  facet normal 0 0 1
    outer loop
      vertex 9.4 24.316 3.4
      vertex 9.11828 2.31692 3.4
      vertex 9.17634 2.18877 3.4
    endloop
  endfacet
  facet normal 0 0 1
    outer loop
      vertex 9.4 24.316 3.4
      vertex 9.05195 2.441 3.4
      vertex 9.11828 2.31692 3.4
    endloop
  endfacet
  facet normal 0 0 1
    outer loop
      vertex 9.4 24.316 3.4
      vertex 8.97766 2.56048 3.4
      vertex 9.05195 2.441 3.4
    endloop
  endfacet
  facet normal 0 0 1
    outer loop
      vertex 9.4 24.316 3.4
      vertex 8.89571 2.67484 3.4
      vertex 8.97766 2.56048 3.4
    endloop
  endfacet
  facet normal 0 0 1
    outer loop
      vertex 9.4 24.316 3.4
      vertex 8.80645 2.78359 3.4
      vertex 8.89571 2.67484 3.4
    endloop
  endfacet
  facet normal 0 0 1
    outer loop
      vertex 9.4 24.316 3.4
      vertex 8.71028 2.88628 3.4
      vertex 8.80645 2.78359 3.4
    endloop
  endfacet
  facet normal 0 0 1
    outer loop
      vertex 9.4 24.316 3.4
      vertex 8.60759 2.98246 3.4
      vertex 8.71028 2.88628 3.4
    endloop
  endfacet
  facet normal 0 0 1
    outer loop
      vertex 9.4 24.316 3.4
      vertex 8.49884 3.07171 3.4
      vertex 8.60759 2.98246 3.4
    endloop
  endfacet
  facet normal 0 0 1
    outer loop
      vertex 9.4 24.316 3.4
      vertex 8.38448 3.15366 3.4
      vertex 8.49884 3.07171 3.4
    endloop
  endfacet
  facet normal 0 0 1
    outer loop
      vertex 9.4 24.316 3.4
      vertex 8.265 3.22795 3.4
      vertex 8.38448 3.15366 3.4
    endloop
  endfacet
  facet normal 0 0 1
    outer loop
      vertex 9.4 24.316 3.4
      vertex 8.14092 3.29428 3.4
      vertex 8.265 3.22795 3.4
    endloop
  endfacet
  facet normal 0 0 1
    outer loop
      vertex 9.4 24.316 3.4
      vertex 8.01277 3.35234 3.4
      vertex 8.14092 3.29428 3.4
    endloop
  endfacet
  facet normal 0 0 1
    outer loop
      vertex 9.4 24.316 3.4
      vertex 7.88109 3.4019 3.4
      vertex 8.01277 3.35234 3.4
    endloop
  endfacet
  facet normal 0 0 1
    outer loop
      vertex 7.74646 3.44274 3.4
      vertex 9.4 24.316 3.4
      vertex 7.8 24.316 3.4
    endloop
  endfacet
  facet normal 0 0 1
    outer loop
      vertex 9.4 24.316 3.4
      vertex 7.74646 3.44274 3.4
      vertex 7.88109 3.4019 3.4
    endloop
  endfacet
  facet normal 0 0 1
    outer loop
      vertex 9.32161 1.64663 3.4
      vertex 9.761 26.895 3.4
      vertex 9.4 24.316 3.4
    endloop
  endfacet
  facet normal 0 0 1
    outer loop
      vertex 9.761 26.895 3.4
      vertex 9.34 1.366 3.4
      vertex 9.761 -11.029 3.4
    endloop
  endfacet
  facet normal -0 0 1
    outer loop
      vertex 9.4 -10.884 3.4
      vertex 9.761 -11.029 3.4
      vertex 9.4 -9.284 3.4
    endloop
  endfacet
  facet normal -0 0 1
    outer loop
      vertex 7.8 -10.884 3.4
      vertex 9.761 -11.029 3.4
      vertex 9.4 -10.884 3.4
    endloop
  endfacet
  facet normal -0 0 1
    outer loop
      vertex 7.47063 -5.31561 3.4
      vertex 7.8 -9.284 3.4
      vertex 7.60944 -5.29269 3.4
    endloop
  endfacet
  facet normal -0 0 1
    outer loop
      vertex 7.33062 -5.3294 3.4
      vertex 7.8 -9.284 3.4
      vertex 7.47063 -5.31561 3.4
    endloop
  endfacet
  facet normal -0 0 1
    outer loop
      vertex 7.19 -5.334 3.4
      vertex 7.8 -9.284 3.4
      vertex 7.33062 -5.3294 3.4
    endloop
  endfacet
  facet normal 0 0 1
    outer loop
      vertex 7.04938 -5.3294 3.4
      vertex 7.8 -9.284 3.4
      vertex 7.19 -5.334 3.4
    endloop
  endfacet
  facet normal 0 0 1
    outer loop
      vertex 6.90937 -5.31561 3.4
      vertex 7.8 -9.284 3.4
      vertex 7.04938 -5.3294 3.4
    endloop
  endfacet
  facet normal 0 0 1
    outer loop
      vertex 6.77056 -5.29269 3.4
      vertex 7.8 -9.284 3.4
      vertex 6.90937 -5.31561 3.4
    endloop
  endfacet
  facet normal 0 0 1
    outer loop
      vertex 6.63354 -5.26074 3.4
      vertex 7.8 -9.284 3.4
      vertex 6.77056 -5.29269 3.4
    endloop
  endfacet
  facet normal 0 0 1
    outer loop
      vertex 6.4989 -5.2199 3.4
      vertex 7.8 -9.284 3.4
      vertex 6.63354 -5.26074 3.4
    endloop
  endfacet
  facet normal 0 0 1
    outer loop
      vertex 6.36723 -5.17034 3.4
      vertex 7.8 -9.284 3.4
      vertex 6.4989 -5.2199 3.4
    endloop
  endfacet
  facet normal 0 0 1
    outer loop
      vertex 6.23908 -5.11228 3.4
      vertex 7.8 -9.284 3.4
      vertex 6.36723 -5.17034 3.4
    endloop
  endfacet
  facet normal 0 0 1
    outer loop
      vertex 6.115 -5.04595 3.4
      vertex 7.8 -9.284 3.4
      vertex 6.23908 -5.11228 3.4
    endloop
  endfacet
  facet normal 0 0 1
    outer loop
      vertex 5.99552 -4.97166 3.4
      vertex 7.8 -9.284 3.4
      vertex 6.115 -5.04595 3.4
    endloop
  endfacet
  facet normal 0 0 1
    outer loop
      vertex 5.88116 -4.88971 3.4
      vertex 7.8 -9.284 3.4
      vertex 5.99552 -4.97166 3.4
    endloop
  endfacet
  facet normal 0 0 1
    outer loop
      vertex 5.77241 -4.80046 3.4
      vertex 7.8 -9.284 3.4
      vertex 5.88116 -4.88971 3.4
    endloop
  endfacet
  facet normal 0 0 1
    outer loop
      vertex 5.66972 -4.70428 3.4
      vertex 7.8 -9.284 3.4
      vertex 5.77241 -4.80046 3.4
    endloop
  endfacet
  facet normal 0 0 1
    outer loop
      vertex 7.8 -9.284 3.4
      vertex 5.66972 -4.70428 3.4
      vertex 7.8 -10.884 3.4
    endloop
  endfacet
  facet normal 0 0 1
    outer loop
      vertex 5.57354 -4.60159 3.4
      vertex 7.8 -10.884 3.4
      vertex 5.66972 -4.70428 3.4
    endloop
  endfacet
  facet normal 0 0 1
    outer loop
      vertex -11.4 -10.884 3.4
      vertex 5.57354 -4.60159 3.4
      vertex 5.48429 -4.49284 3.4
    endloop
  endfacet
  facet normal 0 0 1
    outer loop
      vertex -11.4 -9.284 3.4
      vertex 5.48429 -4.49284 3.4
      vertex 5.40234 -4.37848 3.4
    endloop
  endfacet
  facet normal 0 0 1
    outer loop
      vertex -11.4 -9.284 3.4
      vertex 5.40234 -4.37848 3.4
      vertex 5.32804 -4.259 3.4
    endloop
  endfacet
  facet normal 0 0 1
    outer loop
      vertex -11.4 -9.284 3.4
      vertex 5.32804 -4.259 3.4
      vertex 5.26172 -4.13492 3.4
    endloop
  endfacet
  facet normal 0 0 1
    outer loop
      vertex -11.4 -9.284 3.4
      vertex 5.26172 -4.13492 3.4
      vertex 5.20366 -4.00677 3.4
    endloop
  endfacet
  facet normal 0 0 1
    outer loop
      vertex -11.4 -9.284 3.4
      vertex 5.0446 -3.32462 3.4
      vertex 5.04 -3.184 3.4
    endloop
  endfacet
  facet normal 0 0 1
    outer loop
      vertex -11.4 -9.284 3.4
      vertex 5.05839 -3.46463 3.4
      vertex 5.0446 -3.32462 3.4
    endloop
  endfacet
  facet normal 0 0 1
    outer loop
      vertex -11.4 -9.284 3.4
      vertex 5.08131 -3.60344 3.4
      vertex 5.05839 -3.46463 3.4
    endloop
  endfacet
  facet normal 0 0 1
    outer loop
      vertex -11.4 -9.284 3.4
      vertex 5.11326 -3.74046 3.4
      vertex 5.08131 -3.60344 3.4
    endloop
  endfacet
  facet normal 0 0 1
    outer loop
      vertex -11.4 -9.284 3.4
      vertex 5.1541 -3.87509 3.4
      vertex 5.11326 -3.74046 3.4
    endloop
  endfacet
  facet normal 0 0 1
    outer loop
      vertex -11.4 -9.284 3.4
      vertex 5.20366 -4.00677 3.4
      vertex 5.1541 -3.87509 3.4
    endloop
  endfacet
  facet normal 0 0 1
    outer loop
      vertex 5.48429 -4.49284 3.4
      vertex -11.4 -9.284 3.4
      vertex -11.4 -10.884 3.4
    endloop
  endfacet
  facet normal 0 0 1
    outer loop
      vertex 5.57354 -4.60159 3.4
      vertex -11.4 -10.884 3.4
      vertex 7.8 -10.884 3.4
    endloop
  endfacet
  facet normal 0 0 1
    outer loop
      vertex -12.764 -11.029 3.4
      vertex 7.8 -10.884 3.4
      vertex -11.4 -10.884 3.4
    endloop
  endfacet
  facet normal 0 0 1
    outer loop
      vertex -12.764 -11.029 3.4
      vertex -11.4 -10.884 3.4
      vertex -12.764 -10.884 3.4
    endloop
  endfacet
  facet normal 0 0 1
    outer loop
      vertex 7.8 -10.884 3.4
      vertex -12.764 -11.029 3.4
      vertex 9.761 -11.029 3.4
    endloop
  endfacet
  facet normal -0 0 1
    outer loop
      vertex 9.3354 -3.32462 3.4
      vertex 9.761 -11.029 3.4
      vertex 9.34 -3.184 3.4
    endloop
  endfacet
  facet normal -0 0 1
    outer loop
      vertex 9.32161 -3.46463 3.4
      vertex 9.761 -11.029 3.4
      vertex 9.3354 -3.32462 3.4
    endloop
  endfacet
  facet normal 0 0 1
    outer loop
      vertex 9.761 -11.029 3.4
      vertex 9.32161 -3.46463 3.4
      vertex 9.4 -9.284 3.4
    endloop
  endfacet
  facet normal -0 0 1
    outer loop
      vertex 9.29869 -3.60344 3.4
      vertex 9.4 -9.284 3.4
      vertex 9.32161 -3.46463 3.4
    endloop
  endfacet
  facet normal -0 0 1
    outer loop
      vertex 9.26674 -3.74046 3.4
      vertex 9.4 -9.284 3.4
      vertex 9.29869 -3.60344 3.4
    endloop
  endfacet
  facet normal -0 0 1
    outer loop
      vertex 9.2259 -3.87509 3.4
      vertex 9.4 -9.284 3.4
      vertex 9.26674 -3.74046 3.4
    endloop
  endfacet
  facet normal -0 0 1
    outer loop
      vertex 9.17634 -4.00677 3.4
      vertex 9.4 -9.284 3.4
      vertex 9.2259 -3.87509 3.4
    endloop
  endfacet
  facet normal -0 0 1
    outer loop
      vertex 9.11828 -4.13492 3.4
      vertex 9.4 -9.284 3.4
      vertex 9.17634 -4.00677 3.4
    endloop
  endfacet
  facet normal -0 0 1
    outer loop
      vertex 9.05195 -4.259 3.4
      vertex 9.4 -9.284 3.4
      vertex 9.11828 -4.13492 3.4
    endloop
  endfacet
  facet normal -0 0 1
    outer loop
      vertex 8.97766 -4.37848 3.4
      vertex 9.4 -9.284 3.4
      vertex 9.05195 -4.259 3.4
    endloop
  endfacet
  facet normal -0 0 1
    outer loop
      vertex 8.89571 -4.49284 3.4
      vertex 9.4 -9.284 3.4
      vertex 8.97766 -4.37848 3.4
    endloop
  endfacet
  facet normal -0 0 1
    outer loop
      vertex 8.80645 -4.60159 3.4
      vertex 9.4 -9.284 3.4
      vertex 8.89571 -4.49284 3.4
    endloop
  endfacet
  facet normal -0 0 1
    outer loop
      vertex 8.71028 -4.70428 3.4
      vertex 9.4 -9.284 3.4
      vertex 8.80645 -4.60159 3.4
    endloop
  endfacet
  facet normal -0 0 1
    outer loop
      vertex 8.60759 -4.80046 3.4
      vertex 9.4 -9.284 3.4
      vertex 8.71028 -4.70428 3.4
    endloop
  endfacet
  facet normal -0 0 1
    outer loop
      vertex 8.49884 -4.88971 3.4
      vertex 9.4 -9.284 3.4
      vertex 8.60759 -4.80046 3.4
    endloop
  endfacet
  facet normal -0 0 1
    outer loop
      vertex 8.38448 -4.97166 3.4
      vertex 9.4 -9.284 3.4
      vertex 8.49884 -4.88971 3.4
    endloop
  endfacet
  facet normal -0 0 1
    outer loop
      vertex 8.265 -5.04595 3.4
      vertex 9.4 -9.284 3.4
      vertex 8.38448 -4.97166 3.4
    endloop
  endfacet
  facet normal -0 0 1
    outer loop
      vertex 8.14092 -5.11228 3.4
      vertex 9.4 -9.284 3.4
      vertex 8.265 -5.04595 3.4
    endloop
  endfacet
  facet normal -0 0 1
    outer loop
      vertex 8.01277 -5.17034 3.4
      vertex 9.4 -9.284 3.4
      vertex 8.14092 -5.11228 3.4
    endloop
  endfacet
  facet normal -0 0 1
    outer loop
      vertex 7.88109 -5.2199 3.4
      vertex 9.4 -9.284 3.4
      vertex 8.01277 -5.17034 3.4
    endloop
  endfacet
  facet normal 0 0 1
    outer loop
      vertex 7.88109 -5.2199 3.4
      vertex 7.8 -9.284 3.4
      vertex 9.4 -9.284 3.4
    endloop
  endfacet
  facet normal -0 0 1
    outer loop
      vertex 7.60944 -5.29269 3.4
      vertex 7.8 -9.284 3.4
      vertex 7.74646 -5.26074 3.4
    endloop
  endfacet
  facet normal -0 0 1
    outer loop
      vertex 7.74646 -5.26074 3.4
      vertex 7.8 -9.284 3.4
      vertex 7.88109 -5.2199 3.4
    endloop
  endfacet
  facet normal 0 1 -0
    outer loop
      vertex 12.811 28.895 1
      vertex -15.814 28.895 3.4
      vertex 12.811 28.895 3.4
    endloop
  endfacet
  facet normal 0 1 0
    outer loop
      vertex -15.814 28.895 3.4
      vertex 12.811 28.895 1
      vertex -15.814 28.895 1
    endloop
  endfacet
  facet normal -1 0 0
    outer loop
      vertex 9.761 -11.029 3.4
      vertex 9.761 26.895 4.6
      vertex 9.761 26.895 3.4
    endloop
  endfacet
  facet normal -1 -0 0
    outer loop
      vertex 9.761 26.895 4.6
      vertex 9.761 -11.029 3.4
      vertex 9.761 -11.029 4.6
    endloop
  endfacet
  facet normal -1 0 0
    outer loop
      vertex 9.761 -12.079 3.4
      vertex 9.761 -11.929 4.6
      vertex 9.761 -11.929 3.4
    endloop
  endfacet
  facet normal -1 -0 0
    outer loop
      vertex 9.761 -11.929 4.6
      vertex 9.761 -12.079 3.4
      vertex 9.761 -12.079 4.6
    endloop
  endfacet
  facet normal 1 0 0
    outer loop
      vertex 10.661 20.395 3.71699
      vertex 10.661 26.895 4.6
      vertex 10.661 20.395 4.58301
    endloop
  endfacet
  facet normal 1 0 0
    outer loop
      vertex 10.661 26.895 4.6
      vertex 10.661 17.395 4.58301
      vertex 10.661 20.395 4.58301
    endloop
  endfacet
  facet normal 1 0 0
    outer loop
      vertex 10.661 17.395 4.58301
      vertex 10.661 -2.579 4.58301
      vertex 10.661 17.395 3.71699
    endloop
  endfacet
  facet normal 1 0 0
    outer loop
      vertex 10.661 26.895 4.6
      vertex 10.661 -2.579 4.58301
      vertex 10.661 17.395 4.58301
    endloop
  endfacet
  facet normal 1 0 0
    outer loop
      vertex 10.661 26.895 4.6
      vertex 10.661 -5.579 4.58301
      vertex 10.661 -2.579 4.58301
    endloop
  endfacet
  facet normal 1 0 0
    outer loop
      vertex 10.661 -5.579 4.58301
      vertex 10.661 -12.079 4.6
      vertex 10.661 -5.579 3.71699
    endloop
  endfacet
  facet normal 1 -0 0
    outer loop
      vertex 10.661 -12.079 4.6
      vertex 10.661 -5.579 4.58301
      vertex 10.661 26.895 4.6
    endloop
  endfacet
  facet normal 1 0 0
    outer loop
      vertex 10.661 26.895 4.6
      vertex 10.661 20.395 3.71699
      vertex 10.661 26.895 3.4
    endloop
  endfacet
  facet normal 1 -0 0
    outer loop
      vertex 10.661 17.395 3.71699
      vertex 10.661 26.895 3.4
      vertex 10.661 20.395 3.71699
    endloop
  endfacet
  facet normal 1 0 0
    outer loop
      vertex 10.661 -2.579 3.71699
      vertex 10.661 17.395 3.71699
      vertex 10.661 -2.579 4.58301
    endloop
  endfacet
  facet normal 1 -0 0
    outer loop
      vertex 10.661 -2.579 3.71699
      vertex 10.661 26.895 3.4
      vertex 10.661 17.395 3.71699
    endloop
  endfacet
  facet normal 1 0 0
    outer loop
      vertex 10.661 -12.079 3.4
      vertex 10.661 -2.579 3.71699
      vertex 10.661 -5.579 3.71699
    endloop
  endfacet
  facet normal 1 0 0
    outer loop
      vertex 10.661 -2.579 3.71699
      vertex 10.661 -12.079 3.4
      vertex 10.661 26.895 3.4
    endloop
  endfacet
  facet normal 1 0 0
    outer loop
      vertex 10.661 -12.079 3.4
      vertex 10.661 -5.579 3.71699
      vertex 10.661 -12.079 4.6
    endloop
  endfacet
  facet normal 0 -1 0
    outer loop
      vertex 9.761 -12.079 3.4
      vertex 10.661 -12.079 4.6
      vertex 9.761 -12.079 4.6
    endloop
  endfacet
  facet normal 0 -1 -0
    outer loop
      vertex 10.661 -12.079 4.6
      vertex 9.761 -12.079 3.4
      vertex 10.661 -12.079 3.4
    endloop
  endfacet
  facet normal -0 0 1
    outer loop
      vertex -13.6317 17.395 4.6
      vertex -13.1963 -2.579 4.6
      vertex -13.1963 17.395 4.6
    endloop
  endfacet
  facet normal 0 0 1
    outer loop
      vertex -13.1963 -2.579 4.6
      vertex -13.6317 17.395 4.6
      vertex -13.6317 -2.579 4.6
    endloop
  endfacet
  facet normal -0 0 1
    outer loop
      vertex -13.1963 17.395 4.6
      vertex -12.764 -9.284 4.6
      vertex -12.764 26.895 4.6
    endloop
  endfacet
  facet normal -0 0 1
    outer loop
      vertex -13.1963 -2.579 4.6
      vertex -12.764 -9.284 4.6
      vertex -13.1963 17.395 4.6
    endloop
  endfacet
  facet normal 0 0 1
    outer loop
      vertex -13.1963 17.395 4.6
      vertex -12.764 26.895 4.6
      vertex -13.1963 20.395 4.6
    endloop
  endfacet
  facet normal -0 0 1
    outer loop
      vertex -13.664 26.895 4.6
      vertex -13.1963 20.395 4.6
      vertex -12.764 26.895 4.6
    endloop
  endfacet
  facet normal 0 0 0
    outer loop
      vertex -13.6317 20.395 4.6
      vertex -13.6317 -2.579 4.6
      vertex -13.6317 17.395 4.6
    endloop
  endfacet
  facet normal 0 0 0
    outer loop
      vertex -13.6317 20.395 4.6
      vertex -13.6317 -5.579 4.6
      vertex -13.6317 -2.579 4.6
    endloop
  endfacet
  facet normal 0 0 1
    outer loop
      vertex -13.6317 20.395 4.6
      vertex -13.664 26.895 4.6
      vertex -13.6317 -5.579 4.6
    endloop
  endfacet
  facet normal 0 0 1
    outer loop
      vertex -13.1963 20.395 4.6
      vertex -13.664 26.895 4.6
      vertex -13.6317 20.395 4.6
    endloop
  endfacet
  facet normal -0 0 1
    outer loop
      vertex -13 -10.884 4.6
      vertex -12.764 -11.029 4.6
      vertex -12.764 -10.884 4.6
    endloop
  endfacet
  facet normal 0 0 1
    outer loop
      vertex -12.764 -11.029 4.6
      vertex -13 -10.884 4.6
      vertex -12.764 -11.929 4.6
    endloop
  endfacet
  facet normal 0 0 1
    outer loop
      vertex -13.664 -12.079 4.6
      vertex -12.764 -11.929 4.6
      vertex -13 -10.884 4.6
    endloop
  endfacet
  facet normal -0 0 1
    outer loop
      vertex -13.1963 -5.579 4.6
      vertex -12.764 -9.284 4.6
      vertex -13.1963 -2.579 4.6
    endloop
  endfacet
  facet normal 0 0 1
    outer loop
      vertex -12.764 -9.284 4.6
      vertex -13.1963 -5.579 4.6
      vertex -13 -9.284 4.6
    endloop
  endfacet
  facet normal -0 0 1
    outer loop
      vertex -13.6317 -5.579 4.6
      vertex -13 -9.284 4.6
      vertex -13.1963 -5.579 4.6
    endloop
  endfacet
  facet normal 0 0 1
    outer loop
      vertex -13.664 -12.079 4.6
      vertex -13 -9.284 4.6
      vertex -13.6317 -5.579 4.6
    endloop
  endfacet
  facet normal 0 0 1
    outer loop
      vertex -12.764 -11.929 4.6
      vertex -13.664 -12.079 4.6
      vertex -12.764 -12.079 4.6
    endloop
  endfacet
  facet normal 0 0 1
    outer loop
      vertex -13 -9.284 4.6
      vertex -13.664 -12.079 4.6
      vertex -13 -10.884 4.6
    endloop
  endfacet
  facet normal 0 0 1
    outer loop
      vertex -13.664 -12.079 4.6
      vertex -13.6317 -5.579 4.6
      vertex -13.664 26.895 4.6
    endloop
  endfacet
  facet normal -0 0 1
    outer loop
      vertex -12.764 -11.029 4.6
      vertex 9.761 -11.929 4.6
      vertex 9.761 -11.029 4.6
    endloop
  endfacet
  facet normal 0 0 1
    outer loop
      vertex 9.761 -11.929 4.6
      vertex -12.764 -11.029 4.6
      vertex -12.764 -11.929 4.6
    endloop
  endfacet
  facet normal -0 0 1
    outer loop
      vertex 10.1933 17.395 4.6
      vertex 10.6287 -2.579 4.6
      vertex 10.6287 17.395 4.6
    endloop
  endfacet
  facet normal 0 0 1
    outer loop
      vertex 10.6287 -2.579 4.6
      vertex 10.1933 17.395 4.6
      vertex 10.1933 -2.579 4.6
    endloop
  endfacet
  facet normal 0 0 1
    outer loop
      vertex 10.661 26.895 4.6
      vertex 10.6287 20.395 4.6
      vertex 10.661 -12.079 4.6
    endloop
  endfacet
  facet normal 0 0 1
    outer loop
      vertex 10.661 26.895 4.6
      vertex 10.1933 20.395 4.6
      vertex 10.6287 20.395 4.6
    endloop
  endfacet
  facet normal 0 0 1
    outer loop
      vertex 9.761 26.895 4.6
      vertex 10.1933 17.395 4.6
      vertex 10.1933 20.395 4.6
    endloop
  endfacet
  facet normal 0 0 1
    outer loop
      vertex 10.1933 17.395 4.6
      vertex 9.761 26.895 4.6
      vertex 10.1933 -2.579 4.6
    endloop
  endfacet
  facet normal 0 0 1
    outer loop
      vertex 10.1933 -2.579 4.6
      vertex 9.761 26.895 4.6
      vertex 9.761 -11.029 4.6
    endloop
  endfacet
  facet normal -0 0 1
    outer loop
      vertex 9.761 26.895 4.6
      vertex 10.1933 20.395 4.6
      vertex 10.661 26.895 4.6
    endloop
  endfacet
  facet normal -0 0 1
    outer loop
      vertex 10.6287 17.395 4.6
      vertex 10.661 -12.079 4.6
      vertex 10.6287 20.395 4.6
    endloop
  endfacet
  facet normal -0 0 1
    outer loop
      vertex 10.6287 -2.579 4.6
      vertex 10.661 -12.079 4.6
      vertex 10.6287 17.395 4.6
    endloop
  endfacet
  facet normal -0 0 1
    outer loop
      vertex 10.6287 -5.579 4.6
      vertex 10.661 -12.079 4.6
      vertex 10.6287 -2.579 4.6
    endloop
  endfacet
  facet normal 0 0 1
    outer loop
      vertex 9.761 -11.029 4.6
      vertex 10.6287 -5.579 4.6
      vertex 10.1933 -5.579 4.6
    endloop
  endfacet
  facet normal 0 0 1
    outer loop
      vertex 10.1933 -2.579 4.6
      vertex 9.761 -11.029 4.6
      vertex 10.1933 -5.579 4.6
    endloop
  endfacet
  facet normal 0 0 1
    outer loop
      vertex 10.6287 -5.579 4.6
      vertex 9.761 -11.029 4.6
      vertex 10.661 -12.079 4.6
    endloop
  endfacet
  facet normal -0 0 1
    outer loop
      vertex 9.761 -11.929 4.6
      vertex 10.661 -12.079 4.6
      vertex 9.761 -11.029 4.6
    endloop
  endfacet
  facet normal 0 0 1
    outer loop
      vertex 10.661 -12.079 4.6
      vertex 9.761 -11.929 4.6
      vertex 9.761 -12.079 4.6
    endloop
  endfacet
  facet normal 0 1 -0
    outer loop
      vertex 10.661 26.895 3.4
      vertex 9.761 26.895 4.6
      vertex 10.661 26.895 4.6
    endloop
  endfacet
  facet normal 0 1 0
    outer loop
      vertex 9.761 26.895 4.6
      vertex 10.661 26.895 3.4
      vertex 9.761 26.895 3.4
    endloop
  endfacet
  facet normal -1 0 0
    outer loop
      vertex -13.664 26.895 3.4
      vertex -13.664 20.395 3.71699
      vertex -13.664 26.895 4.6
    endloop
  endfacet
  facet normal -1 0 0
    outer loop
      vertex -13.664 26.895 3.4
      vertex -13.664 17.395 3.71699
      vertex -13.664 20.395 3.71699
    endloop
  endfacet
  facet normal -1 0 0
    outer loop
      vertex -13.664 17.395 3.71699
      vertex -13.664 -2.579 3.71699
      vertex -13.664 17.395 4.58301
    endloop
  endfacet
  facet normal -1 0 0
    outer loop
      vertex -13.664 26.895 3.4
      vertex -13.664 -2.579 3.71699
      vertex -13.664 17.395 3.71699
    endloop
  endfacet
  facet normal -1 0 0
    outer loop
      vertex -13.664 -12.079 3.4
      vertex -13.664 -2.579 3.71699
      vertex -13.664 26.895 3.4
    endloop
  endfacet
  facet normal -1 0 0
    outer loop
      vertex -13.664 -12.079 4.6
      vertex -13.664 -5.579 3.71699
      vertex -13.664 -12.079 3.4
    endloop
  endfacet
  facet normal -1 -0 0
    outer loop
      vertex -13.664 -2.579 3.71699
      vertex -13.664 -12.079 3.4
      vertex -13.664 -5.579 3.71699
    endloop
  endfacet
  facet normal -1 0 0
    outer loop
      vertex -13.664 20.395 4.58301
      vertex -13.664 26.895 4.6
      vertex -13.664 20.395 3.71699
    endloop
  endfacet
  facet normal -1 0 0
    outer loop
      vertex -13.664 17.395 4.58301
      vertex -13.664 26.895 4.6
      vertex -13.664 20.395 4.58301
    endloop
  endfacet
  facet normal -1 0 0
    outer loop
      vertex -13.664 -2.579 4.58301
      vertex -13.664 17.395 4.58301
      vertex -13.664 -2.579 3.71699
    endloop
  endfacet
  facet normal -1 0 0
    outer loop
      vertex -13.664 -2.579 4.58301
      vertex -13.664 26.895 4.6
      vertex -13.664 17.395 4.58301
    endloop
  endfacet
  facet normal -1 0 0
    outer loop
      vertex -13.664 -5.579 4.58301
      vertex -13.664 26.895 4.6
      vertex -13.664 -2.579 4.58301
    endloop
  endfacet
  facet normal -1 0 0
    outer loop
      vertex -13.664 -5.579 4.58301
      vertex -13.664 -12.079 4.6
      vertex -13.664 26.895 4.6
    endloop
  endfacet
  facet normal -1 0 0
    outer loop
      vertex -13.664 -5.579 3.71699
      vertex -13.664 -12.079 4.6
      vertex -13.664 -5.579 4.58301
    endloop
  endfacet
  facet normal 1 -0 0
    outer loop
      vertex -12.764 -11.029 4.6
      vertex -12.764 -10.884 3.4
      vertex -12.764 -10.884 4.6
    endloop
  endfacet
  facet normal 1 0 0
    outer loop
      vertex -12.764 -10.884 3.4
      vertex -12.764 -11.029 4.6
      vertex -12.764 -11.029 3.4
    endloop
  endfacet
  facet normal 1 -0 0
    outer loop
      vertex -12.764 -12.079 4.6
      vertex -12.764 -11.929 3.4
      vertex -12.764 -11.929 4.6
    endloop
  endfacet
  facet normal 1 0 0
    outer loop
      vertex -12.764 -11.929 3.4
      vertex -12.764 -12.079 4.6
      vertex -12.764 -12.079 3.4
    endloop
  endfacet
  facet normal 1 -0 0
    outer loop
      vertex -12.764 -9.284 4.6
      vertex -12.764 26.895 3.4
      vertex -12.764 26.895 4.6
    endloop
  endfacet
  facet normal 1 0 0
    outer loop
      vertex -12.764 26.895 3.4
      vertex -12.764 -9.284 4.6
      vertex -12.764 -9.284 3.4
    endloop
  endfacet
  facet normal 0 1 -0
    outer loop
      vertex -12.764 26.895 3.4
      vertex -13.664 26.895 4.6
      vertex -12.764 26.895 4.6
    endloop
  endfacet
  facet normal 0 1 0
    outer loop
      vertex -13.664 26.895 4.6
      vertex -12.764 26.895 3.4
      vertex -13.664 26.895 3.4
    endloop
  endfacet
  facet normal 0 -1 0
    outer loop
      vertex -13.664 -12.079 3.4
      vertex -12.764 -12.079 4.6
      vertex -13.664 -12.079 4.6
    endloop
  endfacet
  facet normal 0 -1 -0
    outer loop
      vertex -12.764 -12.079 4.6
      vertex -13.664 -12.079 3.4
      vertex -12.764 -12.079 3.4
    endloop
  endfacet
  facet normal 0 -1 0
    outer loop
      vertex -12.764 -11.929 3.4
      vertex 9.761 -11.929 4.6
      vertex -12.764 -11.929 4.6
    endloop
  endfacet
  facet normal 0 -1 -0
    outer loop
      vertex 9.761 -11.929 4.6
      vertex -12.764 -11.929 3.4
      vertex 9.761 -11.929 3.4
    endloop
  endfacet
  facet normal 0 1 -0
    outer loop
      vertex 9.761 -11.029 3.4
      vertex -12.764 -11.029 4.6
      vertex 9.761 -11.029 4.6
    endloop
  endfacet
  facet normal 0 1 0
    outer loop
      vertex -12.764 -11.029 4.6
      vertex 9.761 -11.029 3.4
      vertex -12.764 -11.029 3.4
    endloop
  endfacet
  facet normal -0.812844 -0.582481 0
    outer loop
      vertex 8.97766 2.56048 3.38
      vertex 8.89571 2.67484 3.4
      vertex 8.89571 2.67484 3.38
    endloop
  endfacet
  facet normal -0.812844 -0.582481 0
    outer loop
      vertex 8.89571 2.67484 3.4
      vertex 8.97766 2.56048 3.38
      vertex 8.97766 2.56048 3.4
    endloop
  endfacet
  facet normal -0.574921 -0.411987 0.706918
    outer loop
      vertex 8.97766 2.56048 3.38
      vertex 8.89571 2.67484 3.38
      vertex 7.94369 1.94432 2.18
    endloop
  endfacet
  facet normal 0.352268 -0.935899 0
    outer loop
      vertex 6.36723 3.35234 3.38
      vertex 6.4989 3.4019 3.4
      vertex 6.36723 3.35234 3.4
    endloop
  endfacet
  facet normal 0.352268 -0.935899 0
    outer loop
      vertex 6.4989 3.4019 3.4
      vertex 6.36723 3.35234 3.38
      vertex 6.4989 3.4019 3.38
    endloop
  endfacet
  facet normal -0.47144 -0.881898 0
    outer loop
      vertex 8.14092 3.29428 3.38
      vertex 8.265 3.22795 3.4
      vertex 8.14092 3.29428 3.4
    endloop
  endfacet
  facet normal -0.47144 -0.881898 -0
    outer loop
      vertex 8.265 3.22795 3.4
      vertex 8.14092 3.29428 3.38
      vertex 8.265 3.22795 3.38
    endloop
  endfacet
  facet normal 0.999465 -0.0326948 0
    outer loop
      vertex 5.04 1.366 3.4
      vertex 5.0446 1.50662 3.38
      vertex 5.0446 1.50662 3.4
    endloop
  endfacet
  facet normal 0.999465 -0.0326948 0
    outer loop
      vertex 5.0446 1.50662 3.38
      vertex 5.04 1.366 3.4
      vertex 5.04 1.366 3.38
    endloop
  endfacet
  facet normal -0.707107 0 0.707107
    outer loop
      vertex 8.14 -3.184 2.18
      vertex 9.34 1.366 3.38
      vertex 8.14 1.366 2.18
    endloop
  endfacet
  facet normal -0.707107 0 0.707107
    outer loop
      vertex 9.34 1.366 3.38
      vertex 8.14 -3.184 2.18
      vertex 9.34 -3.184 3.38
    endloop
  endfacet
  facet normal -0.661988 -0.24907 0.70692
    outer loop
      vertex 8.08958 1.67137 2.18
      vertex 9.2259 2.0571 3.38
      vertex 8.06769 1.72955 2.18
    endloop
  endfacet
  facet normal -0.291889 -0.644257 0.706918
    outer loop
      vertex 8.14092 3.29428 3.38
      vertex 8.01277 3.35234 3.38
      vertex 7.61017 2.21803 2.18
    endloop
  endfacet
  facet normal -0.634398 -0.773006 0
    outer loop
      vertex 8.49884 3.07171 3.38
      vertex 8.60759 2.98246 3.4
      vertex 8.49884 3.07171 3.4
    endloop
  endfacet
  facet normal -0.634398 -0.773006 -0
    outer loop
      vertex 8.60759 2.98246 3.4
      vertex 8.49884 3.07171 3.38
      vertex 8.60759 2.98246 3.38
    endloop
  endfacet
  facet normal 0.483502 -0.516229 0.706918
    outer loop
      vertex 6.51825 2.03775 2.18
      vertex 5.77241 2.98246 3.38
      vertex 5.66972 2.88628 3.38
    endloop
  endfacet
  facet normal -0.973875 0.227086 0
    outer loop
      vertex 9.26674 -3.74046 3.38
      vertex 9.29869 -3.60344 3.4
      vertex 9.29869 -3.60344 3.38
    endloop
  endfacet
  facet normal -0.973875 0.227086 0
    outer loop
      vertex 9.29869 -3.60344 3.4
      vertex 9.26674 -3.74046 3.38
      vertex 9.26674 -3.74046 3.4
    endloop
  endfacet
  facet normal -0.849226 -0.52803 0
    outer loop
      vertex 9.05195 2.441 3.38
      vertex 8.97766 2.56048 3.4
      vertex 8.97766 2.56048 3.38
    endloop
  endfacet
  facet normal -0.849226 -0.52803 0
    outer loop
      vertex 8.97766 2.56048 3.4
      vertex 9.05195 2.441 3.38
      vertex 9.05195 2.441 3.4
    endloop
  endfacet
  facet normal -0.697846 0.115227 0.706919
    outer loop
      vertex 9.29869 -3.60344 3.38
      vertex 9.32161 -3.46463 3.38
      vertex 8.13187 -3.308 2.18
    endloop
  endfacet
  facet normal -0.412683 -0.910875 0
    outer loop
      vertex 8.01277 3.35234 3.38
      vertex 8.14092 3.29428 3.4
      vertex 8.01277 3.35234 3.4
    endloop
  endfacet
  facet normal -0.412683 -0.910875 -0
    outer loop
      vertex 8.14092 3.29428 3.4
      vertex 8.01277 3.35234 3.38
      vertex 8.14092 3.29428 3.38
    endloop
  endfacet
  facet normal -0.644224 -0.29196 0.70692
    outer loop
      vertex 8.06769 1.72955 2.18
      vertex 9.11828 2.31692 3.38
      vertex 8.04203 1.78617 2.18
    endloop
  endfacet
  facet normal -0.600654 -0.373473 0.706918
    outer loop
      vertex 9.05195 2.441 3.38
      vertex 8.97766 2.56048 3.38
      vertex 8.01272 1.841 2.18
    endloop
  endfacet
  facet normal 0.52803 -0.849226 0
    outer loop
      vertex 5.99552 3.15366 3.38
      vertex 6.115 3.22795 3.4
      vertex 5.99552 3.15366 3.4
    endloop
  endfacet
  facet normal 0.52803 -0.849226 0
    outer loop
      vertex 6.115 3.22795 3.4
      vertex 5.99552 3.15366 3.38
      vertex 6.115 3.22795 3.38
    endloop
  endfacet
  facet normal -0.676843 -0.205305 0.706919
    outer loop
      vertex 9.26674 1.92246 3.38
      vertex 9.2259 2.0571 3.38
      vertex 8.08958 1.67137 2.18
    endloop
  endfacet
  facet normal -0.935899 -0.352268 0
    outer loop
      vertex 9.2259 2.0571 3.38
      vertex 9.17634 2.18877 3.4
      vertex 9.17634 2.18877 3.38
    endloop
  endfacet
  facet normal -0.935899 -0.352268 0
    outer loop
      vertex 9.17634 2.18877 3.4
      vertex 9.2259 2.0571 3.38
      vertex 9.2259 2.0571 3.4
    endloop
  endfacet
  facet normal 1 -0 0
    outer loop
      vertex 5.04 -3.184 3.4
      vertex 5.04 1.366 3.38
      vertex 5.04 1.366 3.4
    endloop
  endfacet
  facet normal 1 0 0
    outer loop
      vertex 5.04 1.366 3.38
      vertex 5.04 -3.184 3.4
      vertex 5.04 -3.184 3.38
    endloop
  endfacet
  facet normal 0.697848 -0.115227 0.706917
    outer loop
      vertex 6.25825 1.55134 2.18
      vertex 5.08131 1.78544 3.38
      vertex 5.05839 1.64663 3.38
    endloop
  endfacet
  facet normal 0.688809 0.160654 0.706918
    outer loop
      vertex 6.27237 -3.42988 2.18
      vertex 6.25825 -3.36934 2.18
      vertex 5.11326 -3.74046 3.38
    endloop
  endfacet
  facet normal -0.706918 -0.0231249 0.706918
    outer loop
      vertex 9.34 1.366 3.38
      vertex 9.3354 1.50662 3.38
      vertex 8.14 1.366 2.18
    endloop
  endfacet
  facet normal -0.47144 0.881898 0
    outer loop
      vertex 8.265 -5.04595 3.38
      vertex 8.14092 -5.11228 3.4
      vertex 8.265 -5.04595 3.4
    endloop
  endfacet
  facet normal -0.47144 0.881898 0
    outer loop
      vertex 8.14092 -5.11228 3.4
      vertex 8.265 -5.04595 3.38
      vertex 8.14092 -5.11228 3.38
    endloop
  endfacet
  facet normal -0.676839 0.205319 0.706918
    outer loop
      vertex 9.2259 -3.87509 3.38
      vertex 9.26674 -3.74046 3.38
      vertex 8.08958 -3.48937 2.18
    endloop
  endfacet
  facet normal -0.411989 -0.574919 0.706918
    outer loop
      vertex 7.76832 2.11969 2.18
      vertex 8.49884 3.07171 3.38
      vertex 7.71779 2.1559 2.18
    endloop
  endfacet
  facet normal -0.582481 -0.812844 0
    outer loop
      vertex 8.38448 3.15366 3.38
      vertex 8.49884 3.07171 3.4
      vertex 8.38448 3.15366 3.4
    endloop
  endfacet
  facet normal -0.582481 -0.812844 -0
    outer loop
      vertex 8.49884 3.07171 3.4
      vertex 8.38448 3.15366 3.38
      vertex 8.49884 3.07171 3.38
    endloop
  endfacet
  facet normal -0.483502 -0.516229 0.706918
    outer loop
      vertex 8.71028 2.88628 3.38
      vertex 8.60759 2.98246 3.38
      vertex 7.86175 2.03775 2.18
    endloop
  endfacet
  facet normal -0.290288 -0.956939 0
    outer loop
      vertex 7.74646 3.44274 3.38
      vertex 7.88109 3.4019 3.4
      vertex 7.74646 3.44274 3.4
    endloop
  endfacet
  facet normal -0.290288 -0.956939 -0
    outer loop
      vertex 7.88109 3.4019 3.4
      vertex 7.74646 3.44274 3.38
      vertex 7.88109 3.4019 3.38
    endloop
  endfacet
  facet normal -0.249072 -0.661993 0.706915
    outer loop
      vertex 7.55355 2.24369 2.18
      vertex 8.01277 3.35234 3.38
      vertex 7.49537 2.26558 2.18
    endloop
  endfacet
  facet normal -0.249141 -0.661964 0.706918
    outer loop
      vertex 8.01277 3.35234 3.38
      vertex 7.88109 3.4019 3.38
      vertex 7.49537 2.26558 2.18
    endloop
  endfacet
  facet normal -0.115227 -0.697848 0.706917
    outer loop
      vertex 7.60944 3.47469 3.38
      vertex 7.47063 3.49761 3.38
      vertex 7.37534 2.29775 2.18
    endloop
  endfacet
  facet normal -0.574919 -0.41199 0.706917
    outer loop
      vertex 7.9799 1.89379 2.18
      vertex 8.97766 2.56048 3.38
      vertex 7.94369 1.94432 2.18
    endloop
  endfacet
  facet normal -0.623763 -0.333448 0.706918
    outer loop
      vertex 9.11828 2.31692 3.38
      vertex 9.05195 2.441 3.38
      vertex 8.01272 1.841 2.18
    endloop
  endfacet
  facet normal 0.516195 -0.483542 0.706916
    outer loop
      vertex 6.47575 1.99238 2.18
      vertex 6.51825 2.03775 2.18
      vertex 5.57354 2.78359 3.38
    endloop
  endfacet
  facet normal 0.661957 -0.249158 0.706919
    outer loop
      vertex 6.29042 1.67137 2.18
      vertex 5.20366 2.18877 3.38
      vertex 5.1541 2.0571 3.38
    endloop
  endfacet
  facet normal -0.0693983 -0.70388 0.70692
    outer loop
      vertex 7.314 2.30787 2.18
      vertex 7.47063 3.49761 3.38
      vertex 7.25213 2.31397 2.18
    endloop
  endfacet
  facet normal -0.973875 -0.227086 0
    outer loop
      vertex 9.29869 1.78544 3.38
      vertex 9.26674 1.92246 3.4
      vertex 9.26674 1.92246 3.38
    endloop
  endfacet
  facet normal -0.973875 -0.227086 0
    outer loop
      vertex 9.26674 1.92246 3.4
      vertex 9.29869 1.78544 3.38
      vertex 9.29869 1.78544 3.4
    endloop
  endfacet
  facet normal -0.688818 -0.160617 0.706917
    outer loop
      vertex 9.29869 1.78544 3.38
      vertex 9.26674 1.92246 3.38
      vertex 8.10763 1.61188 2.18
    endloop
  endfacet
  facet normal -0.956945 -0.290268 0
    outer loop
      vertex 9.26674 1.92246 3.38
      vertex 9.2259 2.0571 3.4
      vertex 9.2259 2.0571 3.38
    endloop
  endfacet
  facet normal -0.956945 -0.290268 0
    outer loop
      vertex 9.2259 2.0571 3.4
      vertex 9.26674 1.92246 3.38
      vertex 9.26674 1.92246 3.4
    endloop
  endfacet
  facet normal 0.688819 -0.160617 0.706916
    outer loop
      vertex 6.25825 1.55134 2.18
      vertex 5.11326 1.92246 3.38
      vertex 5.08131 1.78544 3.38
    endloop
  endfacet
  facet normal 0.546744 0.448707 0.706918
    outer loop
      vertex 5.57354 -4.60159 3.38
      vertex 6.43631 -3.76232 2.18
      vertex 5.48429 -4.49284 3.38
    endloop
  endfacet
  facet normal 0.411987 0.574921 0.706917
    outer loop
      vertex 5.99552 -4.97166 3.38
      vertex 6.66221 -3.9739 2.18
      vertex 5.88116 -4.88971 3.38
    endloop
  endfacet
  facet normal -0.205319 0.67684 0.706917
    outer loop
      vertex 7.74646 -5.26074 3.38
      vertex 7.88109 -5.2199 3.38
      vertex 7.43588 -4.10163 2.18
    endloop
  endfacet
  facet normal -0.729898 0.683556 0
    outer loop
      vertex 8.71028 -4.70428 3.38
      vertex 8.80645 -4.60159 3.4
      vertex 8.80645 -4.60159 3.38
    endloop
  endfacet
  facet normal -0.729898 0.683556 0
    outer loop
      vertex 8.80645 -4.60159 3.4
      vertex 8.71028 -4.70428 3.38
      vertex 8.71028 -4.70428 3.4
    endloop
  endfacet
  facet normal -0.703888 0.0693281 0.706919
    outer loop
      vertex 9.32161 -3.46463 3.38
      vertex 9.3354 -3.32462 3.38
      vertex 8.13187 -3.308 2.18
    endloop
  endfacet
  facet normal -1 0 0
    outer loop
      vertex 9.34 -3.184 3.38
      vertex 9.34 1.366 3.4
      vertex 9.34 1.366 3.38
    endloop
  endfacet
  facet normal -1 -0 0
    outer loop
      vertex 9.34 1.366 3.4
      vertex 9.34 -3.184 3.38
      vertex 9.34 -3.184 3.4
    endloop
  endfacet
  facet normal -0.703884 -0.0693987 0.706916
    outer loop
      vertex 8.13797 1.42813 2.18
      vertex 9.3354 1.50662 3.38
      vertex 8.13187 1.49 2.18
    endloop
  endfacet
  facet normal -0.986641 0.162912 0
    outer loop
      vertex 9.29869 -3.60344 3.38
      vertex 9.32161 -3.46463 3.4
      vertex 9.32161 -3.46463 3.38
    endloop
  endfacet
  facet normal -0.986641 0.162912 0
    outer loop
      vertex 9.32161 -3.46463 3.4
      vertex 9.29869 -3.60344 3.38
      vertex 9.29869 -3.60344 3.4
    endloop
  endfacet
  facet normal -0.333448 -0.623762 0.706918
    outer loop
      vertex 8.265 3.22795 3.38
      vertex 8.14092 3.29428 3.38
      vertex 7.61017 2.21803 2.18
    endloop
  endfacet
  facet normal -0.683594 -0.729863 0
    outer loop
      vertex 8.60759 2.98246 3.38
      vertex 8.71028 2.88628 3.4
      vertex 8.60759 2.98246 3.4
    endloop
  endfacet
  facet normal -0.683594 -0.729863 -0
    outer loop
      vertex 8.71028 2.88628 3.4
      vertex 8.60759 2.98246 3.38
      vertex 8.71028 2.88628 3.38
    endloop
  endfacet
  facet normal -0.54672 -0.448738 0.706917
    outer loop
      vertex 8.89571 2.67484 3.38
      vertex 8.80645 2.78359 3.38
      vertex 7.94369 1.94432 2.18
    endloop
  endfacet
  facet normal -0.333441 -0.623766 0.706918
    outer loop
      vertex 7.665 2.18872 2.18
      vertex 8.265 3.22795 3.38
      vertex 7.61017 2.21803 2.18
    endloop
  endfacet
  facet normal -0.373473 -0.600654 0.706918
    outer loop
      vertex 8.38448 3.15366 3.38
      vertex 8.265 3.22795 3.38
      vertex 7.665 2.18872 2.18
    endloop
  endfacet
  facet normal -0.448692 -0.546758 0.706917
    outer loop
      vertex 7.81638 2.08025 2.18
      vertex 8.60759 2.98246 3.38
      vertex 7.76832 2.11969 2.18
    endloop
  endfacet
  facet normal -0.448707 -0.546744 0.706918
    outer loop
      vertex 8.60759 2.98246 3.38
      vertex 8.49884 3.07171 3.38
      vertex 7.76832 2.11969 2.18
    endloop
  endfacet
  facet normal -0.516193 -0.48354 0.706919
    outer loop
      vertex 7.90425 1.99238 2.18
      vertex 8.71028 2.88628 3.38
      vertex 7.86175 2.03775 2.18
    endloop
  endfacet
  facet normal 0.205357 -0.676826 0.706919
    outer loop
      vertex 6.88463 2.26558 2.18
      vertex 6.94412 2.28363 2.18
      vertex 6.4989 3.4019 3.38
    endloop
  endfacet
  facet normal -0.160617 -0.688819 0.706916
    outer loop
      vertex 7.74646 3.44274 3.38
      vertex 7.60944 3.47469 3.38
      vertex 7.37534 2.29775 2.18
    endloop
  endfacet
  facet normal -0.623766 -0.333441 0.706918
    outer loop
      vertex 8.04203 1.78617 2.18
      vertex 9.11828 2.31692 3.38
      vertex 8.01272 1.841 2.18
    endloop
  endfacet
  facet normal -0.600674 -0.373444 0.706916
    outer loop
      vertex 8.01272 1.841 2.18
      vertex 8.97766 2.56048 3.38
      vertex 7.9799 1.89379 2.18
    endloop
  endfacet
  facet normal -0.881898 -0.47144 0
    outer loop
      vertex 9.11828 2.31692 3.38
      vertex 9.05195 2.441 3.4
      vertex 9.05195 2.441 3.38
    endloop
  endfacet
  facet normal -0.881898 -0.47144 0
    outer loop
      vertex 9.05195 2.441 3.4
      vertex 9.11828 2.31692 3.38
      vertex 9.11828 2.31692 3.4
    endloop
  endfacet
  facet normal 0.683594 -0.729863 0
    outer loop
      vertex 5.66972 2.88628 3.38
      vertex 5.77241 2.98246 3.4
      vertex 5.66972 2.88628 3.4
    endloop
  endfacet
  facet normal 0.683594 -0.729863 0
    outer loop
      vertex 5.77241 2.98246 3.4
      vertex 5.66972 2.88628 3.38
      vertex 5.77241 2.98246 3.38
    endloop
  endfacet
  facet normal 0.412683 -0.910875 0
    outer loop
      vertex 6.23908 3.29428 3.38
      vertex 6.36723 3.35234 3.4
      vertex 6.23908 3.29428 3.4
    endloop
  endfacet
  facet normal 0.412683 -0.910875 0
    outer loop
      vertex 6.36723 3.35234 3.4
      vertex 6.23908 3.29428 3.38
      vertex 6.36723 3.35234 3.38
    endloop
  endfacet
  facet normal -0.661959 -0.249158 0.706916
    outer loop
      vertex 9.2259 2.0571 3.38
      vertex 9.17634 2.18877 3.38
      vertex 8.06769 1.72955 2.18
    endloop
  endfacet
  facet normal -0.644259 -0.29189 0.706916
    outer loop
      vertex 9.17634 2.18877 3.38
      vertex 9.11828 2.31692 3.38
      vertex 8.06769 1.72955 2.18
    endloop
  endfacet
  facet normal 0.706918 0.0231249 0.706918
    outer loop
      vertex 5.0446 -3.32462 3.38
      vertex 6.24 -3.184 2.18
      vertex 5.04 -3.184 3.38
    endloop
  endfacet
  facet normal 0.706918 -0.0231249 0.706918
    outer loop
      vertex 6.24 1.366 2.18
      vertex 5.0446 1.50662 3.38
      vertex 5.04 1.366 3.38
    endloop
  endfacet
  facet normal 0.995185 -0.0980187 0
    outer loop
      vertex 5.0446 1.50662 3.4
      vertex 5.05839 1.64663 3.38
      vertex 5.05839 1.64663 3.4
    endloop
  endfacet
  facet normal 0.995185 -0.0980187 0
    outer loop
      vertex 5.05839 1.64663 3.38
      vertex 5.0446 1.50662 3.4
      vertex 5.0446 1.50662 3.38
    endloop
  endfacet
  facet normal 0.956945 -0.290268 0
    outer loop
      vertex 5.11326 1.92246 3.4
      vertex 5.1541 2.0571 3.38
      vertex 5.1541 2.0571 3.4
    endloop
  endfacet
  facet normal 0.956945 -0.290268 0
    outer loop
      vertex 5.1541 2.0571 3.38
      vertex 5.11326 1.92246 3.4
      vertex 5.11326 1.92246 3.38
    endloop
  endfacet
  facet normal 0.676843 -0.205305 0.706919
    outer loop
      vertex 6.29042 1.67137 2.18
      vertex 5.1541 2.0571 3.38
      vertex 5.11326 1.92246 3.38
    endloop
  endfacet
  facet normal 0.644259 0.29189 0.706916
    outer loop
      vertex 5.26172 -4.13492 3.38
      vertex 6.31231 -3.54755 2.18
      vertex 5.20366 -4.00677 3.38
    endloop
  endfacet
  facet normal -0.227086 0.973875 0
    outer loop
      vertex 7.74646 -5.26074 3.38
      vertex 7.60944 -5.29269 3.4
      vertex 7.74646 -5.26074 3.4
    endloop
  endfacet
  facet normal -0.227086 0.973875 0
    outer loop
      vertex 7.60944 -5.29269 3.4
      vertex 7.74646 -5.26074 3.38
      vertex 7.60944 -5.29269 3.38
    endloop
  endfacet
  facet normal 0.115227 0.697846 0.706919
    outer loop
      vertex 6.90937 -5.31561 3.38
      vertex 7.066 -4.12587 2.18
      vertex 6.77056 -5.29269 3.38
    endloop
  endfacet
  facet normal -0.29189 0.644259 0.706916
    outer loop
      vertex 8.01277 -5.17034 3.38
      vertex 8.14092 -5.11228 3.38
      vertex 7.55355 -4.06169 2.18
    endloop
  endfacet
  facet normal 0.160654 0.688809 0.706918
    outer loop
      vertex 7.00466 -4.11575 2.18
      vertex 6.94412 -4.10163 2.18
      vertex 6.63354 -5.26074 3.38
    endloop
  endfacet
  facet normal -0.582481 0.812844 0
    outer loop
      vertex 8.49884 -4.88971 3.38
      vertex 8.38448 -4.97166 3.4
      vertex 8.49884 -4.88971 3.4
    endloop
  endfacet
  facet normal -0.582481 0.812844 0
    outer loop
      vertex 8.38448 -4.97166 3.4
      vertex 8.49884 -4.88971 3.38
      vertex 8.38448 -4.97166 3.38
    endloop
  endfacet
  facet normal -0.249142 0.661965 0.706916
    outer loop
      vertex 7.88109 -5.2199 3.38
      vertex 8.01277 -5.17034 3.38
      vertex 7.55355 -4.06169 2.18
    endloop
  endfacet
  facet normal -0.483503 0.51623 0.706917
    outer loop
      vertex 8.60759 -4.80046 3.38
      vertex 8.71028 -4.70428 3.38
      vertex 7.81638 -3.89825 2.18
    endloop
  endfacet
  facet normal -0.448708 0.546745 0.706917
    outer loop
      vertex 8.49884 -4.88971 3.38
      vertex 8.60759 -4.80046 3.38
      vertex 7.81638 -3.89825 2.18
    endloop
  endfacet
  facet normal -0.849226 0.52803 0
    outer loop
      vertex 8.97766 -4.37848 3.38
      vertex 9.05195 -4.259 3.4
      vertex 9.05195 -4.259 3.38
    endloop
  endfacet
  facet normal -0.849226 0.52803 0
    outer loop
      vertex 9.05195 -4.259 3.4
      vertex 8.97766 -4.37848 3.38
      vertex 8.97766 -4.37848 3.4
    endloop
  endfacet
  facet normal -0.703884 0.0693987 0.706916
    outer loop
      vertex 9.3354 -3.32462 3.38
      vertex 8.13797 -3.24613 2.18
      vertex 8.13187 -3.308 2.18
    endloop
  endfacet
  facet normal -0.600654 0.373473 0.706918
    outer loop
      vertex 8.97766 -4.37848 3.38
      vertex 9.05195 -4.259 3.38
      vertex 8.01272 -3.659 2.18
    endloop
  endfacet
  facet normal -0.999465 -0.0326948 0
    outer loop
      vertex 9.34 1.366 3.38
      vertex 9.3354 1.50662 3.4
      vertex 9.3354 1.50662 3.38
    endloop
  endfacet
  facet normal -0.999465 -0.0326948 0
    outer loop
      vertex 9.3354 1.50662 3.4
      vertex 9.34 1.366 3.38
      vertex 9.34 1.366 3.4
    endloop
  endfacet
  facet normal -0.703888 -0.0693281 0.706919
    outer loop
      vertex 9.3354 1.50662 3.38
      vertex 9.32161 1.64663 3.38
      vertex 8.13187 1.49 2.18
    endloop
  endfacet
  facet normal -0.70692 -0.0230975 0.706917
    outer loop
      vertex 8.14 1.366 2.18
      vertex 9.3354 1.50662 3.38
      vertex 8.13797 1.42813 2.18
    endloop
  endfacet
  facet normal -0.697846 -0.115227 0.706919
    outer loop
      vertex 9.32161 1.64663 3.38
      vertex 9.29869 1.78544 3.38
      vertex 8.13187 1.49 2.18
    endloop
  endfacet
  facet normal -0.986641 -0.162912 0
    outer loop
      vertex 9.32161 1.64663 3.38
      vertex 9.29869 1.78544 3.4
      vertex 9.29869 1.78544 3.38
    endloop
  endfacet
  facet normal -0.986641 -0.162912 0
    outer loop
      vertex 9.29869 1.78544 3.4
      vertex 9.32161 1.64663 3.38
      vertex 9.32161 1.64663 3.4
    endloop
  endfacet
  facet normal -0.52803 -0.849226 0
    outer loop
      vertex 8.265 3.22795 3.38
      vertex 8.38448 3.15366 3.4
      vertex 8.265 3.22795 3.4
    endloop
  endfacet
  facet normal -0.52803 -0.849226 -0
    outer loop
      vertex 8.38448 3.15366 3.4
      vertex 8.265 3.22795 3.38
      vertex 8.38448 3.15366 3.38
    endloop
  endfacet
  facet normal -0.729898 -0.683556 0
    outer loop
      vertex 8.80645 2.78359 3.38
      vertex 8.71028 2.88628 3.4
      vertex 8.71028 2.88628 3.38
    endloop
  endfacet
  facet normal -0.729898 -0.683556 0
    outer loop
      vertex 8.71028 2.88628 3.4
      vertex 8.80645 2.78359 3.38
      vertex 8.80645 2.78359 3.4
    endloop
  endfacet
  facet normal -0.373444 -0.600674 0.706916
    outer loop
      vertex 7.71779 2.1559 2.18
      vertex 8.38448 3.15366 3.38
      vertex 7.665 2.18872 2.18
    endloop
  endfacet
  facet normal -0.411987 -0.574921 0.706917
    outer loop
      vertex 8.49884 3.07171 3.38
      vertex 8.38448 3.15366 3.38
      vertex 7.71779 2.1559 2.18
    endloop
  endfacet
  facet normal -0.483542 -0.516195 0.706916
    outer loop
      vertex 7.86175 2.03775 2.18
      vertex 8.60759 2.98246 3.38
      vertex 7.81638 2.08025 2.18
    endloop
  endfacet
  facet normal -0.516256 -0.483478 0.706915
    outer loop
      vertex 8.80645 2.78359 3.38
      vertex 8.71028 2.88628 3.38
      vertex 7.90425 1.99238 2.18
    endloop
  endfacet
  facet normal -0.54676 -0.448693 0.706914
    outer loop
      vertex 7.94369 1.94432 2.18
      vertex 8.80645 2.78359 3.38
      vertex 7.90425 1.99238 2.18
    endloop
  endfacet
  facet normal 0.160617 -0.688819 0.706916
    outer loop
      vertex 7.00466 2.29775 2.18
      vertex 6.77056 3.47469 3.38
      vertex 6.63354 3.44274 3.38
    endloop
  endfacet
  facet normal -0.205319 -0.67684 0.706917
    outer loop
      vertex 7.88109 3.4019 3.38
      vertex 7.74646 3.44274 3.38
      vertex 7.43588 2.28363 2.18
    endloop
  endfacet
  facet normal -0.160654 -0.688809 0.706918
    outer loop
      vertex 7.43588 2.28363 2.18
      vertex 7.74646 3.44274 3.38
      vertex 7.37534 2.29775 2.18
    endloop
  endfacet
  facet normal -0.205358 -0.676827 0.706919
    outer loop
      vertex 7.49537 2.26558 2.18
      vertex 7.88109 3.4019 3.38
      vertex 7.43588 2.28363 2.18
    endloop
  endfacet
  facet normal 0.0231249 -0.706918 0.706917
    outer loop
      vertex 7.12787 2.31397 2.18
      vertex 7.19 3.516 3.38
      vertex 7.04938 3.5114 3.38
    endloop
  endfacet
  facet normal -0.0693282 -0.70389 0.706917
    outer loop
      vertex 7.47063 3.49761 3.38
      vertex 7.33062 3.5114 3.38
      vertex 7.25213 2.31397 2.18
    endloop
  endfacet
  facet normal -0.227086 -0.973875 0
    outer loop
      vertex 7.60944 3.47469 3.38
      vertex 7.74646 3.44274 3.4
      vertex 7.60944 3.47469 3.4
    endloop
  endfacet
  facet normal -0.227086 -0.973875 -0
    outer loop
      vertex 7.74646 3.44274 3.4
      vertex 7.60944 3.47469 3.38
      vertex 7.74646 3.44274 3.38
    endloop
  endfacet
  facet normal 0.516229 -0.483502 0.706918
    outer loop
      vertex 6.51825 2.03775 2.18
      vertex 5.66972 2.88628 3.38
      vertex 5.57354 2.78359 3.38
    endloop
  endfacet
  facet normal 0.661993 -0.249072 0.706915
    outer loop
      vertex 6.29042 1.67137 2.18
      vertex 6.31231 1.72955 2.18
      vertex 5.20366 2.18877 3.38
    endloop
  endfacet
  facet normal 0.448692 -0.546758 0.706917
    outer loop
      vertex 6.56362 2.08025 2.18
      vertex 6.61168 2.11969 2.18
      vertex 5.77241 2.98246 3.38
    endloop
  endfacet
  facet normal 0.411989 -0.574919 0.706918
    outer loop
      vertex 6.61168 2.11969 2.18
      vertex 6.66221 2.1559 2.18
      vertex 5.88116 3.07171 3.38
    endloop
  endfacet
  facet normal -0.676829 -0.205358 0.706916
    outer loop
      vertex 8.10763 1.61188 2.18
      vertex 9.26674 1.92246 3.38
      vertex 8.08958 1.67137 2.18
    endloop
  endfacet
  facet normal -0.688811 -0.160654 0.706915
    outer loop
      vertex 8.12175 1.55134 2.18
      vertex 9.29869 1.78544 3.38
      vertex 8.10763 1.61188 2.18
    endloop
  endfacet
  facet normal -0.697865 -0.115135 0.706915
    outer loop
      vertex 8.13187 1.49 2.18
      vertex 9.29869 1.78544 3.38
      vertex 8.12175 1.55134 2.18
    endloop
  endfacet
  facet normal 0.707107 -0 0.707107
    outer loop
      vertex 5.04 -3.184 3.38
      vertex 6.24 1.366 2.18
      vertex 5.04 1.366 3.38
    endloop
  endfacet
  facet normal 0.707107 0 0.707107
    outer loop
      vertex 6.24 1.366 2.18
      vertex 5.04 -3.184 3.38
      vertex 6.24 -3.184 2.18
    endloop
  endfacet
  facet normal 0.973875 -0.227086 0
    outer loop
      vertex 5.08131 1.78544 3.4
      vertex 5.11326 1.92246 3.38
      vertex 5.11326 1.92246 3.4
    endloop
  endfacet
  facet normal 0.973875 -0.227086 0
    outer loop
      vertex 5.11326 1.92246 3.38
      vertex 5.08131 1.78544 3.4
      vertex 5.08131 1.78544 3.38
    endloop
  endfacet
  facet normal 0.623766 -0.333441 0.706918
    outer loop
      vertex 6.33797 1.78617 2.18
      vertex 6.36728 1.841 2.18
      vertex 5.26172 2.31692 3.38
    endloop
  endfacet
  facet normal 0.688809 -0.160654 0.706918
    outer loop
      vertex 6.25825 1.55134 2.18
      vertex 6.27237 1.61188 2.18
      vertex 5.11326 1.92246 3.38
    endloop
  endfacet
  facet normal 0.676829 -0.205358 0.706916
    outer loop
      vertex 6.27237 1.61188 2.18
      vertex 6.29042 1.67137 2.18
      vertex 5.11326 1.92246 3.38
    endloop
  endfacet
  facet normal 0.973875 0.227086 0
    outer loop
      vertex 5.11326 -3.74046 3.4
      vertex 5.08131 -3.60344 3.38
      vertex 5.08131 -3.60344 3.4
    endloop
  endfacet
  facet normal 0.973875 0.227086 0
    outer loop
      vertex 5.08131 -3.60344 3.38
      vertex 5.11326 -3.74046 3.4
      vertex 5.11326 -3.74046 3.38
    endloop
  endfacet
  facet normal 0.661964 0.249141 0.706918
    outer loop
      vertex 5.20366 -4.00677 3.38
      vertex 6.29042 -3.48937 2.18
      vertex 5.1541 -3.87509 3.38
    endloop
  endfacet
  facet normal 0.582481 0.812844 -0
    outer loop
      vertex 5.99552 -4.97166 3.38
      vertex 5.88116 -4.88971 3.4
      vertex 5.99552 -4.97166 3.4
    endloop
  endfacet
  facet normal 0.582481 0.812844 0
    outer loop
      vertex 5.88116 -4.88971 3.4
      vertex 5.99552 -4.97166 3.38
      vertex 5.88116 -4.88971 3.38
    endloop
  endfacet
  facet normal 0.333448 0.623764 0.706917
    outer loop
      vertex 6.23908 -5.11228 3.38
      vertex 6.76982 -4.03603 2.18
      vertex 6.115 -5.04595 3.38
    endloop
  endfacet
  facet normal 0.227086 0.973875 -0
    outer loop
      vertex 6.77056 -5.29269 3.38
      vertex 6.63354 -5.26074 3.4
      vertex 6.77056 -5.29269 3.4
    endloop
  endfacet
  facet normal 0.227086 0.973875 0
    outer loop
      vertex 6.63354 -5.26074 3.4
      vertex 6.77056 -5.29269 3.38
      vertex 6.63354 -5.26074 3.38
    endloop
  endfacet
  facet normal -0.160654 0.688809 0.706918
    outer loop
      vertex 7.74646 -5.26074 3.38
      vertex 7.43588 -4.10163 2.18
      vertex 7.37534 -4.11575 2.18
    endloop
  endfacet
  facet normal 0.546758 0.448692 0.706917
    outer loop
      vertex 6.47575 -3.81038 2.18
      vertex 6.43631 -3.76232 2.18
      vertex 5.57354 -4.60159 3.38
    endloop
  endfacet
  facet normal -0.0231249 0.706918 0.706918
    outer loop
      vertex 7.19 -5.334 3.38
      vertex 7.33062 -5.3294 3.38
      vertex 7.19 -4.134 2.18
    endloop
  endfacet
  facet normal 0.812844 0.582481 0
    outer loop
      vertex 5.48429 -4.49284 3.4
      vertex 5.40234 -4.37848 3.38
      vertex 5.40234 -4.37848 3.4
    endloop
  endfacet
  facet normal 0.812844 0.582481 0
    outer loop
      vertex 5.40234 -4.37848 3.38
      vertex 5.48429 -4.49284 3.4
      vertex 5.48429 -4.49284 3.38
    endloop
  endfacet
  facet normal -0.0693987 0.703884 0.706916
    outer loop
      vertex 7.33062 -5.3294 3.38
      vertex 7.314 -4.12587 2.18
      vertex 7.25213 -4.13197 2.18
    endloop
  endfacet
  facet normal -0.205358 0.676827 0.706919
    outer loop
      vertex 7.88109 -5.2199 3.38
      vertex 7.49537 -4.08358 2.18
      vertex 7.43588 -4.10163 2.18
    endloop
  endfacet
  facet normal 0.0980187 0.995185 -0
    outer loop
      vertex 7.04938 -5.3294 3.38
      vertex 6.90937 -5.31561 3.4
      vertex 7.04938 -5.3294 3.4
    endloop
  endfacet
  facet normal 0.0980187 0.995185 0
    outer loop
      vertex 6.90937 -5.31561 3.4
      vertex 7.04938 -5.3294 3.38
      vertex 6.90937 -5.31561 3.38
    endloop
  endfacet
  facet normal 0.352268 0.935899 -0
    outer loop
      vertex 6.4989 -5.2199 3.38
      vertex 6.36723 -5.17034 3.4
      vertex 6.4989 -5.2199 3.4
    endloop
  endfacet
  facet normal 0.352268 0.935899 0
    outer loop
      vertex 6.36723 -5.17034 3.4
      vertex 6.4989 -5.2199 3.38
      vertex 6.36723 -5.17034 3.38
    endloop
  endfacet
  facet normal -0.623766 0.333441 0.706918
    outer loop
      vertex 9.11828 -4.13492 3.38
      vertex 8.04203 -3.60417 2.18
      vertex 8.01272 -3.659 2.18
    endloop
  endfacet
  facet normal -0.52803 0.849226 0
    outer loop
      vertex 8.38448 -4.97166 3.38
      vertex 8.265 -5.04595 3.4
      vertex 8.38448 -4.97166 3.4
    endloop
  endfacet
  facet normal -0.52803 0.849226 0
    outer loop
      vertex 8.265 -5.04595 3.4
      vertex 8.38448 -4.97166 3.38
      vertex 8.265 -5.04595 3.38
    endloop
  endfacet
  facet normal -0.634398 0.773006 0
    outer loop
      vertex 8.60759 -4.80046 3.38
      vertex 8.49884 -4.88971 3.4
      vertex 8.60759 -4.80046 3.4
    endloop
  endfacet
  facet normal -0.634398 0.773006 0
    outer loop
      vertex 8.49884 -4.88971 3.4
      vertex 8.60759 -4.80046 3.38
      vertex 8.49884 -4.88971 3.38
    endloop
  endfacet
  facet normal -0.683594 0.729863 0
    outer loop
      vertex 8.71028 -4.70428 3.38
      vertex 8.60759 -4.80046 3.4
      vertex 8.71028 -4.70428 3.4
    endloop
  endfacet
  facet normal -0.683594 0.729863 0
    outer loop
      vertex 8.60759 -4.80046 3.4
      vertex 8.71028 -4.70428 3.38
      vertex 8.60759 -4.80046 3.38
    endloop
  endfacet
  facet normal -0.412683 0.910875 0
    outer loop
      vertex 8.14092 -5.11228 3.38
      vertex 8.01277 -5.17034 3.4
      vertex 8.14092 -5.11228 3.4
    endloop
  endfacet
  facet normal -0.412683 0.910875 0
    outer loop
      vertex 8.01277 -5.17034 3.4
      vertex 8.14092 -5.11228 3.38
      vertex 8.01277 -5.17034 3.38
    endloop
  endfacet
  facet normal -0.290288 0.956939 0
    outer loop
      vertex 7.88109 -5.2199 3.38
      vertex 7.74646 -5.26074 3.4
      vertex 7.88109 -5.2199 3.4
    endloop
  endfacet
  facet normal -0.290288 0.956939 0
    outer loop
      vertex 7.74646 -5.26074 3.4
      vertex 7.88109 -5.2199 3.38
      vertex 7.74646 -5.26074 3.38
    endloop
  endfacet
  facet normal -0.352245 0.935908 0
    outer loop
      vertex 8.01277 -5.17034 3.38
      vertex 7.88109 -5.2199 3.4
      vertex 8.01277 -5.17034 3.4
    endloop
  endfacet
  facet normal -0.352245 0.935908 0
    outer loop
      vertex 7.88109 -5.2199 3.4
      vertex 8.01277 -5.17034 3.38
      vertex 7.88109 -5.2199 3.38
    endloop
  endfacet
  facet normal -0.333448 0.623762 0.706918
    outer loop
      vertex 8.14092 -5.11228 3.38
      vertex 8.265 -5.04595 3.38
      vertex 7.61017 -4.03603 2.18
    endloop
  endfacet
  facet normal -0.772971 0.634441 0
    outer loop
      vertex 8.80645 -4.60159 3.38
      vertex 8.89571 -4.49284 3.4
      vertex 8.89571 -4.49284 3.38
    endloop
  endfacet
  facet normal -0.772971 0.634441 0
    outer loop
      vertex 8.89571 -4.49284 3.4
      vertex 8.80645 -4.60159 3.38
      vertex 8.80645 -4.60159 3.4
    endloop
  endfacet
  facet normal -0.812844 0.582481 0
    outer loop
      vertex 8.89571 -4.49284 3.38
      vertex 8.97766 -4.37848 3.4
      vertex 8.97766 -4.37848 3.38
    endloop
  endfacet
  facet normal -0.812844 0.582481 0
    outer loop
      vertex 8.97766 -4.37848 3.4
      vertex 8.89571 -4.49284 3.38
      vertex 8.89571 -4.49284 3.4
    endloop
  endfacet
  facet normal -0.881898 0.47144 0
    outer loop
      vertex 9.05195 -4.259 3.38
      vertex 9.11828 -4.13492 3.4
      vertex 9.11828 -4.13492 3.38
    endloop
  endfacet
  facet normal -0.881898 0.47144 0
    outer loop
      vertex 9.11828 -4.13492 3.4
      vertex 9.05195 -4.259 3.38
      vertex 9.05195 -4.259 3.4
    endloop
  endfacet
  facet normal -0.910875 0.412683 0
    outer loop
      vertex 9.11828 -4.13492 3.38
      vertex 9.17634 -4.00677 3.4
      vertex 9.17634 -4.00677 3.38
    endloop
  endfacet
  facet normal -0.910875 0.412683 0
    outer loop
      vertex 9.17634 -4.00677 3.4
      vertex 9.11828 -4.13492 3.38
      vertex 9.11828 -4.13492 3.4
    endloop
  endfacet
  facet normal -0.935908 0.352245 0
    outer loop
      vertex 9.17634 -4.00677 3.38
      vertex 9.2259 -3.87509 3.4
      vertex 9.2259 -3.87509 3.38
    endloop
  endfacet
  facet normal -0.935908 0.352245 0
    outer loop
      vertex 9.2259 -3.87509 3.4
      vertex 9.17634 -4.00677 3.38
      vertex 9.17634 -4.00677 3.4
    endloop
  endfacet
  facet normal -0.956939 0.290288 0
    outer loop
      vertex 9.2259 -3.87509 3.38
      vertex 9.26674 -3.74046 3.4
      vertex 9.26674 -3.74046 3.38
    endloop
  endfacet
  facet normal -0.956939 0.290288 0
    outer loop
      vertex 9.26674 -3.74046 3.4
      vertex 9.2259 -3.87509 3.38
      vertex 9.2259 -3.87509 3.4
    endloop
  endfacet
  facet normal -0.995185 -0.0980187 0
    outer loop
      vertex 9.3354 1.50662 3.38
      vertex 9.32161 1.64663 3.4
      vertex 9.32161 1.64663 3.38
    endloop
  endfacet
  facet normal -0.995185 -0.0980187 0
    outer loop
      vertex 9.32161 1.64663 3.4
      vertex 9.3354 1.50662 3.38
      vertex 9.3354 1.50662 3.4
    endloop
  endfacet
  facet normal -0.772971 -0.634441 0
    outer loop
      vertex 8.89571 2.67484 3.38
      vertex 8.80645 2.78359 3.4
      vertex 8.80645 2.78359 3.38
    endloop
  endfacet
  facet normal -0.772971 -0.634441 0
    outer loop
      vertex 8.80645 2.78359 3.4
      vertex 8.89571 2.67484 3.38
      vertex 8.89571 2.67484 3.4
    endloop
  endfacet
  facet normal -0.352245 -0.935908 0
    outer loop
      vertex 7.88109 3.4019 3.38
      vertex 8.01277 3.35234 3.4
      vertex 7.88109 3.4019 3.4
    endloop
  endfacet
  facet normal -0.352245 -0.935908 -0
    outer loop
      vertex 8.01277 3.35234 3.4
      vertex 7.88109 3.4019 3.38
      vertex 8.01277 3.35234 3.38
    endloop
  endfacet
  facet normal 0.249158 -0.661957 0.706919
    outer loop
      vertex 6.88463 2.26558 2.18
      vertex 6.4989 3.4019 3.38
      vertex 6.36723 3.35234 3.38
    endloop
  endfacet
  facet normal 0.0980187 -0.995185 0
    outer loop
      vertex 6.90937 3.49761 3.38
      vertex 7.04938 3.5114 3.4
      vertex 6.90937 3.49761 3.4
    endloop
  endfacet
  facet normal 0.0980187 -0.995185 0
    outer loop
      vertex 7.04938 3.5114 3.4
      vertex 6.90937 3.49761 3.38
      vertex 7.04938 3.5114 3.38
    endloop
  endfacet
  facet normal -0.291962 -0.644228 0.706915
    outer loop
      vertex 7.61017 2.21803 2.18
      vertex 8.01277 3.35234 3.38
      vertex 7.55355 2.24369 2.18
    endloop
  endfacet
  facet normal -0.162912 -0.986641 0
    outer loop
      vertex 7.47063 3.49761 3.38
      vertex 7.60944 3.47469 3.4
      vertex 7.47063 3.49761 3.4
    endloop
  endfacet
  facet normal -0.162912 -0.986641 -0
    outer loop
      vertex 7.60944 3.47469 3.4
      vertex 7.47063 3.49761 3.38
      vertex 7.60944 3.47469 3.38
    endloop
  endfacet
  facet normal -0.0326948 -0.999465 0
    outer loop
      vertex 7.19 3.516 3.38
      vertex 7.33062 3.5114 3.4
      vertex 7.19 3.516 3.4
    endloop
  endfacet
  facet normal -0.0326948 -0.999465 -0
    outer loop
      vertex 7.33062 3.5114 3.4
      vertex 7.19 3.516 3.38
      vertex 7.33062 3.5114 3.38
    endloop
  endfacet
  facet normal -0.0231249 -0.706918 0.706917
    outer loop
      vertex 7.25213 2.31397 2.18
      vertex 7.33062 3.5114 3.38
      vertex 7.19 3.516 3.38
    endloop
  endfacet
  facet normal -0.0980187 -0.995185 0
    outer loop
      vertex 7.33062 3.5114 3.38
      vertex 7.47063 3.49761 3.4
      vertex 7.33062 3.5114 3.4
    endloop
  endfacet
  facet normal -0.0980187 -0.995185 -0
    outer loop
      vertex 7.47063 3.49761 3.4
      vertex 7.33062 3.5114 3.38
      vertex 7.47063 3.49761 3.38
    endloop
  endfacet
  facet normal -0.910875 -0.412683 0
    outer loop
      vertex 9.17634 2.18877 3.38
      vertex 9.11828 2.31692 3.4
      vertex 9.11828 2.31692 3.38
    endloop
  endfacet
  facet normal -0.910875 -0.412683 0
    outer loop
      vertex 9.11828 2.31692 3.4
      vertex 9.17634 2.18877 3.38
      vertex 9.17634 2.18877 3.4
    endloop
  endfacet
  facet normal 0.574921 -0.411987 0.706918
    outer loop
      vertex 6.43631 1.94432 2.18
      vertex 5.48429 2.67484 3.38
      vertex 5.40234 2.56048 3.38
    endloop
  endfacet
  facet normal 0.574919 -0.41199 0.706917
    outer loop
      vertex 6.4001 1.89379 2.18
      vertex 6.43631 1.94432 2.18
      vertex 5.40234 2.56048 3.38
    endloop
  endfacet
  facet normal 0.546744 -0.448707 0.706918
    outer loop
      vertex 6.43631 1.94432 2.18
      vertex 5.57354 2.78359 3.38
      vertex 5.48429 2.67484 3.38
    endloop
  endfacet
  facet normal 0.483542 -0.516195 0.706916
    outer loop
      vertex 6.51825 2.03775 2.18
      vertex 6.56362 2.08025 2.18
      vertex 5.77241 2.98246 3.38
    endloop
  endfacet
  facet normal 0.411987 -0.574921 0.706917
    outer loop
      vertex 6.66221 2.1559 2.18
      vertex 5.99552 3.15366 3.38
      vertex 5.88116 3.07171 3.38
    endloop
  endfacet
  facet normal 0.448707 -0.546744 0.706918
    outer loop
      vertex 6.61168 2.11969 2.18
      vertex 5.88116 3.07171 3.38
      vertex 5.77241 2.98246 3.38
    endloop
  endfacet
  facet normal 0.373444 -0.600674 0.706916
    outer loop
      vertex 6.66221 2.1559 2.18
      vertex 6.715 2.18872 2.18
      vertex 5.99552 3.15366 3.38
    endloop
  endfacet
  facet normal 0.697859 -0.115134 0.70692
    outer loop
      vertex 6.24813 1.49 2.18
      vertex 6.25825 1.55134 2.18
      vertex 5.05839 1.64663 3.38
    endloop
  endfacet
  facet normal 0.986641 -0.162912 0
    outer loop
      vertex 5.05839 1.64663 3.4
      vertex 5.08131 1.78544 3.38
      vertex 5.08131 1.78544 3.4
    endloop
  endfacet
  facet normal 0.986641 -0.162912 0
    outer loop
      vertex 5.08131 1.78544 3.38
      vertex 5.05839 1.64663 3.4
      vertex 5.05839 1.64663 3.38
    endloop
  endfacet
  facet normal 0.935899 -0.352268 0
    outer loop
      vertex 5.1541 2.0571 3.4
      vertex 5.20366 2.18877 3.38
      vertex 5.20366 2.18877 3.4
    endloop
  endfacet
  facet normal 0.935899 -0.352268 0
    outer loop
      vertex 5.20366 2.18877 3.38
      vertex 5.1541 2.0571 3.4
      vertex 5.1541 2.0571 3.38
    endloop
  endfacet
  facet normal 0.600674 -0.373444 0.706916
    outer loop
      vertex 6.36728 1.841 2.18
      vertex 6.4001 1.89379 2.18
      vertex 5.40234 2.56048 3.38
    endloop
  endfacet
  facet normal 0.910875 -0.412683 0
    outer loop
      vertex 5.20366 2.18877 3.4
      vertex 5.26172 2.31692 3.38
      vertex 5.26172 2.31692 3.4
    endloop
  endfacet
  facet normal 0.910875 -0.412683 0
    outer loop
      vertex 5.26172 2.31692 3.38
      vertex 5.20366 2.18877 3.4
      vertex 5.20366 2.18877 3.38
    endloop
  endfacet
  facet normal 0.812844 -0.582481 0
    outer loop
      vertex 5.40234 2.56048 3.4
      vertex 5.48429 2.67484 3.38
      vertex 5.48429 2.67484 3.4
    endloop
  endfacet
  facet normal 0.812844 -0.582481 0
    outer loop
      vertex 5.48429 2.67484 3.38
      vertex 5.40234 2.56048 3.4
      vertex 5.40234 2.56048 3.38
    endloop
  endfacet
  facet normal 0.676839 0.205319 0.706918
    outer loop
      vertex 5.1541 -3.87509 3.38
      vertex 6.29042 -3.48937 2.18
      vertex 5.11326 -3.74046 3.38
    endloop
  endfacet
  facet normal 0.697859 0.115134 0.70692
    outer loop
      vertex 6.25825 -3.36934 2.18
      vertex 6.24813 -3.308 2.18
      vertex 5.05839 -3.46463 3.38
    endloop
  endfacet
  facet normal 0.995185 0.0980187 0
    outer loop
      vertex 5.05839 -3.46463 3.4
      vertex 5.0446 -3.32462 3.38
      vertex 5.0446 -3.32462 3.4
    endloop
  endfacet
  facet normal 0.995185 0.0980187 0
    outer loop
      vertex 5.0446 -3.32462 3.38
      vertex 5.05839 -3.46463 3.4
      vertex 5.05839 -3.46463 3.38
    endloop
  endfacet
  facet normal 0.910875 0.412683 0
    outer loop
      vertex 5.26172 -4.13492 3.4
      vertex 5.20366 -4.00677 3.38
      vertex 5.20366 -4.00677 3.4
    endloop
  endfacet
  facet normal 0.910875 0.412683 0
    outer loop
      vertex 5.20366 -4.00677 3.38
      vertex 5.26172 -4.13492 3.4
      vertex 5.26172 -4.13492 3.38
    endloop
  endfacet
  facet normal 0.623782 0.333408 0.70692
    outer loop
      vertex 5.32804 -4.259 3.38
      vertex 6.36728 -3.659 2.18
      vertex 5.26172 -4.13492 3.38
    endloop
  endfacet
  facet normal 0.0693281 0.703888 0.706919
    outer loop
      vertex 7.04938 -5.3294 3.38
      vertex 7.066 -4.12587 2.18
      vertex 6.90937 -5.31561 3.38
    endloop
  endfacet
  facet normal 0.162912 0.986641 -0
    outer loop
      vertex 6.90937 -5.31561 3.38
      vertex 6.77056 -5.29269 3.4
      vertex 6.90937 -5.31561 3.4
    endloop
  endfacet
  facet normal 0.162912 0.986641 0
    outer loop
      vertex 6.77056 -5.29269 3.4
      vertex 6.90937 -5.31561 3.38
      vertex 6.77056 -5.29269 3.38
    endloop
  endfacet
  facet normal -0.162912 0.986641 0
    outer loop
      vertex 7.60944 -5.29269 3.38
      vertex 7.47063 -5.31561 3.4
      vertex 7.60944 -5.29269 3.4
    endloop
  endfacet
  facet normal -0.162912 0.986641 0
    outer loop
      vertex 7.47063 -5.31561 3.4
      vertex 7.60944 -5.29269 3.38
      vertex 7.47063 -5.31561 3.38
    endloop
  endfacet
  facet normal 0.849194 0.528081 0
    outer loop
      vertex 5.40234 -4.37848 3.4
      vertex 5.32804 -4.259 3.38
      vertex 5.32804 -4.259 3.4
    endloop
  endfacet
  facet normal 0.849194 0.528081 0
    outer loop
      vertex 5.32804 -4.259 3.38
      vertex 5.40234 -4.37848 3.4
      vertex 5.40234 -4.37848 3.38
    endloop
  endfacet
  facet normal 0.411989 0.574919 0.706918
    outer loop
      vertex 6.66221 -3.9739 2.18
      vertex 6.61168 -3.93769 2.18
      vertex 5.88116 -4.88971 3.38
    endloop
  endfacet
  facet normal 0.683594 0.729863 -0
    outer loop
      vertex 5.77241 -4.80046 3.38
      vertex 5.66972 -4.70428 3.4
      vertex 5.77241 -4.80046 3.4
    endloop
  endfacet
  facet normal 0.683594 0.729863 0
    outer loop
      vertex 5.66972 -4.70428 3.4
      vertex 5.77241 -4.80046 3.38
      vertex 5.66972 -4.70428 3.38
    endloop
  endfacet
  facet normal 0.729863 0.683594 0
    outer loop
      vertex 5.66972 -4.70428 3.4
      vertex 5.57354 -4.60159 3.38
      vertex 5.57354 -4.60159 3.4
    endloop
  endfacet
  facet normal 0.729863 0.683594 0
    outer loop
      vertex 5.57354 -4.60159 3.38
      vertex 5.66972 -4.70428 3.4
      vertex 5.66972 -4.70428 3.38
    endloop
  endfacet
  facet normal -0.0326948 0.999465 0
    outer loop
      vertex 7.33062 -5.3294 3.38
      vertex 7.19 -5.334 3.4
      vertex 7.33062 -5.3294 3.4
    endloop
  endfacet
  facet normal -0.0326948 0.999465 0
    outer loop
      vertex 7.19 -5.334 3.4
      vertex 7.33062 -5.3294 3.38
      vertex 7.19 -5.334 3.38
    endloop
  endfacet
  facet normal 0.47144 0.881898 -0
    outer loop
      vertex 6.23908 -5.11228 3.38
      vertex 6.115 -5.04595 3.4
      vertex 6.23908 -5.11228 3.4
    endloop
  endfacet
  facet normal 0.47144 0.881898 0
    outer loop
      vertex 6.115 -5.04595 3.4
      vertex 6.23908 -5.11228 3.38
      vertex 6.115 -5.04595 3.38
    endloop
  endfacet
  facet normal -0.995185 0.0980187 0
    outer loop
      vertex 9.32161 -3.46463 3.38
      vertex 9.3354 -3.32462 3.4
      vertex 9.3354 -3.32462 3.38
    endloop
  endfacet
  facet normal -0.995185 0.0980187 0
    outer loop
      vertex 9.3354 -3.32462 3.4
      vertex 9.32161 -3.46463 3.38
      vertex 9.32161 -3.46463 3.4
    endloop
  endfacet
  facet normal -0.999465 0.0326948 0
    outer loop
      vertex 9.3354 -3.32462 3.38
      vertex 9.34 -3.184 3.4
      vertex 9.34 -3.184 3.38
    endloop
  endfacet
  facet normal -0.999465 0.0326948 0
    outer loop
      vertex 9.34 -3.184 3.4
      vertex 9.3354 -3.32462 3.38
      vertex 9.3354 -3.32462 3.4
    endloop
  endfacet
  facet normal -0.574919 0.41199 0.706917
    outer loop
      vertex 8.97766 -4.37848 3.38
      vertex 7.9799 -3.71179 2.18
      vertex 7.94369 -3.76232 2.18
    endloop
  endfacet
  facet normal -0.574921 0.411987 0.706918
    outer loop
      vertex 8.89571 -4.49284 3.38
      vertex 8.97766 -4.37848 3.38
      vertex 7.94369 -3.76232 2.18
    endloop
  endfacet
  facet normal 0.516229 0.483502 0.706918
    outer loop
      vertex 5.66972 -4.70428 3.38
      vertex 6.51825 -3.85575 2.18
      vertex 5.57354 -4.60159 3.38
    endloop
  endfacet
  facet normal 0.227086 -0.973875 0
    outer loop
      vertex 6.63354 3.44274 3.38
      vertex 6.77056 3.47469 3.4
      vertex 6.63354 3.44274 3.4
    endloop
  endfacet
  facet normal 0.227086 -0.973875 0
    outer loop
      vertex 6.77056 3.47469 3.4
      vertex 6.63354 3.44274 3.38
      vertex 6.77056 3.47469 3.38
    endloop
  endfacet
  facet normal -0.115134 -0.697859 0.70692
    outer loop
      vertex 7.37534 2.29775 2.18
      vertex 7.47063 3.49761 3.38
      vertex 7.314 2.30787 2.18
    endloop
  endfacet
  facet normal 0.0230974 -0.706918 0.706918
    outer loop
      vertex 7.19 2.316 2.18
      vertex 7.19 3.516 3.38
      vertex 7.12787 2.31397 2.18
    endloop
  endfacet
  facet normal -0.0230974 -0.706918 0.706918
    outer loop
      vertex 7.19 2.316 2.18
      vertex 7.25213 2.31397 2.18
      vertex 7.19 3.516 3.38
    endloop
  endfacet
  facet normal 0.546758 -0.448692 0.706917
    outer loop
      vertex 6.43631 1.94432 2.18
      vertex 6.47575 1.99238 2.18
      vertex 5.57354 2.78359 3.38
    endloop
  endfacet
  facet normal 0.773006 -0.634398 0
    outer loop
      vertex 5.48429 2.67484 3.4
      vertex 5.57354 2.78359 3.38
      vertex 5.57354 2.78359 3.4
    endloop
  endfacet
  facet normal 0.773006 -0.634398 0
    outer loop
      vertex 5.57354 2.78359 3.38
      vertex 5.48429 2.67484 3.4
      vertex 5.48429 2.67484 3.38
    endloop
  endfacet
  facet normal 0.703888 -0.0693281 0.706919
    outer loop
      vertex 6.24813 1.49 2.18
      vertex 5.05839 1.64663 3.38
      vertex 5.0446 1.50662 3.38
    endloop
  endfacet
  facet normal 0.644228 -0.291962 0.706915
    outer loop
      vertex 6.31231 1.72955 2.18
      vertex 6.33797 1.78617 2.18
      vertex 5.20366 2.18877 3.38
    endloop
  endfacet
  facet normal 0.644257 -0.291889 0.706918
    outer loop
      vertex 6.33797 1.78617 2.18
      vertex 5.26172 2.31692 3.38
      vertex 5.20366 2.18877 3.38
    endloop
  endfacet
  facet normal 0.60063 -0.373508 0.70692
    outer loop
      vertex 6.36728 1.841 2.18
      vertex 5.40234 2.56048 3.38
      vertex 5.32804 2.441 3.38
    endloop
  endfacet
  facet normal 0.623782 -0.333408 0.70692
    outer loop
      vertex 6.36728 1.841 2.18
      vertex 5.32804 2.441 3.38
      vertex 5.26172 2.31692 3.38
    endloop
  endfacet
  facet normal 0.999465 0.0326948 0
    outer loop
      vertex 5.0446 -3.32462 3.4
      vertex 5.04 -3.184 3.38
      vertex 5.04 -3.184 3.4
    endloop
  endfacet
  facet normal 0.999465 0.0326948 0
    outer loop
      vertex 5.04 -3.184 3.38
      vertex 5.0446 -3.32462 3.4
      vertex 5.0446 -3.32462 3.38
    endloop
  endfacet
  facet normal 0.688819 0.160617 0.706916
    outer loop
      vertex 5.11326 -3.74046 3.38
      vertex 6.25825 -3.36934 2.18
      vertex 5.08131 -3.60344 3.38
    endloop
  endfacet
  facet normal 0.703888 0.0693281 0.706919
    outer loop
      vertex 5.05839 -3.46463 3.38
      vertex 6.24813 -3.308 2.18
      vertex 5.0446 -3.32462 3.38
    endloop
  endfacet
  facet normal 0.935908 0.352245 0
    outer loop
      vertex 5.20366 -4.00677 3.4
      vertex 5.1541 -3.87509 3.38
      vertex 5.1541 -3.87509 3.4
    endloop
  endfacet
  facet normal 0.935908 0.352245 0
    outer loop
      vertex 5.1541 -3.87509 3.38
      vertex 5.20366 -4.00677 3.4
      vertex 5.20366 -4.00677 3.38
    endloop
  endfacet
  facet normal 0.661993 0.249072 0.706915
    outer loop
      vertex 6.31231 -3.54755 2.18
      vertex 6.29042 -3.48937 2.18
      vertex 5.20366 -4.00677 3.38
    endloop
  endfacet
  facet normal 0.290268 0.956945 -0
    outer loop
      vertex 6.63354 -5.26074 3.38
      vertex 6.4989 -5.2199 3.4
      vertex 6.63354 -5.26074 3.4
    endloop
  endfacet
  facet normal 0.290268 0.956945 0
    outer loop
      vertex 6.4989 -5.2199 3.4
      vertex 6.63354 -5.26074 3.38
      vertex 6.4989 -5.2199 3.38
    endloop
  endfacet
  facet normal -0.0980187 0.995185 0
    outer loop
      vertex 7.47063 -5.31561 3.38
      vertex 7.33062 -5.3294 3.4
      vertex 7.47063 -5.31561 3.4
    endloop
  endfacet
  facet normal -0.0980187 0.995185 0
    outer loop
      vertex 7.33062 -5.3294 3.4
      vertex 7.47063 -5.31561 3.38
      vertex 7.33062 -5.3294 3.38
    endloop
  endfacet
  facet normal 0.881928 0.471385 0
    outer loop
      vertex 5.32804 -4.259 3.4
      vertex 5.26172 -4.13492 3.38
      vertex 5.26172 -4.13492 3.4
    endloop
  endfacet
  facet normal 0.881928 0.471385 0
    outer loop
      vertex 5.26172 -4.13492 3.38
      vertex 5.32804 -4.259 3.4
      vertex 5.32804 -4.259 3.38
    endloop
  endfacet
  facet normal 0.634398 0.773006 -0
    outer loop
      vertex 5.88116 -4.88971 3.38
      vertex 5.77241 -4.80046 3.4
      vertex 5.88116 -4.88971 3.4
    endloop
  endfacet
  facet normal 0.634398 0.773006 0
    outer loop
      vertex 5.77241 -4.80046 3.4
      vertex 5.88116 -4.88971 3.38
      vertex 5.77241 -4.80046 3.38
    endloop
  endfacet
  facet normal 0.773006 0.634398 0
    outer loop
      vertex 5.57354 -4.60159 3.4
      vertex 5.48429 -4.49284 3.38
      vertex 5.48429 -4.49284 3.4
    endloop
  endfacet
  facet normal 0.773006 0.634398 0
    outer loop
      vertex 5.48429 -4.49284 3.38
      vertex 5.57354 -4.60159 3.4
      vertex 5.57354 -4.60159 3.38
    endloop
  endfacet
  facet normal 0.0326948 0.999465 -0
    outer loop
      vertex 7.19 -5.334 3.38
      vertex 7.04938 -5.3294 3.4
      vertex 7.19 -5.334 3.4
    endloop
  endfacet
  facet normal 0.0326948 0.999465 0
    outer loop
      vertex 7.04938 -5.3294 3.4
      vertex 7.19 -5.334 3.38
      vertex 7.04938 -5.3294 3.38
    endloop
  endfacet
  facet normal 0.412683 0.910875 -0
    outer loop
      vertex 6.36723 -5.17034 3.38
      vertex 6.23908 -5.11228 3.4
      vertex 6.36723 -5.17034 3.4
    endloop
  endfacet
  facet normal 0.412683 0.910875 0
    outer loop
      vertex 6.23908 -5.11228 3.4
      vertex 6.36723 -5.17034 3.38
      vertex 6.23908 -5.11228 3.38
    endloop
  endfacet
  facet normal 0.52803 0.849226 -0
    outer loop
      vertex 6.115 -5.04595 3.38
      vertex 5.99552 -4.97166 3.4
      vertex 6.115 -5.04595 3.4
    endloop
  endfacet
  facet normal 0.52803 0.849226 0
    outer loop
      vertex 5.99552 -4.97166 3.4
      vertex 6.115 -5.04595 3.38
      vertex 5.99552 -4.97166 3.38
    endloop
  endfacet
  facet normal -0.411987 0.574921 0.706917
    outer loop
      vertex 8.38448 -4.97166 3.38
      vertex 8.49884 -4.88971 3.38
      vertex 7.71779 -3.9739 2.18
    endloop
  endfacet
  facet normal -0.373474 0.600655 0.706917
    outer loop
      vertex 8.265 -5.04595 3.38
      vertex 8.38448 -4.97166 3.38
      vertex 7.71779 -3.9739 2.18
    endloop
  endfacet
  facet normal -0.697865 0.115135 0.706915
    outer loop
      vertex 9.29869 -3.60344 3.38
      vertex 8.13187 -3.308 2.18
      vertex 8.12175 -3.36934 2.18
    endloop
  endfacet
  facet normal -0.115227 0.697846 0.706919
    outer loop
      vertex 7.47063 -5.31561 3.38
      vertex 7.60944 -5.29269 3.38
      vertex 7.314 -4.12587 2.18
    endloop
  endfacet
  facet normal -0.0693281 0.703888 0.706919
    outer loop
      vertex 7.33062 -5.3294 3.38
      vertex 7.47063 -5.31561 3.38
      vertex 7.314 -4.12587 2.18
    endloop
  endfacet
  facet normal 0.373474 0.600655 0.706917
    outer loop
      vertex 6.115 -5.04595 3.38
      vertex 6.66221 -3.9739 2.18
      vertex 5.99552 -4.97166 3.38
    endloop
  endfacet
  facet normal 0.333488 -0.62374 0.706919
    outer loop
      vertex 6.715 2.18872 2.18
      vertex 6.76982 2.21803 2.18
      vertex 6.115 3.22795 3.38
    endloop
  endfacet
  facet normal 0.373473 -0.600654 0.706918
    outer loop
      vertex 6.715 2.18872 2.18
      vertex 6.115 3.22795 3.38
      vertex 5.99552 3.15366 3.38
    endloop
  endfacet
  facet normal 0.291919 -0.644246 0.706916
    outer loop
      vertex 6.76982 2.21803 2.18
      vertex 6.82645 2.24369 2.18
      vertex 6.36723 3.35234 3.38
    endloop
  endfacet
  facet normal 0.249072 -0.661993 0.706915
    outer loop
      vertex 6.82645 2.24369 2.18
      vertex 6.88463 2.26558 2.18
      vertex 6.36723 3.35234 3.38
    endloop
  endfacet
  facet normal 0.0326948 -0.999465 0
    outer loop
      vertex 7.04938 3.5114 3.38
      vertex 7.19 3.516 3.4
      vertex 7.04938 3.5114 3.4
    endloop
  endfacet
  facet normal 0.0326948 -0.999465 0
    outer loop
      vertex 7.19 3.516 3.4
      vertex 7.04938 3.5114 3.38
      vertex 7.19 3.516 3.38
    endloop
  endfacet
  facet normal 0.160654 -0.688809 0.706918
    outer loop
      vertex 6.94412 2.28363 2.18
      vertex 7.00466 2.29775 2.18
      vertex 6.63354 3.44274 3.38
    endloop
  endfacet
  facet normal 0.205305 -0.676844 0.706917
    outer loop
      vertex 6.94412 2.28363 2.18
      vertex 6.63354 3.44274 3.38
      vertex 6.4989 3.4019 3.38
    endloop
  endfacet
  facet normal 0.162912 -0.986641 0
    outer loop
      vertex 6.77056 3.47469 3.38
      vertex 6.90937 3.49761 3.4
      vertex 6.77056 3.47469 3.4
    endloop
  endfacet
  facet normal 0.162912 -0.986641 0
    outer loop
      vertex 6.90937 3.49761 3.4
      vertex 6.77056 3.47469 3.38
      vertex 6.90937 3.49761 3.38
    endloop
  endfacet
  facet normal 0.0693282 -0.70389 0.706917
    outer loop
      vertex 7.12787 2.31397 2.18
      vertex 7.04938 3.5114 3.38
      vertex 6.90937 3.49761 3.38
    endloop
  endfacet
  facet normal 0.0693983 -0.70388 0.70692
    outer loop
      vertex 7.066 2.30787 2.18
      vertex 7.12787 2.31397 2.18
      vertex 6.90937 3.49761 3.38
    endloop
  endfacet
  facet normal 0.115227 -0.697848 0.706917
    outer loop
      vertex 7.00466 2.29775 2.18
      vertex 6.90937 3.49761 3.38
      vertex 6.77056 3.47469 3.38
    endloop
  endfacet
  facet normal 0.115134 -0.697859 0.70692
    outer loop
      vertex 7.00466 2.29775 2.18
      vertex 7.066 2.30787 2.18
      vertex 6.90937 3.49761 3.38
    endloop
  endfacet
  facet normal 0.729863 -0.683594 0
    outer loop
      vertex 5.57354 2.78359 3.4
      vertex 5.66972 2.88628 3.38
      vertex 5.66972 2.88628 3.4
    endloop
  endfacet
  facet normal 0.729863 -0.683594 0
    outer loop
      vertex 5.66972 2.88628 3.38
      vertex 5.57354 2.78359 3.4
      vertex 5.57354 2.78359 3.38
    endloop
  endfacet
  facet normal 0.634398 -0.773006 0
    outer loop
      vertex 5.77241 2.98246 3.38
      vertex 5.88116 3.07171 3.4
      vertex 5.77241 2.98246 3.4
    endloop
  endfacet
  facet normal 0.634398 -0.773006 0
    outer loop
      vertex 5.88116 3.07171 3.4
      vertex 5.77241 2.98246 3.38
      vertex 5.88116 3.07171 3.38
    endloop
  endfacet
  facet normal 0.70692 -0.0230975 0.706917
    outer loop
      vertex 6.24 1.366 2.18
      vertex 6.24203 1.42813 2.18
      vertex 5.0446 1.50662 3.38
    endloop
  endfacet
  facet normal 0.703884 -0.0693987 0.706916
    outer loop
      vertex 6.24203 1.42813 2.18
      vertex 6.24813 1.49 2.18
      vertex 5.0446 1.50662 3.38
    endloop
  endfacet
  facet normal 0.849194 -0.528081 0
    outer loop
      vertex 5.32804 2.441 3.4
      vertex 5.40234 2.56048 3.38
      vertex 5.40234 2.56048 3.4
    endloop
  endfacet
  facet normal 0.849194 -0.528081 0
    outer loop
      vertex 5.40234 2.56048 3.38
      vertex 5.32804 2.441 3.4
      vertex 5.32804 2.441 3.38
    endloop
  endfacet
  facet normal 0.881928 -0.471385 0
    outer loop
      vertex 5.26172 2.31692 3.4
      vertex 5.32804 2.441 3.38
      vertex 5.32804 2.441 3.4
    endloop
  endfacet
  facet normal 0.881928 -0.471385 0
    outer loop
      vertex 5.32804 2.441 3.38
      vertex 5.26172 2.31692 3.4
      vertex 5.26172 2.31692 3.38
    endloop
  endfacet
  facet normal 0.986641 0.162912 0
    outer loop
      vertex 5.08131 -3.60344 3.4
      vertex 5.05839 -3.46463 3.38
      vertex 5.05839 -3.46463 3.4
    endloop
  endfacet
  facet normal 0.986641 0.162912 0
    outer loop
      vertex 5.05839 -3.46463 3.38
      vertex 5.08131 -3.60344 3.4
      vertex 5.08131 -3.60344 3.38
    endloop
  endfacet
  facet normal 0.703884 0.0693987 0.706916
    outer loop
      vertex 6.24813 -3.308 2.18
      vertex 6.24203 -3.24613 2.18
      vertex 5.0446 -3.32462 3.38
    endloop
  endfacet
  facet normal 0.70692 0.0230975 0.706917
    outer loop
      vertex 6.24203 -3.24613 2.18
      vertex 6.24 -3.184 2.18
      vertex 5.0446 -3.32462 3.38
    endloop
  endfacet
  facet normal 0.956939 0.290288 0
    outer loop
      vertex 5.1541 -3.87509 3.4
      vertex 5.11326 -3.74046 3.38
      vertex 5.11326 -3.74046 3.4
    endloop
  endfacet
  facet normal 0.956939 0.290288 0
    outer loop
      vertex 5.11326 -3.74046 3.38
      vertex 5.1541 -3.87509 3.4
      vertex 5.1541 -3.87509 3.38
    endloop
  endfacet
  facet normal 0.676829 0.205358 0.706916
    outer loop
      vertex 6.29042 -3.48937 2.18
      vertex 6.27237 -3.42988 2.18
      vertex 5.11326 -3.74046 3.38
    endloop
  endfacet
  facet normal -0.333441 0.623766 0.706918
    outer loop
      vertex 8.265 -5.04595 3.38
      vertex 7.665 -4.00672 2.18
      vertex 7.61017 -4.03603 2.18
    endloop
  endfacet
  facet normal -0.448691 0.546757 0.706918
    outer loop
      vertex 8.49884 -4.88971 3.38
      vertex 7.81638 -3.89825 2.18
      vertex 7.76832 -3.93769 2.18
    endloop
  endfacet
  facet normal -0.411989 0.574919 0.706918
    outer loop
      vertex 8.49884 -4.88971 3.38
      vertex 7.76832 -3.93769 2.18
      vertex 7.71779 -3.9739 2.18
    endloop
  endfacet
  facet normal -0.706918 0.0231249 0.706918
    outer loop
      vertex 9.3354 -3.32462 3.38
      vertex 9.34 -3.184 3.38
      vertex 8.14 -3.184 2.18
    endloop
  endfacet
  facet normal -0.70692 0.0230975 0.706917
    outer loop
      vertex 9.3354 -3.32462 3.38
      vertex 8.14 -3.184 2.18
      vertex 8.13797 -3.24613 2.18
    endloop
  endfacet
  facet normal -0.48354 0.516193 0.706919
    outer loop
      vertex 8.71028 -4.70428 3.38
      vertex 7.86175 -3.85575 2.18
      vertex 7.81638 -3.89825 2.18
    endloop
  endfacet
  facet normal -0.160617 0.688819 0.706916
    outer loop
      vertex 7.60944 -5.29269 3.38
      vertex 7.74646 -5.26074 3.38
      vertex 7.37534 -4.11575 2.18
    endloop
  endfacet
  facet normal -0.115135 0.697865 0.706915
    outer loop
      vertex 7.60944 -5.29269 3.38
      vertex 7.37534 -4.11575 2.18
      vertex 7.314 -4.12587 2.18
    endloop
  endfacet
  facet normal 0.448708 0.546745 0.706917
    outer loop
      vertex 5.88116 -4.88971 3.38
      vertex 6.56362 -3.89825 2.18
      vertex 5.77241 -4.80046 3.38
    endloop
  endfacet
  facet normal 0.483503 0.51623 0.706917
    outer loop
      vertex 5.77241 -4.80046 3.38
      vertex 6.56362 -3.89825 2.18
      vertex 5.66972 -4.70428 3.38
    endloop
  endfacet
  facet normal 0.205305 0.676844 0.706917
    outer loop
      vertex 6.63354 -5.26074 3.38
      vertex 6.94412 -4.10163 2.18
      vertex 6.4989 -5.2199 3.38
    endloop
  endfacet
  facet normal 0.47144 -0.881898 0
    outer loop
      vertex 6.115 3.22795 3.38
      vertex 6.23908 3.29428 3.4
      vertex 6.115 3.22795 3.4
    endloop
  endfacet
  facet normal 0.47144 -0.881898 0
    outer loop
      vertex 6.23908 3.29428 3.4
      vertex 6.115 3.22795 3.38
      vertex 6.23908 3.29428 3.38
    endloop
  endfacet
  facet normal 0.291889 -0.644258 0.706917
    outer loop
      vertex 6.76982 2.21803 2.18
      vertex 6.36723 3.35234 3.38
      vertex 6.23908 3.29428 3.38
    endloop
  endfacet
  facet normal 0.333448 -0.623764 0.706917
    outer loop
      vertex 6.76982 2.21803 2.18
      vertex 6.23908 3.29428 3.38
      vertex 6.115 3.22795 3.38
    endloop
  endfacet
  facet normal 0.290268 -0.956945 0
    outer loop
      vertex 6.4989 3.4019 3.38
      vertex 6.63354 3.44274 3.4
      vertex 6.4989 3.4019 3.4
    endloop
  endfacet
  facet normal 0.290268 -0.956945 0
    outer loop
      vertex 6.63354 3.44274 3.4
      vertex 6.4989 3.4019 3.38
      vertex 6.63354 3.44274 3.38
    endloop
  endfacet
  facet normal 0.582481 -0.812844 0
    outer loop
      vertex 5.88116 3.07171 3.38
      vertex 5.99552 3.15366 3.4
      vertex 5.88116 3.07171 3.4
    endloop
  endfacet
  facet normal 0.582481 -0.812844 0
    outer loop
      vertex 5.99552 3.15366 3.4
      vertex 5.88116 3.07171 3.38
      vertex 5.99552 3.15366 3.38
    endloop
  endfacet
  facet normal 0.697848 0.115227 0.706917
    outer loop
      vertex 5.08131 -3.60344 3.38
      vertex 6.25825 -3.36934 2.18
      vertex 5.05839 -3.46463 3.38
    endloop
  endfacet
  facet normal -0.29196 0.644224 0.70692
    outer loop
      vertex 8.14092 -5.11228 3.38
      vertex 7.61017 -4.03603 2.18
      vertex 7.55355 -4.06169 2.18
    endloop
  endfacet
  facet normal -0.373443 0.600672 0.706918
    outer loop
      vertex 8.265 -5.04595 3.38
      vertex 7.71779 -3.9739 2.18
      vertex 7.665 -4.00672 2.18
    endloop
  endfacet
  facet normal -0.688818 0.160617 0.706917
    outer loop
      vertex 9.26674 -3.74046 3.38
      vertex 9.29869 -3.60344 3.38
      vertex 8.10763 -3.42988 2.18
    endloop
  endfacet
  facet normal -0.623763 0.333448 0.706918
    outer loop
      vertex 9.05195 -4.259 3.38
      vertex 9.11828 -4.13492 3.38
      vertex 8.01272 -3.659 2.18
    endloop
  endfacet
  facet normal 0.48354 0.516193 0.706919
    outer loop
      vertex 6.56362 -3.89825 2.18
      vertex 6.51825 -3.85575 2.18
      vertex 5.66972 -4.70428 3.38
    endloop
  endfacet
  facet normal 0.448691 0.546757 0.706918
    outer loop
      vertex 6.61168 -3.93769 2.18
      vertex 6.56362 -3.89825 2.18
      vertex 5.88116 -4.88971 3.38
    endloop
  endfacet
  facet normal 0.24907 0.661988 0.70692
    outer loop
      vertex 6.88463 -4.08358 2.18
      vertex 6.82645 -4.06169 2.18
      vertex 6.4989 -5.2199 3.38
    endloop
  endfacet
  facet normal 0.0231249 0.706918 0.706918
    outer loop
      vertex 7.19 -5.334 3.38
      vertex 7.19 -4.134 2.18
      vertex 7.04938 -5.3294 3.38
    endloop
  endfacet
  facet normal -0.249071 0.661989 0.706919
    outer loop
      vertex 7.88109 -5.2199 3.38
      vertex 7.55355 -4.06169 2.18
      vertex 7.49537 -4.08358 2.18
    endloop
  endfacet
  facet normal -0.546757 0.448691 0.706918
    outer loop
      vertex 8.89571 -4.49284 3.38
      vertex 7.94369 -3.76232 2.18
      vertex 7.90425 -3.81038 2.18
    endloop
  endfacet
  facet normal -0.661989 0.249071 0.706919
    outer loop
      vertex 9.2259 -3.87509 3.38
      vertex 8.08958 -3.48937 2.18
      vertex 8.06769 -3.54755 2.18
    endloop
  endfacet
  facet normal 0.574921 0.411987 0.706918
    outer loop
      vertex 5.48429 -4.49284 3.38
      vertex 6.43631 -3.76232 2.18
      vertex 5.40234 -4.37848 3.38
    endloop
  endfacet
  facet normal 0.623766 0.333441 0.706918
    outer loop
      vertex 6.36728 -3.659 2.18
      vertex 6.33797 -3.60417 2.18
      vertex 5.26172 -4.13492 3.38
    endloop
  endfacet
  facet normal 0.29189 0.644259 0.706916
    outer loop
      vertex 6.36723 -5.17034 3.38
      vertex 6.82645 -4.06169 2.18
      vertex 6.23908 -5.11228 3.38
    endloop
  endfacet
  facet normal 0.249158 0.661959 0.706916
    outer loop
      vertex 6.4989 -5.2199 3.38
      vertex 6.82645 -4.06169 2.18
      vertex 6.36723 -5.17034 3.38
    endloop
  endfacet
  facet normal 0.291918 0.644245 0.706918
    outer loop
      vertex 6.82645 -4.06169 2.18
      vertex 6.76982 -4.03603 2.18
      vertex 6.23908 -5.11228 3.38
    endloop
  endfacet
  facet normal 0.205357 0.676826 0.706919
    outer loop
      vertex 6.94412 -4.10163 2.18
      vertex 6.88463 -4.08358 2.18
      vertex 6.4989 -5.2199 3.38
    endloop
  endfacet
  facet normal -0.0230975 0.70692 0.706917
    outer loop
      vertex 7.33062 -5.3294 3.38
      vertex 7.25213 -4.13197 2.18
      vertex 7.19 -4.134 2.18
    endloop
  endfacet
  facet normal 0.115135 0.697865 0.706915
    outer loop
      vertex 7.066 -4.12587 2.18
      vertex 7.00466 -4.11575 2.18
      vertex 6.77056 -5.29269 3.38
    endloop
  endfacet
  facet normal 0.160617 0.688819 0.706916
    outer loop
      vertex 6.77056 -5.29269 3.38
      vertex 7.00466 -4.11575 2.18
      vertex 6.63354 -5.26074 3.38
    endloop
  endfacet
  facet normal -0.546721 0.448739 0.706915
    outer loop
      vertex 8.80645 -4.60159 3.38
      vertex 8.89571 -4.49284 3.38
      vertex 7.90425 -3.81038 2.18
    endloop
  endfacet
  facet normal -0.516256 0.483478 0.706915
    outer loop
      vertex 8.71028 -4.70428 3.38
      vertex 8.80645 -4.60159 3.38
      vertex 7.90425 -3.81038 2.18
    endloop
  endfacet
  facet normal -0.600674 0.373444 0.706916
    outer loop
      vertex 8.97766 -4.37848 3.38
      vertex 8.01272 -3.659 2.18
      vertex 7.9799 -3.71179 2.18
    endloop
  endfacet
  facet normal -0.661965 0.249142 0.706916
    outer loop
      vertex 9.17634 -4.00677 3.38
      vertex 9.2259 -3.87509 3.38
      vertex 8.06769 -3.54755 2.18
    endloop
  endfacet
  facet normal -0.644259 0.29189 0.706916
    outer loop
      vertex 9.11828 -4.13492 3.38
      vertex 9.17634 -4.00677 3.38
      vertex 8.06769 -3.54755 2.18
    endloop
  endfacet
  facet normal -0.676829 0.205358 0.706916
    outer loop
      vertex 9.26674 -3.74046 3.38
      vertex 8.10763 -3.42988 2.18
      vertex 8.08958 -3.48937 2.18
    endloop
  endfacet
  facet normal 0.574919 0.41199 0.706917
    outer loop
      vertex 6.43631 -3.76232 2.18
      vertex 6.4001 -3.71179 2.18
      vertex 5.40234 -4.37848 3.38
    endloop
  endfacet
  facet normal 0.60063 0.373508 0.70692
    outer loop
      vertex 5.40234 -4.37848 3.38
      vertex 6.36728 -3.659 2.18
      vertex 5.32804 -4.259 3.38
    endloop
  endfacet
  facet normal 0.516195 0.483542 0.706916
    outer loop
      vertex 6.51825 -3.85575 2.18
      vertex 6.47575 -3.81038 2.18
      vertex 5.57354 -4.60159 3.38
    endloop
  endfacet
  facet normal 0.333488 0.62374 0.706919
    outer loop
      vertex 6.76982 -4.03603 2.18
      vertex 6.715 -4.00672 2.18
      vertex 6.115 -5.04595 3.38
    endloop
  endfacet
  facet normal 0.373443 0.600672 0.706918
    outer loop
      vertex 6.715 -4.00672 2.18
      vertex 6.66221 -3.9739 2.18
      vertex 6.115 -5.04595 3.38
    endloop
  endfacet
  facet normal 0.0230975 0.70692 0.706917
    outer loop
      vertex 7.19 -4.134 2.18
      vertex 7.12787 -4.13197 2.18
      vertex 7.04938 -5.3294 3.38
    endloop
  endfacet
  facet normal 0.0693987 0.703884 0.706916
    outer loop
      vertex 7.12787 -4.13197 2.18
      vertex 7.066 -4.12587 2.18
      vertex 7.04938 -5.3294 3.38
    endloop
  endfacet
  facet normal -0.516193 0.48354 0.706919
    outer loop
      vertex 8.71028 -4.70428 3.38
      vertex 7.90425 -3.81038 2.18
      vertex 7.86175 -3.85575 2.18
    endloop
  endfacet
  facet normal -0.644224 0.29196 0.70692
    outer loop
      vertex 9.11828 -4.13492 3.38
      vertex 8.06769 -3.54755 2.18
      vertex 8.04203 -3.60417 2.18
    endloop
  endfacet
  facet normal -0.688811 0.160654 0.706915
    outer loop
      vertex 9.29869 -3.60344 3.38
      vertex 8.12175 -3.36934 2.18
      vertex 8.10763 -3.42988 2.18
    endloop
  endfacet
  facet normal 0.644224 0.29196 0.70692
    outer loop
      vertex 6.33797 -3.60417 2.18
      vertex 6.31231 -3.54755 2.18
      vertex 5.26172 -4.13492 3.38
    endloop
  endfacet
  facet normal 0.600674 0.373444 0.706916
    outer loop
      vertex 6.4001 -3.71179 2.18
      vertex 6.36728 -3.659 2.18
      vertex 5.40234 -4.37848 3.38
    endloop
  endfacet
  facet normal 0.290342 -0.956923 0
    outer loop
      vertex 6.88463 2.26558 1
      vertex 6.94412 2.28363 2.18
      vertex 6.88463 2.26558 2.18
    endloop
  endfacet
  facet normal 0.290342 -0.956923 0
    outer loop
      vertex 6.94412 2.28363 2.18
      vertex 6.88463 2.26558 1
      vertex 6.94412 2.28363 1
    endloop
  endfacet
  facet normal -0.412785 0.910829 0
    outer loop
      vertex 7.61017 -4.03603 1
      vertex 7.55355 -4.06169 2.18
      vertex 7.61017 -4.03603 2.18
    endloop
  endfacet
  facet normal -0.412785 0.910829 0
    outer loop
      vertex 7.55355 -4.06169 2.18
      vertex 7.61017 -4.03603 1
      vertex 7.55355 -4.06169 1
    endloop
  endfacet
  facet normal -0.973863 0.227138 0
    outer loop
      vertex 8.10763 -3.42988 1
      vertex 8.12175 -3.36934 2.18
      vertex 8.12175 -3.36934 1
    endloop
  endfacet
  facet normal -0.973863 0.227138 0
    outer loop
      vertex 8.12175 -3.36934 2.18
      vertex 8.10763 -3.42988 1
      vertex 8.10763 -3.42988 2.18
    endloop
  endfacet
  facet normal -0.986662 0.162782 0
    outer loop
      vertex 8.12175 -3.36934 1
      vertex 8.13187 -3.308 2.18
      vertex 8.13187 -3.308 1
    endloop
  endfacet
  facet normal -0.986662 0.162782 0
    outer loop
      vertex 8.13187 -3.308 2.18
      vertex 8.12175 -3.36934 1
      vertex 8.12175 -3.36934 2.18
    endloop
  endfacet
  facet normal -0.910829 -0.412785 0
    outer loop
      vertex 8.06769 1.72955 1
      vertex 8.04203 1.78617 2.18
      vertex 8.04203 1.78617 1
    endloop
  endfacet
  facet normal -0.910829 -0.412785 0
    outer loop
      vertex 8.04203 1.78617 2.18
      vertex 8.06769 1.72955 1
      vertex 8.06769 1.72955 2.18
    endloop
  endfacet
  facet normal -0.471431 -0.881903 0
    outer loop
      vertex 7.61017 2.21803 1
      vertex 7.665 2.18872 2.18
      vertex 7.61017 2.21803 2.18
    endloop
  endfacet
  facet normal -0.471431 -0.881903 -0
    outer loop
      vertex 7.665 2.18872 2.18
      vertex 7.61017 2.21803 1
      vertex 7.665 2.18872 1
    endloop
  endfacet
  facet normal -1 0 0
    outer loop
      vertex 8.14 -3.184 1
      vertex 8.14 1.366 2.18
      vertex 8.14 1.366 1
    endloop
  endfacet
  facet normal -1 -0 0
    outer loop
      vertex 8.14 1.366 2.18
      vertex 8.14 -3.184 1
      vertex 8.14 -3.184 2.18
    endloop
  endfacet
  facet normal -0.973863 -0.227138 0
    outer loop
      vertex 8.12175 1.55134 1
      vertex 8.10763 1.61188 2.18
      vertex 8.10763 1.61188 1
    endloop
  endfacet
  facet normal -0.973863 -0.227138 0
    outer loop
      vertex 8.10763 1.61188 2.18
      vertex 8.12175 1.55134 1
      vertex 8.12175 1.55134 2.18
    endloop
  endfacet
  facet normal -0.812841 -0.582485 0
    outer loop
      vertex 7.9799 1.89379 1
      vertex 7.94369 1.94432 2.18
      vertex 7.94369 1.94432 1
    endloop
  endfacet
  facet normal -0.812841 -0.582485 0
    outer loop
      vertex 7.94369 1.94432 2.18
      vertex 7.9799 1.89379 1
      vertex 7.9799 1.89379 2.18
    endloop
  endfacet
  facet normal 0.227138 -0.973863 0
    outer loop
      vertex 6.94412 2.28363 1
      vertex 7.00466 2.29775 2.18
      vertex 6.94412 2.28363 2.18
    endloop
  endfacet
  facet normal 0.227138 -0.973863 0
    outer loop
      vertex 7.00466 2.29775 2.18
      vertex 6.94412 2.28363 1
      vertex 7.00466 2.29775 1
    endloop
  endfacet
  facet normal -0.162782 -0.986662 0
    outer loop
      vertex 7.314 2.30787 1
      vertex 7.37534 2.29775 2.18
      vertex 7.314 2.30787 2.18
    endloop
  endfacet
  facet normal -0.162782 -0.986662 -0
    outer loop
      vertex 7.37534 2.29775 2.18
      vertex 7.314 2.30787 1
      vertex 7.37534 2.29775 1
    endloop
  endfacet
  facet normal 0.986662 0.162782 0
    outer loop
      vertex 6.25825 -3.36934 2.18
      vertex 6.24813 -3.308 1
      vertex 6.24813 -3.308 2.18
    endloop
  endfacet
  facet normal 0.986662 0.162782 0
    outer loop
      vertex 6.24813 -3.308 1
      vertex 6.25825 -3.36934 2.18
      vertex 6.25825 -3.36934 1
    endloop
  endfacet
  facet normal -0.956923 0.290342 0
    outer loop
      vertex 8.08958 -3.48937 1
      vertex 8.10763 -3.42988 2.18
      vertex 8.10763 -3.42988 1
    endloop
  endfacet
  facet normal -0.956923 0.290342 0
    outer loop
      vertex 8.10763 -3.42988 2.18
      vertex 8.08958 -3.48937 1
      vertex 8.08958 -3.48937 2.18
    endloop
  endfacet
  facet normal -0.956923 -0.290342 0
    outer loop
      vertex 8.10763 1.61188 1
      vertex 8.08958 1.67137 2.18
      vertex 8.08958 1.67137 1
    endloop
  endfacet
  facet normal -0.956923 -0.290342 0
    outer loop
      vertex 8.08958 1.67137 2.18
      vertex 8.10763 1.61188 1
      vertex 8.10763 1.61188 2.18
    endloop
  endfacet
  facet normal -0.935945 -0.352146 0
    outer loop
      vertex 8.08958 1.67137 1
      vertex 8.06769 1.72955 2.18
      vertex 8.06769 1.72955 1
    endloop
  endfacet
  facet normal -0.935945 -0.352146 0
    outer loop
      vertex 8.06769 1.72955 2.18
      vertex 8.08958 1.67137 1
      vertex 8.08958 1.67137 2.18
    endloop
  endfacet
  facet normal -0.881903 -0.471431 0
    outer loop
      vertex 8.04203 1.78617 1
      vertex 8.01272 1.841 2.18
      vertex 8.01272 1.841 1
    endloop
  endfacet
  facet normal -0.881903 -0.471431 0
    outer loop
      vertex 8.01272 1.841 2.18
      vertex 8.04203 1.78617 1
      vertex 8.04203 1.78617 2.18
    endloop
  endfacet
  facet normal -0.634376 -0.773025 0
    outer loop
      vertex 7.76832 2.11969 1
      vertex 7.81638 2.08025 2.18
      vertex 7.76832 2.11969 2.18
    endloop
  endfacet
  facet normal -0.634376 -0.773025 -0
    outer loop
      vertex 7.81638 2.08025 2.18
      vertex 7.76832 2.11969 1
      vertex 7.81638 2.08025 1
    endloop
  endfacet
  facet normal -0.773025 -0.634376 0
    outer loop
      vertex 7.94369 1.94432 1
      vertex 7.90425 1.99238 2.18
      vertex 7.90425 1.99238 1
    endloop
  endfacet
  facet normal -0.773025 -0.634376 0
    outer loop
      vertex 7.90425 1.99238 2.18
      vertex 7.94369 1.94432 1
      vertex 7.94369 1.94432 2.18
    endloop
  endfacet
  facet normal -0.729813 -0.683647 0
    outer loop
      vertex 7.90425 1.99238 1
      vertex 7.86175 2.03775 2.18
      vertex 7.86175 2.03775 1
    endloop
  endfacet
  facet normal -0.729813 -0.683647 0
    outer loop
      vertex 7.86175 2.03775 2.18
      vertex 7.90425 1.99238 1
      vertex 7.90425 1.99238 2.18
    endloop
  endfacet
  facet normal -0.0981181 -0.995175 0
    outer loop
      vertex 7.25213 2.31397 1
      vertex 7.314 2.30787 2.18
      vertex 7.25213 2.31397 2.18
    endloop
  endfacet
  facet normal -0.0981181 -0.995175 -0
    outer loop
      vertex 7.314 2.30787 2.18
      vertex 7.25213 2.31397 1
      vertex 7.314 2.30787 1
    endloop
  endfacet
  facet normal 0.0981181 -0.995175 0
    outer loop
      vertex 7.066 2.30787 1
      vertex 7.12787 2.31397 2.18
      vertex 7.066 2.30787 2.18
    endloop
  endfacet
  facet normal 0.0981181 -0.995175 0
    outer loop
      vertex 7.12787 2.31397 2.18
      vertex 7.066 2.30787 1
      vertex 7.12787 2.31397 1
    endloop
  endfacet
  facet normal 0.162782 -0.986662 0
    outer loop
      vertex 7.00466 2.29775 1
      vertex 7.066 2.30787 2.18
      vertex 7.00466 2.29775 2.18
    endloop
  endfacet
  facet normal 0.162782 -0.986662 0
    outer loop
      vertex 7.066 2.30787 2.18
      vertex 7.00466 2.29775 1
      vertex 7.066 2.30787 1
    endloop
  endfacet
  facet normal -0.352146 -0.935945 0
    outer loop
      vertex 7.49537 2.26558 1
      vertex 7.55355 2.24369 2.18
      vertex 7.49537 2.26558 2.18
    endloop
  endfacet
  facet normal -0.352146 -0.935945 -0
    outer loop
      vertex 7.55355 2.24369 2.18
      vertex 7.49537 2.26558 1
      vertex 7.55355 2.24369 1
    endloop
  endfacet
  facet normal -0.412785 -0.910829 0
    outer loop
      vertex 7.55355 2.24369 1
      vertex 7.61017 2.21803 2.18
      vertex 7.55355 2.24369 2.18
    endloop
  endfacet
  facet normal -0.412785 -0.910829 -0
    outer loop
      vertex 7.61017 2.21803 2.18
      vertex 7.55355 2.24369 1
      vertex 7.61017 2.21803 1
    endloop
  endfacet
  facet normal 0.683647 -0.729813 0
    outer loop
      vertex 6.51825 2.03775 1
      vertex 6.56362 2.08025 2.18
      vertex 6.51825 2.03775 2.18
    endloop
  endfacet
  facet normal 0.683647 -0.729813 0
    outer loop
      vertex 6.56362 2.08025 2.18
      vertex 6.51825 2.03775 1
      vertex 6.56362 2.08025 1
    endloop
  endfacet
  facet normal 1 -0 0
    outer loop
      vertex 6.24 -3.184 2.18
      vertex 6.24 1.366 1
      vertex 6.24 1.366 2.18
    endloop
  endfacet
  facet normal 1 0 0
    outer loop
      vertex 6.24 1.366 1
      vertex 6.24 -3.184 2.18
      vertex 6.24 -3.184 1
    endloop
  endfacet
  facet normal 0.683647 0.729813 -0
    outer loop
      vertex 6.56362 -3.89825 1
      vertex 6.51825 -3.85575 2.18
      vertex 6.56362 -3.89825 2.18
    endloop
  endfacet
  facet normal 0.683647 0.729813 0
    outer loop
      vertex 6.51825 -3.85575 2.18
      vertex 6.56362 -3.89825 1
      vertex 6.51825 -3.85575 1
    endloop
  endfacet
  facet normal -0.582485 0.812841 0
    outer loop
      vertex 7.76832 -3.93769 1
      vertex 7.71779 -3.9739 2.18
      vertex 7.76832 -3.93769 2.18
    endloop
  endfacet
  facet normal -0.582485 0.812841 0
    outer loop
      vertex 7.71779 -3.9739 2.18
      vertex 7.76832 -3.93769 1
      vertex 7.71779 -3.9739 1
    endloop
  endfacet
  facet normal -0.729813 0.683647 0
    outer loop
      vertex 7.86175 -3.85575 1
      vertex 7.90425 -3.81038 2.18
      vertex 7.90425 -3.81038 1
    endloop
  endfacet
  facet normal -0.729813 0.683647 0
    outer loop
      vertex 7.90425 -3.81038 2.18
      vertex 7.86175 -3.85575 1
      vertex 7.86175 -3.85575 2.18
    endloop
  endfacet
  facet normal -0.227138 0.973863 0
    outer loop
      vertex 7.43588 -4.10163 1
      vertex 7.37534 -4.11575 2.18
      vertex 7.43588 -4.10163 2.18
    endloop
  endfacet
  facet normal -0.227138 0.973863 0
    outer loop
      vertex 7.37534 -4.11575 2.18
      vertex 7.43588 -4.10163 1
      vertex 7.37534 -4.11575 1
    endloop
  endfacet
  facet normal -0.352146 0.935945 0
    outer loop
      vertex 7.55355 -4.06169 1
      vertex 7.49537 -4.08358 2.18
      vertex 7.55355 -4.06169 2.18
    endloop
  endfacet
  facet normal -0.352146 0.935945 0
    outer loop
      vertex 7.49537 -4.08358 2.18
      vertex 7.55355 -4.06169 1
      vertex 7.49537 -4.08358 1
    endloop
  endfacet
  facet normal -0.995175 0.0981181 0
    outer loop
      vertex 8.13187 -3.308 1
      vertex 8.13797 -3.24613 2.18
      vertex 8.13797 -3.24613 1
    endloop
  endfacet
  facet normal -0.995175 0.0981181 0
    outer loop
      vertex 8.13797 -3.24613 2.18
      vertex 8.13187 -3.308 1
      vertex 8.13187 -3.308 2.18
    endloop
  endfacet
  facet normal -0.999467 0.032656 0
    outer loop
      vertex 8.13797 -3.24613 1
      vertex 8.14 -3.184 2.18
      vertex 8.14 -3.184 1
    endloop
  endfacet
  facet normal -0.999467 0.032656 0
    outer loop
      vertex 8.14 -3.184 2.18
      vertex 8.13797 -3.24613 1
      vertex 8.13797 -3.24613 2.18
    endloop
  endfacet
  facet normal -0.999467 -0.032656 0
    outer loop
      vertex 8.14 1.366 1
      vertex 8.13797 1.42813 2.18
      vertex 8.13797 1.42813 1
    endloop
  endfacet
  facet normal -0.999467 -0.032656 0
    outer loop
      vertex 8.13797 1.42813 2.18
      vertex 8.14 1.366 1
      vertex 8.14 1.366 2.18
    endloop
  endfacet
  facet normal -0.995175 -0.0981181 0
    outer loop
      vertex 8.13797 1.42813 1
      vertex 8.13187 1.49 2.18
      vertex 8.13187 1.49 1
    endloop
  endfacet
  facet normal -0.995175 -0.0981181 0
    outer loop
      vertex 8.13187 1.49 2.18
      vertex 8.13797 1.42813 1
      vertex 8.13797 1.42813 2.18
    endloop
  endfacet
  facet normal -0.849252 -0.527987 0
    outer loop
      vertex 8.01272 1.841 1
      vertex 7.9799 1.89379 2.18
      vertex 7.9799 1.89379 1
    endloop
  endfacet
  facet normal -0.849252 -0.527987 0
    outer loop
      vertex 7.9799 1.89379 2.18
      vertex 8.01272 1.841 1
      vertex 8.01272 1.841 2.18
    endloop
  endfacet
  facet normal -0.683647 -0.729813 0
    outer loop
      vertex 7.81638 2.08025 1
      vertex 7.86175 2.03775 2.18
      vertex 7.81638 2.08025 2.18
    endloop
  endfacet
  facet normal -0.683647 -0.729813 -0
    outer loop
      vertex 7.86175 2.03775 2.18
      vertex 7.81638 2.08025 1
      vertex 7.86175 2.03775 1
    endloop
  endfacet
  facet normal -0.032656 -0.999467 0
    outer loop
      vertex 7.19 2.316 1
      vertex 7.25213 2.31397 2.18
      vertex 7.19 2.316 2.18
    endloop
  endfacet
  facet normal -0.032656 -0.999467 -0
    outer loop
      vertex 7.25213 2.31397 2.18
      vertex 7.19 2.316 1
      vertex 7.25213 2.31397 1
    endloop
  endfacet
  facet normal 0.032656 -0.999467 0
    outer loop
      vertex 7.12787 2.31397 1
      vertex 7.19 2.316 2.18
      vertex 7.12787 2.31397 2.18
    endloop
  endfacet
  facet normal 0.032656 -0.999467 0
    outer loop
      vertex 7.19 2.316 2.18
      vertex 7.12787 2.31397 1
      vertex 7.19 2.316 1
    endloop
  endfacet
  facet normal -0.290342 -0.956923 0
    outer loop
      vertex 7.43588 2.28363 1
      vertex 7.49537 2.26558 2.18
      vertex 7.43588 2.28363 2.18
    endloop
  endfacet
  facet normal -0.290342 -0.956923 -0
    outer loop
      vertex 7.49537 2.26558 2.18
      vertex 7.43588 2.28363 1
      vertex 7.49537 2.26558 1
    endloop
  endfacet
  facet normal -0.227138 -0.973863 0
    outer loop
      vertex 7.37534 2.29775 1
      vertex 7.43588 2.28363 2.18
      vertex 7.37534 2.29775 2.18
    endloop
  endfacet
  facet normal -0.227138 -0.973863 -0
    outer loop
      vertex 7.43588 2.28363 2.18
      vertex 7.37534 2.29775 1
      vertex 7.43588 2.28363 1
    endloop
  endfacet
  facet normal -0.582485 -0.812841 0
    outer loop
      vertex 7.71779 2.1559 1
      vertex 7.76832 2.11969 2.18
      vertex 7.71779 2.1559 2.18
    endloop
  endfacet
  facet normal -0.582485 -0.812841 -0
    outer loop
      vertex 7.76832 2.11969 2.18
      vertex 7.71779 2.1559 1
      vertex 7.76832 2.11969 1
    endloop
  endfacet
  facet normal -0.527987 -0.849252 0
    outer loop
      vertex 7.665 2.18872 1
      vertex 7.71779 2.1559 2.18
      vertex 7.665 2.18872 2.18
    endloop
  endfacet
  facet normal -0.527987 -0.849252 -0
    outer loop
      vertex 7.71779 2.1559 2.18
      vertex 7.665 2.18872 1
      vertex 7.71779 2.1559 1
    endloop
  endfacet
  facet normal 0.352146 -0.935945 0
    outer loop
      vertex 6.82645 2.24369 1
      vertex 6.88463 2.26558 2.18
      vertex 6.82645 2.24369 2.18
    endloop
  endfacet
  facet normal 0.352146 -0.935945 0
    outer loop
      vertex 6.88463 2.26558 2.18
      vertex 6.82645 2.24369 1
      vertex 6.88463 2.26558 1
    endloop
  endfacet
  facet normal 0.471498 -0.881867 0
    outer loop
      vertex 6.715 2.18872 1
      vertex 6.76982 2.21803 2.18
      vertex 6.715 2.18872 2.18
    endloop
  endfacet
  facet normal 0.471498 -0.881867 0
    outer loop
      vertex 6.76982 2.21803 2.18
      vertex 6.715 2.18872 1
      vertex 6.76982 2.21803 1
    endloop
  endfacet
  facet normal 0.935945 -0.352146 0
    outer loop
      vertex 6.29042 1.67137 2.18
      vertex 6.31231 1.72955 1
      vertex 6.31231 1.72955 2.18
    endloop
  endfacet
  facet normal 0.935945 -0.352146 0
    outer loop
      vertex 6.31231 1.72955 1
      vertex 6.29042 1.67137 2.18
      vertex 6.29042 1.67137 1
    endloop
  endfacet
  facet normal 0.956923 -0.290342 0
    outer loop
      vertex 6.27237 1.61188 2.18
      vertex 6.29042 1.67137 1
      vertex 6.29042 1.67137 2.18
    endloop
  endfacet
  facet normal 0.956923 -0.290342 0
    outer loop
      vertex 6.29042 1.67137 1
      vertex 6.27237 1.61188 2.18
      vertex 6.27237 1.61188 1
    endloop
  endfacet
  facet normal 0.995175 -0.0981181 0
    outer loop
      vertex 6.24203 1.42813 2.18
      vertex 6.24813 1.49 1
      vertex 6.24813 1.49 2.18
    endloop
  endfacet
  facet normal 0.995175 -0.0981181 0
    outer loop
      vertex 6.24813 1.49 1
      vertex 6.24203 1.42813 2.18
      vertex 6.24203 1.42813 1
    endloop
  endfacet
  facet normal 0.162782 0.986662 -0
    outer loop
      vertex 7.066 -4.12587 1
      vertex 7.00466 -4.11575 2.18
      vertex 7.066 -4.12587 2.18
    endloop
  endfacet
  facet normal 0.162782 0.986662 0
    outer loop
      vertex 7.00466 -4.11575 2.18
      vertex 7.066 -4.12587 1
      vertex 7.00466 -4.11575 1
    endloop
  endfacet
  facet normal 0.412724 0.910856 -0
    outer loop
      vertex 6.82645 -4.06169 1
      vertex 6.76982 -4.03603 2.18
      vertex 6.82645 -4.06169 2.18
    endloop
  endfacet
  facet normal 0.412724 0.910856 0
    outer loop
      vertex 6.76982 -4.03603 2.18
      vertex 6.82645 -4.06169 1
      vertex 6.76982 -4.03603 1
    endloop
  endfacet
  facet normal 0.881903 0.471431 0
    outer loop
      vertex 6.36728 -3.659 2.18
      vertex 6.33797 -3.60417 1
      vertex 6.33797 -3.60417 2.18
    endloop
  endfacet
  facet normal 0.881903 0.471431 0
    outer loop
      vertex 6.33797 -3.60417 1
      vertex 6.36728 -3.659 2.18
      vertex 6.36728 -3.659 1
    endloop
  endfacet
  facet normal -0.849252 0.527987 0
    outer loop
      vertex 7.9799 -3.71179 1
      vertex 8.01272 -3.659 2.18
      vertex 8.01272 -3.659 1
    endloop
  endfacet
  facet normal -0.849252 0.527987 0
    outer loop
      vertex 8.01272 -3.659 2.18
      vertex 7.9799 -3.71179 1
      vertex 7.9799 -3.71179 2.18
    endloop
  endfacet
  facet normal -0.910829 0.412785 0
    outer loop
      vertex 8.04203 -3.60417 1
      vertex 8.06769 -3.54755 2.18
      vertex 8.06769 -3.54755 1
    endloop
  endfacet
  facet normal -0.910829 0.412785 0
    outer loop
      vertex 8.06769 -3.54755 2.18
      vertex 8.04203 -3.60417 1
      vertex 8.04203 -3.60417 2.18
    endloop
  endfacet
  facet normal -0.935945 0.352146 0
    outer loop
      vertex 8.06769 -3.54755 1
      vertex 8.08958 -3.48937 2.18
      vertex 8.08958 -3.48937 1
    endloop
  endfacet
  facet normal -0.935945 0.352146 0
    outer loop
      vertex 8.08958 -3.48937 2.18
      vertex 8.06769 -3.54755 1
      vertex 8.06769 -3.54755 2.18
    endloop
  endfacet
  facet normal -0.986662 -0.162782 0
    outer loop
      vertex 8.13187 1.49 1
      vertex 8.12175 1.55134 2.18
      vertex 8.12175 1.55134 1
    endloop
  endfacet
  facet normal -0.986662 -0.162782 0
    outer loop
      vertex 8.12175 1.55134 2.18
      vertex 8.13187 1.49 1
      vertex 8.13187 1.49 2.18
    endloop
  endfacet
  facet normal 0.412724 -0.910856 0
    outer loop
      vertex 6.76982 2.21803 1
      vertex 6.82645 2.24369 2.18
      vertex 6.76982 2.21803 2.18
    endloop
  endfacet
  facet normal 0.412724 -0.910856 0
    outer loop
      vertex 6.82645 2.24369 2.18
      vertex 6.76982 2.21803 1
      vertex 6.82645 2.24369 1
    endloop
  endfacet
  facet normal 0.582485 -0.812841 0
    outer loop
      vertex 6.61168 2.11969 1
      vertex 6.66221 2.1559 2.18
      vertex 6.61168 2.11969 2.18
    endloop
  endfacet
  facet normal 0.582485 -0.812841 0
    outer loop
      vertex 6.66221 2.1559 2.18
      vertex 6.61168 2.11969 1
      vertex 6.66221 2.1559 1
    endloop
  endfacet
  facet normal 0.773025 -0.634376 0
    outer loop
      vertex 6.43631 1.94432 2.18
      vertex 6.47575 1.99238 1
      vertex 6.47575 1.99238 2.18
    endloop
  endfacet
  facet normal 0.773025 -0.634376 0
    outer loop
      vertex 6.47575 1.99238 1
      vertex 6.43631 1.94432 2.18
      vertex 6.43631 1.94432 1
    endloop
  endfacet
  facet normal 0.910829 -0.412785 0
    outer loop
      vertex 6.31231 1.72955 2.18
      vertex 6.33797 1.78617 1
      vertex 6.33797 1.78617 2.18
    endloop
  endfacet
  facet normal 0.910829 -0.412785 0
    outer loop
      vertex 6.33797 1.78617 1
      vertex 6.31231 1.72955 2.18
      vertex 6.31231 1.72955 1
    endloop
  endfacet
  facet normal 0.999467 -0.032656 0
    outer loop
      vertex 6.24 1.366 2.18
      vertex 6.24203 1.42813 1
      vertex 6.24203 1.42813 2.18
    endloop
  endfacet
  facet normal 0.999467 -0.032656 0
    outer loop
      vertex 6.24203 1.42813 1
      vertex 6.24 1.366 2.18
      vertex 6.24 1.366 1
    endloop
  endfacet
  facet normal 0.999467 0.032656 0
    outer loop
      vertex 6.24203 -3.24613 2.18
      vertex 6.24 -3.184 1
      vertex 6.24 -3.184 2.18
    endloop
  endfacet
  facet normal 0.999467 0.032656 0
    outer loop
      vertex 6.24 -3.184 1
      vertex 6.24203 -3.24613 2.18
      vertex 6.24203 -3.24613 1
    endloop
  endfacet
  facet normal 0.995175 0.0981181 0
    outer loop
      vertex 6.24813 -3.308 2.18
      vertex 6.24203 -3.24613 1
      vertex 6.24203 -3.24613 2.18
    endloop
  endfacet
  facet normal 0.995175 0.0981181 0
    outer loop
      vertex 6.24203 -3.24613 1
      vertex 6.24813 -3.308 2.18
      vertex 6.24813 -3.308 1
    endloop
  endfacet
  facet normal 0.227138 0.973863 -0
    outer loop
      vertex 7.00466 -4.11575 1
      vertex 6.94412 -4.10163 2.18
      vertex 7.00466 -4.11575 2.18
    endloop
  endfacet
  facet normal 0.227138 0.973863 0
    outer loop
      vertex 6.94412 -4.10163 2.18
      vertex 7.00466 -4.11575 1
      vertex 6.94412 -4.10163 1
    endloop
  endfacet
  facet normal 0.352146 0.935945 -0
    outer loop
      vertex 6.88463 -4.08358 1
      vertex 6.82645 -4.06169 2.18
      vertex 6.88463 -4.08358 2.18
    endloop
  endfacet
  facet normal 0.352146 0.935945 0
    outer loop
      vertex 6.82645 -4.06169 2.18
      vertex 6.88463 -4.08358 1
      vertex 6.82645 -4.06169 1
    endloop
  endfacet
  facet normal 0.634376 0.773025 -0
    outer loop
      vertex 6.61168 -3.93769 1
      vertex 6.56362 -3.89825 2.18
      vertex 6.61168 -3.93769 2.18
    endloop
  endfacet
  facet normal 0.634376 0.773025 0
    outer loop
      vertex 6.56362 -3.89825 2.18
      vertex 6.61168 -3.93769 1
      vertex 6.56362 -3.89825 1
    endloop
  endfacet
  facet normal 0.527987 0.849252 -0
    outer loop
      vertex 6.715 -4.00672 1
      vertex 6.66221 -3.9739 2.18
      vertex 6.715 -4.00672 2.18
    endloop
  endfacet
  facet normal 0.527987 0.849252 0
    outer loop
      vertex 6.66221 -3.9739 2.18
      vertex 6.715 -4.00672 1
      vertex 6.66221 -3.9739 1
    endloop
  endfacet
  facet normal 0.471498 0.881867 -0
    outer loop
      vertex 6.76982 -4.03603 1
      vertex 6.715 -4.00672 2.18
      vertex 6.76982 -4.03603 2.18
    endloop
  endfacet
  facet normal 0.471498 0.881867 0
    outer loop
      vertex 6.715 -4.00672 2.18
      vertex 6.76982 -4.03603 1
      vertex 6.715 -4.00672 1
    endloop
  endfacet
  facet normal 0.973863 0.227138 0
    outer loop
      vertex 6.27237 -3.42988 2.18
      vertex 6.25825 -3.36934 1
      vertex 6.25825 -3.36934 2.18
    endloop
  endfacet
  facet normal 0.973863 0.227138 0
    outer loop
      vertex 6.25825 -3.36934 1
      vertex 6.27237 -3.42988 2.18
      vertex 6.27237 -3.42988 1
    endloop
  endfacet
  facet normal 0.935945 0.352146 0
    outer loop
      vertex 6.31231 -3.54755 2.18
      vertex 6.29042 -3.48937 1
      vertex 6.29042 -3.48937 2.18
    endloop
  endfacet
  facet normal 0.935945 0.352146 0
    outer loop
      vertex 6.29042 -3.48937 1
      vertex 6.31231 -3.54755 2.18
      vertex 6.31231 -3.54755 1
    endloop
  endfacet
  facet normal 0.910829 0.412785 0
    outer loop
      vertex 6.33797 -3.60417 2.18
      vertex 6.31231 -3.54755 1
      vertex 6.31231 -3.54755 2.18
    endloop
  endfacet
  facet normal 0.910829 0.412785 0
    outer loop
      vertex 6.31231 -3.54755 1
      vertex 6.33797 -3.60417 2.18
      vertex 6.33797 -3.60417 1
    endloop
  endfacet
  facet normal 0.849252 0.527987 0
    outer loop
      vertex 6.4001 -3.71179 2.18
      vertex 6.36728 -3.659 1
      vertex 6.36728 -3.659 2.18
    endloop
  endfacet
  facet normal 0.849252 0.527987 0
    outer loop
      vertex 6.36728 -3.659 1
      vertex 6.4001 -3.71179 2.18
      vertex 6.4001 -3.71179 1
    endloop
  endfacet
  facet normal 0.773025 0.634376 0
    outer loop
      vertex 6.47575 -3.81038 2.18
      vertex 6.43631 -3.76232 1
      vertex 6.43631 -3.76232 2.18
    endloop
  endfacet
  facet normal 0.773025 0.634376 0
    outer loop
      vertex 6.43631 -3.76232 1
      vertex 6.47575 -3.81038 2.18
      vertex 6.47575 -3.81038 1
    endloop
  endfacet
  facet normal 0.729813 0.683647 0
    outer loop
      vertex 6.51825 -3.85575 2.18
      vertex 6.47575 -3.81038 1
      vertex 6.47575 -3.81038 2.18
    endloop
  endfacet
  facet normal 0.729813 0.683647 0
    outer loop
      vertex 6.47575 -3.81038 1
      vertex 6.51825 -3.85575 2.18
      vertex 6.51825 -3.85575 1
    endloop
  endfacet
  facet normal -0.683647 0.729813 0
    outer loop
      vertex 7.86175 -3.85575 1
      vertex 7.81638 -3.89825 2.18
      vertex 7.86175 -3.85575 2.18
    endloop
  endfacet
  facet normal -0.683647 0.729813 0
    outer loop
      vertex 7.81638 -3.89825 2.18
      vertex 7.86175 -3.85575 1
      vertex 7.81638 -3.89825 1
    endloop
  endfacet
  facet normal -0.634376 0.773025 0
    outer loop
      vertex 7.81638 -3.89825 1
      vertex 7.76832 -3.93769 2.18
      vertex 7.81638 -3.89825 2.18
    endloop
  endfacet
  facet normal -0.634376 0.773025 0
    outer loop
      vertex 7.76832 -3.93769 2.18
      vertex 7.81638 -3.89825 1
      vertex 7.76832 -3.93769 1
    endloop
  endfacet
  facet normal -0.881903 0.471431 0
    outer loop
      vertex 8.01272 -3.659 1
      vertex 8.04203 -3.60417 2.18
      vertex 8.04203 -3.60417 1
    endloop
  endfacet
  facet normal -0.881903 0.471431 0
    outer loop
      vertex 8.04203 -3.60417 2.18
      vertex 8.01272 -3.659 1
      vertex 8.01272 -3.659 2.18
    endloop
  endfacet
  facet normal -0.773025 0.634376 0
    outer loop
      vertex 7.90425 -3.81038 1
      vertex 7.94369 -3.76232 2.18
      vertex 7.94369 -3.76232 1
    endloop
  endfacet
  facet normal -0.773025 0.634376 0
    outer loop
      vertex 7.94369 -3.76232 2.18
      vertex 7.90425 -3.81038 1
      vertex 7.90425 -3.81038 2.18
    endloop
  endfacet
  facet normal -0.812841 0.582485 0
    outer loop
      vertex 7.94369 -3.76232 1
      vertex 7.9799 -3.71179 2.18
      vertex 7.9799 -3.71179 1
    endloop
  endfacet
  facet normal -0.812841 0.582485 0
    outer loop
      vertex 7.9799 -3.71179 2.18
      vertex 7.94369 -3.76232 1
      vertex 7.94369 -3.76232 2.18
    endloop
  endfacet
  facet normal -0.290342 0.956923 0
    outer loop
      vertex 7.49537 -4.08358 1
      vertex 7.43588 -4.10163 2.18
      vertex 7.49537 -4.08358 2.18
    endloop
  endfacet
  facet normal -0.290342 0.956923 0
    outer loop
      vertex 7.43588 -4.10163 2.18
      vertex 7.49537 -4.08358 1
      vertex 7.43588 -4.10163 1
    endloop
  endfacet
  facet normal -0.032656 0.999467 0
    outer loop
      vertex 7.25213 -4.13197 1
      vertex 7.19 -4.134 2.18
      vertex 7.25213 -4.13197 2.18
    endloop
  endfacet
  facet normal -0.032656 0.999467 0
    outer loop
      vertex 7.19 -4.134 2.18
      vertex 7.25213 -4.13197 1
      vertex 7.19 -4.134 1
    endloop
  endfacet
  facet normal -0.0981181 0.995175 0
    outer loop
      vertex 7.314 -4.12587 1
      vertex 7.25213 -4.13197 2.18
      vertex 7.314 -4.12587 2.18
    endloop
  endfacet
  facet normal -0.0981181 0.995175 0
    outer loop
      vertex 7.25213 -4.13197 2.18
      vertex 7.314 -4.12587 1
      vertex 7.25213 -4.13197 1
    endloop
  endfacet
  facet normal -0.471431 0.881903 0
    outer loop
      vertex 7.665 -4.00672 1
      vertex 7.61017 -4.03603 2.18
      vertex 7.665 -4.00672 2.18
    endloop
  endfacet
  facet normal -0.471431 0.881903 0
    outer loop
      vertex 7.61017 -4.03603 2.18
      vertex 7.665 -4.00672 1
      vertex 7.61017 -4.03603 1
    endloop
  endfacet
  facet normal -0.527987 0.849252 0
    outer loop
      vertex 7.71779 -3.9739 1
      vertex 7.665 -4.00672 2.18
      vertex 7.71779 -3.9739 2.18
    endloop
  endfacet
  facet normal -0.527987 0.849252 0
    outer loop
      vertex 7.665 -4.00672 2.18
      vertex 7.71779 -3.9739 1
      vertex 7.665 -4.00672 1
    endloop
  endfacet
  facet normal 0.527987 -0.849252 0
    outer loop
      vertex 6.66221 2.1559 1
      vertex 6.715 2.18872 2.18
      vertex 6.66221 2.1559 2.18
    endloop
  endfacet
  facet normal 0.527987 -0.849252 0
    outer loop
      vertex 6.715 2.18872 2.18
      vertex 6.66221 2.1559 1
      vertex 6.715 2.18872 1
    endloop
  endfacet
  facet normal 0.634376 -0.773025 0
    outer loop
      vertex 6.56362 2.08025 1
      vertex 6.61168 2.11969 2.18
      vertex 6.56362 2.08025 2.18
    endloop
  endfacet
  facet normal 0.634376 -0.773025 0
    outer loop
      vertex 6.61168 2.11969 2.18
      vertex 6.56362 2.08025 1
      vertex 6.61168 2.11969 1
    endloop
  endfacet
  facet normal 0.849252 -0.527987 0
    outer loop
      vertex 6.36728 1.841 2.18
      vertex 6.4001 1.89379 1
      vertex 6.4001 1.89379 2.18
    endloop
  endfacet
  facet normal 0.849252 -0.527987 0
    outer loop
      vertex 6.4001 1.89379 1
      vertex 6.36728 1.841 2.18
      vertex 6.36728 1.841 1
    endloop
  endfacet
  facet normal 0.812841 -0.582485 0
    outer loop
      vertex 6.4001 1.89379 2.18
      vertex 6.43631 1.94432 1
      vertex 6.43631 1.94432 2.18
    endloop
  endfacet
  facet normal 0.812841 -0.582485 0
    outer loop
      vertex 6.43631 1.94432 1
      vertex 6.4001 1.89379 2.18
      vertex 6.4001 1.89379 1
    endloop
  endfacet
  facet normal 0.881903 -0.471431 0
    outer loop
      vertex 6.33797 1.78617 2.18
      vertex 6.36728 1.841 1
      vertex 6.36728 1.841 2.18
    endloop
  endfacet
  facet normal 0.881903 -0.471431 0
    outer loop
      vertex 6.36728 1.841 1
      vertex 6.33797 1.78617 2.18
      vertex 6.33797 1.78617 1
    endloop
  endfacet
  facet normal 0.290342 0.956923 -0
    outer loop
      vertex 6.94412 -4.10163 1
      vertex 6.88463 -4.08358 2.18
      vertex 6.94412 -4.10163 2.18
    endloop
  endfacet
  facet normal 0.290342 0.956923 0
    outer loop
      vertex 6.88463 -4.08358 2.18
      vertex 6.94412 -4.10163 1
      vertex 6.88463 -4.08358 1
    endloop
  endfacet
  facet normal 0.582485 0.812841 -0
    outer loop
      vertex 6.66221 -3.9739 1
      vertex 6.61168 -3.93769 2.18
      vertex 6.66221 -3.9739 2.18
    endloop
  endfacet
  facet normal 0.582485 0.812841 0
    outer loop
      vertex 6.61168 -3.93769 2.18
      vertex 6.66221 -3.9739 1
      vertex 6.61168 -3.93769 1
    endloop
  endfacet
  facet normal 0.956923 0.290342 0
    outer loop
      vertex 6.29042 -3.48937 2.18
      vertex 6.27237 -3.42988 1
      vertex 6.27237 -3.42988 2.18
    endloop
  endfacet
  facet normal 0.956923 0.290342 0
    outer loop
      vertex 6.27237 -3.42988 1
      vertex 6.29042 -3.48937 2.18
      vertex 6.29042 -3.48937 1
    endloop
  endfacet
  facet normal 0.812841 0.582485 0
    outer loop
      vertex 6.43631 -3.76232 2.18
      vertex 6.4001 -3.71179 1
      vertex 6.4001 -3.71179 2.18
    endloop
  endfacet
  facet normal 0.812841 0.582485 0
    outer loop
      vertex 6.4001 -3.71179 1
      vertex 6.43631 -3.76232 2.18
      vertex 6.43631 -3.76232 1
    endloop
  endfacet
  facet normal -0.162782 0.986662 0
    outer loop
      vertex 7.37534 -4.11575 1
      vertex 7.314 -4.12587 2.18
      vertex 7.37534 -4.11575 2.18
    endloop
  endfacet
  facet normal -0.162782 0.986662 0
    outer loop
      vertex 7.314 -4.12587 2.18
      vertex 7.37534 -4.11575 1
      vertex 7.314 -4.12587 1
    endloop
  endfacet
  facet normal 0.729813 -0.683647 0
    outer loop
      vertex 6.47575 1.99238 2.18
      vertex 6.51825 2.03775 1
      vertex 6.51825 2.03775 2.18
    endloop
  endfacet
  facet normal 0.729813 -0.683647 0
    outer loop
      vertex 6.51825 2.03775 1
      vertex 6.47575 1.99238 2.18
      vertex 6.47575 1.99238 1
    endloop
  endfacet
  facet normal 0.973863 -0.227138 0
    outer loop
      vertex 6.25825 1.55134 2.18
      vertex 6.27237 1.61188 1
      vertex 6.27237 1.61188 2.18
    endloop
  endfacet
  facet normal 0.973863 -0.227138 0
    outer loop
      vertex 6.27237 1.61188 1
      vertex 6.25825 1.55134 2.18
      vertex 6.25825 1.55134 1
    endloop
  endfacet
  facet normal 0.986662 -0.162782 0
    outer loop
      vertex 6.24813 1.49 2.18
      vertex 6.25825 1.55134 1
      vertex 6.25825 1.55134 2.18
    endloop
  endfacet
  facet normal 0.986662 -0.162782 0
    outer loop
      vertex 6.25825 1.55134 1
      vertex 6.24813 1.49 2.18
      vertex 6.24813 1.49 1
    endloop
  endfacet
  facet normal 0.0981181 0.995175 -0
    outer loop
      vertex 7.12787 -4.13197 1
      vertex 7.066 -4.12587 2.18
      vertex 7.12787 -4.13197 2.18
    endloop
  endfacet
  facet normal 0.0981181 0.995175 0
    outer loop
      vertex 7.066 -4.12587 2.18
      vertex 7.12787 -4.13197 1
      vertex 7.066 -4.12587 1
    endloop
  endfacet
  facet normal 0.032656 0.999467 -0
    outer loop
      vertex 7.19 -4.134 1
      vertex 7.12787 -4.13197 2.18
      vertex 7.19 -4.134 2.18
    endloop
  endfacet
  facet normal 0.032656 0.999467 0
    outer loop
      vertex 7.12787 -4.13197 2.18
      vertex 7.19 -4.134 1
      vertex 7.12787 -4.13197 1
    endloop
  endfacet
  facet normal 1 -0 0
    outer loop
      vertex -10.5 9.816 2
      vertex -10.5 17.316 1
      vertex -10.5 17.316 2
    endloop
  endfacet
  facet normal 1 0 0
    outer loop
      vertex -10.5 17.316 1
      vertex -10.5 9.816 2
      vertex -10.5 9.816 1
    endloop
  endfacet
  facet normal -1 0 0
    outer loop
      vertex 3.5 9.816 1
      vertex 3.5 17.316 2
      vertex 3.5 17.316 1
    endloop
  endfacet
  facet normal -1 -0 0
    outer loop
      vertex 3.5 17.316 2
      vertex 3.5 9.816 1
      vertex 3.5 9.816 2
    endloop
  endfacet
  facet normal 0 1 -0
    outer loop
      vertex 3.5 9.816 1
      vertex -10.5 9.816 2
      vertex 3.5 9.816 2
    endloop
  endfacet
  facet normal 0 1 0
    outer loop
      vertex -10.5 9.816 2
      vertex 3.5 9.816 1
      vertex -10.5 9.816 1
    endloop
  endfacet
  facet normal 0 0 -1
    outer loop
      vertex -10.5 9.816 2
      vertex 3.5 17.316 2
      vertex 3.5 9.816 2
    endloop
  endfacet
  facet normal -0 0 -1
    outer loop
      vertex 3.5 17.316 2
      vertex -10.5 9.816 2
      vertex -10.5 17.316 2
    endloop
  endfacet
  facet normal 0 -1 0
    outer loop
      vertex -10.5 17.316 1
      vertex 3.5 17.316 2
      vertex -10.5 17.316 2
    endloop
  endfacet
  facet normal 0 -1 -0
    outer loop
      vertex 3.5 17.316 2
      vertex -10.5 17.316 1
      vertex 3.5 17.316 1
    endloop
  endfacet
endsolid OpenSCAD_Model
