solid OpenSCAD_Model
  facet normal 0.999435 0 -0.0336201
    outer loop
      vertex 10.911 -5.579 6.41
      vertex 10.9099 -2.579 6.3773
      vertex 10.911 -2.579 6.41
    endloop
  endfacet
  facet normal 0.999435 0 -0.0336201
    outer loop
      vertex 10.9099 -2.579 6.3773
      vertex 10.911 -5.579 6.41
      vertex 10.9099 -5.579 6.3773
    endloop
  endfacet
  facet normal -0.0327042 0 -0.999465
    outer loop
      vertex 10.3783 -5.579 5.91107
      vertex 10.411 -2.579 5.91
      vertex 10.411 -5.579 5.91
    endloop
  endfacet
  facet normal -0.0327042 0 -0.999465
    outer loop
      vertex 10.411 -2.579 5.91
      vertex 10.3783 -5.579 5.91107
      vertex 10.3783 -2.579 5.91107
    endloop
  endfacet
  facet normal 0.683352 0 -0.730089
    outer loop
      vertex 10.7407 -5.579 6.03408
      vertex 10.7646 -2.579 6.05645
      vertex 10.7646 -5.579 6.05645
    endloop
  endfacet
  facet normal 0.683352 0 -0.730089
    outer loop
      vertex 10.7646 -2.579 6.05645
      vertex 10.7407 -5.579 6.03408
      vertex 10.7407 -2.579 6.03408
    endloop
  endfacet
  facet normal -0.412086 0 -0.911145
    outer loop
      vertex 10.1933 -5.579 5.96
      vertex 10.2197 -2.579 5.94806
      vertex 10.2197 -5.579 5.94806
    endloop
  endfacet
  facet normal -0.412086 0 -0.911145
    outer loop
      vertex 10.2197 -2.579 5.94806
      vertex 10.1933 -5.579 5.96
      vertex 10.1933 -2.579 5.96
    endloop
  endfacet
  facet normal 0.910889 0 -0.412651
    outer loop
      vertex 10.8729 -5.579 6.21866
      vertex 10.8594 -2.579 6.18886
      vertex 10.8729 -2.579 6.21866
    endloop
  endfacet
  facet normal 0.910889 0 -0.412651
    outer loop
      vertex 10.8594 -2.579 6.18886
      vertex 10.8729 -5.579 6.21866
      vertex 10.8594 -5.579 6.18886
    endloop
  endfacet
  facet normal 0.352598 0 -0.935775
    outer loop
      vertex 10.5717 -5.579 5.93653
      vertex 10.6023 -2.579 5.94806
      vertex 10.6023 -5.579 5.94806
    endloop
  endfacet
  facet normal 0.352598 0 -0.935775
    outer loop
      vertex 10.6023 -2.579 5.94806
      vertex 10.5717 -5.579 5.93653
      vertex 10.5717 -2.579 5.93653
    endloop
  endfacet
  facet normal 0.52769 0 -0.849437
    outer loop
      vertex 10.661 -5.579 5.97699
      vertex 10.6888 -2.579 5.99426
      vertex 10.6888 -5.579 5.99426
    endloop
  endfacet
  facet normal 0.52769 0 -0.849437
    outer loop
      vertex 10.6888 -2.579 5.99426
      vertex 10.661 -5.579 5.97699
      vertex 10.661 -2.579 5.97699
    endloop
  endfacet
  facet normal -0.226844 0 -0.973931
    outer loop
      vertex 10.2816 -5.579 5.92704
      vertex 10.3135 -2.579 5.91961
      vertex 10.3135 -5.579 5.91961
    endloop
  endfacet
  facet normal -0.226844 0 -0.973931
    outer loop
      vertex 10.3135 -2.579 5.91961
      vertex 10.2816 -5.579 5.92704
      vertex 10.2816 -2.579 5.92704
    endloop
  endfacet
  facet normal 0 -1 0
    outer loop
      vertex 10.661 -5.579 6.84301
      vertex 10.7154 -5.579 6.80668
      vertex 10.6888 -5.579 6.82573
    endloop
  endfacet
  facet normal 0 -1 0
    outer loop
      vertex 10.661 -5.579 6.84301
      vertex 10.7407 -5.579 6.78592
      vertex 10.7154 -5.579 6.80668
    endloop
  endfacet
  facet normal 0 -1 0
    outer loop
      vertex 10.661 -5.579 6.84301
      vertex 10.7646 -5.579 6.76355
      vertex 10.7407 -5.579 6.78592
    endloop
  endfacet
  facet normal 0 -1 0
    outer loop
      vertex 10.661 -5.579 6.84301
      vertex 10.7869 -5.579 6.73967
      vertex 10.7646 -5.579 6.76355
    endloop
  endfacet
  facet normal 0 -1 0
    outer loop
      vertex 10.661 -5.579 6.84301
      vertex 10.8077 -5.579 6.71438
      vertex 10.7869 -5.579 6.73967
    endloop
  endfacet
  facet normal 0 -1 0
    outer loop
      vertex 10.661 -5.579 6.84301
      vertex 10.8267 -5.579 6.68778
      vertex 10.8077 -5.579 6.71438
    endloop
  endfacet
  facet normal 0 -1 0
    outer loop
      vertex 10.661 -5.579 6.84301
      vertex 10.844 -5.579 6.66
      vertex 10.8267 -5.579 6.68778
    endloop
  endfacet
  facet normal 0 -1 0
    outer loop
      vertex 10.661 -5.579 6.84301
      vertex 10.8594 -5.579 6.63114
      vertex 10.844 -5.579 6.66
    endloop
  endfacet
  facet normal 0 -1 0
    outer loop
      vertex 10.661 -5.579 6.84301
      vertex 10.8729 -5.579 6.60134
      vertex 10.8594 -5.579 6.63114
    endloop
  endfacet
  facet normal 0 -1 0
    outer loop
      vertex 10.661 -5.579 6.84301
      vertex 10.8845 -5.579 6.57072
      vertex 10.8729 -5.579 6.60134
    endloop
  endfacet
  facet normal 0 -1 0
    outer loop
      vertex 10.661 -5.579 6.84301
      vertex 10.894 -5.579 6.53941
      vertex 10.8845 -5.579 6.57072
    endloop
  endfacet
  facet normal 0 -1 0
    outer loop
      vertex 10.661 -5.579 6.84301
      vertex 10.9014 -5.579 6.50754
      vertex 10.894 -5.579 6.53941
    endloop
  endfacet
  facet normal 0 -1 0
    outer loop
      vertex 10.661 -5.579 6.84301
      vertex 10.9067 -5.579 6.47526
      vertex 10.9014 -5.579 6.50754
    endloop
  endfacet
  facet normal 0 -1 0
    outer loop
      vertex 10.661 -5.579 6.84301
      vertex 10.9099 -5.579 6.4427
      vertex 10.9067 -5.579 6.47526
    endloop
  endfacet
  facet normal 0 -1 0
    outer loop
      vertex 10.661 -5.579 6.84301
      vertex 10.911 -5.579 6.41
      vertex 10.9099 -5.579 6.4427
    endloop
  endfacet
  facet normal 0 -1 0
    outer loop
      vertex 10.661 -5.579 6.84301
      vertex 10.9099 -5.579 6.3773
      vertex 10.911 -5.579 6.41
    endloop
  endfacet
  facet normal 0 -1 0
    outer loop
      vertex 10.661 -5.579 6.84301
      vertex 10.9067 -5.579 6.34474
      vertex 10.9099 -5.579 6.3773
    endloop
  endfacet
  facet normal 0 -1 0
    outer loop
      vertex 10.661 -5.579 6.84301
      vertex 10.9014 -5.579 6.31245
      vertex 10.9067 -5.579 6.34474
    endloop
  endfacet
  facet normal 0 -1 0
    outer loop
      vertex 10.661 -5.579 6.84301
      vertex 10.894 -5.579 6.28059
      vertex 10.9014 -5.579 6.31245
    endloop
  endfacet
  facet normal 0 -1 0
    outer loop
      vertex 10.661 -5.579 6.84301
      vertex 10.8845 -5.579 6.24928
      vertex 10.894 -5.579 6.28059
    endloop
  endfacet
  facet normal 0 -1 0
    outer loop
      vertex 10.661 -5.579 6.84301
      vertex 10.8729 -5.579 6.21866
      vertex 10.8845 -5.579 6.24928
    endloop
  endfacet
  facet normal 0 -1 0
    outer loop
      vertex 10.661 -5.579 6.84301
      vertex 10.8594 -5.579 6.18886
      vertex 10.8729 -5.579 6.21866
    endloop
  endfacet
  facet normal 0 -1 0
    outer loop
      vertex 10.661 -5.579 6.84301
      vertex 10.844 -5.579 6.16
      vertex 10.8594 -5.579 6.18886
    endloop
  endfacet
  facet normal 0 -1 0
    outer loop
      vertex 10.661 -5.579 6.84301
      vertex 10.8267 -5.579 6.13221
      vertex 10.844 -5.579 6.16
    endloop
  endfacet
  facet normal 0 -1 0
    outer loop
      vertex 10.661 -5.579 6.84301
      vertex 10.8077 -5.579 6.10562
      vertex 10.8267 -5.579 6.13221
    endloop
  endfacet
  facet normal 0 -1 0
    outer loop
      vertex 10.661 -5.579 6.84301
      vertex 10.7869 -5.579 6.08033
      vertex 10.8077 -5.579 6.10562
    endloop
  endfacet
  facet normal 0 -1 0
    outer loop
      vertex 10.661 -5.579 6.84301
      vertex 10.7646 -5.579 6.05645
      vertex 10.7869 -5.579 6.08033
    endloop
  endfacet
  facet normal 0 -1 0
    outer loop
      vertex 10.661 -5.579 6.84301
      vertex 10.7407 -5.579 6.03408
      vertex 10.7646 -5.579 6.05645
    endloop
  endfacet
  facet normal 0 -1 0
    outer loop
      vertex 10.661 -5.579 6.84301
      vertex 10.7154 -5.579 6.01332
      vertex 10.7407 -5.579 6.03408
    endloop
  endfacet
  facet normal 0 -1 0
    outer loop
      vertex 10.661 -5.579 6.84301
      vertex 10.6888 -5.579 5.99426
      vertex 10.7154 -5.579 6.01332
    endloop
  endfacet
  facet normal -0 -1 0
    outer loop
      vertex 10.6888 -5.579 5.99426
      vertex 10.661 -5.579 6.84301
      vertex 10.661 -5.579 5.97699
    endloop
  endfacet
  facet normal 0 -1 0
    outer loop
      vertex 10.2197 -5.579 5.94806
      vertex 10.6287 -5.579 5.96
      vertex 10.1933 -5.579 5.96
    endloop
  endfacet
  facet normal 0 -1 0
    outer loop
      vertex 10.2197 -5.579 5.94806
      vertex 10.6023 -5.579 5.94806
      vertex 10.6287 -5.579 5.96
    endloop
  endfacet
  facet normal 0 -1 0
    outer loop
      vertex 10.2503 -5.579 5.93653
      vertex 10.6023 -5.579 5.94806
      vertex 10.2197 -5.579 5.94806
    endloop
  endfacet
  facet normal 0 -1 0
    outer loop
      vertex 10.2503 -5.579 5.93653
      vertex 10.5717 -5.579 5.93653
      vertex 10.6023 -5.579 5.94806
    endloop
  endfacet
  facet normal 0 -1 0
    outer loop
      vertex 10.2816 -5.579 5.92704
      vertex 10.5717 -5.579 5.93653
      vertex 10.2503 -5.579 5.93653
    endloop
  endfacet
  facet normal 0 -1 0
    outer loop
      vertex 10.2816 -5.579 5.92704
      vertex 10.5404 -5.579 5.92704
      vertex 10.5717 -5.579 5.93653
    endloop
  endfacet
  facet normal 0 -1 0
    outer loop
      vertex 10.3135 -5.579 5.91961
      vertex 10.5404 -5.579 5.92704
      vertex 10.2816 -5.579 5.92704
    endloop
  endfacet
  facet normal 0 -1 0
    outer loop
      vertex 10.3135 -5.579 5.91961
      vertex 10.5085 -5.579 5.91961
      vertex 10.5404 -5.579 5.92704
    endloop
  endfacet
  facet normal 0 -1 0
    outer loop
      vertex 10.3457 -5.579 5.91428
      vertex 10.5085 -5.579 5.91961
      vertex 10.3135 -5.579 5.91961
    endloop
  endfacet
  facet normal 0 -1 0
    outer loop
      vertex 10.3457 -5.579 5.91428
      vertex 10.4763 -5.579 5.91428
      vertex 10.5085 -5.579 5.91961
    endloop
  endfacet
  facet normal 0 -1 0
    outer loop
      vertex 10.3783 -5.579 5.91107
      vertex 10.4763 -5.579 5.91428
      vertex 10.3457 -5.579 5.91428
    endloop
  endfacet
  facet normal 0 -1 0
    outer loop
      vertex 10.3783 -5.579 5.91107
      vertex 10.4437 -5.579 5.91107
      vertex 10.4763 -5.579 5.91428
    endloop
  endfacet
  facet normal -0 -1 0
    outer loop
      vertex 10.4437 -5.579 5.91107
      vertex 10.3783 -5.579 5.91107
      vertex 10.411 -5.579 5.91
    endloop
  endfacet
  facet normal 0.974071 0 -0.226244
    outer loop
      vertex 10.9014 -5.579 6.31245
      vertex 10.894 -2.579 6.28059
      vertex 10.9014 -2.579 6.31245
    endloop
  endfacet
  facet normal 0.974071 0 -0.226244
    outer loop
      vertex 10.894 -2.579 6.28059
      vertex 10.9014 -5.579 6.31245
      vertex 10.894 -5.579 6.28059
    endloop
  endfacet
  facet normal 0.995205 0 -0.0978089
    outer loop
      vertex 10.9099 -5.579 6.3773
      vertex 10.9067 -2.579 6.34474
      vertex 10.9099 -2.579 6.3773
    endloop
  endfacet
  facet normal 0.995205 0 -0.0978089
    outer loop
      vertex 10.9067 -2.579 6.34474
      vertex 10.9099 -5.579 6.3773
      vertex 10.9067 -5.579 6.34474
    endloop
  endfacet
  facet normal 0.81363 0 -0.581383
    outer loop
      vertex 10.8267 -5.579 6.13221
      vertex 10.8077 -2.579 6.10562
      vertex 10.8267 -2.579 6.13221
    endloop
  endfacet
  facet normal 0.81363 0 -0.581383
    outer loop
      vertex 10.8077 -2.579 6.10562
      vertex 10.8267 -5.579 6.13221
      vertex 10.8077 -5.579 6.10562
    endloop
  endfacet
  facet normal 0.848941 0 -0.528488
    outer loop
      vertex 10.844 -5.579 6.16
      vertex 10.8267 -2.579 6.13221
      vertex 10.844 -2.579 6.16
    endloop
  endfacet
  facet normal 0.848941 0 -0.528488
    outer loop
      vertex 10.8267 -2.579 6.13221
      vertex 10.844 -5.579 6.16
      vertex 10.8267 -5.579 6.13221
    endloop
  endfacet
  facet normal 0.163306 0 -0.986575
    outer loop
      vertex 10.4763 -5.579 5.91428
      vertex 10.5085 -2.579 5.91961
      vertex 10.5085 -5.579 5.91961
    endloop
  endfacet
  facet normal 0.163306 0 -0.986575
    outer loop
      vertex 10.5085 -2.579 5.91961
      vertex 10.4763 -5.579 5.91428
      vertex 10.4763 -2.579 5.91428
    endloop
  endfacet
  facet normal 0.290152 0 -0.956981
    outer loop
      vertex 10.5404 -5.579 5.92704
      vertex 10.5717 -2.579 5.93653
      vertex 10.5717 -5.579 5.93653
    endloop
  endfacet
  facet normal 0.290152 0 -0.956981
    outer loop
      vertex 10.5717 -2.579 5.93653
      vertex 10.5404 -5.579 5.92704
      vertex 10.5404 -2.579 5.92704
    endloop
  endfacet
  facet normal 0.0979924 0 -0.995187
    outer loop
      vertex 10.4437 -5.579 5.91107
      vertex 10.4763 -2.579 5.91428
      vertex 10.4763 -5.579 5.91428
    endloop
  endfacet
  facet normal 0.0979924 0 -0.995187
    outer loop
      vertex 10.4763 -2.579 5.91428
      vertex 10.4437 -5.579 5.91107
      vertex 10.4437 -2.579 5.91107
    endloop
  endfacet
  facet normal 0.634335 0 -0.773058
    outer loop
      vertex 10.7154 -5.579 6.01332
      vertex 10.7407 -2.579 6.03408
      vertex 10.7407 -5.579 6.03408
    endloop
  endfacet
  facet normal 0.634335 0 -0.773058
    outer loop
      vertex 10.7407 -2.579 6.03408
      vertex 10.7154 -5.579 6.01332
      vertex 10.7154 -2.579 6.01332
    endloop
  endfacet
  facet normal 0 1 0
    outer loop
      vertex 10.7154 -2.579 6.80668
      vertex 10.661 -2.579 6.84301
      vertex 10.6888 -2.579 6.82573
    endloop
  endfacet
  facet normal 0 1 0
    outer loop
      vertex 10.7407 -2.579 6.78592
      vertex 10.661 -2.579 6.84301
      vertex 10.7154 -2.579 6.80668
    endloop
  endfacet
  facet normal 0 1 0
    outer loop
      vertex 10.7646 -2.579 6.76355
      vertex 10.661 -2.579 6.84301
      vertex 10.7407 -2.579 6.78592
    endloop
  endfacet
  facet normal 0 1 0
    outer loop
      vertex 10.7869 -2.579 6.73967
      vertex 10.661 -2.579 6.84301
      vertex 10.7646 -2.579 6.76355
    endloop
  endfacet
  facet normal 0 1 0
    outer loop
      vertex 10.8077 -2.579 6.71438
      vertex 10.661 -2.579 6.84301
      vertex 10.7869 -2.579 6.73967
    endloop
  endfacet
  facet normal 0 1 0
    outer loop
      vertex 10.8267 -2.579 6.68778
      vertex 10.661 -2.579 6.84301
      vertex 10.8077 -2.579 6.71438
    endloop
  endfacet
  facet normal 0 1 0
    outer loop
      vertex 10.844 -2.579 6.66
      vertex 10.661 -2.579 6.84301
      vertex 10.8267 -2.579 6.68778
    endloop
  endfacet
  facet normal 0 1 0
    outer loop
      vertex 10.8594 -2.579 6.63114
      vertex 10.661 -2.579 6.84301
      vertex 10.844 -2.579 6.66
    endloop
  endfacet
  facet normal 0 1 0
    outer loop
      vertex 10.8729 -2.579 6.60134
      vertex 10.661 -2.579 6.84301
      vertex 10.8594 -2.579 6.63114
    endloop
  endfacet
  facet normal 0 1 0
    outer loop
      vertex 10.8845 -2.579 6.57072
      vertex 10.661 -2.579 6.84301
      vertex 10.8729 -2.579 6.60134
    endloop
  endfacet
  facet normal 0 1 0
    outer loop
      vertex 10.894 -2.579 6.53941
      vertex 10.661 -2.579 6.84301
      vertex 10.8845 -2.579 6.57072
    endloop
  endfacet
  facet normal 0 1 0
    outer loop
      vertex 10.9014 -2.579 6.50754
      vertex 10.661 -2.579 6.84301
      vertex 10.894 -2.579 6.53941
    endloop
  endfacet
  facet normal 0 1 0
    outer loop
      vertex 10.9067 -2.579 6.47526
      vertex 10.661 -2.579 6.84301
      vertex 10.9014 -2.579 6.50754
    endloop
  endfacet
  facet normal 0 1 0
    outer loop
      vertex 10.9099 -2.579 6.4427
      vertex 10.661 -2.579 6.84301
      vertex 10.9067 -2.579 6.47526
    endloop
  endfacet
  facet normal 0 1 0
    outer loop
      vertex 10.911 -2.579 6.41
      vertex 10.661 -2.579 6.84301
      vertex 10.9099 -2.579 6.4427
    endloop
  endfacet
  facet normal 0 1 -0
    outer loop
      vertex 10.9099 -2.579 6.3773
      vertex 10.661 -2.579 6.84301
      vertex 10.911 -2.579 6.41
    endloop
  endfacet
  facet normal 0 1 -0
    outer loop
      vertex 10.9067 -2.579 6.34474
      vertex 10.661 -2.579 6.84301
      vertex 10.9099 -2.579 6.3773
    endloop
  endfacet
  facet normal 0 1 -0
    outer loop
      vertex 10.9014 -2.579 6.31245
      vertex 10.661 -2.579 6.84301
      vertex 10.9067 -2.579 6.34474
    endloop
  endfacet
  facet normal 0 1 -0
    outer loop
      vertex 10.894 -2.579 6.28059
      vertex 10.661 -2.579 6.84301
      vertex 10.9014 -2.579 6.31245
    endloop
  endfacet
  facet normal 0 1 -0
    outer loop
      vertex 10.8845 -2.579 6.24928
      vertex 10.661 -2.579 6.84301
      vertex 10.894 -2.579 6.28059
    endloop
  endfacet
  facet normal 0 1 -0
    outer loop
      vertex 10.8729 -2.579 6.21866
      vertex 10.661 -2.579 6.84301
      vertex 10.8845 -2.579 6.24928
    endloop
  endfacet
  facet normal 0 1 -0
    outer loop
      vertex 10.8594 -2.579 6.18886
      vertex 10.661 -2.579 6.84301
      vertex 10.8729 -2.579 6.21866
    endloop
  endfacet
  facet normal 0 1 -0
    outer loop
      vertex 10.844 -2.579 6.16
      vertex 10.661 -2.579 6.84301
      vertex 10.8594 -2.579 6.18886
    endloop
  endfacet
  facet normal 0 1 -0
    outer loop
      vertex 10.8267 -2.579 6.13221
      vertex 10.661 -2.579 6.84301
      vertex 10.844 -2.579 6.16
    endloop
  endfacet
  facet normal 0 1 -0
    outer loop
      vertex 10.8077 -2.579 6.10562
      vertex 10.661 -2.579 6.84301
      vertex 10.8267 -2.579 6.13221
    endloop
  endfacet
  facet normal 0 1 -0
    outer loop
      vertex 10.7869 -2.579 6.08033
      vertex 10.661 -2.579 6.84301
      vertex 10.8077 -2.579 6.10562
    endloop
  endfacet
  facet normal 0 1 -0
    outer loop
      vertex 10.7646 -2.579 6.05645
      vertex 10.661 -2.579 6.84301
      vertex 10.7869 -2.579 6.08033
    endloop
  endfacet
  facet normal 0 1 -0
    outer loop
      vertex 10.7407 -2.579 6.03408
      vertex 10.661 -2.579 6.84301
      vertex 10.7646 -2.579 6.05645
    endloop
  endfacet
  facet normal 0 1 -0
    outer loop
      vertex 10.7154 -2.579 6.01332
      vertex 10.661 -2.579 6.84301
      vertex 10.7407 -2.579 6.03408
    endloop
  endfacet
  facet normal 0 1 -0
    outer loop
      vertex 10.6888 -2.579 5.99426
      vertex 10.661 -2.579 6.84301
      vertex 10.7154 -2.579 6.01332
    endloop
  endfacet
  facet normal 0 1 0
    outer loop
      vertex 10.661 -2.579 6.84301
      vertex 10.6888 -2.579 5.99426
      vertex 10.661 -2.579 5.97699
    endloop
  endfacet
  facet normal 0 1 -0
    outer loop
      vertex 10.6023 -2.579 5.94806
      vertex 10.1933 -2.579 5.96
      vertex 10.6287 -2.579 5.96
    endloop
  endfacet
  facet normal 0 1 0
    outer loop
      vertex 10.6023 -2.579 5.94806
      vertex 10.2197 -2.579 5.94806
      vertex 10.1933 -2.579 5.96
    endloop
  endfacet
  facet normal 0 1 -0
    outer loop
      vertex 10.5717 -2.579 5.93653
      vertex 10.2197 -2.579 5.94806
      vertex 10.6023 -2.579 5.94806
    endloop
  endfacet
  facet normal 0 1 0
    outer loop
      vertex 10.5717 -2.579 5.93653
      vertex 10.2503 -2.579 5.93653
      vertex 10.2197 -2.579 5.94806
    endloop
  endfacet
  facet normal 0 1 -0
    outer loop
      vertex 10.5404 -2.579 5.92704
      vertex 10.2503 -2.579 5.93653
      vertex 10.5717 -2.579 5.93653
    endloop
  endfacet
  facet normal 0 1 0
    outer loop
      vertex 10.5404 -2.579 5.92704
      vertex 10.2816 -2.579 5.92704
      vertex 10.2503 -2.579 5.93653
    endloop
  endfacet
  facet normal 0 1 -0
    outer loop
      vertex 10.5085 -2.579 5.91961
      vertex 10.2816 -2.579 5.92704
      vertex 10.5404 -2.579 5.92704
    endloop
  endfacet
  facet normal 0 1 0
    outer loop
      vertex 10.5085 -2.579 5.91961
      vertex 10.3135 -2.579 5.91961
      vertex 10.2816 -2.579 5.92704
    endloop
  endfacet
  facet normal 0 1 -0
    outer loop
      vertex 10.4763 -2.579 5.91428
      vertex 10.3135 -2.579 5.91961
      vertex 10.5085 -2.579 5.91961
    endloop
  endfacet
  facet normal 0 1 0
    outer loop
      vertex 10.4763 -2.579 5.91428
      vertex 10.3457 -2.579 5.91428
      vertex 10.3135 -2.579 5.91961
    endloop
  endfacet
  facet normal 0 1 -0
    outer loop
      vertex 10.4437 -2.579 5.91107
      vertex 10.3457 -2.579 5.91428
      vertex 10.4763 -2.579 5.91428
    endloop
  endfacet
  facet normal 0 1 0
    outer loop
      vertex 10.4437 -2.579 5.91107
      vertex 10.3783 -2.579 5.91107
      vertex 10.3457 -2.579 5.91428
    endloop
  endfacet
  facet normal -0 1 0
    outer loop
      vertex 10.3783 -2.579 5.91107
      vertex 10.4437 -2.579 5.91107
      vertex 10.411 -2.579 5.91
    endloop
  endfacet
  facet normal -0.0979924 0 -0.995187
    outer loop
      vertex 10.3457 -5.579 5.91428
      vertex 10.3783 -2.579 5.91107
      vertex 10.3783 -5.579 5.91107
    endloop
  endfacet
  facet normal -0.0979924 0 -0.995187
    outer loop
      vertex 10.3783 -2.579 5.91107
      vertex 10.3457 -5.579 5.91428
      vertex 10.3457 -2.579 5.91428
    endloop
  endfacet
  facet normal 0.772336 -0 0.635215
    outer loop
      vertex 10.7869 -5.579 6.73967
      vertex 10.8077 -2.579 6.71438
      vertex 10.7869 -2.579 6.73967
    endloop
  endfacet
  facet normal 0.772336 0 0.635215
    outer loop
      vertex 10.8077 -2.579 6.71438
      vertex 10.7869 -5.579 6.73967
      vertex 10.8077 -5.579 6.71438
    endloop
  endfacet
  facet normal 0.882251 -0 0.470779
    outer loop
      vertex 10.844 -5.579 6.66
      vertex 10.8594 -2.579 6.63114
      vertex 10.844 -2.579 6.66
    endloop
  endfacet
  facet normal 0.882251 0 0.470779
    outer loop
      vertex 10.8594 -2.579 6.63114
      vertex 10.844 -5.579 6.66
      vertex 10.8594 -5.579 6.63114
    endloop
  endfacet
  facet normal 0.956922 -0 0.290347
    outer loop
      vertex 10.8845 -5.579 6.57072
      vertex 10.894 -2.579 6.53941
      vertex 10.8845 -2.579 6.57072
    endloop
  endfacet
  facet normal 0.956922 0 0.290347
    outer loop
      vertex 10.894 -2.579 6.53941
      vertex 10.8845 -5.579 6.57072
      vertex 10.894 -5.579 6.53941
    endloop
  endfacet
  facet normal 0.995205 -0 0.0978089
    outer loop
      vertex 10.9067 -5.579 6.47526
      vertex 10.9099 -2.579 6.4427
      vertex 10.9067 -2.579 6.47526
    endloop
  endfacet
  facet normal 0.995205 0 0.0978089
    outer loop
      vertex 10.9099 -2.579 6.4427
      vertex 10.9067 -5.579 6.47526
      vertex 10.9099 -5.579 6.4427
    endloop
  endfacet
  facet normal 0.986796 0 -0.16197
    outer loop
      vertex 10.9067 -5.579 6.34474
      vertex 10.9014 -2.579 6.31245
      vertex 10.9067 -2.579 6.34474
    endloop
  endfacet
  facet normal 0.986796 0 -0.16197
    outer loop
      vertex 10.9014 -2.579 6.31245
      vertex 10.9067 -5.579 6.34474
      vertex 10.9014 -5.579 6.31245
    endloop
  endfacet
  facet normal 0.935144 0 -0.354268
    outer loop
      vertex 10.8845 -5.579 6.24928
      vertex 10.8729 -2.579 6.21866
      vertex 10.8845 -2.579 6.24928
    endloop
  endfacet
  facet normal 0.935144 0 -0.354268
    outer loop
      vertex 10.8729 -2.579 6.21866
      vertex 10.8845 -5.579 6.24928
      vertex 10.8729 -5.579 6.21866
    endloop
  endfacet
  facet normal 0.956922 0 -0.290347
    outer loop
      vertex 10.894 -5.579 6.28059
      vertex 10.8845 -2.579 6.24928
      vertex 10.894 -2.579 6.28059
    endloop
  endfacet
  facet normal 0.956922 0 -0.290347
    outer loop
      vertex 10.8845 -2.579 6.24928
      vertex 10.894 -5.579 6.28059
      vertex 10.8845 -5.579 6.24928
    endloop
  endfacet
  facet normal 0.772336 0 -0.635215
    outer loop
      vertex 10.8077 -5.579 6.10562
      vertex 10.7869 -2.579 6.08033
      vertex 10.8077 -2.579 6.10562
    endloop
  endfacet
  facet normal 0.772336 0 -0.635215
    outer loop
      vertex 10.7869 -2.579 6.08033
      vertex 10.8077 -5.579 6.10562
      vertex 10.7869 -5.579 6.08033
    endloop
  endfacet
  facet normal 0.730872 0 -0.682515
    outer loop
      vertex 10.7869 -5.579 6.08033
      vertex 10.7646 -2.579 6.05645
      vertex 10.7869 -2.579 6.08033
    endloop
  endfacet
  facet normal 0.730872 0 -0.682515
    outer loop
      vertex 10.7646 -2.579 6.05645
      vertex 10.7869 -5.579 6.08033
      vertex 10.7646 -5.579 6.05645
    endloop
  endfacet
  facet normal 0.882251 0 -0.470779
    outer loop
      vertex 10.8594 -5.579 6.18886
      vertex 10.844 -2.579 6.16
      vertex 10.8594 -2.579 6.18886
    endloop
  endfacet
  facet normal 0.882251 0 -0.470779
    outer loop
      vertex 10.844 -2.579 6.16
      vertex 10.8594 -5.579 6.18886
      vertex 10.844 -5.579 6.16
    endloop
  endfacet
  facet normal 0.226844 0 -0.973931
    outer loop
      vertex 10.5085 -5.579 5.91961
      vertex 10.5404 -2.579 5.92704
      vertex 10.5404 -5.579 5.92704
    endloop
  endfacet
  facet normal 0.226844 0 -0.973931
    outer loop
      vertex 10.5404 -2.579 5.92704
      vertex 10.5085 -5.579 5.91961
      vertex 10.5085 -2.579 5.91961
    endloop
  endfacet
  facet normal 0.0327042 0 -0.999465
    outer loop
      vertex 10.411 -5.579 5.91
      vertex 10.4437 -2.579 5.91107
      vertex 10.4437 -5.579 5.91107
    endloop
  endfacet
  facet normal 0.0327042 0 -0.999465
    outer loop
      vertex 10.4437 -2.579 5.91107
      vertex 10.411 -5.579 5.91
      vertex 10.411 -2.579 5.91
    endloop
  endfacet
  facet normal 0.412086 0 -0.911145
    outer loop
      vertex 10.6023 -5.579 5.94806
      vertex 10.6287 -2.579 5.96
      vertex 10.6287 -5.579 5.96
    endloop
  endfacet
  facet normal 0.412086 0 -0.911145
    outer loop
      vertex 10.6287 -2.579 5.96
      vertex 10.6023 -5.579 5.94806
      vertex 10.6023 -2.579 5.94806
    endloop
  endfacet
  facet normal 0.582452 0 -0.812865
    outer loop
      vertex 10.6888 -5.579 5.99426
      vertex 10.7154 -2.579 6.01332
      vertex 10.7154 -5.579 6.01332
    endloop
  endfacet
  facet normal 0.582452 0 -0.812865
    outer loop
      vertex 10.7154 -2.579 6.01332
      vertex 10.6888 -5.579 5.99426
      vertex 10.6888 -2.579 5.99426
    endloop
  endfacet
  facet normal -0.290152 0 -0.956981
    outer loop
      vertex 10.2503 -5.579 5.93653
      vertex 10.2816 -2.579 5.92704
      vertex 10.2816 -5.579 5.92704
    endloop
  endfacet
  facet normal -0.290152 0 -0.956981
    outer loop
      vertex 10.2816 -2.579 5.92704
      vertex 10.2503 -5.579 5.93653
      vertex 10.2503 -2.579 5.93653
    endloop
  endfacet
  facet normal -0.352598 0 -0.935775
    outer loop
      vertex 10.2197 -5.579 5.94806
      vertex 10.2503 -2.579 5.93653
      vertex 10.2503 -5.579 5.93653
    endloop
  endfacet
  facet normal -0.352598 0 -0.935775
    outer loop
      vertex 10.2503 -2.579 5.93653
      vertex 10.2197 -5.579 5.94806
      vertex 10.2197 -2.579 5.94806
    endloop
  endfacet
  facet normal -0.163306 0 -0.986575
    outer loop
      vertex 10.3135 -5.579 5.91961
      vertex 10.3457 -2.579 5.91428
      vertex 10.3457 -5.579 5.91428
    endloop
  endfacet
  facet normal -0.163306 0 -0.986575
    outer loop
      vertex 10.3457 -2.579 5.91428
      vertex 10.3135 -5.579 5.91961
      vertex 10.3135 -2.579 5.91961
    endloop
  endfacet
  facet normal 0.999435 -0 0.0336201
    outer loop
      vertex 10.9099 -5.579 6.4427
      vertex 10.911 -2.579 6.41
      vertex 10.9099 -2.579 6.4427
    endloop
  endfacet
  facet normal 0.999435 0 0.0336201
    outer loop
      vertex 10.911 -2.579 6.41
      vertex 10.9099 -5.579 6.4427
      vertex 10.911 -5.579 6.41
    endloop
  endfacet
  facet normal 0.634335 0 0.773058
    outer loop
      vertex 10.7154 -2.579 6.80668
      vertex 10.7407 -5.579 6.78592
      vertex 10.7407 -2.579 6.78592
    endloop
  endfacet
  facet normal 0.634335 0 0.773058
    outer loop
      vertex 10.7407 -5.579 6.78592
      vertex 10.7154 -2.579 6.80668
      vertex 10.7154 -5.579 6.80668
    endloop
  endfacet
  facet normal 0.730872 -0 0.682515
    outer loop
      vertex 10.7646 -5.579 6.76355
      vertex 10.7869 -2.579 6.73967
      vertex 10.7646 -2.579 6.76355
    endloop
  endfacet
  facet normal 0.730872 0 0.682515
    outer loop
      vertex 10.7869 -2.579 6.73967
      vertex 10.7646 -5.579 6.76355
      vertex 10.7869 -5.579 6.73967
    endloop
  endfacet
  facet normal 0.52791 0 0.8493
    outer loop
      vertex 10.661 -2.579 6.84301
      vertex 10.6888 -5.579 6.82573
      vertex 10.6888 -2.579 6.82573
    endloop
  endfacet
  facet normal 0.52791 0 0.8493
    outer loop
      vertex 10.6888 -5.579 6.82573
      vertex 10.661 -2.579 6.84301
      vertex 10.661 -5.579 6.84301
    endloop
  endfacet
  facet normal 0.813733 -0 0.581238
    outer loop
      vertex 10.8077 -5.579 6.71438
      vertex 10.8267 -2.579 6.68778
      vertex 10.8077 -2.579 6.71438
    endloop
  endfacet
  facet normal 0.813733 0 0.581238
    outer loop
      vertex 10.8267 -2.579 6.68778
      vertex 10.8077 -5.579 6.71438
      vertex 10.8267 -5.579 6.68778
    endloop
  endfacet
  facet normal 0.910889 -0 0.412651
    outer loop
      vertex 10.8594 -5.579 6.63114
      vertex 10.8729 -2.579 6.60134
      vertex 10.8594 -2.579 6.63114
    endloop
  endfacet
  facet normal 0.910889 0 0.412651
    outer loop
      vertex 10.8729 -2.579 6.60134
      vertex 10.8594 -5.579 6.63114
      vertex 10.8729 -5.579 6.60134
    endloop
  endfacet
  facet normal 0.974086 -0 0.226176
    outer loop
      vertex 10.894 -5.579 6.53941
      vertex 10.9014 -2.579 6.50754
      vertex 10.894 -2.579 6.53941
    endloop
  endfacet
  facet normal 0.974086 0 0.226176
    outer loop
      vertex 10.9014 -2.579 6.50754
      vertex 10.894 -5.579 6.53941
      vertex 10.9014 -5.579 6.50754
    endloop
  endfacet
  facet normal 0.683352 0 0.730089
    outer loop
      vertex 10.7407 -2.579 6.78592
      vertex 10.7646 -5.579 6.76355
      vertex 10.7646 -2.579 6.76355
    endloop
  endfacet
  facet normal 0.683352 0 0.730089
    outer loop
      vertex 10.7646 -5.579 6.76355
      vertex 10.7407 -2.579 6.78592
      vertex 10.7407 -5.579 6.78592
    endloop
  endfacet
  facet normal 0.58225 0 0.81301
    outer loop
      vertex 10.6888 -2.579 6.82573
      vertex 10.7154 -5.579 6.80668
      vertex 10.7154 -2.579 6.80668
    endloop
  endfacet
  facet normal 0.58225 0 0.81301
    outer loop
      vertex 10.7154 -5.579 6.80668
      vertex 10.6888 -2.579 6.82573
      vertex 10.6888 -5.579 6.82573
    endloop
  endfacet
  facet normal 0.848856 -0 0.528625
    outer loop
      vertex 10.8267 -5.579 6.68778
      vertex 10.844 -2.579 6.66
      vertex 10.8267 -2.579 6.68778
    endloop
  endfacet
  facet normal 0.848856 0 0.528625
    outer loop
      vertex 10.844 -2.579 6.66
      vertex 10.8267 -5.579 6.68778
      vertex 10.844 -5.579 6.66
    endloop
  endfacet
  facet normal 0.935144 -0 0.354268
    outer loop
      vertex 10.8729 -5.579 6.60134
      vertex 10.8845 -2.579 6.57072
      vertex 10.8729 -2.579 6.60134
    endloop
  endfacet
  facet normal 0.935144 0 0.354268
    outer loop
      vertex 10.8845 -2.579 6.57072
      vertex 10.8729 -5.579 6.60134
      vertex 10.8845 -5.579 6.57072
    endloop
  endfacet
  facet normal 0.986788 -0 0.162019
    outer loop
      vertex 10.9014 -5.579 6.50754
      vertex 10.9067 -2.579 6.47526
      vertex 10.9014 -2.579 6.50754
    endloop
  endfacet
  facet normal 0.986788 0 0.162019
    outer loop
      vertex 10.9067 -2.579 6.47526
      vertex 10.9014 -5.579 6.50754
      vertex 10.9067 -5.579 6.47526
    endloop
  endfacet
  facet normal -0.412086 0 -0.911145
    outer loop
      vertex -13.6317 -5.579 5.96
      vertex -13.6053 -2.579 5.94806
      vertex -13.6053 -5.579 5.94806
    endloop
  endfacet
  facet normal -0.412086 0 -0.911145
    outer loop
      vertex -13.6053 -2.579 5.94806
      vertex -13.6317 -5.579 5.96
      vertex -13.6317 -2.579 5.96
    endloop
  endfacet
  facet normal -0.910889 0 -0.412651
    outer loop
      vertex -13.8624 -5.579 6.18886
      vertex -13.8759 -2.579 6.21866
      vertex -13.8624 -2.579 6.18886
    endloop
  endfacet
  facet normal -0.910889 -0 -0.412651
    outer loop
      vertex -13.8759 -2.579 6.21866
      vertex -13.8624 -5.579 6.18886
      vertex -13.8759 -5.579 6.21866
    endloop
  endfacet
  facet normal 0.352598 0 -0.935775
    outer loop
      vertex -13.2533 -5.579 5.93653
      vertex -13.2227 -2.579 5.94806
      vertex -13.2227 -5.579 5.94806
    endloop
  endfacet
  facet normal 0.352598 0 -0.935775
    outer loop
      vertex -13.2227 -2.579 5.94806
      vertex -13.2533 -5.579 5.93653
      vertex -13.2533 -2.579 5.93653
    endloop
  endfacet
  facet normal 0.0979924 0 -0.995187
    outer loop
      vertex -13.3813 -5.579 5.91107
      vertex -13.3487 -2.579 5.91428
      vertex -13.3487 -5.579 5.91428
    endloop
  endfacet
  facet normal 0.0979924 0 -0.995187
    outer loop
      vertex -13.3487 -2.579 5.91428
      vertex -13.3813 -5.579 5.91107
      vertex -13.3813 -2.579 5.91107
    endloop
  endfacet
  facet normal -0.986796 0 -0.16197
    outer loop
      vertex -13.9044 -5.579 6.31245
      vertex -13.9097 -2.579 6.34474
      vertex -13.9044 -2.579 6.31245
    endloop
  endfacet
  facet normal -0.986796 -0 -0.16197
    outer loop
      vertex -13.9097 -2.579 6.34474
      vertex -13.9044 -5.579 6.31245
      vertex -13.9097 -5.579 6.34474
    endloop
  endfacet
  facet normal -0.730872 0 -0.682515
    outer loop
      vertex -13.7676 -5.579 6.05645
      vertex -13.7899 -2.579 6.08033
      vertex -13.7676 -2.579 6.05645
    endloop
  endfacet
  facet normal -0.730872 -0 -0.682515
    outer loop
      vertex -13.7899 -2.579 6.08033
      vertex -13.7676 -5.579 6.05645
      vertex -13.7899 -5.579 6.08033
    endloop
  endfacet
  facet normal -0.226844 0 -0.973931
    outer loop
      vertex -13.5434 -5.579 5.92704
      vertex -13.5115 -2.579 5.91961
      vertex -13.5115 -5.579 5.91961
    endloop
  endfacet
  facet normal -0.226844 0 -0.973931
    outer loop
      vertex -13.5115 -2.579 5.91961
      vertex -13.5434 -5.579 5.92704
      vertex -13.5434 -2.579 5.92704
    endloop
  endfacet
  facet normal -0.683352 0 0.730089
    outer loop
      vertex -13.7676 -2.579 6.76355
      vertex -13.7437 -5.579 6.78592
      vertex -13.7437 -2.579 6.78592
    endloop
  endfacet
  facet normal -0.683352 0 0.730089
    outer loop
      vertex -13.7437 -5.579 6.78592
      vertex -13.7676 -2.579 6.76355
      vertex -13.7676 -5.579 6.76355
    endloop
  endfacet
  facet normal 0.0327042 0 -0.999465
    outer loop
      vertex -13.414 -5.579 5.91
      vertex -13.3813 -2.579 5.91107
      vertex -13.3813 -5.579 5.91107
    endloop
  endfacet
  facet normal 0.0327042 0 -0.999465
    outer loop
      vertex -13.3813 -2.579 5.91107
      vertex -13.414 -5.579 5.91
      vertex -13.414 -2.579 5.91
    endloop
  endfacet
  facet normal 0.290152 0 -0.956981
    outer loop
      vertex -13.2846 -5.579 5.92704
      vertex -13.2533 -2.579 5.93653
      vertex -13.2533 -5.579 5.93653
    endloop
  endfacet
  facet normal 0.290152 0 -0.956981
    outer loop
      vertex -13.2533 -2.579 5.93653
      vertex -13.2846 -5.579 5.92704
      vertex -13.2846 -2.579 5.92704
    endloop
  endfacet
  facet normal 0.163306 0 -0.986575
    outer loop
      vertex -13.3487 -5.579 5.91428
      vertex -13.3165 -2.579 5.91961
      vertex -13.3165 -5.579 5.91961
    endloop
  endfacet
  facet normal 0.163306 0 -0.986575
    outer loop
      vertex -13.3165 -2.579 5.91961
      vertex -13.3487 -5.579 5.91428
      vertex -13.3487 -2.579 5.91428
    endloop
  endfacet
  facet normal -0.995205 0 -0.0978089
    outer loop
      vertex -13.9097 -5.579 6.34474
      vertex -13.9129 -2.579 6.3773
      vertex -13.9097 -2.579 6.34474
    endloop
  endfacet
  facet normal -0.995205 -0 -0.0978089
    outer loop
      vertex -13.9129 -2.579 6.3773
      vertex -13.9097 -5.579 6.34474
      vertex -13.9129 -5.579 6.3773
    endloop
  endfacet
  facet normal -0.935144 0 -0.354268
    outer loop
      vertex -13.8759 -5.579 6.21866
      vertex -13.8875 -2.579 6.24928
      vertex -13.8759 -2.579 6.21866
    endloop
  endfacet
  facet normal -0.935144 -0 -0.354268
    outer loop
      vertex -13.8875 -2.579 6.24928
      vertex -13.8759 -5.579 6.21866
      vertex -13.8875 -5.579 6.24928
    endloop
  endfacet
  facet normal -0.974071 0 -0.226244
    outer loop
      vertex -13.897 -5.579 6.28059
      vertex -13.9044 -2.579 6.31245
      vertex -13.897 -2.579 6.28059
    endloop
  endfacet
  facet normal -0.974071 -0 -0.226244
    outer loop
      vertex -13.9044 -2.579 6.31245
      vertex -13.897 -5.579 6.28059
      vertex -13.9044 -5.579 6.31245
    endloop
  endfacet
  facet normal -0.81363 0 -0.581383
    outer loop
      vertex -13.8107 -5.579 6.10562
      vertex -13.8297 -2.579 6.13221
      vertex -13.8107 -2.579 6.10562
    endloop
  endfacet
  facet normal -0.81363 -0 -0.581383
    outer loop
      vertex -13.8297 -2.579 6.13221
      vertex -13.8107 -5.579 6.10562
      vertex -13.8297 -5.579 6.13221
    endloop
  endfacet
  facet normal -0.0979924 0 -0.995187
    outer loop
      vertex -13.4793 -5.579 5.91428
      vertex -13.4467 -2.579 5.91107
      vertex -13.4467 -5.579 5.91107
    endloop
  endfacet
  facet normal -0.0979924 0 -0.995187
    outer loop
      vertex -13.4467 -2.579 5.91107
      vertex -13.4793 -5.579 5.91428
      vertex -13.4793 -2.579 5.91428
    endloop
  endfacet
  facet normal -0.52769 0 -0.849437
    outer loop
      vertex -13.6918 -5.579 5.99426
      vertex -13.664 -2.579 5.97699
      vertex -13.664 -5.579 5.97699
    endloop
  endfacet
  facet normal -0.52769 0 -0.849437
    outer loop
      vertex -13.664 -2.579 5.97699
      vertex -13.6918 -5.579 5.99426
      vertex -13.6918 -2.579 5.99426
    endloop
  endfacet
  facet normal -0.683352 0 -0.730089
    outer loop
      vertex -13.7676 -5.579 6.05645
      vertex -13.7437 -2.579 6.03408
      vertex -13.7437 -5.579 6.03408
    endloop
  endfacet
  facet normal -0.683352 0 -0.730089
    outer loop
      vertex -13.7437 -2.579 6.03408
      vertex -13.7676 -5.579 6.05645
      vertex -13.7676 -2.579 6.05645
    endloop
  endfacet
  facet normal -0.58225 0 0.81301
    outer loop
      vertex -13.7184 -2.579 6.80668
      vertex -13.6918 -5.579 6.82573
      vertex -13.6918 -2.579 6.82573
    endloop
  endfacet
  facet normal -0.58225 0 0.81301
    outer loop
      vertex -13.6918 -5.579 6.82573
      vertex -13.7184 -2.579 6.80668
      vertex -13.7184 -5.579 6.80668
    endloop
  endfacet
  facet normal -0.995205 0 0.0978089
    outer loop
      vertex -13.9129 -5.579 6.4427
      vertex -13.9097 -2.579 6.47526
      vertex -13.9129 -2.579 6.4427
    endloop
  endfacet
  facet normal -0.995205 0 0.0978089
    outer loop
      vertex -13.9097 -2.579 6.47526
      vertex -13.9129 -5.579 6.4427
      vertex -13.9097 -5.579 6.47526
    endloop
  endfacet
  facet normal 0 -1 0
    outer loop
      vertex -13.7184 -5.579 6.80668
      vertex -13.664 -5.579 6.84301
      vertex -13.6918 -5.579 6.82573
    endloop
  endfacet
  facet normal 0 -1 0
    outer loop
      vertex -13.7437 -5.579 6.78592
      vertex -13.664 -5.579 6.84301
      vertex -13.7184 -5.579 6.80668
    endloop
  endfacet
  facet normal 0 -1 0
    outer loop
      vertex -13.7676 -5.579 6.76355
      vertex -13.664 -5.579 6.84301
      vertex -13.7437 -5.579 6.78592
    endloop
  endfacet
  facet normal 0 -1 0
    outer loop
      vertex -13.7899 -5.579 6.73967
      vertex -13.664 -5.579 6.84301
      vertex -13.7676 -5.579 6.76355
    endloop
  endfacet
  facet normal 0 -1 0
    outer loop
      vertex -13.8107 -5.579 6.71438
      vertex -13.664 -5.579 6.84301
      vertex -13.7899 -5.579 6.73967
    endloop
  endfacet
  facet normal 0 -1 0
    outer loop
      vertex -13.8297 -5.579 6.68778
      vertex -13.664 -5.579 6.84301
      vertex -13.8107 -5.579 6.71438
    endloop
  endfacet
  facet normal 0 -1 0
    outer loop
      vertex -13.847 -5.579 6.66
      vertex -13.664 -5.579 6.84301
      vertex -13.8297 -5.579 6.68778
    endloop
  endfacet
  facet normal 0 -1 0
    outer loop
      vertex -13.8624 -5.579 6.63114
      vertex -13.664 -5.579 6.84301
      vertex -13.847 -5.579 6.66
    endloop
  endfacet
  facet normal 0 -1 0
    outer loop
      vertex -13.8759 -5.579 6.60134
      vertex -13.664 -5.579 6.84301
      vertex -13.8624 -5.579 6.63114
    endloop
  endfacet
  facet normal 0 -1 0
    outer loop
      vertex -13.8875 -5.579 6.57072
      vertex -13.664 -5.579 6.84301
      vertex -13.8759 -5.579 6.60134
    endloop
  endfacet
  facet normal 0 -1 0
    outer loop
      vertex -13.897 -5.579 6.53941
      vertex -13.664 -5.579 6.84301
      vertex -13.8875 -5.579 6.57072
    endloop
  endfacet
  facet normal 0 -1 0
    outer loop
      vertex -13.9044 -5.579 6.50754
      vertex -13.664 -5.579 6.84301
      vertex -13.897 -5.579 6.53941
    endloop
  endfacet
  facet normal 0 -1 0
    outer loop
      vertex -13.9097 -5.579 6.47526
      vertex -13.664 -5.579 6.84301
      vertex -13.9044 -5.579 6.50754
    endloop
  endfacet
  facet normal 0 -1 0
    outer loop
      vertex -13.9129 -5.579 6.4427
      vertex -13.664 -5.579 6.84301
      vertex -13.9097 -5.579 6.47526
    endloop
  endfacet
  facet normal 0 -1 0
    outer loop
      vertex -13.914 -5.579 6.41
      vertex -13.664 -5.579 6.84301
      vertex -13.9129 -5.579 6.4427
    endloop
  endfacet
  facet normal 0 -1 0
    outer loop
      vertex -13.9129 -5.579 6.3773
      vertex -13.664 -5.579 6.84301
      vertex -13.914 -5.579 6.41
    endloop
  endfacet
  facet normal 0 -1 0
    outer loop
      vertex -13.9097 -5.579 6.34474
      vertex -13.664 -5.579 6.84301
      vertex -13.9129 -5.579 6.3773
    endloop
  endfacet
  facet normal 0 -1 0
    outer loop
      vertex -13.9044 -5.579 6.31245
      vertex -13.664 -5.579 6.84301
      vertex -13.9097 -5.579 6.34474
    endloop
  endfacet
  facet normal 0 -1 0
    outer loop
      vertex -13.897 -5.579 6.28059
      vertex -13.664 -5.579 6.84301
      vertex -13.9044 -5.579 6.31245
    endloop
  endfacet
  facet normal 0 -1 0
    outer loop
      vertex -13.8875 -5.579 6.24928
      vertex -13.664 -5.579 6.84301
      vertex -13.897 -5.579 6.28059
    endloop
  endfacet
  facet normal 0 -1 0
    outer loop
      vertex -13.8759 -5.579 6.21866
      vertex -13.664 -5.579 6.84301
      vertex -13.8875 -5.579 6.24928
    endloop
  endfacet
  facet normal 0 -1 0
    outer loop
      vertex -13.8624 -5.579 6.18886
      vertex -13.664 -5.579 6.84301
      vertex -13.8759 -5.579 6.21866
    endloop
  endfacet
  facet normal 0 -1 0
    outer loop
      vertex -13.847 -5.579 6.16
      vertex -13.664 -5.579 6.84301
      vertex -13.8624 -5.579 6.18886
    endloop
  endfacet
  facet normal 0 -1 0
    outer loop
      vertex -13.8297 -5.579 6.13221
      vertex -13.664 -5.579 6.84301
      vertex -13.847 -5.579 6.16
    endloop
  endfacet
  facet normal 0 -1 0
    outer loop
      vertex -13.8107 -5.579 6.10562
      vertex -13.664 -5.579 6.84301
      vertex -13.8297 -5.579 6.13221
    endloop
  endfacet
  facet normal 0 -1 0
    outer loop
      vertex -13.7899 -5.579 6.08033
      vertex -13.664 -5.579 6.84301
      vertex -13.8107 -5.579 6.10562
    endloop
  endfacet
  facet normal 0 -1 0
    outer loop
      vertex -13.7676 -5.579 6.05645
      vertex -13.664 -5.579 6.84301
      vertex -13.7899 -5.579 6.08033
    endloop
  endfacet
  facet normal 0 -1 0
    outer loop
      vertex -13.7437 -5.579 6.03408
      vertex -13.664 -5.579 6.84301
      vertex -13.7676 -5.579 6.05645
    endloop
  endfacet
  facet normal 0 -1 0
    outer loop
      vertex -13.7184 -5.579 6.01332
      vertex -13.664 -5.579 6.84301
      vertex -13.7437 -5.579 6.03408
    endloop
  endfacet
  facet normal 0 -1 0
    outer loop
      vertex -13.6918 -5.579 5.99426
      vertex -13.664 -5.579 6.84301
      vertex -13.7184 -5.579 6.01332
    endloop
  endfacet
  facet normal 0 -1 -0
    outer loop
      vertex -13.664 -5.579 6.84301
      vertex -13.6918 -5.579 5.99426
      vertex -13.664 -5.579 5.97699
    endloop
  endfacet
  facet normal 0 -1 0
    outer loop
      vertex -13.6053 -5.579 5.94806
      vertex -13.1963 -5.579 5.96
      vertex -13.6317 -5.579 5.96
    endloop
  endfacet
  facet normal 0 -1 0
    outer loop
      vertex -13.6053 -5.579 5.94806
      vertex -13.2227 -5.579 5.94806
      vertex -13.1963 -5.579 5.96
    endloop
  endfacet
  facet normal 0 -1 0
    outer loop
      vertex -13.5747 -5.579 5.93653
      vertex -13.2227 -5.579 5.94806
      vertex -13.6053 -5.579 5.94806
    endloop
  endfacet
  facet normal 0 -1 0
    outer loop
      vertex -13.5747 -5.579 5.93653
      vertex -13.2533 -5.579 5.93653
      vertex -13.2227 -5.579 5.94806
    endloop
  endfacet
  facet normal 0 -1 0
    outer loop
      vertex -13.5434 -5.579 5.92704
      vertex -13.2533 -5.579 5.93653
      vertex -13.5747 -5.579 5.93653
    endloop
  endfacet
  facet normal 0 -1 0
    outer loop
      vertex -13.5434 -5.579 5.92704
      vertex -13.2846 -5.579 5.92704
      vertex -13.2533 -5.579 5.93653
    endloop
  endfacet
  facet normal 0 -1 0
    outer loop
      vertex -13.5115 -5.579 5.91961
      vertex -13.2846 -5.579 5.92704
      vertex -13.5434 -5.579 5.92704
    endloop
  endfacet
  facet normal 0 -1 0
    outer loop
      vertex -13.5115 -5.579 5.91961
      vertex -13.3165 -5.579 5.91961
      vertex -13.2846 -5.579 5.92704
    endloop
  endfacet
  facet normal 0 -1 0
    outer loop
      vertex -13.4793 -5.579 5.91428
      vertex -13.3165 -5.579 5.91961
      vertex -13.5115 -5.579 5.91961
    endloop
  endfacet
  facet normal 0 -1 0
    outer loop
      vertex -13.4793 -5.579 5.91428
      vertex -13.3487 -5.579 5.91428
      vertex -13.3165 -5.579 5.91961
    endloop
  endfacet
  facet normal 0 -1 0
    outer loop
      vertex -13.4467 -5.579 5.91107
      vertex -13.3487 -5.579 5.91428
      vertex -13.4793 -5.579 5.91428
    endloop
  endfacet
  facet normal 0 -1 0
    outer loop
      vertex -13.4467 -5.579 5.91107
      vertex -13.3813 -5.579 5.91107
      vertex -13.3487 -5.579 5.91428
    endloop
  endfacet
  facet normal -0 -1 0
    outer loop
      vertex -13.3813 -5.579 5.91107
      vertex -13.4467 -5.579 5.91107
      vertex -13.414 -5.579 5.91
    endloop
  endfacet
  facet normal -0.0327042 0 -0.999465
    outer loop
      vertex -13.4467 -5.579 5.91107
      vertex -13.414 -2.579 5.91
      vertex -13.414 -5.579 5.91
    endloop
  endfacet
  facet normal -0.0327042 0 -0.999465
    outer loop
      vertex -13.414 -2.579 5.91
      vertex -13.4467 -5.579 5.91107
      vertex -13.4467 -2.579 5.91107
    endloop
  endfacet
  facet normal 0.412086 0 -0.911145
    outer loop
      vertex -13.2227 -5.579 5.94806
      vertex -13.1963 -2.579 5.96
      vertex -13.1963 -5.579 5.96
    endloop
  endfacet
  facet normal 0.412086 0 -0.911145
    outer loop
      vertex -13.1963 -2.579 5.96
      vertex -13.2227 -5.579 5.94806
      vertex -13.2227 -2.579 5.94806
    endloop
  endfacet
  facet normal 0.226844 0 -0.973931
    outer loop
      vertex -13.3165 -5.579 5.91961
      vertex -13.2846 -2.579 5.92704
      vertex -13.2846 -5.579 5.92704
    endloop
  endfacet
  facet normal 0.226844 0 -0.973931
    outer loop
      vertex -13.2846 -2.579 5.92704
      vertex -13.3165 -5.579 5.91961
      vertex -13.3165 -2.579 5.91961
    endloop
  endfacet
  facet normal -0.999435 0 -0.0336201
    outer loop
      vertex -13.9129 -5.579 6.3773
      vertex -13.914 -2.579 6.41
      vertex -13.9129 -2.579 6.3773
    endloop
  endfacet
  facet normal -0.999435 -0 -0.0336201
    outer loop
      vertex -13.914 -2.579 6.41
      vertex -13.9129 -5.579 6.3773
      vertex -13.914 -5.579 6.41
    endloop
  endfacet
  facet normal -0.956922 0 -0.290347
    outer loop
      vertex -13.8875 -5.579 6.24928
      vertex -13.897 -2.579 6.28059
      vertex -13.8875 -2.579 6.24928
    endloop
  endfacet
  facet normal -0.956922 -0 -0.290347
    outer loop
      vertex -13.897 -2.579 6.28059
      vertex -13.8875 -5.579 6.24928
      vertex -13.897 -5.579 6.28059
    endloop
  endfacet
  facet normal -0.848941 0 -0.528488
    outer loop
      vertex -13.8297 -5.579 6.13221
      vertex -13.847 -2.579 6.16
      vertex -13.8297 -2.579 6.13221
    endloop
  endfacet
  facet normal -0.848941 -0 -0.528488
    outer loop
      vertex -13.847 -2.579 6.16
      vertex -13.8297 -5.579 6.13221
      vertex -13.847 -5.579 6.16
    endloop
  endfacet
  facet normal -0.882251 0 -0.470779
    outer loop
      vertex -13.847 -5.579 6.16
      vertex -13.8624 -2.579 6.18886
      vertex -13.847 -2.579 6.16
    endloop
  endfacet
  facet normal -0.882251 -0 -0.470779
    outer loop
      vertex -13.8624 -2.579 6.18886
      vertex -13.847 -5.579 6.16
      vertex -13.8624 -5.579 6.18886
    endloop
  endfacet
  facet normal -0.772336 0 -0.635215
    outer loop
      vertex -13.7899 -5.579 6.08033
      vertex -13.8107 -2.579 6.10562
      vertex -13.7899 -2.579 6.08033
    endloop
  endfacet
  facet normal -0.772336 -0 -0.635215
    outer loop
      vertex -13.8107 -2.579 6.10562
      vertex -13.7899 -5.579 6.08033
      vertex -13.8107 -5.579 6.10562
    endloop
  endfacet
  facet normal -0.290152 0 -0.956981
    outer loop
      vertex -13.5747 -5.579 5.93653
      vertex -13.5434 -2.579 5.92704
      vertex -13.5434 -5.579 5.92704
    endloop
  endfacet
  facet normal -0.290152 0 -0.956981
    outer loop
      vertex -13.5434 -2.579 5.92704
      vertex -13.5747 -5.579 5.93653
      vertex -13.5747 -2.579 5.93653
    endloop
  endfacet
  facet normal -0.352598 0 -0.935775
    outer loop
      vertex -13.6053 -5.579 5.94806
      vertex -13.5747 -2.579 5.93653
      vertex -13.5747 -5.579 5.93653
    endloop
  endfacet
  facet normal -0.352598 0 -0.935775
    outer loop
      vertex -13.5747 -2.579 5.93653
      vertex -13.6053 -5.579 5.94806
      vertex -13.6053 -2.579 5.94806
    endloop
  endfacet
  facet normal -0.163306 0 -0.986575
    outer loop
      vertex -13.5115 -5.579 5.91961
      vertex -13.4793 -2.579 5.91428
      vertex -13.4793 -5.579 5.91428
    endloop
  endfacet
  facet normal -0.163306 0 -0.986575
    outer loop
      vertex -13.4793 -2.579 5.91428
      vertex -13.5115 -5.579 5.91961
      vertex -13.5115 -2.579 5.91961
    endloop
  endfacet
  facet normal -0.634335 0 -0.773058
    outer loop
      vertex -13.7437 -5.579 6.03408
      vertex -13.7184 -2.579 6.01332
      vertex -13.7184 -5.579 6.01332
    endloop
  endfacet
  facet normal -0.634335 0 -0.773058
    outer loop
      vertex -13.7184 -2.579 6.01332
      vertex -13.7437 -5.579 6.03408
      vertex -13.7437 -2.579 6.03408
    endloop
  endfacet
  facet normal -0.582452 0 -0.812865
    outer loop
      vertex -13.7184 -5.579 6.01332
      vertex -13.6918 -2.579 5.99426
      vertex -13.6918 -5.579 5.99426
    endloop
  endfacet
  facet normal -0.582452 0 -0.812865
    outer loop
      vertex -13.6918 -2.579 5.99426
      vertex -13.7184 -5.579 6.01332
      vertex -13.7184 -2.579 6.01332
    endloop
  endfacet
  facet normal -0.52791 0 0.8493
    outer loop
      vertex -13.6918 -2.579 6.82573
      vertex -13.664 -5.579 6.84301
      vertex -13.664 -2.579 6.84301
    endloop
  endfacet
  facet normal -0.52791 0 0.8493
    outer loop
      vertex -13.664 -5.579 6.84301
      vertex -13.6918 -2.579 6.82573
      vertex -13.6918 -5.579 6.82573
    endloop
  endfacet
  facet normal -0.634335 0 0.773058
    outer loop
      vertex -13.7437 -2.579 6.78592
      vertex -13.7184 -5.579 6.80668
      vertex -13.7184 -2.579 6.80668
    endloop
  endfacet
  facet normal -0.634335 0 0.773058
    outer loop
      vertex -13.7184 -5.579 6.80668
      vertex -13.7437 -2.579 6.78592
      vertex -13.7437 -5.579 6.78592
    endloop
  endfacet
  facet normal -0.974086 0 0.226176
    outer loop
      vertex -13.9044 -5.579 6.50754
      vertex -13.897 -2.579 6.53941
      vertex -13.9044 -2.579 6.50754
    endloop
  endfacet
  facet normal -0.974086 0 0.226176
    outer loop
      vertex -13.897 -2.579 6.53941
      vertex -13.9044 -5.579 6.50754
      vertex -13.897 -5.579 6.53941
    endloop
  endfacet
  facet normal -0.935144 0 0.354268
    outer loop
      vertex -13.8875 -5.579 6.57072
      vertex -13.8759 -2.579 6.60134
      vertex -13.8875 -2.579 6.57072
    endloop
  endfacet
  facet normal -0.935144 0 0.354268
    outer loop
      vertex -13.8759 -2.579 6.60134
      vertex -13.8875 -5.579 6.57072
      vertex -13.8759 -5.579 6.60134
    endloop
  endfacet
  facet normal -0.986788 0 0.162019
    outer loop
      vertex -13.9097 -5.579 6.47526
      vertex -13.9044 -2.579 6.50754
      vertex -13.9097 -2.579 6.47526
    endloop
  endfacet
  facet normal -0.986788 0 0.162019
    outer loop
      vertex -13.9044 -2.579 6.50754
      vertex -13.9097 -5.579 6.47526
      vertex -13.9044 -5.579 6.50754
    endloop
  endfacet
  facet normal -0.999435 0 0.0336201
    outer loop
      vertex -13.914 -5.579 6.41
      vertex -13.9129 -2.579 6.4427
      vertex -13.914 -2.579 6.41
    endloop
  endfacet
  facet normal -0.999435 0 0.0336201
    outer loop
      vertex -13.9129 -2.579 6.4427
      vertex -13.914 -5.579 6.41
      vertex -13.9129 -5.579 6.4427
    endloop
  endfacet
  facet normal -0.848856 0 0.528625
    outer loop
      vertex -13.847 -5.579 6.66
      vertex -13.8297 -2.579 6.68778
      vertex -13.847 -2.579 6.66
    endloop
  endfacet
  facet normal -0.848856 0 0.528625
    outer loop
      vertex -13.8297 -2.579 6.68778
      vertex -13.847 -5.579 6.66
      vertex -13.8297 -5.579 6.68778
    endloop
  endfacet
  facet normal -0.910889 0 0.412651
    outer loop
      vertex -13.8759 -5.579 6.60134
      vertex -13.8624 -2.579 6.63114
      vertex -13.8759 -2.579 6.60134
    endloop
  endfacet
  facet normal -0.910889 0 0.412651
    outer loop
      vertex -13.8624 -2.579 6.63114
      vertex -13.8759 -5.579 6.60134
      vertex -13.8624 -5.579 6.63114
    endloop
  endfacet
  facet normal -0.730872 0 0.682515
    outer loop
      vertex -13.7899 -5.579 6.73967
      vertex -13.7676 -2.579 6.76355
      vertex -13.7899 -2.579 6.73967
    endloop
  endfacet
  facet normal -0.730872 0 0.682515
    outer loop
      vertex -13.7676 -2.579 6.76355
      vertex -13.7899 -5.579 6.73967
      vertex -13.7676 -5.579 6.76355
    endloop
  endfacet
  facet normal -0.813733 0 0.581238
    outer loop
      vertex -13.8297 -5.579 6.68778
      vertex -13.8107 -2.579 6.71438
      vertex -13.8297 -2.579 6.68778
    endloop
  endfacet
  facet normal -0.813733 0 0.581238
    outer loop
      vertex -13.8107 -2.579 6.71438
      vertex -13.8297 -5.579 6.68778
      vertex -13.8107 -5.579 6.71438
    endloop
  endfacet
  facet normal 0 1 0
    outer loop
      vertex -13.664 -2.579 6.84301
      vertex -13.7184 -2.579 6.80668
      vertex -13.6918 -2.579 6.82573
    endloop
  endfacet
  facet normal 0 1 0
    outer loop
      vertex -13.664 -2.579 6.84301
      vertex -13.7437 -2.579 6.78592
      vertex -13.7184 -2.579 6.80668
    endloop
  endfacet
  facet normal 0 1 0
    outer loop
      vertex -13.664 -2.579 6.84301
      vertex -13.7676 -2.579 6.76355
      vertex -13.7437 -2.579 6.78592
    endloop
  endfacet
  facet normal 0 1 0
    outer loop
      vertex -13.664 -2.579 6.84301
      vertex -13.7899 -2.579 6.73967
      vertex -13.7676 -2.579 6.76355
    endloop
  endfacet
  facet normal 0 1 0
    outer loop
      vertex -13.664 -2.579 6.84301
      vertex -13.8107 -2.579 6.71438
      vertex -13.7899 -2.579 6.73967
    endloop
  endfacet
  facet normal 0 1 0
    outer loop
      vertex -13.664 -2.579 6.84301
      vertex -13.8297 -2.579 6.68778
      vertex -13.8107 -2.579 6.71438
    endloop
  endfacet
  facet normal 0 1 0
    outer loop
      vertex -13.664 -2.579 6.84301
      vertex -13.847 -2.579 6.66
      vertex -13.8297 -2.579 6.68778
    endloop
  endfacet
  facet normal 0 1 0
    outer loop
      vertex -13.664 -2.579 6.84301
      vertex -13.8624 -2.579 6.63114
      vertex -13.847 -2.579 6.66
    endloop
  endfacet
  facet normal 0 1 0
    outer loop
      vertex -13.664 -2.579 6.84301
      vertex -13.8759 -2.579 6.60134
      vertex -13.8624 -2.579 6.63114
    endloop
  endfacet
  facet normal 0 1 0
    outer loop
      vertex -13.664 -2.579 6.84301
      vertex -13.8875 -2.579 6.57072
      vertex -13.8759 -2.579 6.60134
    endloop
  endfacet
  facet normal 0 1 0
    outer loop
      vertex -13.664 -2.579 6.84301
      vertex -13.897 -2.579 6.53941
      vertex -13.8875 -2.579 6.57072
    endloop
  endfacet
  facet normal 0 1 0
    outer loop
      vertex -13.664 -2.579 6.84301
      vertex -13.9044 -2.579 6.50754
      vertex -13.897 -2.579 6.53941
    endloop
  endfacet
  facet normal 0 1 0
    outer loop
      vertex -13.664 -2.579 6.84301
      vertex -13.9097 -2.579 6.47526
      vertex -13.9044 -2.579 6.50754
    endloop
  endfacet
  facet normal 0 1 0
    outer loop
      vertex -13.664 -2.579 6.84301
      vertex -13.9129 -2.579 6.4427
      vertex -13.9097 -2.579 6.47526
    endloop
  endfacet
  facet normal 0 1 0
    outer loop
      vertex -13.664 -2.579 6.84301
      vertex -13.914 -2.579 6.41
      vertex -13.9129 -2.579 6.4427
    endloop
  endfacet
  facet normal 0 1 0
    outer loop
      vertex -13.664 -2.579 6.84301
      vertex -13.9129 -2.579 6.3773
      vertex -13.914 -2.579 6.41
    endloop
  endfacet
  facet normal 0 1 0
    outer loop
      vertex -13.664 -2.579 6.84301
      vertex -13.9097 -2.579 6.34474
      vertex -13.9129 -2.579 6.3773
    endloop
  endfacet
  facet normal 0 1 0
    outer loop
      vertex -13.664 -2.579 6.84301
      vertex -13.9044 -2.579 6.31245
      vertex -13.9097 -2.579 6.34474
    endloop
  endfacet
  facet normal 0 1 0
    outer loop
      vertex -13.664 -2.579 6.84301
      vertex -13.897 -2.579 6.28059
      vertex -13.9044 -2.579 6.31245
    endloop
  endfacet
  facet normal 0 1 0
    outer loop
      vertex -13.664 -2.579 6.84301
      vertex -13.8875 -2.579 6.24928
      vertex -13.897 -2.579 6.28059
    endloop
  endfacet
  facet normal 0 1 0
    outer loop
      vertex -13.664 -2.579 6.84301
      vertex -13.8759 -2.579 6.21866
      vertex -13.8875 -2.579 6.24928
    endloop
  endfacet
  facet normal 0 1 0
    outer loop
      vertex -13.664 -2.579 6.84301
      vertex -13.8624 -2.579 6.18886
      vertex -13.8759 -2.579 6.21866
    endloop
  endfacet
  facet normal 0 1 0
    outer loop
      vertex -13.664 -2.579 6.84301
      vertex -13.847 -2.579 6.16
      vertex -13.8624 -2.579 6.18886
    endloop
  endfacet
  facet normal 0 1 0
    outer loop
      vertex -13.664 -2.579 6.84301
      vertex -13.8297 -2.579 6.13221
      vertex -13.847 -2.579 6.16
    endloop
  endfacet
  facet normal 0 1 0
    outer loop
      vertex -13.664 -2.579 6.84301
      vertex -13.8107 -2.579 6.10562
      vertex -13.8297 -2.579 6.13221
    endloop
  endfacet
  facet normal 0 1 0
    outer loop
      vertex -13.664 -2.579 6.84301
      vertex -13.7899 -2.579 6.08033
      vertex -13.8107 -2.579 6.10562
    endloop
  endfacet
  facet normal 0 1 0
    outer loop
      vertex -13.664 -2.579 6.84301
      vertex -13.7676 -2.579 6.05645
      vertex -13.7899 -2.579 6.08033
    endloop
  endfacet
  facet normal 0 1 0
    outer loop
      vertex -13.664 -2.579 6.84301
      vertex -13.7437 -2.579 6.03408
      vertex -13.7676 -2.579 6.05645
    endloop
  endfacet
  facet normal 0 1 0
    outer loop
      vertex -13.664 -2.579 6.84301
      vertex -13.7184 -2.579 6.01332
      vertex -13.7437 -2.579 6.03408
    endloop
  endfacet
  facet normal 0 1 0
    outer loop
      vertex -13.664 -2.579 6.84301
      vertex -13.6918 -2.579 5.99426
      vertex -13.7184 -2.579 6.01332
    endloop
  endfacet
  facet normal -0 1 0
    outer loop
      vertex -13.6918 -2.579 5.99426
      vertex -13.664 -2.579 6.84301
      vertex -13.664 -2.579 5.97699
    endloop
  endfacet
  facet normal 0 1 -0
    outer loop
      vertex -13.2227 -2.579 5.94806
      vertex -13.6317 -2.579 5.96
      vertex -13.1963 -2.579 5.96
    endloop
  endfacet
  facet normal 0 1 0
    outer loop
      vertex -13.2227 -2.579 5.94806
      vertex -13.6053 -2.579 5.94806
      vertex -13.6317 -2.579 5.96
    endloop
  endfacet
  facet normal 0 1 -0
    outer loop
      vertex -13.2533 -2.579 5.93653
      vertex -13.6053 -2.579 5.94806
      vertex -13.2227 -2.579 5.94806
    endloop
  endfacet
  facet normal 0 1 0
    outer loop
      vertex -13.2533 -2.579 5.93653
      vertex -13.5747 -2.579 5.93653
      vertex -13.6053 -2.579 5.94806
    endloop
  endfacet
  facet normal 0 1 -0
    outer loop
      vertex -13.2846 -2.579 5.92704
      vertex -13.5747 -2.579 5.93653
      vertex -13.2533 -2.579 5.93653
    endloop
  endfacet
  facet normal 0 1 0
    outer loop
      vertex -13.2846 -2.579 5.92704
      vertex -13.5434 -2.579 5.92704
      vertex -13.5747 -2.579 5.93653
    endloop
  endfacet
  facet normal 0 1 -0
    outer loop
      vertex -13.3165 -2.579 5.91961
      vertex -13.5434 -2.579 5.92704
      vertex -13.2846 -2.579 5.92704
    endloop
  endfacet
  facet normal 0 1 0
    outer loop
      vertex -13.3165 -2.579 5.91961
      vertex -13.5115 -2.579 5.91961
      vertex -13.5434 -2.579 5.92704
    endloop
  endfacet
  facet normal 0 1 -0
    outer loop
      vertex -13.3487 -2.579 5.91428
      vertex -13.5115 -2.579 5.91961
      vertex -13.3165 -2.579 5.91961
    endloop
  endfacet
  facet normal 0 1 0
    outer loop
      vertex -13.3487 -2.579 5.91428
      vertex -13.4793 -2.579 5.91428
      vertex -13.5115 -2.579 5.91961
    endloop
  endfacet
  facet normal 0 1 -0
    outer loop
      vertex -13.3813 -2.579 5.91107
      vertex -13.4793 -2.579 5.91428
      vertex -13.3487 -2.579 5.91428
    endloop
  endfacet
  facet normal 0 1 0
    outer loop
      vertex -13.3813 -2.579 5.91107
      vertex -13.4467 -2.579 5.91107
      vertex -13.4793 -2.579 5.91428
    endloop
  endfacet
  facet normal -0 1 0
    outer loop
      vertex -13.4467 -2.579 5.91107
      vertex -13.3813 -2.579 5.91107
      vertex -13.414 -2.579 5.91
    endloop
  endfacet
  facet normal -0.956922 0 0.290347
    outer loop
      vertex -13.897 -5.579 6.53941
      vertex -13.8875 -2.579 6.57072
      vertex -13.897 -2.579 6.53941
    endloop
  endfacet
  facet normal -0.956922 0 0.290347
    outer loop
      vertex -13.8875 -2.579 6.57072
      vertex -13.897 -5.579 6.53941
      vertex -13.8875 -5.579 6.57072
    endloop
  endfacet
  facet normal -0.882251 0 0.470779
    outer loop
      vertex -13.8624 -5.579 6.63114
      vertex -13.847 -2.579 6.66
      vertex -13.8624 -2.579 6.63114
    endloop
  endfacet
  facet normal -0.882251 0 0.470779
    outer loop
      vertex -13.847 -2.579 6.66
      vertex -13.8624 -5.579 6.63114
      vertex -13.847 -5.579 6.66
    endloop
  endfacet
  facet normal -0.772336 0 0.635215
    outer loop
      vertex -13.8107 -5.579 6.71438
      vertex -13.7899 -2.579 6.73967
      vertex -13.8107 -2.579 6.71438
    endloop
  endfacet
  facet normal -0.772336 0 0.635215
    outer loop
      vertex -13.7899 -2.579 6.73967
      vertex -13.8107 -5.579 6.71438
      vertex -13.7899 -5.579 6.73967
    endloop
  endfacet
  facet normal 0.999435 0 -0.0336201
    outer loop
      vertex 10.911 17.395 6.41
      vertex 10.9099 20.395 6.3773
      vertex 10.911 20.395 6.41
    endloop
  endfacet
  facet normal 0.999435 0 -0.0336201
    outer loop
      vertex 10.9099 20.395 6.3773
      vertex 10.911 17.395 6.41
      vertex 10.9099 17.395 6.3773
    endloop
  endfacet
  facet normal -0.0327042 0 -0.999465
    outer loop
      vertex 10.3783 17.395 5.91107
      vertex 10.411 20.395 5.91
      vertex 10.411 17.395 5.91
    endloop
  endfacet
  facet normal -0.0327042 0 -0.999465
    outer loop
      vertex 10.411 20.395 5.91
      vertex 10.3783 17.395 5.91107
      vertex 10.3783 20.395 5.91107
    endloop
  endfacet
  facet normal 0.683352 0 -0.730089
    outer loop
      vertex 10.7407 17.395 6.03408
      vertex 10.7646 20.395 6.05645
      vertex 10.7646 17.395 6.05645
    endloop
  endfacet
  facet normal 0.683352 0 -0.730089
    outer loop
      vertex 10.7646 20.395 6.05645
      vertex 10.7407 17.395 6.03408
      vertex 10.7407 20.395 6.03408
    endloop
  endfacet
  facet normal -0.412086 0 -0.911145
    outer loop
      vertex 10.1933 17.395 5.96
      vertex 10.2197 20.395 5.94806
      vertex 10.2197 17.395 5.94806
    endloop
  endfacet
  facet normal -0.412086 0 -0.911145
    outer loop
      vertex 10.2197 20.395 5.94806
      vertex 10.1933 17.395 5.96
      vertex 10.1933 20.395 5.96
    endloop
  endfacet
  facet normal 0.910889 0 -0.412651
    outer loop
      vertex 10.8729 17.395 6.21866
      vertex 10.8594 20.395 6.18886
      vertex 10.8729 20.395 6.21866
    endloop
  endfacet
  facet normal 0.910889 0 -0.412651
    outer loop
      vertex 10.8594 20.395 6.18886
      vertex 10.8729 17.395 6.21866
      vertex 10.8594 17.395 6.18886
    endloop
  endfacet
  facet normal 0.412086 0 -0.911145
    outer loop
      vertex 10.6023 17.395 5.94806
      vertex 10.6287 20.395 5.96
      vertex 10.6287 17.395 5.96
    endloop
  endfacet
  facet normal 0.412086 0 -0.911145
    outer loop
      vertex 10.6287 20.395 5.96
      vertex 10.6023 17.395 5.94806
      vertex 10.6023 20.395 5.94806
    endloop
  endfacet
  facet normal -0.163306 0 -0.986575
    outer loop
      vertex 10.3135 17.395 5.91961
      vertex 10.3457 20.395 5.91428
      vertex 10.3457 17.395 5.91428
    endloop
  endfacet
  facet normal -0.163306 0 -0.986575
    outer loop
      vertex 10.3457 20.395 5.91428
      vertex 10.3135 17.395 5.91961
      vertex 10.3135 20.395 5.91961
    endloop
  endfacet
  facet normal 0.882251 -0 0.470779
    outer loop
      vertex 10.844 17.395 6.66
      vertex 10.8594 20.395 6.63114
      vertex 10.844 20.395 6.66
    endloop
  endfacet
  facet normal 0.882251 0 0.470779
    outer loop
      vertex 10.8594 20.395 6.63114
      vertex 10.844 17.395 6.66
      vertex 10.8594 17.395 6.63114
    endloop
  endfacet
  facet normal 0.730872 -0 0.682515
    outer loop
      vertex 10.7646 17.395 6.76355
      vertex 10.7869 20.395 6.73967
      vertex 10.7646 20.395 6.76355
    endloop
  endfacet
  facet normal 0.730872 0 0.682515
    outer loop
      vertex 10.7869 20.395 6.73967
      vertex 10.7646 17.395 6.76355
      vertex 10.7869 17.395 6.73967
    endloop
  endfacet
  facet normal 0 -1 0
    outer loop
      vertex 10.661 17.395 6.84301
      vertex 10.7154 17.395 6.80668
      vertex 10.6888 17.395 6.82573
    endloop
  endfacet
  facet normal 0 -1 0
    outer loop
      vertex 10.661 17.395 6.84301
      vertex 10.7407 17.395 6.78592
      vertex 10.7154 17.395 6.80668
    endloop
  endfacet
  facet normal 0 -1 0
    outer loop
      vertex 10.661 17.395 6.84301
      vertex 10.7646 17.395 6.76355
      vertex 10.7407 17.395 6.78592
    endloop
  endfacet
  facet normal 0 -1 0
    outer loop
      vertex 10.661 17.395 6.84301
      vertex 10.7869 17.395 6.73967
      vertex 10.7646 17.395 6.76355
    endloop
  endfacet
  facet normal 0 -1 0
    outer loop
      vertex 10.661 17.395 6.84301
      vertex 10.8077 17.395 6.71438
      vertex 10.7869 17.395 6.73967
    endloop
  endfacet
  facet normal 0 -1 0
    outer loop
      vertex 10.661 17.395 6.84301
      vertex 10.8267 17.395 6.68778
      vertex 10.8077 17.395 6.71438
    endloop
  endfacet
  facet normal 0 -1 0
    outer loop
      vertex 10.661 17.395 6.84301
      vertex 10.844 17.395 6.66
      vertex 10.8267 17.395 6.68778
    endloop
  endfacet
  facet normal 0 -1 0
    outer loop
      vertex 10.661 17.395 6.84301
      vertex 10.8594 17.395 6.63114
      vertex 10.844 17.395 6.66
    endloop
  endfacet
  facet normal 0 -1 0
    outer loop
      vertex 10.661 17.395 6.84301
      vertex 10.8729 17.395 6.60134
      vertex 10.8594 17.395 6.63114
    endloop
  endfacet
  facet normal 0 -1 0
    outer loop
      vertex 10.661 17.395 6.84301
      vertex 10.8845 17.395 6.57072
      vertex 10.8729 17.395 6.60134
    endloop
  endfacet
  facet normal 0 -1 0
    outer loop
      vertex 10.661 17.395 6.84301
      vertex 10.894 17.395 6.53941
      vertex 10.8845 17.395 6.57072
    endloop
  endfacet
  facet normal 0 -1 0
    outer loop
      vertex 10.661 17.395 6.84301
      vertex 10.9014 17.395 6.50754
      vertex 10.894 17.395 6.53941
    endloop
  endfacet
  facet normal 0 -1 0
    outer loop
      vertex 10.661 17.395 6.84301
      vertex 10.9067 17.395 6.47526
      vertex 10.9014 17.395 6.50754
    endloop
  endfacet
  facet normal 0 -1 0
    outer loop
      vertex 10.661 17.395 6.84301
      vertex 10.9099 17.395 6.4427
      vertex 10.9067 17.395 6.47526
    endloop
  endfacet
  facet normal 0 -1 0
    outer loop
      vertex 10.661 17.395 6.84301
      vertex 10.911 17.395 6.41
      vertex 10.9099 17.395 6.4427
    endloop
  endfacet
  facet normal 0 -1 0
    outer loop
      vertex 10.661 17.395 6.84301
      vertex 10.9099 17.395 6.3773
      vertex 10.911 17.395 6.41
    endloop
  endfacet
  facet normal 0 -1 0
    outer loop
      vertex 10.661 17.395 6.84301
      vertex 10.9067 17.395 6.34474
      vertex 10.9099 17.395 6.3773
    endloop
  endfacet
  facet normal 0 -1 0
    outer loop
      vertex 10.661 17.395 6.84301
      vertex 10.9014 17.395 6.31245
      vertex 10.9067 17.395 6.34474
    endloop
  endfacet
  facet normal 0 -1 0
    outer loop
      vertex 10.661 17.395 6.84301
      vertex 10.894 17.395 6.28059
      vertex 10.9014 17.395 6.31245
    endloop
  endfacet
  facet normal 0 -1 0
    outer loop
      vertex 10.661 17.395 6.84301
      vertex 10.8845 17.395 6.24928
      vertex 10.894 17.395 6.28059
    endloop
  endfacet
  facet normal 0 -1 0
    outer loop
      vertex 10.661 17.395 6.84301
      vertex 10.8729 17.395 6.21866
      vertex 10.8845 17.395 6.24928
    endloop
  endfacet
  facet normal 0 -1 0
    outer loop
      vertex 10.661 17.395 6.84301
      vertex 10.8594 17.395 6.18886
      vertex 10.8729 17.395 6.21866
    endloop
  endfacet
  facet normal 0 -1 0
    outer loop
      vertex 10.661 17.395 6.84301
      vertex 10.844 17.395 6.16
      vertex 10.8594 17.395 6.18886
    endloop
  endfacet
  facet normal 0 -1 0
    outer loop
      vertex 10.661 17.395 6.84301
      vertex 10.8267 17.395 6.13221
      vertex 10.844 17.395 6.16
    endloop
  endfacet
  facet normal 0 -1 0
    outer loop
      vertex 10.661 17.395 6.84301
      vertex 10.8077 17.395 6.10562
      vertex 10.8267 17.395 6.13221
    endloop
  endfacet
  facet normal 0 -1 0
    outer loop
      vertex 10.661 17.395 6.84301
      vertex 10.7869 17.395 6.08033
      vertex 10.8077 17.395 6.10562
    endloop
  endfacet
  facet normal 0 -1 0
    outer loop
      vertex 10.661 17.395 6.84301
      vertex 10.7646 17.395 6.05645
      vertex 10.7869 17.395 6.08033
    endloop
  endfacet
  facet normal 0 -1 0
    outer loop
      vertex 10.661 17.395 6.84301
      vertex 10.7407 17.395 6.03408
      vertex 10.7646 17.395 6.05645
    endloop
  endfacet
  facet normal 0 -1 0
    outer loop
      vertex 10.661 17.395 6.84301
      vertex 10.7154 17.395 6.01332
      vertex 10.7407 17.395 6.03408
    endloop
  endfacet
  facet normal 0 -1 0
    outer loop
      vertex 10.661 17.395 6.84301
      vertex 10.6888 17.395 5.99426
      vertex 10.7154 17.395 6.01332
    endloop
  endfacet
  facet normal -0 -1 0
    outer loop
      vertex 10.6888 17.395 5.99426
      vertex 10.661 17.395 6.84301
      vertex 10.661 17.395 5.97699
    endloop
  endfacet
  facet normal 0 -1 0
    outer loop
      vertex 10.2197 17.395 5.94806
      vertex 10.6287 17.395 5.96
      vertex 10.1933 17.395 5.96
    endloop
  endfacet
  facet normal 0 -1 0
    outer loop
      vertex 10.2197 17.395 5.94806
      vertex 10.6023 17.395 5.94806
      vertex 10.6287 17.395 5.96
    endloop
  endfacet
  facet normal 0 -1 0
    outer loop
      vertex 10.2503 17.395 5.93653
      vertex 10.6023 17.395 5.94806
      vertex 10.2197 17.395 5.94806
    endloop
  endfacet
  facet normal 0 -1 0
    outer loop
      vertex 10.2503 17.395 5.93653
      vertex 10.5717 17.395 5.93653
      vertex 10.6023 17.395 5.94806
    endloop
  endfacet
  facet normal 0 -1 0
    outer loop
      vertex 10.2816 17.395 5.92704
      vertex 10.5717 17.395 5.93653
      vertex 10.2503 17.395 5.93653
    endloop
  endfacet
  facet normal 0 -1 0
    outer loop
      vertex 10.2816 17.395 5.92704
      vertex 10.5404 17.395 5.92704
      vertex 10.5717 17.395 5.93653
    endloop
  endfacet
  facet normal 0 -1 0
    outer loop
      vertex 10.3135 17.395 5.91961
      vertex 10.5404 17.395 5.92704
      vertex 10.2816 17.395 5.92704
    endloop
  endfacet
  facet normal 0 -1 0
    outer loop
      vertex 10.3135 17.395 5.91961
      vertex 10.5085 17.395 5.91961
      vertex 10.5404 17.395 5.92704
    endloop
  endfacet
  facet normal 0 -1 0
    outer loop
      vertex 10.3457 17.395 5.91428
      vertex 10.5085 17.395 5.91961
      vertex 10.3135 17.395 5.91961
    endloop
  endfacet
  facet normal 0 -1 0
    outer loop
      vertex 10.3457 17.395 5.91428
      vertex 10.4763 17.395 5.91428
      vertex 10.5085 17.395 5.91961
    endloop
  endfacet
  facet normal 0 -1 0
    outer loop
      vertex 10.3783 17.395 5.91107
      vertex 10.4763 17.395 5.91428
      vertex 10.3457 17.395 5.91428
    endloop
  endfacet
  facet normal 0 -1 0
    outer loop
      vertex 10.3783 17.395 5.91107
      vertex 10.4437 17.395 5.91107
      vertex 10.4763 17.395 5.91428
    endloop
  endfacet
  facet normal -0 -1 0
    outer loop
      vertex 10.4437 17.395 5.91107
      vertex 10.3783 17.395 5.91107
      vertex 10.411 17.395 5.91
    endloop
  endfacet
  facet normal 0.995205 0 -0.0978089
    outer loop
      vertex 10.9099 17.395 6.3773
      vertex 10.9067 20.395 6.34474
      vertex 10.9099 20.395 6.3773
    endloop
  endfacet
  facet normal 0.995205 0 -0.0978089
    outer loop
      vertex 10.9067 20.395 6.34474
      vertex 10.9099 17.395 6.3773
      vertex 10.9067 17.395 6.34474
    endloop
  endfacet
  facet normal 0.956922 0 -0.290347
    outer loop
      vertex 10.894 17.395 6.28059
      vertex 10.8845 20.395 6.24928
      vertex 10.894 20.395 6.28059
    endloop
  endfacet
  facet normal 0.956922 0 -0.290347
    outer loop
      vertex 10.8845 20.395 6.24928
      vertex 10.894 17.395 6.28059
      vertex 10.8845 17.395 6.24928
    endloop
  endfacet
  facet normal 0.81363 0 -0.581383
    outer loop
      vertex 10.8267 17.395 6.13221
      vertex 10.8077 20.395 6.10562
      vertex 10.8267 20.395 6.13221
    endloop
  endfacet
  facet normal 0.81363 0 -0.581383
    outer loop
      vertex 10.8077 20.395 6.10562
      vertex 10.8267 17.395 6.13221
      vertex 10.8077 17.395 6.10562
    endloop
  endfacet
  facet normal 0.730872 0 -0.682515
    outer loop
      vertex 10.7869 17.395 6.08033
      vertex 10.7646 20.395 6.05645
      vertex 10.7869 20.395 6.08033
    endloop
  endfacet
  facet normal 0.730872 0 -0.682515
    outer loop
      vertex 10.7646 20.395 6.05645
      vertex 10.7869 17.395 6.08033
      vertex 10.7646 17.395 6.05645
    endloop
  endfacet
  facet normal 0.163306 0 -0.986575
    outer loop
      vertex 10.4763 17.395 5.91428
      vertex 10.5085 20.395 5.91961
      vertex 10.5085 17.395 5.91961
    endloop
  endfacet
  facet normal 0.163306 0 -0.986575
    outer loop
      vertex 10.5085 20.395 5.91961
      vertex 10.4763 17.395 5.91428
      vertex 10.4763 20.395 5.91428
    endloop
  endfacet
  facet normal 0.290152 0 -0.956981
    outer loop
      vertex 10.5404 17.395 5.92704
      vertex 10.5717 20.395 5.93653
      vertex 10.5717 17.395 5.93653
    endloop
  endfacet
  facet normal 0.290152 0 -0.956981
    outer loop
      vertex 10.5717 20.395 5.93653
      vertex 10.5404 17.395 5.92704
      vertex 10.5404 20.395 5.92704
    endloop
  endfacet
  facet normal 0.0979924 0 -0.995187
    outer loop
      vertex 10.4437 17.395 5.91107
      vertex 10.4763 20.395 5.91428
      vertex 10.4763 17.395 5.91428
    endloop
  endfacet
  facet normal 0.0979924 0 -0.995187
    outer loop
      vertex 10.4763 20.395 5.91428
      vertex 10.4437 17.395 5.91107
      vertex 10.4437 20.395 5.91107
    endloop
  endfacet
  facet normal 0.634335 0 -0.773058
    outer loop
      vertex 10.7154 17.395 6.01332
      vertex 10.7407 20.395 6.03408
      vertex 10.7407 17.395 6.03408
    endloop
  endfacet
  facet normal 0.634335 0 -0.773058
    outer loop
      vertex 10.7407 20.395 6.03408
      vertex 10.7154 17.395 6.01332
      vertex 10.7154 20.395 6.01332
    endloop
  endfacet
  facet normal 0 1 0
    outer loop
      vertex 10.7154 20.395 6.80668
      vertex 10.661 20.395 6.84301
      vertex 10.6888 20.395 6.82573
    endloop
  endfacet
  facet normal 0 1 0
    outer loop
      vertex 10.7407 20.395 6.78592
      vertex 10.661 20.395 6.84301
      vertex 10.7154 20.395 6.80668
    endloop
  endfacet
  facet normal 0 1 0
    outer loop
      vertex 10.7646 20.395 6.76355
      vertex 10.661 20.395 6.84301
      vertex 10.7407 20.395 6.78592
    endloop
  endfacet
  facet normal 0 1 0
    outer loop
      vertex 10.7869 20.395 6.73967
      vertex 10.661 20.395 6.84301
      vertex 10.7646 20.395 6.76355
    endloop
  endfacet
  facet normal 0 1 0
    outer loop
      vertex 10.8077 20.395 6.71438
      vertex 10.661 20.395 6.84301
      vertex 10.7869 20.395 6.73967
    endloop
  endfacet
  facet normal 0 1 0
    outer loop
      vertex 10.8267 20.395 6.68778
      vertex 10.661 20.395 6.84301
      vertex 10.8077 20.395 6.71438
    endloop
  endfacet
  facet normal 0 1 0
    outer loop
      vertex 10.844 20.395 6.66
      vertex 10.661 20.395 6.84301
      vertex 10.8267 20.395 6.68778
    endloop
  endfacet
  facet normal 0 1 0
    outer loop
      vertex 10.8594 20.395 6.63114
      vertex 10.661 20.395 6.84301
      vertex 10.844 20.395 6.66
    endloop
  endfacet
  facet normal 0 1 0
    outer loop
      vertex 10.8729 20.395 6.60134
      vertex 10.661 20.395 6.84301
      vertex 10.8594 20.395 6.63114
    endloop
  endfacet
  facet normal 0 1 0
    outer loop
      vertex 10.8845 20.395 6.57072
      vertex 10.661 20.395 6.84301
      vertex 10.8729 20.395 6.60134
    endloop
  endfacet
  facet normal 0 1 0
    outer loop
      vertex 10.894 20.395 6.53941
      vertex 10.661 20.395 6.84301
      vertex 10.8845 20.395 6.57072
    endloop
  endfacet
  facet normal 0 1 0
    outer loop
      vertex 10.9014 20.395 6.50754
      vertex 10.661 20.395 6.84301
      vertex 10.894 20.395 6.53941
    endloop
  endfacet
  facet normal 0 1 0
    outer loop
      vertex 10.9067 20.395 6.47526
      vertex 10.661 20.395 6.84301
      vertex 10.9014 20.395 6.50754
    endloop
  endfacet
  facet normal 0 1 0
    outer loop
      vertex 10.9099 20.395 6.4427
      vertex 10.661 20.395 6.84301
      vertex 10.9067 20.395 6.47526
    endloop
  endfacet
  facet normal 0 1 0
    outer loop
      vertex 10.911 20.395 6.41
      vertex 10.661 20.395 6.84301
      vertex 10.9099 20.395 6.4427
    endloop
  endfacet
  facet normal 0 1 -0
    outer loop
      vertex 10.9099 20.395 6.3773
      vertex 10.661 20.395 6.84301
      vertex 10.911 20.395 6.41
    endloop
  endfacet
  facet normal 0 1 -0
    outer loop
      vertex 10.9067 20.395 6.34474
      vertex 10.661 20.395 6.84301
      vertex 10.9099 20.395 6.3773
    endloop
  endfacet
  facet normal 0 1 -0
    outer loop
      vertex 10.9014 20.395 6.31245
      vertex 10.661 20.395 6.84301
      vertex 10.9067 20.395 6.34474
    endloop
  endfacet
  facet normal 0 1 -0
    outer loop
      vertex 10.894 20.395 6.28059
      vertex 10.661 20.395 6.84301
      vertex 10.9014 20.395 6.31245
    endloop
  endfacet
  facet normal 0 1 -0
    outer loop
      vertex 10.8845 20.395 6.24928
      vertex 10.661 20.395 6.84301
      vertex 10.894 20.395 6.28059
    endloop
  endfacet
  facet normal 0 1 -0
    outer loop
      vertex 10.8729 20.395 6.21866
      vertex 10.661 20.395 6.84301
      vertex 10.8845 20.395 6.24928
    endloop
  endfacet
  facet normal 0 1 -0
    outer loop
      vertex 10.8594 20.395 6.18886
      vertex 10.661 20.395 6.84301
      vertex 10.8729 20.395 6.21866
    endloop
  endfacet
  facet normal 0 1 -0
    outer loop
      vertex 10.844 20.395 6.16
      vertex 10.661 20.395 6.84301
      vertex 10.8594 20.395 6.18886
    endloop
  endfacet
  facet normal 0 1 -0
    outer loop
      vertex 10.8267 20.395 6.13221
      vertex 10.661 20.395 6.84301
      vertex 10.844 20.395 6.16
    endloop
  endfacet
  facet normal 0 1 -0
    outer loop
      vertex 10.8077 20.395 6.10562
      vertex 10.661 20.395 6.84301
      vertex 10.8267 20.395 6.13221
    endloop
  endfacet
  facet normal 0 1 -0
    outer loop
      vertex 10.7869 20.395 6.08033
      vertex 10.661 20.395 6.84301
      vertex 10.8077 20.395 6.10562
    endloop
  endfacet
  facet normal 0 1 -0
    outer loop
      vertex 10.7646 20.395 6.05645
      vertex 10.661 20.395 6.84301
      vertex 10.7869 20.395 6.08033
    endloop
  endfacet
  facet normal 0 1 -0
    outer loop
      vertex 10.7407 20.395 6.03408
      vertex 10.661 20.395 6.84301
      vertex 10.7646 20.395 6.05645
    endloop
  endfacet
  facet normal 0 1 -0
    outer loop
      vertex 10.7154 20.395 6.01332
      vertex 10.661 20.395 6.84301
      vertex 10.7407 20.395 6.03408
    endloop
  endfacet
  facet normal 0 1 -0
    outer loop
      vertex 10.6888 20.395 5.99426
      vertex 10.661 20.395 6.84301
      vertex 10.7154 20.395 6.01332
    endloop
  endfacet
  facet normal 0 1 0
    outer loop
      vertex 10.661 20.395 6.84301
      vertex 10.6888 20.395 5.99426
      vertex 10.661 20.395 5.97699
    endloop
  endfacet
  facet normal 0 1 -0
    outer loop
      vertex 10.6023 20.395 5.94806
      vertex 10.1933 20.395 5.96
      vertex 10.6287 20.395 5.96
    endloop
  endfacet
  facet normal 0 1 0
    outer loop
      vertex 10.6023 20.395 5.94806
      vertex 10.2197 20.395 5.94806
      vertex 10.1933 20.395 5.96
    endloop
  endfacet
  facet normal 0 1 -0
    outer loop
      vertex 10.5717 20.395 5.93653
      vertex 10.2197 20.395 5.94806
      vertex 10.6023 20.395 5.94806
    endloop
  endfacet
  facet normal 0 1 0
    outer loop
      vertex 10.5717 20.395 5.93653
      vertex 10.2503 20.395 5.93653
      vertex 10.2197 20.395 5.94806
    endloop
  endfacet
  facet normal 0 1 -0
    outer loop
      vertex 10.5404 20.395 5.92704
      vertex 10.2503 20.395 5.93653
      vertex 10.5717 20.395 5.93653
    endloop
  endfacet
  facet normal 0 1 0
    outer loop
      vertex 10.5404 20.395 5.92704
      vertex 10.2816 20.395 5.92704
      vertex 10.2503 20.395 5.93653
    endloop
  endfacet
  facet normal 0 1 -0
    outer loop
      vertex 10.5085 20.395 5.91961
      vertex 10.2816 20.395 5.92704
      vertex 10.5404 20.395 5.92704
    endloop
  endfacet
  facet normal 0 1 0
    outer loop
      vertex 10.5085 20.395 5.91961
      vertex 10.3135 20.395 5.91961
      vertex 10.2816 20.395 5.92704
    endloop
  endfacet
  facet normal 0 1 -0
    outer loop
      vertex 10.4763 20.395 5.91428
      vertex 10.3135 20.395 5.91961
      vertex 10.5085 20.395 5.91961
    endloop
  endfacet
  facet normal 0 1 0
    outer loop
      vertex 10.4763 20.395 5.91428
      vertex 10.3457 20.395 5.91428
      vertex 10.3135 20.395 5.91961
    endloop
  endfacet
  facet normal 0 1 -0
    outer loop
      vertex 10.4437 20.395 5.91107
      vertex 10.3457 20.395 5.91428
      vertex 10.4763 20.395 5.91428
    endloop
  endfacet
  facet normal 0 1 0
    outer loop
      vertex 10.4437 20.395 5.91107
      vertex 10.3783 20.395 5.91107
      vertex 10.3457 20.395 5.91428
    endloop
  endfacet
  facet normal -0 1 0
    outer loop
      vertex 10.3783 20.395 5.91107
      vertex 10.4437 20.395 5.91107
      vertex 10.411 20.395 5.91
    endloop
  endfacet
  facet normal -0.0979924 0 -0.995187
    outer loop
      vertex 10.3457 17.395 5.91428
      vertex 10.3783 20.395 5.91107
      vertex 10.3783 17.395 5.91107
    endloop
  endfacet
  facet normal -0.0979924 0 -0.995187
    outer loop
      vertex 10.3783 20.395 5.91107
      vertex 10.3457 17.395 5.91428
      vertex 10.3457 20.395 5.91428
    endloop
  endfacet
  facet normal 0.772336 -0 0.635215
    outer loop
      vertex 10.7869 17.395 6.73967
      vertex 10.8077 20.395 6.71438
      vertex 10.7869 20.395 6.73967
    endloop
  endfacet
  facet normal 0.772336 0 0.635215
    outer loop
      vertex 10.8077 20.395 6.71438
      vertex 10.7869 17.395 6.73967
      vertex 10.8077 17.395 6.71438
    endloop
  endfacet
  facet normal 0.956922 -0 0.290347
    outer loop
      vertex 10.8845 17.395 6.57072
      vertex 10.894 20.395 6.53941
      vertex 10.8845 20.395 6.57072
    endloop
  endfacet
  facet normal 0.956922 0 0.290347
    outer loop
      vertex 10.894 20.395 6.53941
      vertex 10.8845 17.395 6.57072
      vertex 10.894 17.395 6.53941
    endloop
  endfacet
  facet normal 0.995205 -0 0.0978089
    outer loop
      vertex 10.9067 17.395 6.47526
      vertex 10.9099 20.395 6.4427
      vertex 10.9067 20.395 6.47526
    endloop
  endfacet
  facet normal 0.995205 0 0.0978089
    outer loop
      vertex 10.9099 20.395 6.4427
      vertex 10.9067 17.395 6.47526
      vertex 10.9099 17.395 6.4427
    endloop
  endfacet
  facet normal 0.974071 0 -0.226244
    outer loop
      vertex 10.9014 17.395 6.31245
      vertex 10.894 20.395 6.28059
      vertex 10.9014 20.395 6.31245
    endloop
  endfacet
  facet normal 0.974071 0 -0.226244
    outer loop
      vertex 10.894 20.395 6.28059
      vertex 10.9014 17.395 6.31245
      vertex 10.894 17.395 6.28059
    endloop
  endfacet
  facet normal 0.986796 0 -0.16197
    outer loop
      vertex 10.9067 17.395 6.34474
      vertex 10.9014 20.395 6.31245
      vertex 10.9067 20.395 6.34474
    endloop
  endfacet
  facet normal 0.986796 0 -0.16197
    outer loop
      vertex 10.9014 20.395 6.31245
      vertex 10.9067 17.395 6.34474
      vertex 10.9014 17.395 6.31245
    endloop
  endfacet
  facet normal 0.935144 0 -0.354268
    outer loop
      vertex 10.8845 17.395 6.24928
      vertex 10.8729 20.395 6.21866
      vertex 10.8845 20.395 6.24928
    endloop
  endfacet
  facet normal 0.935144 0 -0.354268
    outer loop
      vertex 10.8729 20.395 6.21866
      vertex 10.8845 17.395 6.24928
      vertex 10.8729 17.395 6.21866
    endloop
  endfacet
  facet normal 0.772336 0 -0.635215
    outer loop
      vertex 10.8077 17.395 6.10562
      vertex 10.7869 20.395 6.08033
      vertex 10.8077 20.395 6.10562
    endloop
  endfacet
  facet normal 0.772336 0 -0.635215
    outer loop
      vertex 10.7869 20.395 6.08033
      vertex 10.8077 17.395 6.10562
      vertex 10.7869 17.395 6.08033
    endloop
  endfacet
  facet normal 0.848941 0 -0.528488
    outer loop
      vertex 10.844 17.395 6.16
      vertex 10.8267 20.395 6.13221
      vertex 10.844 20.395 6.16
    endloop
  endfacet
  facet normal 0.848941 0 -0.528488
    outer loop
      vertex 10.8267 20.395 6.13221
      vertex 10.844 17.395 6.16
      vertex 10.8267 17.395 6.13221
    endloop
  endfacet
  facet normal 0.882251 0 -0.470779
    outer loop
      vertex 10.8594 17.395 6.18886
      vertex 10.844 20.395 6.16
      vertex 10.8594 20.395 6.18886
    endloop
  endfacet
  facet normal 0.882251 0 -0.470779
    outer loop
      vertex 10.844 20.395 6.16
      vertex 10.8594 17.395 6.18886
      vertex 10.844 17.395 6.16
    endloop
  endfacet
  facet normal 0.226844 0 -0.973931
    outer loop
      vertex 10.5085 17.395 5.91961
      vertex 10.5404 20.395 5.92704
      vertex 10.5404 17.395 5.92704
    endloop
  endfacet
  facet normal 0.226844 0 -0.973931
    outer loop
      vertex 10.5404 20.395 5.92704
      vertex 10.5085 17.395 5.91961
      vertex 10.5085 20.395 5.91961
    endloop
  endfacet
  facet normal 0.0327042 0 -0.999465
    outer loop
      vertex 10.411 17.395 5.91
      vertex 10.4437 20.395 5.91107
      vertex 10.4437 17.395 5.91107
    endloop
  endfacet
  facet normal 0.0327042 0 -0.999465
    outer loop
      vertex 10.4437 20.395 5.91107
      vertex 10.411 17.395 5.91
      vertex 10.411 20.395 5.91
    endloop
  endfacet
  facet normal 0.352598 0 -0.935775
    outer loop
      vertex 10.5717 17.395 5.93653
      vertex 10.6023 20.395 5.94806
      vertex 10.6023 17.395 5.94806
    endloop
  endfacet
  facet normal 0.352598 0 -0.935775
    outer loop
      vertex 10.6023 20.395 5.94806
      vertex 10.5717 17.395 5.93653
      vertex 10.5717 20.395 5.93653
    endloop
  endfacet
  facet normal 0.52769 0 -0.849437
    outer loop
      vertex 10.661 17.395 5.97699
      vertex 10.6888 20.395 5.99426
      vertex 10.6888 17.395 5.99426
    endloop
  endfacet
  facet normal 0.52769 0 -0.849437
    outer loop
      vertex 10.6888 20.395 5.99426
      vertex 10.661 17.395 5.97699
      vertex 10.661 20.395 5.97699
    endloop
  endfacet
  facet normal 0.582452 0 -0.812865
    outer loop
      vertex 10.6888 17.395 5.99426
      vertex 10.7154 20.395 6.01332
      vertex 10.7154 17.395 6.01332
    endloop
  endfacet
  facet normal 0.582452 0 -0.812865
    outer loop
      vertex 10.7154 20.395 6.01332
      vertex 10.6888 17.395 5.99426
      vertex 10.6888 20.395 5.99426
    endloop
  endfacet
  facet normal -0.290152 0 -0.956981
    outer loop
      vertex 10.2503 17.395 5.93653
      vertex 10.2816 20.395 5.92704
      vertex 10.2816 17.395 5.92704
    endloop
  endfacet
  facet normal -0.290152 0 -0.956981
    outer loop
      vertex 10.2816 20.395 5.92704
      vertex 10.2503 17.395 5.93653
      vertex 10.2503 20.395 5.93653
    endloop
  endfacet
  facet normal -0.352598 0 -0.935775
    outer loop
      vertex 10.2197 17.395 5.94806
      vertex 10.2503 20.395 5.93653
      vertex 10.2503 17.395 5.93653
    endloop
  endfacet
  facet normal -0.352598 0 -0.935775
    outer loop
      vertex 10.2503 20.395 5.93653
      vertex 10.2197 17.395 5.94806
      vertex 10.2197 20.395 5.94806
    endloop
  endfacet
  facet normal -0.226844 0 -0.973931
    outer loop
      vertex 10.2816 17.395 5.92704
      vertex 10.3135 20.395 5.91961
      vertex 10.3135 17.395 5.91961
    endloop
  endfacet
  facet normal -0.226844 0 -0.973931
    outer loop
      vertex 10.3135 20.395 5.91961
      vertex 10.2816 17.395 5.92704
      vertex 10.2816 20.395 5.92704
    endloop
  endfacet
  facet normal 0.999435 -0 0.0336201
    outer loop
      vertex 10.9099 17.395 6.4427
      vertex 10.911 20.395 6.41
      vertex 10.9099 20.395 6.4427
    endloop
  endfacet
  facet normal 0.999435 0 0.0336201
    outer loop
      vertex 10.911 20.395 6.41
      vertex 10.9099 17.395 6.4427
      vertex 10.911 17.395 6.41
    endloop
  endfacet
  facet normal 0.634335 0 0.773058
    outer loop
      vertex 10.7154 20.395 6.80668
      vertex 10.7407 17.395 6.78592
      vertex 10.7407 20.395 6.78592
    endloop
  endfacet
  facet normal 0.634335 0 0.773058
    outer loop
      vertex 10.7407 17.395 6.78592
      vertex 10.7154 20.395 6.80668
      vertex 10.7154 17.395 6.80668
    endloop
  endfacet
  facet normal 0.52791 0 0.8493
    outer loop
      vertex 10.661 20.395 6.84301
      vertex 10.6888 17.395 6.82573
      vertex 10.6888 20.395 6.82573
    endloop
  endfacet
  facet normal 0.52791 0 0.8493
    outer loop
      vertex 10.6888 17.395 6.82573
      vertex 10.661 20.395 6.84301
      vertex 10.661 17.395 6.84301
    endloop
  endfacet
  facet normal 0.58225 0 0.81301
    outer loop
      vertex 10.6888 20.395 6.82573
      vertex 10.7154 17.395 6.80668
      vertex 10.7154 20.395 6.80668
    endloop
  endfacet
  facet normal 0.58225 0 0.81301
    outer loop
      vertex 10.7154 17.395 6.80668
      vertex 10.6888 20.395 6.82573
      vertex 10.6888 17.395 6.82573
    endloop
  endfacet
  facet normal 0.813733 -0 0.581238
    outer loop
      vertex 10.8077 17.395 6.71438
      vertex 10.8267 20.395 6.68778
      vertex 10.8077 20.395 6.71438
    endloop
  endfacet
  facet normal 0.813733 0 0.581238
    outer loop
      vertex 10.8267 20.395 6.68778
      vertex 10.8077 17.395 6.71438
      vertex 10.8267 17.395 6.68778
    endloop
  endfacet
  facet normal 0.935144 -0 0.354268
    outer loop
      vertex 10.8729 17.395 6.60134
      vertex 10.8845 20.395 6.57072
      vertex 10.8729 20.395 6.60134
    endloop
  endfacet
  facet normal 0.935144 0 0.354268
    outer loop
      vertex 10.8845 20.395 6.57072
      vertex 10.8729 17.395 6.60134
      vertex 10.8845 17.395 6.57072
    endloop
  endfacet
  facet normal 0.910889 -0 0.412651
    outer loop
      vertex 10.8594 17.395 6.63114
      vertex 10.8729 20.395 6.60134
      vertex 10.8594 20.395 6.63114
    endloop
  endfacet
  facet normal 0.910889 0 0.412651
    outer loop
      vertex 10.8729 20.395 6.60134
      vertex 10.8594 17.395 6.63114
      vertex 10.8729 17.395 6.60134
    endloop
  endfacet
  facet normal 0.974086 -0 0.226176
    outer loop
      vertex 10.894 17.395 6.53941
      vertex 10.9014 20.395 6.50754
      vertex 10.894 20.395 6.53941
    endloop
  endfacet
  facet normal 0.974086 0 0.226176
    outer loop
      vertex 10.9014 20.395 6.50754
      vertex 10.894 17.395 6.53941
      vertex 10.9014 17.395 6.50754
    endloop
  endfacet
  facet normal 0.683352 0 0.730089
    outer loop
      vertex 10.7407 20.395 6.78592
      vertex 10.7646 17.395 6.76355
      vertex 10.7646 20.395 6.76355
    endloop
  endfacet
  facet normal 0.683352 0 0.730089
    outer loop
      vertex 10.7646 17.395 6.76355
      vertex 10.7407 20.395 6.78592
      vertex 10.7407 17.395 6.78592
    endloop
  endfacet
  facet normal 0.848856 -0 0.528625
    outer loop
      vertex 10.8267 17.395 6.68778
      vertex 10.844 20.395 6.66
      vertex 10.8267 20.395 6.68778
    endloop
  endfacet
  facet normal 0.848856 0 0.528625
    outer loop
      vertex 10.844 20.395 6.66
      vertex 10.8267 17.395 6.68778
      vertex 10.844 17.395 6.66
    endloop
  endfacet
  facet normal 0.986788 -0 0.162019
    outer loop
      vertex 10.9014 17.395 6.50754
      vertex 10.9067 20.395 6.47526
      vertex 10.9014 20.395 6.50754
    endloop
  endfacet
  facet normal 0.986788 0 0.162019
    outer loop
      vertex 10.9067 20.395 6.47526
      vertex 10.9014 17.395 6.50754
      vertex 10.9067 17.395 6.47526
    endloop
  endfacet
  facet normal -0.683352 0 -0.730089
    outer loop
      vertex -13.7676 17.395 6.05645
      vertex -13.7437 20.395 6.03408
      vertex -13.7437 17.395 6.03408
    endloop
  endfacet
  facet normal -0.683352 0 -0.730089
    outer loop
      vertex -13.7437 20.395 6.03408
      vertex -13.7676 17.395 6.05645
      vertex -13.7676 20.395 6.05645
    endloop
  endfacet
  facet normal -0.412086 0 -0.911145
    outer loop
      vertex -13.6317 17.395 5.96
      vertex -13.6053 20.395 5.94806
      vertex -13.6053 17.395 5.94806
    endloop
  endfacet
  facet normal -0.412086 0 -0.911145
    outer loop
      vertex -13.6053 20.395 5.94806
      vertex -13.6317 17.395 5.96
      vertex -13.6317 20.395 5.96
    endloop
  endfacet
  facet normal 0.0327042 0 -0.999465
    outer loop
      vertex -13.414 17.395 5.91
      vertex -13.3813 20.395 5.91107
      vertex -13.3813 17.395 5.91107
    endloop
  endfacet
  facet normal 0.0327042 0 -0.999465
    outer loop
      vertex -13.3813 20.395 5.91107
      vertex -13.414 17.395 5.91
      vertex -13.414 20.395 5.91
    endloop
  endfacet
  facet normal 0.412086 0 -0.911145
    outer loop
      vertex -13.2227 17.395 5.94806
      vertex -13.1963 20.395 5.96
      vertex -13.1963 17.395 5.96
    endloop
  endfacet
  facet normal 0.412086 0 -0.911145
    outer loop
      vertex -13.1963 20.395 5.96
      vertex -13.2227 17.395 5.94806
      vertex -13.2227 20.395 5.94806
    endloop
  endfacet
  facet normal -0.848941 0 -0.528488
    outer loop
      vertex -13.8297 17.395 6.13221
      vertex -13.847 20.395 6.16
      vertex -13.8297 20.395 6.13221
    endloop
  endfacet
  facet normal -0.848941 -0 -0.528488
    outer loop
      vertex -13.847 20.395 6.16
      vertex -13.8297 17.395 6.13221
      vertex -13.847 17.395 6.16
    endloop
  endfacet
  facet normal -0.81363 0 -0.581383
    outer loop
      vertex -13.8107 17.395 6.10562
      vertex -13.8297 20.395 6.13221
      vertex -13.8107 20.395 6.10562
    endloop
  endfacet
  facet normal -0.81363 -0 -0.581383
    outer loop
      vertex -13.8297 20.395 6.13221
      vertex -13.8107 17.395 6.10562
      vertex -13.8297 17.395 6.13221
    endloop
  endfacet
  facet normal -0.995205 0 -0.0978089
    outer loop
      vertex -13.9097 17.395 6.34474
      vertex -13.9129 20.395 6.3773
      vertex -13.9097 20.395 6.34474
    endloop
  endfacet
  facet normal -0.995205 -0 -0.0978089
    outer loop
      vertex -13.9129 20.395 6.3773
      vertex -13.9097 17.395 6.34474
      vertex -13.9129 17.395 6.3773
    endloop
  endfacet
  facet normal 0.163306 0 -0.986575
    outer loop
      vertex -13.3487 17.395 5.91428
      vertex -13.3165 20.395 5.91961
      vertex -13.3165 17.395 5.91961
    endloop
  endfacet
  facet normal 0.163306 0 -0.986575
    outer loop
      vertex -13.3165 20.395 5.91961
      vertex -13.3487 17.395 5.91428
      vertex -13.3487 20.395 5.91428
    endloop
  endfacet
  facet normal 0.290152 0 -0.956981
    outer loop
      vertex -13.2846 17.395 5.92704
      vertex -13.2533 20.395 5.93653
      vertex -13.2533 17.395 5.93653
    endloop
  endfacet
  facet normal 0.290152 0 -0.956981
    outer loop
      vertex -13.2533 20.395 5.93653
      vertex -13.2846 17.395 5.92704
      vertex -13.2846 20.395 5.92704
    endloop
  endfacet
  facet normal -0.974071 0 -0.226244
    outer loop
      vertex -13.897 17.395 6.28059
      vertex -13.9044 20.395 6.31245
      vertex -13.897 20.395 6.28059
    endloop
  endfacet
  facet normal -0.974071 -0 -0.226244
    outer loop
      vertex -13.9044 20.395 6.31245
      vertex -13.897 17.395 6.28059
      vertex -13.9044 17.395 6.31245
    endloop
  endfacet
  facet normal -0.910889 0 -0.412651
    outer loop
      vertex -13.8624 17.395 6.18886
      vertex -13.8759 20.395 6.21866
      vertex -13.8624 20.395 6.18886
    endloop
  endfacet
  facet normal -0.910889 -0 -0.412651
    outer loop
      vertex -13.8759 20.395 6.21866
      vertex -13.8624 17.395 6.18886
      vertex -13.8759 17.395 6.21866
    endloop
  endfacet
  facet normal -0.935144 0 -0.354268
    outer loop
      vertex -13.8759 17.395 6.21866
      vertex -13.8875 20.395 6.24928
      vertex -13.8759 20.395 6.21866
    endloop
  endfacet
  facet normal -0.935144 -0 -0.354268
    outer loop
      vertex -13.8875 20.395 6.24928
      vertex -13.8759 17.395 6.21866
      vertex -13.8875 17.395 6.24928
    endloop
  endfacet
  facet normal -0.52769 0 -0.849437
    outer loop
      vertex -13.6918 17.395 5.99426
      vertex -13.664 20.395 5.97699
      vertex -13.664 17.395 5.97699
    endloop
  endfacet
  facet normal -0.52769 0 -0.849437
    outer loop
      vertex -13.664 20.395 5.97699
      vertex -13.6918 17.395 5.99426
      vertex -13.6918 20.395 5.99426
    endloop
  endfacet
  facet normal -0.634335 0 -0.773058
    outer loop
      vertex -13.7437 17.395 6.03408
      vertex -13.7184 20.395 6.01332
      vertex -13.7184 17.395 6.01332
    endloop
  endfacet
  facet normal -0.634335 0 -0.773058
    outer loop
      vertex -13.7184 20.395 6.01332
      vertex -13.7437 17.395 6.03408
      vertex -13.7437 20.395 6.03408
    endloop
  endfacet
  facet normal -0.0979924 0 -0.995187
    outer loop
      vertex -13.4793 17.395 5.91428
      vertex -13.4467 20.395 5.91107
      vertex -13.4467 17.395 5.91107
    endloop
  endfacet
  facet normal -0.0979924 0 -0.995187
    outer loop
      vertex -13.4467 20.395 5.91107
      vertex -13.4793 17.395 5.91428
      vertex -13.4793 20.395 5.91428
    endloop
  endfacet
  facet normal -0.352598 0 -0.935775
    outer loop
      vertex -13.6053 17.395 5.94806
      vertex -13.5747 20.395 5.93653
      vertex -13.5747 17.395 5.93653
    endloop
  endfacet
  facet normal -0.352598 0 -0.935775
    outer loop
      vertex -13.5747 20.395 5.93653
      vertex -13.6053 17.395 5.94806
      vertex -13.6053 20.395 5.94806
    endloop
  endfacet
  facet normal -0.683352 0 0.730089
    outer loop
      vertex -13.7676 20.395 6.76355
      vertex -13.7437 17.395 6.78592
      vertex -13.7437 20.395 6.78592
    endloop
  endfacet
  facet normal -0.683352 0 0.730089
    outer loop
      vertex -13.7437 17.395 6.78592
      vertex -13.7676 20.395 6.76355
      vertex -13.7676 17.395 6.76355
    endloop
  endfacet
  facet normal -0.58225 0 0.81301
    outer loop
      vertex -13.7184 20.395 6.80668
      vertex -13.6918 17.395 6.82573
      vertex -13.6918 20.395 6.82573
    endloop
  endfacet
  facet normal -0.58225 0 0.81301
    outer loop
      vertex -13.6918 17.395 6.82573
      vertex -13.7184 20.395 6.80668
      vertex -13.7184 17.395 6.80668
    endloop
  endfacet
  facet normal -0.910889 0 0.412651
    outer loop
      vertex -13.8759 17.395 6.60134
      vertex -13.8624 20.395 6.63114
      vertex -13.8759 20.395 6.60134
    endloop
  endfacet
  facet normal -0.910889 0 0.412651
    outer loop
      vertex -13.8624 20.395 6.63114
      vertex -13.8759 17.395 6.60134
      vertex -13.8624 17.395 6.63114
    endloop
  endfacet
  facet normal 0 -1 0
    outer loop
      vertex -13.7184 17.395 6.80668
      vertex -13.664 17.395 6.84301
      vertex -13.6918 17.395 6.82573
    endloop
  endfacet
  facet normal 0 -1 0
    outer loop
      vertex -13.7437 17.395 6.78592
      vertex -13.664 17.395 6.84301
      vertex -13.7184 17.395 6.80668
    endloop
  endfacet
  facet normal 0 -1 0
    outer loop
      vertex -13.7676 17.395 6.76355
      vertex -13.664 17.395 6.84301
      vertex -13.7437 17.395 6.78592
    endloop
  endfacet
  facet normal 0 -1 0
    outer loop
      vertex -13.7899 17.395 6.73967
      vertex -13.664 17.395 6.84301
      vertex -13.7676 17.395 6.76355
    endloop
  endfacet
  facet normal 0 -1 0
    outer loop
      vertex -13.8107 17.395 6.71438
      vertex -13.664 17.395 6.84301
      vertex -13.7899 17.395 6.73967
    endloop
  endfacet
  facet normal 0 -1 0
    outer loop
      vertex -13.8297 17.395 6.68778
      vertex -13.664 17.395 6.84301
      vertex -13.8107 17.395 6.71438
    endloop
  endfacet
  facet normal 0 -1 0
    outer loop
      vertex -13.847 17.395 6.66
      vertex -13.664 17.395 6.84301
      vertex -13.8297 17.395 6.68778
    endloop
  endfacet
  facet normal 0 -1 0
    outer loop
      vertex -13.8624 17.395 6.63114
      vertex -13.664 17.395 6.84301
      vertex -13.847 17.395 6.66
    endloop
  endfacet
  facet normal 0 -1 0
    outer loop
      vertex -13.8759 17.395 6.60134
      vertex -13.664 17.395 6.84301
      vertex -13.8624 17.395 6.63114
    endloop
  endfacet
  facet normal 0 -1 0
    outer loop
      vertex -13.8875 17.395 6.57072
      vertex -13.664 17.395 6.84301
      vertex -13.8759 17.395 6.60134
    endloop
  endfacet
  facet normal 0 -1 0
    outer loop
      vertex -13.897 17.395 6.53941
      vertex -13.664 17.395 6.84301
      vertex -13.8875 17.395 6.57072
    endloop
  endfacet
  facet normal 0 -1 0
    outer loop
      vertex -13.9044 17.395 6.50754
      vertex -13.664 17.395 6.84301
      vertex -13.897 17.395 6.53941
    endloop
  endfacet
  facet normal 0 -1 0
    outer loop
      vertex -13.9097 17.395 6.47526
      vertex -13.664 17.395 6.84301
      vertex -13.9044 17.395 6.50754
    endloop
  endfacet
  facet normal 0 -1 0
    outer loop
      vertex -13.9129 17.395 6.4427
      vertex -13.664 17.395 6.84301
      vertex -13.9097 17.395 6.47526
    endloop
  endfacet
  facet normal 0 -1 0
    outer loop
      vertex -13.914 17.395 6.41
      vertex -13.664 17.395 6.84301
      vertex -13.9129 17.395 6.4427
    endloop
  endfacet
  facet normal 0 -1 0
    outer loop
      vertex -13.9129 17.395 6.3773
      vertex -13.664 17.395 6.84301
      vertex -13.914 17.395 6.41
    endloop
  endfacet
  facet normal 0 -1 0
    outer loop
      vertex -13.9097 17.395 6.34474
      vertex -13.664 17.395 6.84301
      vertex -13.9129 17.395 6.3773
    endloop
  endfacet
  facet normal 0 -1 0
    outer loop
      vertex -13.9044 17.395 6.31245
      vertex -13.664 17.395 6.84301
      vertex -13.9097 17.395 6.34474
    endloop
  endfacet
  facet normal 0 -1 0
    outer loop
      vertex -13.897 17.395 6.28059
      vertex -13.664 17.395 6.84301
      vertex -13.9044 17.395 6.31245
    endloop
  endfacet
  facet normal 0 -1 0
    outer loop
      vertex -13.8875 17.395 6.24928
      vertex -13.664 17.395 6.84301
      vertex -13.897 17.395 6.28059
    endloop
  endfacet
  facet normal 0 -1 0
    outer loop
      vertex -13.8759 17.395 6.21866
      vertex -13.664 17.395 6.84301
      vertex -13.8875 17.395 6.24928
    endloop
  endfacet
  facet normal 0 -1 0
    outer loop
      vertex -13.8624 17.395 6.18886
      vertex -13.664 17.395 6.84301
      vertex -13.8759 17.395 6.21866
    endloop
  endfacet
  facet normal 0 -1 0
    outer loop
      vertex -13.847 17.395 6.16
      vertex -13.664 17.395 6.84301
      vertex -13.8624 17.395 6.18886
    endloop
  endfacet
  facet normal 0 -1 0
    outer loop
      vertex -13.8297 17.395 6.13221
      vertex -13.664 17.395 6.84301
      vertex -13.847 17.395 6.16
    endloop
  endfacet
  facet normal 0 -1 0
    outer loop
      vertex -13.8107 17.395 6.10562
      vertex -13.664 17.395 6.84301
      vertex -13.8297 17.395 6.13221
    endloop
  endfacet
  facet normal 0 -1 0
    outer loop
      vertex -13.7899 17.395 6.08033
      vertex -13.664 17.395 6.84301
      vertex -13.8107 17.395 6.10562
    endloop
  endfacet
  facet normal 0 -1 0
    outer loop
      vertex -13.7676 17.395 6.05645
      vertex -13.664 17.395 6.84301
      vertex -13.7899 17.395 6.08033
    endloop
  endfacet
  facet normal 0 -1 0
    outer loop
      vertex -13.7437 17.395 6.03408
      vertex -13.664 17.395 6.84301
      vertex -13.7676 17.395 6.05645
    endloop
  endfacet
  facet normal 0 -1 0
    outer loop
      vertex -13.7184 17.395 6.01332
      vertex -13.664 17.395 6.84301
      vertex -13.7437 17.395 6.03408
    endloop
  endfacet
  facet normal 0 -1 0
    outer loop
      vertex -13.6918 17.395 5.99426
      vertex -13.664 17.395 6.84301
      vertex -13.7184 17.395 6.01332
    endloop
  endfacet
  facet normal 0 -1 -0
    outer loop
      vertex -13.664 17.395 6.84301
      vertex -13.6918 17.395 5.99426
      vertex -13.664 17.395 5.97699
    endloop
  endfacet
  facet normal 0 -1 0
    outer loop
      vertex -13.6053 17.395 5.94806
      vertex -13.1963 17.395 5.96
      vertex -13.6317 17.395 5.96
    endloop
  endfacet
  facet normal 0 -1 0
    outer loop
      vertex -13.6053 17.395 5.94806
      vertex -13.2227 17.395 5.94806
      vertex -13.1963 17.395 5.96
    endloop
  endfacet
  facet normal 0 -1 0
    outer loop
      vertex -13.5747 17.395 5.93653
      vertex -13.2227 17.395 5.94806
      vertex -13.6053 17.395 5.94806
    endloop
  endfacet
  facet normal 0 -1 0
    outer loop
      vertex -13.5747 17.395 5.93653
      vertex -13.2533 17.395 5.93653
      vertex -13.2227 17.395 5.94806
    endloop
  endfacet
  facet normal 0 -1 0
    outer loop
      vertex -13.5434 17.395 5.92704
      vertex -13.2533 17.395 5.93653
      vertex -13.5747 17.395 5.93653
    endloop
  endfacet
  facet normal 0 -1 0
    outer loop
      vertex -13.5434 17.395 5.92704
      vertex -13.2846 17.395 5.92704
      vertex -13.2533 17.395 5.93653
    endloop
  endfacet
  facet normal 0 -1 0
    outer loop
      vertex -13.5115 17.395 5.91961
      vertex -13.2846 17.395 5.92704
      vertex -13.5434 17.395 5.92704
    endloop
  endfacet
  facet normal 0 -1 0
    outer loop
      vertex -13.5115 17.395 5.91961
      vertex -13.3165 17.395 5.91961
      vertex -13.2846 17.395 5.92704
    endloop
  endfacet
  facet normal 0 -1 0
    outer loop
      vertex -13.4793 17.395 5.91428
      vertex -13.3165 17.395 5.91961
      vertex -13.5115 17.395 5.91961
    endloop
  endfacet
  facet normal 0 -1 0
    outer loop
      vertex -13.4793 17.395 5.91428
      vertex -13.3487 17.395 5.91428
      vertex -13.3165 17.395 5.91961
    endloop
  endfacet
  facet normal 0 -1 0
    outer loop
      vertex -13.4467 17.395 5.91107
      vertex -13.3487 17.395 5.91428
      vertex -13.4793 17.395 5.91428
    endloop
  endfacet
  facet normal 0 -1 0
    outer loop
      vertex -13.4467 17.395 5.91107
      vertex -13.3813 17.395 5.91107
      vertex -13.3487 17.395 5.91428
    endloop
  endfacet
  facet normal -0 -1 0
    outer loop
      vertex -13.3813 17.395 5.91107
      vertex -13.4467 17.395 5.91107
      vertex -13.414 17.395 5.91
    endloop
  endfacet
  facet normal -0.0327042 0 -0.999465
    outer loop
      vertex -13.4467 17.395 5.91107
      vertex -13.414 20.395 5.91
      vertex -13.414 17.395 5.91
    endloop
  endfacet
  facet normal -0.0327042 0 -0.999465
    outer loop
      vertex -13.414 20.395 5.91
      vertex -13.4467 17.395 5.91107
      vertex -13.4467 20.395 5.91107
    endloop
  endfacet
  facet normal 0.0979924 0 -0.995187
    outer loop
      vertex -13.3813 17.395 5.91107
      vertex -13.3487 20.395 5.91428
      vertex -13.3487 17.395 5.91428
    endloop
  endfacet
  facet normal 0.0979924 0 -0.995187
    outer loop
      vertex -13.3487 20.395 5.91428
      vertex -13.3813 17.395 5.91107
      vertex -13.3813 20.395 5.91107
    endloop
  endfacet
  facet normal 0.226844 0 -0.973931
    outer loop
      vertex -13.3165 17.395 5.91961
      vertex -13.2846 20.395 5.92704
      vertex -13.2846 17.395 5.92704
    endloop
  endfacet
  facet normal 0.226844 0 -0.973931
    outer loop
      vertex -13.2846 20.395 5.92704
      vertex -13.3165 17.395 5.91961
      vertex -13.3165 20.395 5.91961
    endloop
  endfacet
  facet normal 0.352598 0 -0.935775
    outer loop
      vertex -13.2533 17.395 5.93653
      vertex -13.2227 20.395 5.94806
      vertex -13.2227 17.395 5.94806
    endloop
  endfacet
  facet normal 0.352598 0 -0.935775
    outer loop
      vertex -13.2227 20.395 5.94806
      vertex -13.2533 17.395 5.93653
      vertex -13.2533 20.395 5.93653
    endloop
  endfacet
  facet normal -0.999435 0 -0.0336201
    outer loop
      vertex -13.9129 17.395 6.3773
      vertex -13.914 20.395 6.41
      vertex -13.9129 20.395 6.3773
    endloop
  endfacet
  facet normal -0.999435 -0 -0.0336201
    outer loop
      vertex -13.914 20.395 6.41
      vertex -13.9129 17.395 6.3773
      vertex -13.914 17.395 6.41
    endloop
  endfacet
  facet normal 0 1 -0
    outer loop
      vertex -13.2227 20.395 5.94806
      vertex -13.6317 20.395 5.96
      vertex -13.1963 20.395 5.96
    endloop
  endfacet
  facet normal 0 1 0
    outer loop
      vertex -13.2227 20.395 5.94806
      vertex -13.6053 20.395 5.94806
      vertex -13.6317 20.395 5.96
    endloop
  endfacet
  facet normal 0 1 -0
    outer loop
      vertex -13.2533 20.395 5.93653
      vertex -13.6053 20.395 5.94806
      vertex -13.2227 20.395 5.94806
    endloop
  endfacet
  facet normal 0 1 0
    outer loop
      vertex -13.2533 20.395 5.93653
      vertex -13.5747 20.395 5.93653
      vertex -13.6053 20.395 5.94806
    endloop
  endfacet
  facet normal 0 1 -0
    outer loop
      vertex -13.2846 20.395 5.92704
      vertex -13.5747 20.395 5.93653
      vertex -13.2533 20.395 5.93653
    endloop
  endfacet
  facet normal 0 1 0
    outer loop
      vertex -13.2846 20.395 5.92704
      vertex -13.5434 20.395 5.92704
      vertex -13.5747 20.395 5.93653
    endloop
  endfacet
  facet normal 0 1 -0
    outer loop
      vertex -13.3165 20.395 5.91961
      vertex -13.5434 20.395 5.92704
      vertex -13.2846 20.395 5.92704
    endloop
  endfacet
  facet normal 0 1 0
    outer loop
      vertex -13.3165 20.395 5.91961
      vertex -13.5115 20.395 5.91961
      vertex -13.5434 20.395 5.92704
    endloop
  endfacet
  facet normal 0 1 -0
    outer loop
      vertex -13.3487 20.395 5.91428
      vertex -13.5115 20.395 5.91961
      vertex -13.3165 20.395 5.91961
    endloop
  endfacet
  facet normal 0 1 0
    outer loop
      vertex -13.3487 20.395 5.91428
      vertex -13.4793 20.395 5.91428
      vertex -13.5115 20.395 5.91961
    endloop
  endfacet
  facet normal 0 1 -0
    outer loop
      vertex -13.3813 20.395 5.91107
      vertex -13.4793 20.395 5.91428
      vertex -13.3487 20.395 5.91428
    endloop
  endfacet
  facet normal 0 1 0
    outer loop
      vertex -13.3813 20.395 5.91107
      vertex -13.4467 20.395 5.91107
      vertex -13.4793 20.395 5.91428
    endloop
  endfacet
  facet normal -0 1 0
    outer loop
      vertex -13.4467 20.395 5.91107
      vertex -13.3813 20.395 5.91107
      vertex -13.414 20.395 5.91
    endloop
  endfacet
  facet normal 0 1 0
    outer loop
      vertex -13.664 20.395 6.84301
      vertex -13.7184 20.395 6.80668
      vertex -13.6918 20.395 6.82573
    endloop
  endfacet
  facet normal 0 1 0
    outer loop
      vertex -13.664 20.395 6.84301
      vertex -13.7437 20.395 6.78592
      vertex -13.7184 20.395 6.80668
    endloop
  endfacet
  facet normal 0 1 0
    outer loop
      vertex -13.664 20.395 6.84301
      vertex -13.7676 20.395 6.76355
      vertex -13.7437 20.395 6.78592
    endloop
  endfacet
  facet normal 0 1 0
    outer loop
      vertex -13.664 20.395 6.84301
      vertex -13.7899 20.395 6.73967
      vertex -13.7676 20.395 6.76355
    endloop
  endfacet
  facet normal 0 1 0
    outer loop
      vertex -13.664 20.395 6.84301
      vertex -13.8107 20.395 6.71438
      vertex -13.7899 20.395 6.73967
    endloop
  endfacet
  facet normal 0 1 0
    outer loop
      vertex -13.664 20.395 6.84301
      vertex -13.8297 20.395 6.68778
      vertex -13.8107 20.395 6.71438
    endloop
  endfacet
  facet normal 0 1 0
    outer loop
      vertex -13.664 20.395 6.84301
      vertex -13.847 20.395 6.66
      vertex -13.8297 20.395 6.68778
    endloop
  endfacet
  facet normal 0 1 0
    outer loop
      vertex -13.664 20.395 6.84301
      vertex -13.8624 20.395 6.63114
      vertex -13.847 20.395 6.66
    endloop
  endfacet
  facet normal 0 1 0
    outer loop
      vertex -13.664 20.395 6.84301
      vertex -13.8759 20.395 6.60134
      vertex -13.8624 20.395 6.63114
    endloop
  endfacet
  facet normal 0 1 0
    outer loop
      vertex -13.664 20.395 6.84301
      vertex -13.8875 20.395 6.57072
      vertex -13.8759 20.395 6.60134
    endloop
  endfacet
  facet normal 0 1 0
    outer loop
      vertex -13.664 20.395 6.84301
      vertex -13.897 20.395 6.53941
      vertex -13.8875 20.395 6.57072
    endloop
  endfacet
  facet normal 0 1 0
    outer loop
      vertex -13.664 20.395 6.84301
      vertex -13.9044 20.395 6.50754
      vertex -13.897 20.395 6.53941
    endloop
  endfacet
  facet normal 0 1 0
    outer loop
      vertex -13.664 20.395 6.84301
      vertex -13.9097 20.395 6.47526
      vertex -13.9044 20.395 6.50754
    endloop
  endfacet
  facet normal 0 1 0
    outer loop
      vertex -13.664 20.395 6.84301
      vertex -13.9129 20.395 6.4427
      vertex -13.9097 20.395 6.47526
    endloop
  endfacet
  facet normal 0 1 0
    outer loop
      vertex -13.664 20.395 6.84301
      vertex -13.914 20.395 6.41
      vertex -13.9129 20.395 6.4427
    endloop
  endfacet
  facet normal 0 1 0
    outer loop
      vertex -13.664 20.395 6.84301
      vertex -13.9129 20.395 6.3773
      vertex -13.914 20.395 6.41
    endloop
  endfacet
  facet normal 0 1 0
    outer loop
      vertex -13.664 20.395 6.84301
      vertex -13.9097 20.395 6.34474
      vertex -13.9129 20.395 6.3773
    endloop
  endfacet
  facet normal 0 1 0
    outer loop
      vertex -13.664 20.395 6.84301
      vertex -13.9044 20.395 6.31245
      vertex -13.9097 20.395 6.34474
    endloop
  endfacet
  facet normal 0 1 0
    outer loop
      vertex -13.664 20.395 6.84301
      vertex -13.897 20.395 6.28059
      vertex -13.9044 20.395 6.31245
    endloop
  endfacet
  facet normal 0 1 0
    outer loop
      vertex -13.664 20.395 6.84301
      vertex -13.8875 20.395 6.24928
      vertex -13.897 20.395 6.28059
    endloop
  endfacet
  facet normal 0 1 0
    outer loop
      vertex -13.664 20.395 6.84301
      vertex -13.8759 20.395 6.21866
      vertex -13.8875 20.395 6.24928
    endloop
  endfacet
  facet normal 0 1 0
    outer loop
      vertex -13.664 20.395 6.84301
      vertex -13.8624 20.395 6.18886
      vertex -13.8759 20.395 6.21866
    endloop
  endfacet
  facet normal 0 1 0
    outer loop
      vertex -13.664 20.395 6.84301
      vertex -13.847 20.395 6.16
      vertex -13.8624 20.395 6.18886
    endloop
  endfacet
  facet normal 0 1 0
    outer loop
      vertex -13.664 20.395 6.84301
      vertex -13.8297 20.395 6.13221
      vertex -13.847 20.395 6.16
    endloop
  endfacet
  facet normal 0 1 0
    outer loop
      vertex -13.664 20.395 6.84301
      vertex -13.8107 20.395 6.10562
      vertex -13.8297 20.395 6.13221
    endloop
  endfacet
  facet normal 0 1 0
    outer loop
      vertex -13.664 20.395 6.84301
      vertex -13.7899 20.395 6.08033
      vertex -13.8107 20.395 6.10562
    endloop
  endfacet
  facet normal 0 1 0
    outer loop
      vertex -13.664 20.395 6.84301
      vertex -13.7676 20.395 6.05645
      vertex -13.7899 20.395 6.08033
    endloop
  endfacet
  facet normal 0 1 0
    outer loop
      vertex -13.664 20.395 6.84301
      vertex -13.7437 20.395 6.03408
      vertex -13.7676 20.395 6.05645
    endloop
  endfacet
  facet normal 0 1 0
    outer loop
      vertex -13.664 20.395 6.84301
      vertex -13.7184 20.395 6.01332
      vertex -13.7437 20.395 6.03408
    endloop
  endfacet
  facet normal 0 1 0
    outer loop
      vertex -13.664 20.395 6.84301
      vertex -13.6918 20.395 5.99426
      vertex -13.7184 20.395 6.01332
    endloop
  endfacet
  facet normal -0 1 0
    outer loop
      vertex -13.6918 20.395 5.99426
      vertex -13.664 20.395 6.84301
      vertex -13.664 20.395 5.97699
    endloop
  endfacet
  facet normal -0.730872 0 -0.682515
    outer loop
      vertex -13.7676 17.395 6.05645
      vertex -13.7899 20.395 6.08033
      vertex -13.7676 20.395 6.05645
    endloop
  endfacet
  facet normal -0.730872 -0 -0.682515
    outer loop
      vertex -13.7899 20.395 6.08033
      vertex -13.7676 17.395 6.05645
      vertex -13.7899 17.395 6.08033
    endloop
  endfacet
  facet normal -0.772336 0 -0.635215
    outer loop
      vertex -13.7899 17.395 6.08033
      vertex -13.8107 20.395 6.10562
      vertex -13.7899 20.395 6.08033
    endloop
  endfacet
  facet normal -0.772336 -0 -0.635215
    outer loop
      vertex -13.8107 20.395 6.10562
      vertex -13.7899 17.395 6.08033
      vertex -13.8107 17.395 6.10562
    endloop
  endfacet
  facet normal -0.882251 0 -0.470779
    outer loop
      vertex -13.847 17.395 6.16
      vertex -13.8624 20.395 6.18886
      vertex -13.847 20.395 6.16
    endloop
  endfacet
  facet normal -0.882251 -0 -0.470779
    outer loop
      vertex -13.8624 20.395 6.18886
      vertex -13.847 17.395 6.16
      vertex -13.8624 17.395 6.18886
    endloop
  endfacet
  facet normal -0.986796 0 -0.16197
    outer loop
      vertex -13.9044 17.395 6.31245
      vertex -13.9097 20.395 6.34474
      vertex -13.9044 20.395 6.31245
    endloop
  endfacet
  facet normal -0.986796 -0 -0.16197
    outer loop
      vertex -13.9097 20.395 6.34474
      vertex -13.9044 17.395 6.31245
      vertex -13.9097 17.395 6.34474
    endloop
  endfacet
  facet normal -0.956922 0 -0.290347
    outer loop
      vertex -13.8875 17.395 6.24928
      vertex -13.897 20.395 6.28059
      vertex -13.8875 20.395 6.24928
    endloop
  endfacet
  facet normal -0.956922 -0 -0.290347
    outer loop
      vertex -13.897 20.395 6.28059
      vertex -13.8875 17.395 6.24928
      vertex -13.897 17.395 6.28059
    endloop
  endfacet
  facet normal -0.582452 0 -0.812865
    outer loop
      vertex -13.7184 17.395 6.01332
      vertex -13.6918 20.395 5.99426
      vertex -13.6918 17.395 5.99426
    endloop
  endfacet
  facet normal -0.582452 0 -0.812865
    outer loop
      vertex -13.6918 20.395 5.99426
      vertex -13.7184 17.395 6.01332
      vertex -13.7184 20.395 6.01332
    endloop
  endfacet
  facet normal -0.290152 0 -0.956981
    outer loop
      vertex -13.5747 17.395 5.93653
      vertex -13.5434 20.395 5.92704
      vertex -13.5434 17.395 5.92704
    endloop
  endfacet
  facet normal -0.290152 0 -0.956981
    outer loop
      vertex -13.5434 20.395 5.92704
      vertex -13.5747 17.395 5.93653
      vertex -13.5747 20.395 5.93653
    endloop
  endfacet
  facet normal -0.163306 0 -0.986575
    outer loop
      vertex -13.5115 17.395 5.91961
      vertex -13.4793 20.395 5.91428
      vertex -13.4793 17.395 5.91428
    endloop
  endfacet
  facet normal -0.163306 0 -0.986575
    outer loop
      vertex -13.4793 20.395 5.91428
      vertex -13.5115 17.395 5.91961
      vertex -13.5115 20.395 5.91961
    endloop
  endfacet
  facet normal -0.226844 0 -0.973931
    outer loop
      vertex -13.5434 17.395 5.92704
      vertex -13.5115 20.395 5.91961
      vertex -13.5115 17.395 5.91961
    endloop
  endfacet
  facet normal -0.226844 0 -0.973931
    outer loop
      vertex -13.5115 20.395 5.91961
      vertex -13.5434 17.395 5.92704
      vertex -13.5434 20.395 5.92704
    endloop
  endfacet
  facet normal -0.52791 0 0.8493
    outer loop
      vertex -13.6918 20.395 6.82573
      vertex -13.664 17.395 6.84301
      vertex -13.664 20.395 6.84301
    endloop
  endfacet
  facet normal -0.52791 0 0.8493
    outer loop
      vertex -13.664 17.395 6.84301
      vertex -13.6918 20.395 6.82573
      vertex -13.6918 17.395 6.82573
    endloop
  endfacet
  facet normal -0.634335 0 0.773058
    outer loop
      vertex -13.7437 20.395 6.78592
      vertex -13.7184 17.395 6.80668
      vertex -13.7184 20.395 6.80668
    endloop
  endfacet
  facet normal -0.634335 0 0.773058
    outer loop
      vertex -13.7184 17.395 6.80668
      vertex -13.7437 20.395 6.78592
      vertex -13.7437 17.395 6.78592
    endloop
  endfacet
  facet normal -0.813733 0 0.581238
    outer loop
      vertex -13.8297 17.395 6.68778
      vertex -13.8107 20.395 6.71438
      vertex -13.8297 20.395 6.68778
    endloop
  endfacet
  facet normal -0.813733 0 0.581238
    outer loop
      vertex -13.8107 20.395 6.71438
      vertex -13.8297 17.395 6.68778
      vertex -13.8107 17.395 6.71438
    endloop
  endfacet
  facet normal -0.730872 0 0.682515
    outer loop
      vertex -13.7899 17.395 6.73967
      vertex -13.7676 20.395 6.76355
      vertex -13.7899 20.395 6.73967
    endloop
  endfacet
  facet normal -0.730872 0 0.682515
    outer loop
      vertex -13.7676 20.395 6.76355
      vertex -13.7899 17.395 6.73967
      vertex -13.7676 17.395 6.76355
    endloop
  endfacet
  facet normal -0.848856 0 0.528625
    outer loop
      vertex -13.847 17.395 6.66
      vertex -13.8297 20.395 6.68778
      vertex -13.847 20.395 6.66
    endloop
  endfacet
  facet normal -0.848856 0 0.528625
    outer loop
      vertex -13.8297 20.395 6.68778
      vertex -13.847 17.395 6.66
      vertex -13.8297 17.395 6.68778
    endloop
  endfacet
  facet normal -0.986788 0 0.162019
    outer loop
      vertex -13.9097 17.395 6.47526
      vertex -13.9044 20.395 6.50754
      vertex -13.9097 20.395 6.47526
    endloop
  endfacet
  facet normal -0.986788 0 0.162019
    outer loop
      vertex -13.9044 20.395 6.50754
      vertex -13.9097 17.395 6.47526
      vertex -13.9044 17.395 6.50754
    endloop
  endfacet
  facet normal -0.999435 0 0.0336201
    outer loop
      vertex -13.914 17.395 6.41
      vertex -13.9129 20.395 6.4427
      vertex -13.914 20.395 6.41
    endloop
  endfacet
  facet normal -0.999435 0 0.0336201
    outer loop
      vertex -13.9129 20.395 6.4427
      vertex -13.914 17.395 6.41
      vertex -13.9129 17.395 6.4427
    endloop
  endfacet
  facet normal -0.935144 0 0.354268
    outer loop
      vertex -13.8875 17.395 6.57072
      vertex -13.8759 20.395 6.60134
      vertex -13.8875 20.395 6.57072
    endloop
  endfacet
  facet normal -0.935144 0 0.354268
    outer loop
      vertex -13.8759 20.395 6.60134
      vertex -13.8875 17.395 6.57072
      vertex -13.8759 17.395 6.60134
    endloop
  endfacet
  facet normal -0.974086 0 0.226176
    outer loop
      vertex -13.9044 17.395 6.50754
      vertex -13.897 20.395 6.53941
      vertex -13.9044 20.395 6.50754
    endloop
  endfacet
  facet normal -0.974086 0 0.226176
    outer loop
      vertex -13.897 20.395 6.53941
      vertex -13.9044 17.395 6.50754
      vertex -13.897 17.395 6.53941
    endloop
  endfacet
  facet normal -0.772336 0 0.635215
    outer loop
      vertex -13.8107 17.395 6.71438
      vertex -13.7899 20.395 6.73967
      vertex -13.8107 20.395 6.71438
    endloop
  endfacet
  facet normal -0.772336 0 0.635215
    outer loop
      vertex -13.7899 20.395 6.73967
      vertex -13.8107 17.395 6.71438
      vertex -13.7899 17.395 6.73967
    endloop
  endfacet
  facet normal -0.882251 0 0.470779
    outer loop
      vertex -13.8624 17.395 6.63114
      vertex -13.847 20.395 6.66
      vertex -13.8624 20.395 6.63114
    endloop
  endfacet
  facet normal -0.882251 0 0.470779
    outer loop
      vertex -13.847 20.395 6.66
      vertex -13.8624 17.395 6.63114
      vertex -13.847 17.395 6.66
    endloop
  endfacet
  facet normal -0.995205 0 0.0978089
    outer loop
      vertex -13.9129 17.395 6.4427
      vertex -13.9097 20.395 6.47526
      vertex -13.9129 20.395 6.4427
    endloop
  endfacet
  facet normal -0.995205 0 0.0978089
    outer loop
      vertex -13.9097 20.395 6.47526
      vertex -13.9129 17.395 6.4427
      vertex -13.9097 17.395 6.47526
    endloop
  endfacet
  facet normal -0.956922 0 0.290347
    outer loop
      vertex -13.897 17.395 6.53941
      vertex -13.8875 20.395 6.57072
      vertex -13.897 20.395 6.53941
    endloop
  endfacet
  facet normal -0.956922 0 0.290347
    outer loop
      vertex -13.8875 20.395 6.57072
      vertex -13.897 17.395 6.53941
      vertex -13.8875 17.395 6.57072
    endloop
  endfacet
  facet normal -1 0 0
    outer loop
      vertex 7.8 24.1 1.7
      vertex 7.8 25.7 7.16
      vertex 7.8 25.7 1.7
    endloop
  endfacet
  facet normal -1 -0 0
    outer loop
      vertex 7.8 25.7 7.16
      vertex 7.8 24.1 1.7
      vertex 7.8 24.1 7.16
    endloop
  endfacet
  facet normal 1 -0 0
    outer loop
      vertex 9.4 24.1 7.16
      vertex 9.4 25.7 1.7
      vertex 9.4 25.7 7.16
    endloop
  endfacet
  facet normal 1 0 0
    outer loop
      vertex 9.4 25.7 1.7
      vertex 9.4 24.1 7.16
      vertex 9.4 24.1 1.7
    endloop
  endfacet
  facet normal 0 0 -1
    outer loop
      vertex 7.8 24.1 1.7
      vertex 9.4 25.7 1.7
      vertex 9.4 24.1 1.7
    endloop
  endfacet
  facet normal -0 0 -1
    outer loop
      vertex 9.4 25.7 1.7
      vertex 7.8 24.1 1.7
      vertex 7.8 25.7 1.7
    endloop
  endfacet
  facet normal 0 -1 0
    outer loop
      vertex 7.8 24.1 1.7
      vertex 9.4 24.1 7.16
      vertex 7.8 24.1 7.16
    endloop
  endfacet
  facet normal 0 -1 -0
    outer loop
      vertex 9.4 24.1 7.16
      vertex 7.8 24.1 1.7
      vertex 9.4 24.1 1.7
    endloop
  endfacet
  facet normal 0 1 -0
    outer loop
      vertex 9.4 25.7 1.7
      vertex 7.8 25.7 7.16
      vertex 9.4 25.7 7.16
    endloop
  endfacet
  facet normal 0 1 0
    outer loop
      vertex 7.8 25.7 7.16
      vertex 9.4 25.7 1.7
      vertex 7.8 25.7 1.7
    endloop
  endfacet
  facet normal -1 0 0
    outer loop
      vertex 7.8 -11.1 1.7
      vertex 7.8 -9.5 7.16
      vertex 7.8 -9.5 1.7
    endloop
  endfacet
  facet normal -1 -0 0
    outer loop
      vertex 7.8 -9.5 7.16
      vertex 7.8 -11.1 1.7
      vertex 7.8 -11.1 7.16
    endloop
  endfacet
  facet normal 1 -0 0
    outer loop
      vertex 9.4 -11.1 7.16
      vertex 9.4 -9.5 1.7
      vertex 9.4 -9.5 7.16
    endloop
  endfacet
  facet normal 1 0 0
    outer loop
      vertex 9.4 -9.5 1.7
      vertex 9.4 -11.1 7.16
      vertex 9.4 -11.1 1.7
    endloop
  endfacet
  facet normal 0 0 -1
    outer loop
      vertex 7.8 -11.1 1.7
      vertex 9.4 -9.5 1.7
      vertex 9.4 -11.1 1.7
    endloop
  endfacet
  facet normal -0 0 -1
    outer loop
      vertex 9.4 -9.5 1.7
      vertex 7.8 -11.1 1.7
      vertex 7.8 -9.5 1.7
    endloop
  endfacet
  facet normal 0 -1 0
    outer loop
      vertex 7.8 -11.1 1.7
      vertex 9.4 -11.1 7.16
      vertex 7.8 -11.1 7.16
    endloop
  endfacet
  facet normal 0 -1 -0
    outer loop
      vertex 9.4 -11.1 7.16
      vertex 7.8 -11.1 1.7
      vertex 9.4 -11.1 1.7
    endloop
  endfacet
  facet normal 0 1 -0
    outer loop
      vertex 9.4 -9.5 1.7
      vertex 7.8 -9.5 7.16
      vertex 9.4 -9.5 7.16
    endloop
  endfacet
  facet normal 0 1 0
    outer loop
      vertex 7.8 -9.5 7.16
      vertex 9.4 -9.5 1.7
      vertex 7.8 -9.5 1.7
    endloop
  endfacet
  facet normal -1 0 0
    outer loop
      vertex -13 24.1 1.7
      vertex -13 25.7 5.96
      vertex -13 25.7 1.7
    endloop
  endfacet
  facet normal -1 -0 0
    outer loop
      vertex -13 25.7 5.96
      vertex -13 24.1 1.7
      vertex -13 24.1 5.96
    endloop
  endfacet
  facet normal 1 -0 0
    outer loop
      vertex -11.4 24.1 7.16
      vertex -11.4 25.7 1.7
      vertex -11.4 25.7 7.16
    endloop
  endfacet
  facet normal 1 0 0
    outer loop
      vertex -11.4 25.7 1.7
      vertex -11.4 24.1 7.16
      vertex -11.4 24.1 1.7
    endloop
  endfacet
  facet normal 0 1 0
    outer loop
      vertex -11.4 25.7 7.16
      vertex -12.764 25.7 5.96
      vertex -12.764 25.7 7.16
    endloop
  endfacet
  facet normal 0 1 -0
    outer loop
      vertex -11.4 25.7 1.7
      vertex -12.764 25.7 5.96
      vertex -11.4 25.7 7.16
    endloop
  endfacet
  facet normal 0 1 0
    outer loop
      vertex -13 25.7 1.7
      vertex -12.764 25.7 5.96
      vertex -11.4 25.7 1.7
    endloop
  endfacet
  facet normal 0 1 0
    outer loop
      vertex -12.764 25.7 5.96
      vertex -13 25.7 1.7
      vertex -13 25.7 5.96
    endloop
  endfacet
  facet normal 0 0 -1
    outer loop
      vertex -13 24.1 1.7
      vertex -11.4 25.7 1.7
      vertex -11.4 24.1 1.7
    endloop
  endfacet
  facet normal -0 0 -1
    outer loop
      vertex -11.4 25.7 1.7
      vertex -13 24.1 1.7
      vertex -13 25.7 1.7
    endloop
  endfacet
  facet normal 0 -1 0
    outer loop
      vertex -13 24.1 5.96
      vertex -13 24.1 1.7
      vertex -12.764 24.1 5.96
    endloop
  endfacet
  facet normal 0 -1 0
    outer loop
      vertex -12.764 24.1 5.96
      vertex -11.4 24.1 7.16
      vertex -12.764 24.1 7.16
    endloop
  endfacet
  facet normal 0 -1 0
    outer loop
      vertex -11.4 24.1 1.7
      vertex -12.764 24.1 5.96
      vertex -13 24.1 1.7
    endloop
  endfacet
  facet normal 0 -1 0
    outer loop
      vertex -12.764 24.1 5.96
      vertex -11.4 24.1 1.7
      vertex -11.4 24.1 7.16
    endloop
  endfacet
  facet normal -1 0 0
    outer loop
      vertex -15.814 -14.079 7.16
      vertex -15.814 28.895 9.56
      vertex -15.814 28.895 7.16
    endloop
  endfacet
  facet normal -1 -0 0
    outer loop
      vertex -15.814 28.895 9.56
      vertex -15.814 -14.079 7.16
      vertex -15.814 -14.079 9.56
    endloop
  endfacet
  facet normal 0 0 1
    outer loop
      vertex 8.14 13.45 9.56
      vertex 12.811 28.895 9.56
      vertex 8.14 18 9.56
    endloop
  endfacet
  facet normal 0 0 1
    outer loop
      vertex 12.811 28.895 9.56
      vertex 8.13797 18.0621 9.56
      vertex 8.14 18 9.56
    endloop
  endfacet
  facet normal 0 0 1
    outer loop
      vertex 12.811 28.895 9.56
      vertex 8.13187 18.124 9.56
      vertex 8.13797 18.0621 9.56
    endloop
  endfacet
  facet normal 0 0 1
    outer loop
      vertex 12.811 28.895 9.56
      vertex 8.12175 18.1853 9.56
      vertex 8.13187 18.124 9.56
    endloop
  endfacet
  facet normal 0 0 1
    outer loop
      vertex 12.811 28.895 9.56
      vertex 8.10763 18.2459 9.56
      vertex 8.12175 18.1853 9.56
    endloop
  endfacet
  facet normal 0 0 1
    outer loop
      vertex 12.811 28.895 9.56
      vertex 8.08958 18.3054 9.56
      vertex 8.10763 18.2459 9.56
    endloop
  endfacet
  facet normal 0 0 1
    outer loop
      vertex 12.811 28.895 9.56
      vertex 8.06769 18.3635 9.56
      vertex 8.08958 18.3054 9.56
    endloop
  endfacet
  facet normal 0 0 1
    outer loop
      vertex 12.811 28.895 9.56
      vertex 8.04203 18.4202 9.56
      vertex 8.06769 18.3635 9.56
    endloop
  endfacet
  facet normal 0 0 1
    outer loop
      vertex 12.811 28.895 9.56
      vertex 8.01272 18.475 9.56
      vertex 8.04203 18.4202 9.56
    endloop
  endfacet
  facet normal 0 0 1
    outer loop
      vertex 12.811 28.895 9.56
      vertex 7.9799 18.5278 9.56
      vertex 8.01272 18.475 9.56
    endloop
  endfacet
  facet normal 0 0 1
    outer loop
      vertex 12.811 28.895 9.56
      vertex 7.94369 18.5783 9.56
      vertex 7.9799 18.5278 9.56
    endloop
  endfacet
  facet normal 0 0 1
    outer loop
      vertex 12.811 28.895 9.56
      vertex 7.90425 18.6264 9.56
      vertex 7.94369 18.5783 9.56
    endloop
  endfacet
  facet normal 0 0 1
    outer loop
      vertex 12.811 28.895 9.56
      vertex 7.86175 18.6718 9.56
      vertex 7.90425 18.6264 9.56
    endloop
  endfacet
  facet normal 0 0 1
    outer loop
      vertex 12.811 28.895 9.56
      vertex 7.81638 18.7142 9.56
      vertex 7.86175 18.6718 9.56
    endloop
  endfacet
  facet normal 0 0 1
    outer loop
      vertex 12.811 28.895 9.56
      vertex 7.76832 18.7537 9.56
      vertex 7.81638 18.7142 9.56
    endloop
  endfacet
  facet normal 0 0 1
    outer loop
      vertex 12.811 28.895 9.56
      vertex 7.71779 18.7899 9.56
      vertex 7.76832 18.7537 9.56
    endloop
  endfacet
  facet normal 0 0 1
    outer loop
      vertex 12.811 28.895 9.56
      vertex 7.665 18.8227 9.56
      vertex 7.71779 18.7899 9.56
    endloop
  endfacet
  facet normal 0 0 1
    outer loop
      vertex 12.811 28.895 9.56
      vertex 7.61017 18.852 9.56
      vertex 7.665 18.8227 9.56
    endloop
  endfacet
  facet normal 0 0 1
    outer loop
      vertex 12.811 28.895 9.56
      vertex 7.55355 18.8777 9.56
      vertex 7.61017 18.852 9.56
    endloop
  endfacet
  facet normal 0 0 1
    outer loop
      vertex 12.811 28.895 9.56
      vertex 7.49537 18.8996 9.56
      vertex 7.55355 18.8777 9.56
    endloop
  endfacet
  facet normal 0 0 1
    outer loop
      vertex 12.811 28.895 9.56
      vertex 7.43588 18.9176 9.56
      vertex 7.49537 18.8996 9.56
    endloop
  endfacet
  facet normal 0 0 1
    outer loop
      vertex 12.811 28.895 9.56
      vertex 7.37534 18.9317 9.56
      vertex 7.43588 18.9176 9.56
    endloop
  endfacet
  facet normal 0 0 1
    outer loop
      vertex 12.811 28.895 9.56
      vertex 7.314 18.9419 9.56
      vertex 7.37534 18.9317 9.56
    endloop
  endfacet
  facet normal 0 0 1
    outer loop
      vertex 12.811 28.895 9.56
      vertex 7.25213 18.948 9.56
      vertex 7.314 18.9419 9.56
    endloop
  endfacet
  facet normal 0 0 1
    outer loop
      vertex 12.811 28.895 9.56
      vertex 7.19 18.95 9.56
      vertex 7.25213 18.948 9.56
    endloop
  endfacet
  facet normal 0 0 1
    outer loop
      vertex 12.811 28.895 9.56
      vertex 7.12787 18.948 9.56
      vertex 7.19 18.95 9.56
    endloop
  endfacet
  facet normal 0 0 1
    outer loop
      vertex 12.811 28.895 9.56
      vertex 7.066 18.9419 9.56
      vertex 7.12787 18.948 9.56
    endloop
  endfacet
  facet normal 0 0 1
    outer loop
      vertex 12.811 28.895 9.56
      vertex 7.00466 18.9317 9.56
      vertex 7.066 18.9419 9.56
    endloop
  endfacet
  facet normal 0 0 1
    outer loop
      vertex 12.811 28.895 9.56
      vertex 6.94412 18.9176 9.56
      vertex 7.00466 18.9317 9.56
    endloop
  endfacet
  facet normal 0 0 1
    outer loop
      vertex 12.811 28.895 9.56
      vertex 6.88463 18.8996 9.56
      vertex 6.94412 18.9176 9.56
    endloop
  endfacet
  facet normal 0 0 1
    outer loop
      vertex 12.811 28.895 9.56
      vertex 6.82645 18.8777 9.56
      vertex 6.88463 18.8996 9.56
    endloop
  endfacet
  facet normal 0 0 1
    outer loop
      vertex 12.811 28.895 9.56
      vertex 6.76982 18.852 9.56
      vertex 6.82645 18.8777 9.56
    endloop
  endfacet
  facet normal 0 0 1
    outer loop
      vertex 12.811 28.895 9.56
      vertex 6.715 18.8227 9.56
      vertex 6.76982 18.852 9.56
    endloop
  endfacet
  facet normal 0 0 1
    outer loop
      vertex 12.811 28.895 9.56
      vertex 6.66221 18.7899 9.56
      vertex 6.715 18.8227 9.56
    endloop
  endfacet
  facet normal -0 0 1
    outer loop
      vertex -15.814 28.895 9.56
      vertex 6.66221 18.7899 9.56
      vertex 12.811 28.895 9.56
    endloop
  endfacet
  facet normal 0 0 1
    outer loop
      vertex 6.66221 18.7899 9.56
      vertex -15.814 28.895 9.56
      vertex 6.61168 18.7537 9.56
    endloop
  endfacet
  facet normal 0 0 1
    outer loop
      vertex 6.61168 18.7537 9.56
      vertex -15.814 28.895 9.56
      vertex 6.56362 18.7142 9.56
    endloop
  endfacet
  facet normal 0 0 1
    outer loop
      vertex 6.56362 18.7142 9.56
      vertex -15.814 28.895 9.56
      vertex 6.51825 18.6718 9.56
    endloop
  endfacet
  facet normal 0 0 1
    outer loop
      vertex 6.51825 18.6718 9.56
      vertex -15.814 28.895 9.56
      vertex 6.47575 18.6264 9.56
    endloop
  endfacet
  facet normal 0 0 1
    outer loop
      vertex 6.47575 18.6264 9.56
      vertex -15.814 28.895 9.56
      vertex 6.43631 18.5783 9.56
    endloop
  endfacet
  facet normal 0 0 1
    outer loop
      vertex 6.43631 18.5783 9.56
      vertex -15.814 28.895 9.56
      vertex 6.4001 18.5278 9.56
    endloop
  endfacet
  facet normal 0 0 1
    outer loop
      vertex -10.5 5 9.56
      vertex 6.24 13.45 9.56
      vertex 6.24 18 9.56
    endloop
  endfacet
  facet normal 0 0 1
    outer loop
      vertex -15.814 28.895 9.56
      vertex 6.24 18 9.56
      vertex 6.24203 18.0621 9.56
    endloop
  endfacet
  facet normal 0 0 1
    outer loop
      vertex -15.814 28.895 9.56
      vertex 6.24203 18.0621 9.56
      vertex 6.24813 18.124 9.56
    endloop
  endfacet
  facet normal 0 0 1
    outer loop
      vertex -15.814 28.895 9.56
      vertex 6.24813 18.124 9.56
      vertex 6.25825 18.1853 9.56
    endloop
  endfacet
  facet normal 0 0 1
    outer loop
      vertex 6.24 13.45 9.56
      vertex -10.5 5 9.56
      vertex 3.5 5 9.56
    endloop
  endfacet
  facet normal 0 0 1
    outer loop
      vertex -15.814 28.895 9.56
      vertex 6.25825 18.1853 9.56
      vertex 6.27237 18.2459 9.56
    endloop
  endfacet
  facet normal 0 0 1
    outer loop
      vertex -15.814 28.895 9.56
      vertex 6.27237 18.2459 9.56
      vertex 6.29042 18.3054 9.56
    endloop
  endfacet
  facet normal 0 0 1
    outer loop
      vertex -15.814 28.895 9.56
      vertex 6.29042 18.3054 9.56
      vertex 6.31231 18.3635 9.56
    endloop
  endfacet
  facet normal 0 0 1
    outer loop
      vertex -15.814 28.895 9.56
      vertex 6.31231 18.3635 9.56
      vertex 6.33797 18.4202 9.56
    endloop
  endfacet
  facet normal 0 0 1
    outer loop
      vertex -15.814 28.895 9.56
      vertex 6.33797 18.4202 9.56
      vertex 6.36728 18.475 9.56
    endloop
  endfacet
  facet normal 0 0 1
    outer loop
      vertex 6.4001 18.5278 9.56
      vertex -15.814 28.895 9.56
      vertex 6.36728 18.475 9.56
    endloop
  endfacet
  facet normal 0 0 1
    outer loop
      vertex -15.814 -14.079 9.56
      vertex -10.5 5 9.56
      vertex -15.814 28.895 9.56
    endloop
  endfacet
  facet normal 0 0 1
    outer loop
      vertex 6.24 18 9.56
      vertex -15.814 28.895 9.56
      vertex -10.5 5 9.56
    endloop
  endfacet
  facet normal 0 0 1
    outer loop
      vertex 8.13797 13.3879 9.56
      vertex 12.811 28.895 9.56
      vertex 8.14 13.45 9.56
    endloop
  endfacet
  facet normal 0 0 1
    outer loop
      vertex 8.13187 13.326 9.56
      vertex 12.811 28.895 9.56
      vertex 8.13797 13.3879 9.56
    endloop
  endfacet
  facet normal 0 0 1
    outer loop
      vertex 12.811 28.895 9.56
      vertex 8.13187 13.326 9.56
      vertex 12.811 -14.079 9.56
    endloop
  endfacet
  facet normal -0 0 1
    outer loop
      vertex 8.12175 13.2647 9.56
      vertex 12.811 -14.079 9.56
      vertex 8.13187 13.326 9.56
    endloop
  endfacet
  facet normal -0 0 1
    outer loop
      vertex 8.10763 13.2041 9.56
      vertex 12.811 -14.079 9.56
      vertex 8.12175 13.2647 9.56
    endloop
  endfacet
  facet normal -0 0 1
    outer loop
      vertex 8.08958 13.1446 9.56
      vertex 12.811 -14.079 9.56
      vertex 8.10763 13.2041 9.56
    endloop
  endfacet
  facet normal -0 0 1
    outer loop
      vertex 8.06769 13.0865 9.56
      vertex 12.811 -14.079 9.56
      vertex 8.08958 13.1446 9.56
    endloop
  endfacet
  facet normal -0 0 1
    outer loop
      vertex 8.04203 13.0298 9.56
      vertex 12.811 -14.079 9.56
      vertex 8.06769 13.0865 9.56
    endloop
  endfacet
  facet normal -0 0 1
    outer loop
      vertex 8.01272 12.975 9.56
      vertex 12.811 -14.079 9.56
      vertex 8.04203 13.0298 9.56
    endloop
  endfacet
  facet normal -0 0 1
    outer loop
      vertex 7.9799 12.9222 9.56
      vertex 12.811 -14.079 9.56
      vertex 8.01272 12.975 9.56
    endloop
  endfacet
  facet normal -0 0 1
    outer loop
      vertex 7.94369 12.8717 9.56
      vertex 12.811 -14.079 9.56
      vertex 7.9799 12.9222 9.56
    endloop
  endfacet
  facet normal -0 0 1
    outer loop
      vertex 7.90425 12.8236 9.56
      vertex 12.811 -14.079 9.56
      vertex 7.94369 12.8717 9.56
    endloop
  endfacet
  facet normal -0 0 1
    outer loop
      vertex 7.86175 12.7782 9.56
      vertex 12.811 -14.079 9.56
      vertex 7.90425 12.8236 9.56
    endloop
  endfacet
  facet normal 0 0 1
    outer loop
      vertex 3.5 5 9.56
      vertex 7.86175 12.7782 9.56
      vertex 7.81638 12.7358 9.56
    endloop
  endfacet
  facet normal 0 0 1
    outer loop
      vertex 3.5 5 9.56
      vertex 7.81638 12.7358 9.56
      vertex 7.76832 12.6963 9.56
    endloop
  endfacet
  facet normal 0 0 1
    outer loop
      vertex 3.5 5 9.56
      vertex 7.76832 12.6963 9.56
      vertex 7.71779 12.6601 9.56
    endloop
  endfacet
  facet normal 0 0 1
    outer loop
      vertex 3.5 5 9.56
      vertex 7.71779 12.6601 9.56
      vertex 7.665 12.6273 9.56
    endloop
  endfacet
  facet normal 0 0 1
    outer loop
      vertex 3.5 5 9.56
      vertex 7.665 12.6273 9.56
      vertex 7.61017 12.598 9.56
    endloop
  endfacet
  facet normal 0 0 1
    outer loop
      vertex 3.5 5 9.56
      vertex 7.61017 12.598 9.56
      vertex 7.55355 12.5723 9.56
    endloop
  endfacet
  facet normal 0 0 1
    outer loop
      vertex 3.5 5 9.56
      vertex 7.55355 12.5723 9.56
      vertex 7.49537 12.5504 9.56
    endloop
  endfacet
  facet normal 0 0 1
    outer loop
      vertex 3.5 5 9.56
      vertex 7.49537 12.5504 9.56
      vertex 7.43588 12.5324 9.56
    endloop
  endfacet
  facet normal 0 0 1
    outer loop
      vertex 3.5 5 9.56
      vertex 7.43588 12.5324 9.56
      vertex 7.37534 12.5183 9.56
    endloop
  endfacet
  facet normal 0 0 1
    outer loop
      vertex 3.5 5 9.56
      vertex 7.37534 12.5183 9.56
      vertex 7.314 12.5081 9.56
    endloop
  endfacet
  facet normal 0 0 1
    outer loop
      vertex 3.5 5 9.56
      vertex 7.314 12.5081 9.56
      vertex 7.25213 12.502 9.56
    endloop
  endfacet
  facet normal 0 0 1
    outer loop
      vertex 3.5 5 9.56
      vertex 7.25213 12.502 9.56
      vertex 7.19 12.5 9.56
    endloop
  endfacet
  facet normal 0 0 1
    outer loop
      vertex 3.5 5 9.56
      vertex 7.19 12.5 9.56
      vertex 7.12787 12.502 9.56
    endloop
  endfacet
  facet normal 0 0 1
    outer loop
      vertex 3.5 5 9.56
      vertex 7.12787 12.502 9.56
      vertex 7.066 12.5081 9.56
    endloop
  endfacet
  facet normal 0 0 1
    outer loop
      vertex 3.5 5 9.56
      vertex 7.066 12.5081 9.56
      vertex 7.00466 12.5183 9.56
    endloop
  endfacet
  facet normal 0 0 1
    outer loop
      vertex 3.5 5 9.56
      vertex 7.00466 12.5183 9.56
      vertex 6.94412 12.5324 9.56
    endloop
  endfacet
  facet normal 0 0 1
    outer loop
      vertex 3.5 5 9.56
      vertex 6.94412 12.5324 9.56
      vertex 6.88463 12.5504 9.56
    endloop
  endfacet
  facet normal 0 0 1
    outer loop
      vertex 3.5 5 9.56
      vertex 6.88463 12.5504 9.56
      vertex 6.82645 12.5723 9.56
    endloop
  endfacet
  facet normal 0 0 1
    outer loop
      vertex 3.5 5 9.56
      vertex 6.82645 12.5723 9.56
      vertex 6.76982 12.598 9.56
    endloop
  endfacet
  facet normal 0 0 1
    outer loop
      vertex 3.5 5 9.56
      vertex 6.76982 12.598 9.56
      vertex 6.715 12.6273 9.56
    endloop
  endfacet
  facet normal 0 0 1
    outer loop
      vertex 3.5 5 9.56
      vertex 6.715 12.6273 9.56
      vertex 6.66221 12.6601 9.56
    endloop
  endfacet
  facet normal 0 0 1
    outer loop
      vertex 3.5 5 9.56
      vertex 6.66221 12.6601 9.56
      vertex 6.61168 12.6963 9.56
    endloop
  endfacet
  facet normal 0 0 1
    outer loop
      vertex 3.5 5 9.56
      vertex 6.61168 12.6963 9.56
      vertex 6.56362 12.7358 9.56
    endloop
  endfacet
  facet normal 0 0 1
    outer loop
      vertex 3.5 5 9.56
      vertex 6.56362 12.7358 9.56
      vertex 6.51825 12.7782 9.56
    endloop
  endfacet
  facet normal 0 0 1
    outer loop
      vertex 3.5 5 9.56
      vertex 6.51825 12.7782 9.56
      vertex 6.47575 12.8236 9.56
    endloop
  endfacet
  facet normal 0 0 1
    outer loop
      vertex 3.5 5 9.56
      vertex 6.47575 12.8236 9.56
      vertex 6.43631 12.8717 9.56
    endloop
  endfacet
  facet normal 0 0 1
    outer loop
      vertex 3.5 5 9.56
      vertex 6.43631 12.8717 9.56
      vertex 6.4001 12.9222 9.56
    endloop
  endfacet
  facet normal 0 0 1
    outer loop
      vertex 3.5 5 9.56
      vertex 6.4001 12.9222 9.56
      vertex 6.36728 12.975 9.56
    endloop
  endfacet
  facet normal 0 0 1
    outer loop
      vertex 3.5 5 9.56
      vertex 6.36728 12.975 9.56
      vertex 6.33797 13.0298 9.56
    endloop
  endfacet
  facet normal 0 0 1
    outer loop
      vertex 3.5 5 9.56
      vertex 6.33797 13.0298 9.56
      vertex 6.31231 13.0865 9.56
    endloop
  endfacet
  facet normal 0 0 1
    outer loop
      vertex 3.5 5 9.56
      vertex 6.31231 13.0865 9.56
      vertex 6.29042 13.1446 9.56
    endloop
  endfacet
  facet normal 0 0 1
    outer loop
      vertex 3.5 5 9.56
      vertex 6.29042 13.1446 9.56
      vertex 6.27237 13.2041 9.56
    endloop
  endfacet
  facet normal 0 0 1
    outer loop
      vertex 3.5 5 9.56
      vertex 6.24203 13.3879 9.56
      vertex 6.24 13.45 9.56
    endloop
  endfacet
  facet normal 0 0 1
    outer loop
      vertex 3.5 5 9.56
      vertex 6.24813 13.326 9.56
      vertex 6.24203 13.3879 9.56
    endloop
  endfacet
  facet normal 0 0 1
    outer loop
      vertex 3.5 5 9.56
      vertex 6.25825 13.2647 9.56
      vertex 6.24813 13.326 9.56
    endloop
  endfacet
  facet normal 0 0 1
    outer loop
      vertex 3.5 5 9.56
      vertex 6.27237 13.2041 9.56
      vertex 6.25825 13.2647 9.56
    endloop
  endfacet
  facet normal 0 0 1
    outer loop
      vertex 7.86175 12.7782 9.56
      vertex 3.5 5 9.56
      vertex 3.5 -2.5 9.56
    endloop
  endfacet
  facet normal 0 0 1
    outer loop
      vertex 7.86175 12.7782 9.56
      vertex 3.5 -2.5 9.56
      vertex 12.811 -14.079 9.56
    endloop
  endfacet
  facet normal 0 0 1
    outer loop
      vertex -15.814 -14.079 9.56
      vertex 3.5 -2.5 9.56
      vertex -10.5 -2.5 9.56
    endloop
  endfacet
  facet normal 0 0 1
    outer loop
      vertex 3.5 -2.5 9.56
      vertex -15.814 -14.079 9.56
      vertex 12.811 -14.079 9.56
    endloop
  endfacet
  facet normal 0 0 1
    outer loop
      vertex -10.5 5 9.56
      vertex -15.814 -14.079 9.56
      vertex -10.5 -2.5 9.56
    endloop
  endfacet
  facet normal 1 -0 0
    outer loop
      vertex 12.811 -14.079 9.56
      vertex 12.811 28.895 7.16
      vertex 12.811 28.895 9.56
    endloop
  endfacet
  facet normal 1 0 0
    outer loop
      vertex 12.811 28.895 7.16
      vertex 12.811 -14.079 9.56
      vertex 12.811 -14.079 7.16
    endloop
  endfacet
  facet normal 0 0 -1
    outer loop
      vertex 9.761 26.745 7.16
      vertex -12.764 26.745 7.16
      vertex 9.761 26.895 7.16
    endloop
  endfacet
  facet normal 0 0 -1
    outer loop
      vertex 12.811 -14.079 7.16
      vertex 10.661 -12.079 7.16
      vertex 12.811 28.895 7.16
    endloop
  endfacet
  facet normal 0 0 -1
    outer loop
      vertex 12.811 -14.079 7.16
      vertex 9.761 -12.079 7.16
      vertex 10.661 -12.079 7.16
    endloop
  endfacet
  facet normal 0 0 -1
    outer loop
      vertex 9.4 -9.5 7.16
      vertex 9.761 -12.079 7.16
      vertex 9.4 -11.1 7.16
    endloop
  endfacet
  facet normal 0 0 -1
    outer loop
      vertex 9.761 -12.079 7.16
      vertex 7.8 -11.1 7.16
      vertex 9.4 -11.1 7.16
    endloop
  endfacet
  facet normal 0 0 -1
    outer loop
      vertex 12.811 -14.079 7.16
      vertex 7.8 -11.1 7.16
      vertex 9.761 -12.079 7.16
    endloop
  endfacet
  facet normal 0 0 -1
    outer loop
      vertex -12.764 -12.079 7.16
      vertex 7.8 -9.5 7.16
      vertex 7.8 -11.1 7.16
    endloop
  endfacet
  facet normal 0 0 -1
    outer loop
      vertex 7.8 -9.5 7.16
      vertex 7.60944 11.3413 7.16
      vertex 7.74646 11.3733 7.16
    endloop
  endfacet
  facet normal 0 0 -1
    outer loop
      vertex 7.8 -9.5 7.16
      vertex 7.47063 11.3184 7.16
      vertex 7.60944 11.3413 7.16
    endloop
  endfacet
  facet normal 0 0 -1
    outer loop
      vertex 7.8 -9.5 7.16
      vertex 7.33062 11.3046 7.16
      vertex 7.47063 11.3184 7.16
    endloop
  endfacet
  facet normal 0 0 -1
    outer loop
      vertex 7.8 -9.5 7.16
      vertex 7.19 11.3 7.16
      vertex 7.33062 11.3046 7.16
    endloop
  endfacet
  facet normal 0 0 -1
    outer loop
      vertex 7.8 -9.5 7.16
      vertex 7.04938 11.3046 7.16
      vertex 7.19 11.3 7.16
    endloop
  endfacet
  facet normal 0 0 -1
    outer loop
      vertex 7.8 -9.5 7.16
      vertex 6.90937 11.3184 7.16
      vertex 7.04938 11.3046 7.16
    endloop
  endfacet
  facet normal 0 0 -1
    outer loop
      vertex 7.8 -9.5 7.16
      vertex 6.77056 11.3413 7.16
      vertex 6.90937 11.3184 7.16
    endloop
  endfacet
  facet normal 0 0 -1
    outer loop
      vertex 7.8 -9.5 7.16
      vertex 6.63354 11.3733 7.16
      vertex 6.77056 11.3413 7.16
    endloop
  endfacet
  facet normal 0 0 -1
    outer loop
      vertex 7.8 -9.5 7.16
      vertex 6.4989 11.4141 7.16
      vertex 6.63354 11.3733 7.16
    endloop
  endfacet
  facet normal 0 0 -1
    outer loop
      vertex 7.8 -9.5 7.16
      vertex 6.36723 11.4637 7.16
      vertex 6.4989 11.4141 7.16
    endloop
  endfacet
  facet normal 0 0 -1
    outer loop
      vertex 7.8 -9.5 7.16
      vertex 6.23908 11.5217 7.16
      vertex 6.36723 11.4637 7.16
    endloop
  endfacet
  facet normal 0 0 -1
    outer loop
      vertex 7.8 -9.5 7.16
      vertex 6.115 11.588 7.16
      vertex 6.23908 11.5217 7.16
    endloop
  endfacet
  facet normal 0 0 -1
    outer loop
      vertex 7.8 -9.5 7.16
      vertex 5.99552 11.6623 7.16
      vertex 6.115 11.588 7.16
    endloop
  endfacet
  facet normal 0 0 -1
    outer loop
      vertex 7.8 -9.5 7.16
      vertex 5.88116 11.7443 7.16
      vertex 5.99552 11.6623 7.16
    endloop
  endfacet
  facet normal -0 0 -1
    outer loop
      vertex 7.8 -9.5 7.16
      vertex -12.764 -12.079 7.16
      vertex 5.88116 11.7443 7.16
    endloop
  endfacet
  facet normal -0 0 -1
    outer loop
      vertex 5.88116 11.7443 7.16
      vertex -12.764 -12.079 7.16
      vertex 5.77241 11.8335 7.16
    endloop
  endfacet
  facet normal -0 0 -1
    outer loop
      vertex 5.77241 11.8335 7.16
      vertex -12.764 -12.079 7.16
      vertex 5.66972 11.9297 7.16
    endloop
  endfacet
  facet normal -0 0 -1
    outer loop
      vertex 5.66972 11.9297 7.16
      vertex -12.764 -12.079 7.16
      vertex 5.57354 12.0324 7.16
    endloop
  endfacet
  facet normal -0 0 -1
    outer loop
      vertex 5.57354 12.0324 7.16
      vertex -12.764 -12.079 7.16
      vertex 5.48429 12.1412 7.16
    endloop
  endfacet
  facet normal -0 0 -1
    outer loop
      vertex 5.48429 12.1412 7.16
      vertex -12.764 -12.079 7.16
      vertex 5.40234 12.2555 7.16
    endloop
  endfacet
  facet normal -0 0 -1
    outer loop
      vertex 5.40234 12.2555 7.16
      vertex -12.764 -12.079 7.16
      vertex 5.32804 12.375 7.16
    endloop
  endfacet
  facet normal -0 0 -1
    outer loop
      vertex 5.32804 12.375 7.16
      vertex -12.764 -12.079 7.16
      vertex 5.26172 12.4991 7.16
    endloop
  endfacet
  facet normal -0 0 -1
    outer loop
      vertex 5.26172 12.4991 7.16
      vertex -12.764 -12.079 7.16
      vertex 5.20366 12.6272 7.16
    endloop
  endfacet
  facet normal 0 -0 -1
    outer loop
      vertex -11.4 24.1 7.16
      vertex 5.20366 12.6272 7.16
      vertex -12.764 -12.079 7.16
    endloop
  endfacet
  facet normal 0 0 -1
    outer loop
      vertex 5.20366 12.6272 7.16
      vertex -11.4 24.1 7.16
      vertex 5.1541 12.7589 7.16
    endloop
  endfacet
  facet normal 0 0 -1
    outer loop
      vertex 5.1541 12.7589 7.16
      vertex -11.4 24.1 7.16
      vertex 5.11326 12.8935 7.16
    endloop
  endfacet
  facet normal 0 0 -1
    outer loop
      vertex 5.04 13.45 7.16
      vertex -11.4 24.1 7.16
      vertex 5.04 18 7.16
    endloop
  endfacet
  facet normal 0 0 -1
    outer loop
      vertex 5.0446 13.3094 7.16
      vertex -11.4 24.1 7.16
      vertex 5.04 13.45 7.16
    endloop
  endfacet
  facet normal 0 0 -1
    outer loop
      vertex 5.05839 13.1694 7.16
      vertex -11.4 24.1 7.16
      vertex 5.0446 13.3094 7.16
    endloop
  endfacet
  facet normal 0 0 -1
    outer loop
      vertex 5.11326 12.8935 7.16
      vertex -11.4 24.1 7.16
      vertex 5.08131 13.0306 7.16
    endloop
  endfacet
  facet normal 0 0 -1
    outer loop
      vertex 5.08131 13.0306 7.16
      vertex -11.4 24.1 7.16
      vertex 5.05839 13.1694 7.16
    endloop
  endfacet
  facet normal 0 0 -1
    outer loop
      vertex 12.811 -14.079 7.16
      vertex -12.764 -12.079 7.16
      vertex 7.8 -11.1 7.16
    endloop
  endfacet
  facet normal 0 0 -1
    outer loop
      vertex -15.814 -14.079 7.16
      vertex -12.764 -12.079 7.16
      vertex 12.811 -14.079 7.16
    endloop
  endfacet
  facet normal -0 0 -1
    outer loop
      vertex -13.664 -12.079 7.16
      vertex -15.814 -14.079 7.16
      vertex -13.664 26.895 7.16
    endloop
  endfacet
  facet normal -0 0 -1
    outer loop
      vertex -12.764 -12.079 7.16
      vertex -15.814 -14.079 7.16
      vertex -13.664 -12.079 7.16
    endloop
  endfacet
  facet normal 0 0 -1
    outer loop
      vertex 10.661 26.895 7.16
      vertex 12.811 28.895 7.16
      vertex 10.661 -12.079 7.16
    endloop
  endfacet
  facet normal 0 0 -1
    outer loop
      vertex 9.761 26.895 7.16
      vertex 12.811 28.895 7.16
      vertex 10.661 26.895 7.16
    endloop
  endfacet
  facet normal 0 0 -1
    outer loop
      vertex -12.764 26.895 7.16
      vertex 9.761 26.895 7.16
      vertex -12.764 26.745 7.16
    endloop
  endfacet
  facet normal 0 0 -1
    outer loop
      vertex 9.761 26.895 7.16
      vertex -12.764 26.895 7.16
      vertex 12.811 28.895 7.16
    endloop
  endfacet
  facet normal 0 0 -1
    outer loop
      vertex -15.814 28.895 7.16
      vertex -12.764 26.895 7.16
      vertex -13.664 26.895 7.16
    endloop
  endfacet
  facet normal 0 0 -1
    outer loop
      vertex -12.764 26.895 7.16
      vertex -15.814 28.895 7.16
      vertex 12.811 28.895 7.16
    endloop
  endfacet
  facet normal 0 0 -1
    outer loop
      vertex -15.814 28.895 7.16
      vertex -13.664 26.895 7.16
      vertex -15.814 -14.079 7.16
    endloop
  endfacet
  facet normal -0 0 -1
    outer loop
      vertex -11.4 24.1 7.16
      vertex -12.764 -12.079 7.16
      vertex -12.764 24.1 7.16
    endloop
  endfacet
  facet normal 0 0 -1
    outer loop
      vertex 9.34 18 7.16
      vertex 9.761 25.845 7.16
      vertex 9.34 13.45 7.16
    endloop
  endfacet
  facet normal 0 0 -1
    outer loop
      vertex 9.761 -12.079 7.16
      vertex 9.3354 13.3094 7.16
      vertex 9.34 13.45 7.16
    endloop
  endfacet
  facet normal 0 0 -1
    outer loop
      vertex 9.761 -12.079 7.16
      vertex 9.32161 13.1694 7.16
      vertex 9.3354 13.3094 7.16
    endloop
  endfacet
  facet normal 0 0 -1
    outer loop
      vertex 9.4 -9.5 7.16
      vertex 9.29869 13.0306 7.16
      vertex 9.32161 13.1694 7.16
    endloop
  endfacet
  facet normal 0 0 -1
    outer loop
      vertex 9.4 -9.5 7.16
      vertex 9.26674 12.8935 7.16
      vertex 9.29869 13.0306 7.16
    endloop
  endfacet
  facet normal 0 0 -1
    outer loop
      vertex 9.4 -9.5 7.16
      vertex 9.2259 12.7589 7.16
      vertex 9.26674 12.8935 7.16
    endloop
  endfacet
  facet normal 0 0 -1
    outer loop
      vertex 9.4 -9.5 7.16
      vertex 9.17634 12.6272 7.16
      vertex 9.2259 12.7589 7.16
    endloop
  endfacet
  facet normal 0 0 -1
    outer loop
      vertex 9.4 -9.5 7.16
      vertex 9.11828 12.4991 7.16
      vertex 9.17634 12.6272 7.16
    endloop
  endfacet
  facet normal 0 0 -1
    outer loop
      vertex 9.4 -9.5 7.16
      vertex 9.05195 12.375 7.16
      vertex 9.11828 12.4991 7.16
    endloop
  endfacet
  facet normal 0 0 -1
    outer loop
      vertex 9.4 -9.5 7.16
      vertex 8.97766 12.2555 7.16
      vertex 9.05195 12.375 7.16
    endloop
  endfacet
  facet normal 0 0 -1
    outer loop
      vertex 9.4 -9.5 7.16
      vertex 8.89571 12.1412 7.16
      vertex 8.97766 12.2555 7.16
    endloop
  endfacet
  facet normal 0 0 -1
    outer loop
      vertex 9.4 -9.5 7.16
      vertex 8.80645 12.0324 7.16
      vertex 8.89571 12.1412 7.16
    endloop
  endfacet
  facet normal 0 0 -1
    outer loop
      vertex 9.4 -9.5 7.16
      vertex 8.71028 11.9297 7.16
      vertex 8.80645 12.0324 7.16
    endloop
  endfacet
  facet normal 0 0 -1
    outer loop
      vertex 9.4 -9.5 7.16
      vertex 8.60759 11.8335 7.16
      vertex 8.71028 11.9297 7.16
    endloop
  endfacet
  facet normal 0 0 -1
    outer loop
      vertex 9.4 -9.5 7.16
      vertex 8.49884 11.7443 7.16
      vertex 8.60759 11.8335 7.16
    endloop
  endfacet
  facet normal 0 0 -1
    outer loop
      vertex 9.4 -9.5 7.16
      vertex 8.38448 11.6623 7.16
      vertex 8.49884 11.7443 7.16
    endloop
  endfacet
  facet normal 0 0 -1
    outer loop
      vertex 9.4 -9.5 7.16
      vertex 8.265 11.588 7.16
      vertex 8.38448 11.6623 7.16
    endloop
  endfacet
  facet normal 0 0 -1
    outer loop
      vertex 9.4 -9.5 7.16
      vertex 8.14092 11.5217 7.16
      vertex 8.265 11.588 7.16
    endloop
  endfacet
  facet normal 0 0 -1
    outer loop
      vertex 9.4 -9.5 7.16
      vertex 8.01277 11.4637 7.16
      vertex 8.14092 11.5217 7.16
    endloop
  endfacet
  facet normal 0 0 -1
    outer loop
      vertex 9.4 -9.5 7.16
      vertex 7.88109 11.4141 7.16
      vertex 8.01277 11.4637 7.16
    endloop
  endfacet
  facet normal 0 0 -1
    outer loop
      vertex 7.74646 11.3733 7.16
      vertex 9.4 -9.5 7.16
      vertex 7.8 -9.5 7.16
    endloop
  endfacet
  facet normal 0 0 -1
    outer loop
      vertex 9.4 -9.5 7.16
      vertex 7.74646 11.3733 7.16
      vertex 7.88109 11.4141 7.16
    endloop
  endfacet
  facet normal 0 0 -1
    outer loop
      vertex 9.32161 13.1694 7.16
      vertex 9.761 -12.079 7.16
      vertex 9.4 -9.5 7.16
    endloop
  endfacet
  facet normal 0 0 -1
    outer loop
      vertex 9.761 -12.079 7.16
      vertex 9.34 13.45 7.16
      vertex 9.761 25.845 7.16
    endloop
  endfacet
  facet normal 0 0 -1
    outer loop
      vertex 9.4 25.7 7.16
      vertex 9.761 25.845 7.16
      vertex 9.4 24.1 7.16
    endloop
  endfacet
  facet normal 0 0 -1
    outer loop
      vertex 7.8 25.7 7.16
      vertex 9.761 25.845 7.16
      vertex 9.4 25.7 7.16
    endloop
  endfacet
  facet normal 0 0 -1
    outer loop
      vertex 7.47063 20.1316 7.16
      vertex 7.8 24.1 7.16
      vertex 7.60944 20.1087 7.16
    endloop
  endfacet
  facet normal 0 0 -1
    outer loop
      vertex 7.33062 20.1454 7.16
      vertex 7.8 24.1 7.16
      vertex 7.47063 20.1316 7.16
    endloop
  endfacet
  facet normal 0 0 -1
    outer loop
      vertex 7.19 20.15 7.16
      vertex 7.8 24.1 7.16
      vertex 7.33062 20.1454 7.16
    endloop
  endfacet
  facet normal 0 0 -1
    outer loop
      vertex 7.04938 20.1454 7.16
      vertex 7.8 24.1 7.16
      vertex 7.19 20.15 7.16
    endloop
  endfacet
  facet normal 0 0 -1
    outer loop
      vertex 6.90937 20.1316 7.16
      vertex 7.8 24.1 7.16
      vertex 7.04938 20.1454 7.16
    endloop
  endfacet
  facet normal 0 0 -1
    outer loop
      vertex 6.77056 20.1087 7.16
      vertex 7.8 24.1 7.16
      vertex 6.90937 20.1316 7.16
    endloop
  endfacet
  facet normal 0 0 -1
    outer loop
      vertex 6.63354 20.0767 7.16
      vertex 7.8 24.1 7.16
      vertex 6.77056 20.1087 7.16
    endloop
  endfacet
  facet normal 0 0 -1
    outer loop
      vertex 6.4989 20.0359 7.16
      vertex 7.8 24.1 7.16
      vertex 6.63354 20.0767 7.16
    endloop
  endfacet
  facet normal 0 0 -1
    outer loop
      vertex 6.36723 19.9863 7.16
      vertex 7.8 24.1 7.16
      vertex 6.4989 20.0359 7.16
    endloop
  endfacet
  facet normal 0 0 -1
    outer loop
      vertex 6.23908 19.9283 7.16
      vertex 7.8 24.1 7.16
      vertex 6.36723 19.9863 7.16
    endloop
  endfacet
  facet normal 0 0 -1
    outer loop
      vertex 6.115 19.862 7.16
      vertex 7.8 24.1 7.16
      vertex 6.23908 19.9283 7.16
    endloop
  endfacet
  facet normal 0 0 -1
    outer loop
      vertex 5.99552 19.7877 7.16
      vertex 7.8 24.1 7.16
      vertex 6.115 19.862 7.16
    endloop
  endfacet
  facet normal 0 0 -1
    outer loop
      vertex 5.88116 19.7057 7.16
      vertex 7.8 24.1 7.16
      vertex 5.99552 19.7877 7.16
    endloop
  endfacet
  facet normal 0 0 -1
    outer loop
      vertex 5.77241 19.6165 7.16
      vertex 7.8 24.1 7.16
      vertex 5.88116 19.7057 7.16
    endloop
  endfacet
  facet normal 0 0 -1
    outer loop
      vertex 5.66972 19.5203 7.16
      vertex 7.8 24.1 7.16
      vertex 5.77241 19.6165 7.16
    endloop
  endfacet
  facet normal -0 0 -1
    outer loop
      vertex 7.8 24.1 7.16
      vertex 5.66972 19.5203 7.16
      vertex 7.8 25.7 7.16
    endloop
  endfacet
  facet normal 0 0 -1
    outer loop
      vertex 5.57354 19.4176 7.16
      vertex 7.8 25.7 7.16
      vertex 5.66972 19.5203 7.16
    endloop
  endfacet
  facet normal 0 0 -1
    outer loop
      vertex -11.4 25.7 7.16
      vertex 5.57354 19.4176 7.16
      vertex 5.48429 19.3088 7.16
    endloop
  endfacet
  facet normal 0 0 -1
    outer loop
      vertex -11.4 24.1 7.16
      vertex 5.48429 19.3088 7.16
      vertex 5.40234 19.1945 7.16
    endloop
  endfacet
  facet normal 0 0 -1
    outer loop
      vertex -11.4 24.1 7.16
      vertex 5.40234 19.1945 7.16
      vertex 5.32804 19.075 7.16
    endloop
  endfacet
  facet normal 0 0 -1
    outer loop
      vertex -11.4 24.1 7.16
      vertex 5.32804 19.075 7.16
      vertex 5.26172 18.9509 7.16
    endloop
  endfacet
  facet normal 0 0 -1
    outer loop
      vertex -11.4 24.1 7.16
      vertex 5.26172 18.9509 7.16
      vertex 5.20366 18.8228 7.16
    endloop
  endfacet
  facet normal 0 0 -1
    outer loop
      vertex -11.4 24.1 7.16
      vertex 5.0446 18.1406 7.16
      vertex 5.04 18 7.16
    endloop
  endfacet
  facet normal 0 0 -1
    outer loop
      vertex -11.4 24.1 7.16
      vertex 5.05839 18.2806 7.16
      vertex 5.0446 18.1406 7.16
    endloop
  endfacet
  facet normal 0 0 -1
    outer loop
      vertex -11.4 24.1 7.16
      vertex 5.08131 18.4194 7.16
      vertex 5.05839 18.2806 7.16
    endloop
  endfacet
  facet normal 0 0 -1
    outer loop
      vertex -11.4 24.1 7.16
      vertex 5.11326 18.5565 7.16
      vertex 5.08131 18.4194 7.16
    endloop
  endfacet
  facet normal 0 0 -1
    outer loop
      vertex -11.4 24.1 7.16
      vertex 5.1541 18.6911 7.16
      vertex 5.11326 18.5565 7.16
    endloop
  endfacet
  facet normal 0 0 -1
    outer loop
      vertex -11.4 24.1 7.16
      vertex 5.20366 18.8228 7.16
      vertex 5.1541 18.6911 7.16
    endloop
  endfacet
  facet normal 0 0 -1
    outer loop
      vertex 5.48429 19.3088 7.16
      vertex -11.4 24.1 7.16
      vertex -11.4 25.7 7.16
    endloop
  endfacet
  facet normal 0 0 -1
    outer loop
      vertex 5.57354 19.4176 7.16
      vertex -11.4 25.7 7.16
      vertex 7.8 25.7 7.16
    endloop
  endfacet
  facet normal 0 0 -1
    outer loop
      vertex -12.764 25.845 7.16
      vertex 7.8 25.7 7.16
      vertex -11.4 25.7 7.16
    endloop
  endfacet
  facet normal 0 0 -1
    outer loop
      vertex -12.764 25.845 7.16
      vertex -11.4 25.7 7.16
      vertex -12.764 25.7 7.16
    endloop
  endfacet
  facet normal 0 0 -1
    outer loop
      vertex 7.8 25.7 7.16
      vertex -12.764 25.845 7.16
      vertex 9.761 25.845 7.16
    endloop
  endfacet
  facet normal 0 0 -1
    outer loop
      vertex 9.3354 18.1406 7.16
      vertex 9.761 25.845 7.16
      vertex 9.34 18 7.16
    endloop
  endfacet
  facet normal 0 0 -1
    outer loop
      vertex 9.32161 18.2806 7.16
      vertex 9.761 25.845 7.16
      vertex 9.3354 18.1406 7.16
    endloop
  endfacet
  facet normal 0 0 -1
    outer loop
      vertex 9.761 25.845 7.16
      vertex 9.32161 18.2806 7.16
      vertex 9.4 24.1 7.16
    endloop
  endfacet
  facet normal 0 0 -1
    outer loop
      vertex 9.29869 18.4194 7.16
      vertex 9.4 24.1 7.16
      vertex 9.32161 18.2806 7.16
    endloop
  endfacet
  facet normal 0 0 -1
    outer loop
      vertex 9.26674 18.5565 7.16
      vertex 9.4 24.1 7.16
      vertex 9.29869 18.4194 7.16
    endloop
  endfacet
  facet normal 0 0 -1
    outer loop
      vertex 9.2259 18.6911 7.16
      vertex 9.4 24.1 7.16
      vertex 9.26674 18.5565 7.16
    endloop
  endfacet
  facet normal 0 0 -1
    outer loop
      vertex 9.17634 18.8228 7.16
      vertex 9.4 24.1 7.16
      vertex 9.2259 18.6911 7.16
    endloop
  endfacet
  facet normal 0 0 -1
    outer loop
      vertex 9.11828 18.9509 7.16
      vertex 9.4 24.1 7.16
      vertex 9.17634 18.8228 7.16
    endloop
  endfacet
  facet normal 0 0 -1
    outer loop
      vertex 9.05195 19.075 7.16
      vertex 9.4 24.1 7.16
      vertex 9.11828 18.9509 7.16
    endloop
  endfacet
  facet normal 0 0 -1
    outer loop
      vertex 8.97766 19.1945 7.16
      vertex 9.4 24.1 7.16
      vertex 9.05195 19.075 7.16
    endloop
  endfacet
  facet normal 0 0 -1
    outer loop
      vertex 8.89571 19.3088 7.16
      vertex 9.4 24.1 7.16
      vertex 8.97766 19.1945 7.16
    endloop
  endfacet
  facet normal 0 0 -1
    outer loop
      vertex 8.80645 19.4176 7.16
      vertex 9.4 24.1 7.16
      vertex 8.89571 19.3088 7.16
    endloop
  endfacet
  facet normal 0 0 -1
    outer loop
      vertex 8.71028 19.5203 7.16
      vertex 9.4 24.1 7.16
      vertex 8.80645 19.4176 7.16
    endloop
  endfacet
  facet normal 0 0 -1
    outer loop
      vertex 8.60759 19.6165 7.16
      vertex 9.4 24.1 7.16
      vertex 8.71028 19.5203 7.16
    endloop
  endfacet
  facet normal 0 0 -1
    outer loop
      vertex 8.49884 19.7057 7.16
      vertex 9.4 24.1 7.16
      vertex 8.60759 19.6165 7.16
    endloop
  endfacet
  facet normal 0 0 -1
    outer loop
      vertex 8.38448 19.7877 7.16
      vertex 9.4 24.1 7.16
      vertex 8.49884 19.7057 7.16
    endloop
  endfacet
  facet normal 0 0 -1
    outer loop
      vertex 8.265 19.862 7.16
      vertex 9.4 24.1 7.16
      vertex 8.38448 19.7877 7.16
    endloop
  endfacet
  facet normal 0 0 -1
    outer loop
      vertex 8.14092 19.9283 7.16
      vertex 9.4 24.1 7.16
      vertex 8.265 19.862 7.16
    endloop
  endfacet
  facet normal 0 0 -1
    outer loop
      vertex 8.01277 19.9863 7.16
      vertex 9.4 24.1 7.16
      vertex 8.14092 19.9283 7.16
    endloop
  endfacet
  facet normal 0 0 -1
    outer loop
      vertex 7.88109 20.0359 7.16
      vertex 9.4 24.1 7.16
      vertex 8.01277 19.9863 7.16
    endloop
  endfacet
  facet normal 0 0 -1
    outer loop
      vertex 7.88109 20.0359 7.16
      vertex 7.8 24.1 7.16
      vertex 9.4 24.1 7.16
    endloop
  endfacet
  facet normal 0 0 -1
    outer loop
      vertex 7.60944 20.1087 7.16
      vertex 7.8 24.1 7.16
      vertex 7.74646 20.0767 7.16
    endloop
  endfacet
  facet normal 0 0 -1
    outer loop
      vertex 7.74646 20.0767 7.16
      vertex 7.8 24.1 7.16
      vertex 7.88109 20.0359 7.16
    endloop
  endfacet
  facet normal 0 -1 0
    outer loop
      vertex -15.814 -14.079 7.16
      vertex 12.811 -14.079 9.56
      vertex -15.814 -14.079 9.56
    endloop
  endfacet
  facet normal 0 -1 -0
    outer loop
      vertex 12.811 -14.079 9.56
      vertex -15.814 -14.079 7.16
      vertex 12.811 -14.079 7.16
    endloop
  endfacet
  facet normal 0 1 -0
    outer loop
      vertex 12.811 28.895 7.16
      vertex -15.814 28.895 9.56
      vertex 12.811 28.895 9.56
    endloop
  endfacet
  facet normal 0 1 0
    outer loop
      vertex -15.814 28.895 9.56
      vertex 12.811 28.895 7.16
      vertex -15.814 28.895 7.16
    endloop
  endfacet
  facet normal -1 0 0
    outer loop
      vertex 9.761 -12.079 5.96
      vertex 9.761 25.845 7.16
      vertex 9.761 25.845 5.96
    endloop
  endfacet
  facet normal -1 -0 0
    outer loop
      vertex 9.761 25.845 7.16
      vertex 9.761 -12.079 5.96
      vertex 9.761 -12.079 7.16
    endloop
  endfacet
  facet normal -1 0 0
    outer loop
      vertex 9.761 26.745 5.96
      vertex 9.761 26.895 7.16
      vertex 9.761 26.895 5.96
    endloop
  endfacet
  facet normal -1 -0 0
    outer loop
      vertex 9.761 26.895 7.16
      vertex 9.761 26.745 5.96
      vertex 9.761 26.745 7.16
    endloop
  endfacet
  facet normal 1 0 0
    outer loop
      vertex 10.661 26.895 7.16
      vertex 10.661 20.395 6.84301
      vertex 10.661 26.895 5.96
    endloop
  endfacet
  facet normal 1 0 0
    outer loop
      vertex 10.661 26.895 7.16
      vertex 10.661 17.395 6.84301
      vertex 10.661 20.395 6.84301
    endloop
  endfacet
  facet normal 1 0 0
    outer loop
      vertex 10.661 17.395 6.84301
      vertex 10.661 -2.579 6.84301
      vertex 10.661 17.395 5.97699
    endloop
  endfacet
  facet normal 1 0 0
    outer loop
      vertex 10.661 26.895 7.16
      vertex 10.661 -2.579 6.84301
      vertex 10.661 17.395 6.84301
    endloop
  endfacet
  facet normal 1 -0 0
    outer loop
      vertex 10.661 -12.079 7.16
      vertex 10.661 -2.579 6.84301
      vertex 10.661 26.895 7.16
    endloop
  endfacet
  facet normal 1 0 0
    outer loop
      vertex 10.661 -12.079 5.96
      vertex 10.661 -5.579 6.84301
      vertex 10.661 -12.079 7.16
    endloop
  endfacet
  facet normal 1 0 0
    outer loop
      vertex 10.661 -2.579 6.84301
      vertex 10.661 -12.079 7.16
      vertex 10.661 -5.579 6.84301
    endloop
  endfacet
  facet normal 1 -0 0
    outer loop
      vertex 10.661 20.395 5.97699
      vertex 10.661 26.895 5.96
      vertex 10.661 20.395 6.84301
    endloop
  endfacet
  facet normal 1 -0 0
    outer loop
      vertex 10.661 17.395 5.97699
      vertex 10.661 26.895 5.96
      vertex 10.661 20.395 5.97699
    endloop
  endfacet
  facet normal 1 0 0
    outer loop
      vertex 10.661 -2.579 5.97699
      vertex 10.661 17.395 5.97699
      vertex 10.661 -2.579 6.84301
    endloop
  endfacet
  facet normal 1 -0 0
    outer loop
      vertex 10.661 -2.579 5.97699
      vertex 10.661 26.895 5.96
      vertex 10.661 17.395 5.97699
    endloop
  endfacet
  facet normal 1 -0 0
    outer loop
      vertex 10.661 -5.579 5.97699
      vertex 10.661 26.895 5.96
      vertex 10.661 -2.579 5.97699
    endloop
  endfacet
  facet normal 1 0 0
    outer loop
      vertex 10.661 -5.579 5.97699
      vertex 10.661 -12.079 5.96
      vertex 10.661 26.895 5.96
    endloop
  endfacet
  facet normal 1 0 0
    outer loop
      vertex 10.661 -5.579 6.84301
      vertex 10.661 -12.079 5.96
      vertex 10.661 -5.579 5.97699
    endloop
  endfacet
  facet normal 0 0 -1
    outer loop
      vertex -13.6317 -2.579 5.96
      vertex -13.1963 17.395 5.96
      vertex -13.1963 -2.579 5.96
    endloop
  endfacet
  facet normal -0 0 -1
    outer loop
      vertex -13.1963 17.395 5.96
      vertex -13.6317 -2.579 5.96
      vertex -13.6317 17.395 5.96
    endloop
  endfacet
  facet normal 0 0 -1
    outer loop
      vertex -13.1963 -2.579 5.96
      vertex -12.764 24.1 5.96
      vertex -12.764 -12.079 5.96
    endloop
  endfacet
  facet normal 0 0 -1
    outer loop
      vertex -13.1963 17.395 5.96
      vertex -12.764 24.1 5.96
      vertex -13.1963 -2.579 5.96
    endloop
  endfacet
  facet normal 0 0 -1
    outer loop
      vertex -13.1963 -2.579 5.96
      vertex -12.764 -12.079 5.96
      vertex -13.1963 -5.579 5.96
    endloop
  endfacet
  facet normal 0 0 -1
    outer loop
      vertex -13.664 -12.079 5.96
      vertex -13.1963 -5.579 5.96
      vertex -12.764 -12.079 5.96
    endloop
  endfacet
  facet normal 0 0 0
    outer loop
      vertex -13.6317 -5.579 5.96
      vertex -13.6317 17.395 5.96
      vertex -13.6317 -2.579 5.96
    endloop
  endfacet
  facet normal 0 0 0
    outer loop
      vertex -13.6317 -5.579 5.96
      vertex -13.6317 20.395 5.96
      vertex -13.6317 17.395 5.96
    endloop
  endfacet
  facet normal -0 0 -1
    outer loop
      vertex -13.6317 -5.579 5.96
      vertex -13.664 -12.079 5.96
      vertex -13.6317 20.395 5.96
    endloop
  endfacet
  facet normal -0 0 -1
    outer loop
      vertex -13.1963 -5.579 5.96
      vertex -13.664 -12.079 5.96
      vertex -13.6317 -5.579 5.96
    endloop
  endfacet
  facet normal 0 0 -1
    outer loop
      vertex -13 25.7 5.96
      vertex -12.764 25.845 5.96
      vertex -12.764 25.7 5.96
    endloop
  endfacet
  facet normal -0 0 -1
    outer loop
      vertex -12.764 25.845 5.96
      vertex -13 25.7 5.96
      vertex -12.764 26.745 5.96
    endloop
  endfacet
  facet normal 0 0 -1
    outer loop
      vertex -13.664 26.895 5.96
      vertex -12.764 26.745 5.96
      vertex -13 25.7 5.96
    endloop
  endfacet
  facet normal 0 0 -1
    outer loop
      vertex -13.1963 20.395 5.96
      vertex -12.764 24.1 5.96
      vertex -13.1963 17.395 5.96
    endloop
  endfacet
  facet normal -0 0 -1
    outer loop
      vertex -12.764 24.1 5.96
      vertex -13.1963 20.395 5.96
      vertex -13 24.1 5.96
    endloop
  endfacet
  facet normal 0 0 -1
    outer loop
      vertex -13.6317 20.395 5.96
      vertex -13 24.1 5.96
      vertex -13.1963 20.395 5.96
    endloop
  endfacet
  facet normal 0 0 -1
    outer loop
      vertex -13.664 26.895 5.96
      vertex -13 24.1 5.96
      vertex -13.6317 20.395 5.96
    endloop
  endfacet
  facet normal 0 0 -1
    outer loop
      vertex -12.764 26.745 5.96
      vertex -13.664 26.895 5.96
      vertex -12.764 26.895 5.96
    endloop
  endfacet
  facet normal 0 0 -1
    outer loop
      vertex -13 24.1 5.96
      vertex -13.664 26.895 5.96
      vertex -13 25.7 5.96
    endloop
  endfacet
  facet normal 0 0 -1
    outer loop
      vertex -13.664 26.895 5.96
      vertex -13.6317 20.395 5.96
      vertex -13.664 -12.079 5.96
    endloop
  endfacet
  facet normal 0 0 -1
    outer loop
      vertex -12.764 25.845 5.96
      vertex 9.761 26.745 5.96
      vertex 9.761 25.845 5.96
    endloop
  endfacet
  facet normal -0 0 -1
    outer loop
      vertex 9.761 26.745 5.96
      vertex -12.764 25.845 5.96
      vertex -12.764 26.745 5.96
    endloop
  endfacet
  facet normal 0 0 -1
    outer loop
      vertex 10.1933 -2.579 5.96
      vertex 10.6287 17.395 5.96
      vertex 10.6287 -2.579 5.96
    endloop
  endfacet
  facet normal -0 0 -1
    outer loop
      vertex 10.6287 17.395 5.96
      vertex 10.1933 -2.579 5.96
      vertex 10.1933 17.395 5.96
    endloop
  endfacet
  facet normal 0 0 -1
    outer loop
      vertex 10.661 -12.079 5.96
      vertex 10.6287 -5.579 5.96
      vertex 10.661 26.895 5.96
    endloop
  endfacet
  facet normal 0 0 -1
    outer loop
      vertex 10.661 -12.079 5.96
      vertex 10.1933 -5.579 5.96
      vertex 10.6287 -5.579 5.96
    endloop
  endfacet
  facet normal 0 0 -1
    outer loop
      vertex 9.761 -12.079 5.96
      vertex 10.1933 -2.579 5.96
      vertex 10.1933 -5.579 5.96
    endloop
  endfacet
  facet normal -0 0 -1
    outer loop
      vertex 10.1933 -2.579 5.96
      vertex 9.761 -12.079 5.96
      vertex 10.1933 17.395 5.96
    endloop
  endfacet
  facet normal -0 0 -1
    outer loop
      vertex 10.1933 17.395 5.96
      vertex 9.761 -12.079 5.96
      vertex 9.761 25.845 5.96
    endloop
  endfacet
  facet normal 0 0 -1
    outer loop
      vertex 9.761 -12.079 5.96
      vertex 10.1933 -5.579 5.96
      vertex 10.661 -12.079 5.96
    endloop
  endfacet
  facet normal 0 0 -1
    outer loop
      vertex 10.6287 -2.579 5.96
      vertex 10.661 26.895 5.96
      vertex 10.6287 -5.579 5.96
    endloop
  endfacet
  facet normal 0 0 -1
    outer loop
      vertex 10.6287 17.395 5.96
      vertex 10.661 26.895 5.96
      vertex 10.6287 -2.579 5.96
    endloop
  endfacet
  facet normal 0 0 -1
    outer loop
      vertex 10.6287 20.395 5.96
      vertex 10.661 26.895 5.96
      vertex 10.6287 17.395 5.96
    endloop
  endfacet
  facet normal 0 0 -1
    outer loop
      vertex 9.761 25.845 5.96
      vertex 10.6287 20.395 5.96
      vertex 10.1933 20.395 5.96
    endloop
  endfacet
  facet normal 0 0 -1
    outer loop
      vertex 10.1933 17.395 5.96
      vertex 9.761 25.845 5.96
      vertex 10.1933 20.395 5.96
    endloop
  endfacet
  facet normal 0 0 -1
    outer loop
      vertex 10.6287 20.395 5.96
      vertex 9.761 25.845 5.96
      vertex 10.661 26.895 5.96
    endloop
  endfacet
  facet normal 0 0 -1
    outer loop
      vertex 9.761 26.745 5.96
      vertex 10.661 26.895 5.96
      vertex 9.761 25.845 5.96
    endloop
  endfacet
  facet normal -0 0 -1
    outer loop
      vertex 10.661 26.895 5.96
      vertex 9.761 26.745 5.96
      vertex 9.761 26.895 5.96
    endloop
  endfacet
  facet normal 0 -1 0
    outer loop
      vertex 9.761 -12.079 5.96
      vertex 10.661 -12.079 7.16
      vertex 9.761 -12.079 7.16
    endloop
  endfacet
  facet normal 0 -1 -0
    outer loop
      vertex 10.661 -12.079 7.16
      vertex 9.761 -12.079 5.96
      vertex 10.661 -12.079 5.96
    endloop
  endfacet
  facet normal 0 1 -0
    outer loop
      vertex 10.661 26.895 5.96
      vertex 9.761 26.895 7.16
      vertex 10.661 26.895 7.16
    endloop
  endfacet
  facet normal 0 1 0
    outer loop
      vertex 9.761 26.895 7.16
      vertex 10.661 26.895 5.96
      vertex 9.761 26.895 5.96
    endloop
  endfacet
  facet normal -1 0 0
    outer loop
      vertex -13.664 20.395 6.84301
      vertex -13.664 26.895 5.96
      vertex -13.664 20.395 5.97699
    endloop
  endfacet
  facet normal -1 0 0
    outer loop
      vertex -13.664 26.895 5.96
      vertex -13.664 17.395 5.97699
      vertex -13.664 20.395 5.97699
    endloop
  endfacet
  facet normal -1 0 0
    outer loop
      vertex -13.664 17.395 5.97699
      vertex -13.664 -2.579 5.97699
      vertex -13.664 17.395 6.84301
    endloop
  endfacet
  facet normal -1 0 0
    outer loop
      vertex -13.664 26.895 5.96
      vertex -13.664 -2.579 5.97699
      vertex -13.664 17.395 5.97699
    endloop
  endfacet
  facet normal -1 0 0
    outer loop
      vertex -13.664 26.895 5.96
      vertex -13.664 -5.579 5.97699
      vertex -13.664 -2.579 5.97699
    endloop
  endfacet
  facet normal -1 -0 0
    outer loop
      vertex -13.664 -5.579 5.97699
      vertex -13.664 -12.079 5.96
      vertex -13.664 -5.579 6.84301
    endloop
  endfacet
  facet normal -1 0 0
    outer loop
      vertex -13.664 -12.079 5.96
      vertex -13.664 -5.579 5.97699
      vertex -13.664 26.895 5.96
    endloop
  endfacet
  facet normal -1 0 0
    outer loop
      vertex -13.664 26.895 5.96
      vertex -13.664 20.395 6.84301
      vertex -13.664 26.895 7.16
    endloop
  endfacet
  facet normal -1 0 0
    outer loop
      vertex -13.664 17.395 6.84301
      vertex -13.664 26.895 7.16
      vertex -13.664 20.395 6.84301
    endloop
  endfacet
  facet normal -1 0 0
    outer loop
      vertex -13.664 -2.579 6.84301
      vertex -13.664 17.395 6.84301
      vertex -13.664 -2.579 5.97699
    endloop
  endfacet
  facet normal -1 0 0
    outer loop
      vertex -13.664 -2.579 6.84301
      vertex -13.664 26.895 7.16
      vertex -13.664 17.395 6.84301
    endloop
  endfacet
  facet normal -1 0 0
    outer loop
      vertex -13.664 -12.079 7.16
      vertex -13.664 -2.579 6.84301
      vertex -13.664 -5.579 6.84301
    endloop
  endfacet
  facet normal -1 0 0
    outer loop
      vertex -13.664 -2.579 6.84301
      vertex -13.664 -12.079 7.16
      vertex -13.664 26.895 7.16
    endloop
  endfacet
  facet normal -1 0 0
    outer loop
      vertex -13.664 -12.079 7.16
      vertex -13.664 -5.579 6.84301
      vertex -13.664 -12.079 5.96
    endloop
  endfacet
  facet normal 1 -0 0
    outer loop
      vertex -12.764 25.7 7.16
      vertex -12.764 25.845 5.96
      vertex -12.764 25.845 7.16
    endloop
  endfacet
  facet normal 1 0 0
    outer loop
      vertex -12.764 25.845 5.96
      vertex -12.764 25.7 7.16
      vertex -12.764 25.7 5.96
    endloop
  endfacet
  facet normal 1 -0 0
    outer loop
      vertex -12.764 26.745 7.16
      vertex -12.764 26.895 5.96
      vertex -12.764 26.895 7.16
    endloop
  endfacet
  facet normal 1 0 0
    outer loop
      vertex -12.764 26.895 5.96
      vertex -12.764 26.745 7.16
      vertex -12.764 26.745 5.96
    endloop
  endfacet
  facet normal 1 -0 0
    outer loop
      vertex -12.764 -12.079 7.16
      vertex -12.764 24.1 5.96
      vertex -12.764 24.1 7.16
    endloop
  endfacet
  facet normal 1 0 0
    outer loop
      vertex -12.764 24.1 5.96
      vertex -12.764 -12.079 7.16
      vertex -12.764 -12.079 5.96
    endloop
  endfacet
  facet normal 0 -1 0
    outer loop
      vertex -13.664 -12.079 5.96
      vertex -12.764 -12.079 7.16
      vertex -13.664 -12.079 7.16
    endloop
  endfacet
  facet normal 0 -1 -0
    outer loop
      vertex -12.764 -12.079 7.16
      vertex -13.664 -12.079 5.96
      vertex -12.764 -12.079 5.96
    endloop
  endfacet
  facet normal 0 1 -0
    outer loop
      vertex -12.764 26.895 5.96
      vertex -13.664 26.895 7.16
      vertex -12.764 26.895 7.16
    endloop
  endfacet
  facet normal 0 1 0
    outer loop
      vertex -13.664 26.895 7.16
      vertex -12.764 26.895 5.96
      vertex -13.664 26.895 5.96
    endloop
  endfacet
  facet normal 0 -1 0
    outer loop
      vertex -12.764 25.845 5.96
      vertex 9.761 25.845 7.16
      vertex -12.764 25.845 7.16
    endloop
  endfacet
  facet normal 0 -1 -0
    outer loop
      vertex 9.761 25.845 7.16
      vertex -12.764 25.845 5.96
      vertex 9.761 25.845 5.96
    endloop
  endfacet
  facet normal 0 1 -0
    outer loop
      vertex 9.761 26.745 5.96
      vertex -12.764 26.745 7.16
      vertex 9.761 26.745 7.16
    endloop
  endfacet
  facet normal 0 1 0
    outer loop
      vertex -12.764 26.745 7.16
      vertex 9.761 26.745 5.96
      vertex -12.764 26.745 5.96
    endloop
  endfacet
  facet normal 0.995184 0.0980256 0
    outer loop
      vertex 5.05839 13.1694 7.18
      vertex 5.0446 13.3094 7.16
      vertex 5.0446 13.3094 7.18
    endloop
  endfacet
  facet normal 0.995184 0.0980256 0
    outer loop
      vertex 5.0446 13.3094 7.16
      vertex 5.05839 13.1694 7.18
      vertex 5.05839 13.1694 7.16
    endloop
  endfacet
  facet normal -1 0 0
    outer loop
      vertex 9.34 13.45 7.16
      vertex 9.34 18 7.18
      vertex 9.34 18 7.16
    endloop
  endfacet
  facet normal -1 -0 0
    outer loop
      vertex 9.34 18 7.18
      vertex 9.34 13.45 7.16
      vertex 9.34 13.45 7.18
    endloop
  endfacet
  facet normal 0.115127 0.697848 -0.706932
    outer loop
      vertex 7.00466 12.5183 8.38
      vertex 6.90937 11.3184 7.18
      vertex 6.77056 11.3413 7.18
    endloop
  endfacet
  facet normal 0.683669 0.729792 -0
    outer loop
      vertex 5.77241 11.8335 7.16
      vertex 5.66972 11.9297 7.18
      vertex 5.77241 11.8335 7.18
    endloop
  endfacet
  facet normal 0.683669 0.729792 0
    outer loop
      vertex 5.66972 11.9297 7.18
      vertex 5.77241 11.8335 7.16
      vertex 5.66972 11.9297 7.16
    endloop
  endfacet
  facet normal 0.516353 0.48337 -0.706918
    outer loop
      vertex 6.47575 12.8236 8.38
      vertex 6.51825 12.7782 8.38
      vertex 5.57354 12.0324 7.18
    endloop
  endfacet
  facet normal 0.352517 0.935805 -0
    outer loop
      vertex 6.4989 11.4141 7.16
      vertex 6.36723 11.4637 7.18
      vertex 6.4989 11.4141 7.18
    endloop
  endfacet
  facet normal 0.352517 0.935805 0
    outer loop
      vertex 6.36723 11.4637 7.18
      vertex 6.4989 11.4141 7.16
      vertex 6.36723 11.4637 7.16
    endloop
  endfacet
  facet normal 0.249337 0.661898 -0.70691
    outer loop
      vertex 6.88463 12.5504 8.38
      vertex 6.4989 11.4141 7.18
      vertex 6.36723 11.4637 7.18
    endloop
  endfacet
  facet normal -0.999465 -0.0326994 0
    outer loop
      vertex 9.34 18 7.16
      vertex 9.3354 18.1406 7.18
      vertex 9.3354 18.1406 7.16
    endloop
  endfacet
  facet normal -0.999465 -0.0326994 0
    outer loop
      vertex 9.3354 18.1406 7.18
      vertex 9.34 18 7.16
      vertex 9.34 18 7.18
    endloop
  endfacet
  facet normal -0.707107 0 -0.707107
    outer loop
      vertex 9.34 13.45 7.18
      vertex 8.14 18 8.38
      vertex 9.34 18 7.18
    endloop
  endfacet
  facet normal -0.707107 -0 -0.707107
    outer loop
      vertex 8.14 18 8.38
      vertex 9.34 13.45 7.18
      vertex 8.14 13.45 8.38
    endloop
  endfacet
  facet normal -0.706918 0.0231282 -0.706918
    outer loop
      vertex 9.34 13.45 7.18
      vertex 9.3354 13.3094 7.18
      vertex 8.14 13.45 8.38
    endloop
  endfacet
  facet normal -0.471274 0.881987 0
    outer loop
      vertex 8.265 11.588 7.16
      vertex 8.14092 11.5217 7.18
      vertex 8.265 11.588 7.18
    endloop
  endfacet
  facet normal -0.471274 0.881987 0
    outer loop
      vertex 8.14092 11.5217 7.18
      vertex 8.265 11.588 7.16
      vertex 8.14092 11.5217 7.16
    endloop
  endfacet
  facet normal 0.729896 0.683558 0
    outer loop
      vertex 5.66972 11.9297 7.18
      vertex 5.57354 12.0324 7.16
      vertex 5.57354 12.0324 7.18
    endloop
  endfacet
  facet normal 0.729896 0.683558 0
    outer loop
      vertex 5.57354 12.0324 7.16
      vertex 5.66972 11.9297 7.18
      vertex 5.66972 11.9297 7.16
    endloop
  endfacet
  facet normal 0.688845 0.160503 -0.706916
    outer loop
      vertex 6.25825 13.2647 8.38
      vertex 6.27237 13.2041 8.38
      vertex 5.11326 12.8935 7.18
    endloop
  endfacet
  facet normal 0.773149 0.634224 0
    outer loop
      vertex 5.57354 12.0324 7.18
      vertex 5.48429 12.1412 7.16
      vertex 5.48429 12.1412 7.18
    endloop
  endfacet
  facet normal 0.773149 0.634224 0
    outer loop
      vertex 5.48429 12.1412 7.16
      vertex 5.57354 12.0324 7.18
      vertex 5.57354 12.0324 7.16
    endloop
  endfacet
  facet normal 0.600657 0.373463 -0.70692
    outer loop
      vertex 6.36728 12.975 8.38
      vertex 5.40234 12.2555 7.18
      vertex 5.32804 12.375 7.18
    endloop
  endfacet
  facet normal 0.600657 -0.373463 -0.70692
    outer loop
      vertex 5.40234 19.1945 7.18
      vertex 6.36728 18.475 8.38
      vertex 5.32804 19.075 7.18
    endloop
  endfacet
  facet normal -0.160853 -0.688751 -0.706929
    outer loop
      vertex 7.60944 20.1087 7.18
      vertex 7.74646 20.0767 7.18
      vertex 7.37534 18.9317 8.38
    endloop
  endfacet
  facet normal -0.292329 -0.644034 -0.70694
    outer loop
      vertex 8.14092 19.9283 7.18
      vertex 7.61017 18.852 8.38
      vertex 7.55355 18.8777 8.38
    endloop
  endfacet
  facet normal -0.528081 -0.849194 0
    outer loop
      vertex 8.265 19.862 7.16
      vertex 8.38448 19.7877 7.18
      vertex 8.265 19.862 7.18
    endloop
  endfacet
  facet normal -0.528081 -0.849194 -0
    outer loop
      vertex 8.38448 19.7877 7.18
      vertex 8.265 19.862 7.16
      vertex 8.38448 19.7877 7.16
    endloop
  endfacet
  facet normal -0.773114 0.634267 0
    outer loop
      vertex 8.80645 12.0324 7.16
      vertex 8.89571 12.1412 7.18
      vertex 8.89571 12.1412 7.16
    endloop
  endfacet
  facet normal -0.773114 0.634267 0
    outer loop
      vertex 8.89571 12.1412 7.18
      vertex 8.80645 12.0324 7.16
      vertex 8.80645 12.0324 7.18
    endloop
  endfacet
  facet normal -0.623786 0.333406 -0.706917
    outer loop
      vertex 9.11828 12.4991 7.18
      vertex 9.05195 12.375 7.18
      vertex 8.01272 12.975 8.38
    endloop
  endfacet
  facet normal 0.160853 0.688751 -0.706929
    outer loop
      vertex 7.00466 12.5183 8.38
      vertex 6.77056 11.3413 7.18
      vertex 6.63354 11.3733 7.18
    endloop
  endfacet
  facet normal 0.849234 0.528017 0
    outer loop
      vertex 5.40234 12.2555 7.18
      vertex 5.32804 12.375 7.16
      vertex 5.32804 12.375 7.18
    endloop
  endfacet
  facet normal 0.849234 0.528017 0
    outer loop
      vertex 5.32804 12.375 7.16
      vertex 5.40234 12.2555 7.18
      vertex 5.40234 12.2555 7.16
    endloop
  endfacet
  facet normal 0.910814 0.412817 0
    outer loop
      vertex 5.26172 12.4991 7.18
      vertex 5.20366 12.6272 7.16
      vertex 5.20366 12.6272 7.18
    endloop
  endfacet
  facet normal 0.910814 0.412817 0
    outer loop
      vertex 5.20366 12.6272 7.16
      vertex 5.26172 12.4991 7.18
      vertex 5.26172 12.4991 7.16
    endloop
  endfacet
  facet normal 0.935926 0.352198 0
    outer loop
      vertex 5.20366 12.6272 7.18
      vertex 5.1541 12.7589 7.16
      vertex 5.1541 12.7589 7.18
    endloop
  endfacet
  facet normal 0.935926 0.352198 0
    outer loop
      vertex 5.1541 12.7589 7.16
      vertex 5.20366 12.6272 7.18
      vertex 5.20366 12.6272 7.16
    endloop
  endfacet
  facet normal 0.703887 0.0693653 -0.706917
    outer loop
      vertex 6.24203 13.3879 8.38
      vertex 6.24813 13.326 8.38
      vertex 5.0446 13.3094 7.18
    endloop
  endfacet
  facet normal 0.956922 0.290347 0
    outer loop
      vertex 5.1541 12.7589 7.18
      vertex 5.11326 12.8935 7.16
      vertex 5.11326 12.8935 7.18
    endloop
  endfacet
  facet normal 0.956922 0.290347 0
    outer loop
      vertex 5.11326 12.8935 7.16
      vertex 5.1541 12.7589 7.18
      vertex 5.1541 12.7589 7.16
    endloop
  endfacet
  facet normal 0.999465 0.0326994 0
    outer loop
      vertex 5.0446 13.3094 7.18
      vertex 5.04 13.45 7.16
      vertex 5.04 13.45 7.18
    endloop
  endfacet
  facet normal 0.999465 0.0326994 0
    outer loop
      vertex 5.04 13.45 7.16
      vertex 5.0446 13.3094 7.18
      vertex 5.0446 13.3094 7.16
    endloop
  endfacet
  facet normal 0.661867 0.249368 -0.706928
    outer loop
      vertex 6.29042 13.1446 8.38
      vertex 6.31231 13.0865 8.38
      vertex 5.20366 12.6272 7.18
    endloop
  endfacet
  facet normal 0.881959 0.471326 0
    outer loop
      vertex 5.32804 12.375 7.18
      vertex 5.26172 12.4991 7.16
      vertex 5.26172 12.4991 7.18
    endloop
  endfacet
  facet normal 0.881959 0.471326 0
    outer loop
      vertex 5.26172 12.4991 7.16
      vertex 5.32804 12.375 7.18
      vertex 5.32804 12.375 7.16
    endloop
  endfacet
  facet normal 0.574805 0.412152 -0.706916
    outer loop
      vertex 6.4001 12.9222 8.38
      vertex 6.43631 12.8717 8.38
      vertex 5.40234 12.2555 7.18
    endloop
  endfacet
  facet normal 0.546946 0.448473 -0.70691
    outer loop
      vertex 6.43631 12.8717 8.38
      vertex 6.47575 12.8236 8.38
      vertex 5.57354 12.0324 7.18
    endloop
  endfacet
  facet normal 0.333392 0.623773 -0.706935
    outer loop
      vertex 6.715 12.6273 8.38
      vertex 6.76982 12.598 8.38
      vertex 6.115 11.588 7.18
    endloop
  endfacet
  facet normal 0.412329 0.911035 -0
    outer loop
      vertex 6.36723 11.4637 7.16
      vertex 6.23908 11.5217 7.18
      vertex 6.36723 11.4637 7.18
    endloop
  endfacet
  facet normal 0.412329 0.911035 0
    outer loop
      vertex 6.23908 11.5217 7.18
      vertex 6.36723 11.4637 7.16
      vertex 6.23908 11.5217 7.16
    endloop
  endfacet
  facet normal 0.582716 0.812676 -0
    outer loop
      vertex 5.99552 11.6623 7.16
      vertex 5.88116 11.7443 7.18
      vertex 5.99552 11.6623 7.18
    endloop
  endfacet
  facet normal 0.582716 0.812676 0
    outer loop
      vertex 5.88116 11.7443 7.18
      vertex 5.99552 11.6623 7.16
      vertex 5.88116 11.7443 7.16
    endloop
  endfacet
  facet normal 0.333324 0.623813 -0.706932
    outer loop
      vertex 6.76982 12.598 8.38
      vertex 6.23908 11.5217 7.18
      vertex 6.115 11.588 7.18
    endloop
  endfacet
  facet normal 0.703887 -0.0693653 -0.706917
    outer loop
      vertex 6.24813 18.124 8.38
      vertex 6.24203 18.0621 8.38
      vertex 5.0446 18.1406 7.18
    endloop
  endfacet
  facet normal -0.516359 -0.483376 -0.706909
    outer loop
      vertex 8.71028 19.5203 7.18
      vertex 7.90425 18.6264 8.38
      vertex 7.86175 18.6718 8.38
    endloop
  endfacet
  facet normal -0.676827 -0.205361 -0.706917
    outer loop
      vertex 9.2259 18.6911 7.18
      vertex 9.26674 18.5565 7.18
      vertex 8.08958 18.3054 8.38
    endloop
  endfacet
  facet normal -0.688839 -0.160528 -0.706917
    outer loop
      vertex 9.26674 18.5565 7.18
      vertex 9.29869 18.4194 7.18
      vertex 8.10763 18.2459 8.38
    endloop
  endfacet
  facet normal -0.0693789 -0.703894 -0.706908
    outer loop
      vertex 7.33062 20.1454 7.18
      vertex 7.47063 20.1316 7.18
      vertex 7.314 18.9419 8.38
    endloop
  endfacet
  facet normal -0.706919 -0.0231086 -0.706917
    outer loop
      vertex 9.3354 18.1406 7.18
      vertex 8.14 18 8.38
      vertex 8.13797 18.0621 8.38
    endloop
  endfacet
  facet normal -0.706919 0.0231086 -0.706917
    outer loop
      vertex 8.14 13.45 8.38
      vertex 9.3354 13.3094 7.18
      vertex 8.13797 13.3879 8.38
    endloop
  endfacet
  facet normal 0.227423 0.973796 -0
    outer loop
      vertex 6.77056 11.3413 7.16
      vertex 6.63354 11.3733 7.18
      vertex 6.77056 11.3413 7.18
    endloop
  endfacet
  facet normal 0.227423 0.973796 0
    outer loop
      vertex 6.63354 11.3733 7.18
      vertex 6.77056 11.3413 7.16
      vertex 6.63354 11.3733 7.16
    endloop
  endfacet
  facet normal 0.20484 0.676998 -0.706905
    outer loop
      vertex 6.88463 12.5504 8.38
      vertex 6.94412 12.5324 8.38
      vertex 6.4989 11.4141 7.18
    endloop
  endfacet
  facet normal 0.162774 0.986663 -0
    outer loop
      vertex 6.90937 11.3184 7.16
      vertex 6.77056 11.3413 7.18
      vertex 6.90937 11.3184 7.18
    endloop
  endfacet
  facet normal 0.162774 0.986663 0
    outer loop
      vertex 6.77056 11.3413 7.18
      vertex 6.90937 11.3184 7.16
      vertex 6.77056 11.3413 7.16
    endloop
  endfacet
  facet normal 0.973904 0.22696 0
    outer loop
      vertex 5.11326 12.8935 7.18
      vertex 5.08131 13.0306 7.16
      vertex 5.08131 13.0306 7.18
    endloop
  endfacet
  facet normal 0.973904 0.22696 0
    outer loop
      vertex 5.08131 13.0306 7.16
      vertex 5.11326 12.8935 7.18
      vertex 5.11326 12.8935 7.16
    endloop
  endfacet
  facet normal 0.986639 0.162923 0
    outer loop
      vertex 5.08131 13.0306 7.18
      vertex 5.05839 13.1694 7.16
      vertex 5.05839 13.1694 7.18
    endloop
  endfacet
  facet normal 0.986639 0.162923 0
    outer loop
      vertex 5.05839 13.1694 7.16
      vertex 5.08131 13.0306 7.18
      vertex 5.08131 13.0306 7.16
    endloop
  endfacet
  facet normal 0.697846 0.115235 -0.706917
    outer loop
      vertex 6.25825 13.2647 8.38
      vertex 5.08131 13.0306 7.18
      vertex 5.05839 13.1694 7.18
    endloop
  endfacet
  facet normal 0.703889 0.069333 -0.706918
    outer loop
      vertex 6.24813 13.326 8.38
      vertex 5.05839 13.1694 7.18
      vertex 5.0446 13.3094 7.18
    endloop
  endfacet
  facet normal 0.707107 0 -0.707107
    outer loop
      vertex 6.24 13.45 8.38
      vertex 5.04 18 7.18
      vertex 6.24 18 8.38
    endloop
  endfacet
  facet normal 0.707107 0 -0.707107
    outer loop
      vertex 5.04 18 7.18
      vertex 6.24 13.45 8.38
      vertex 5.04 13.45 7.18
    endloop
  endfacet
  facet normal 1 -0 0
    outer loop
      vertex 5.04 13.45 7.18
      vertex 5.04 18 7.16
      vertex 5.04 18 7.18
    endloop
  endfacet
  facet normal 1 0 0
    outer loop
      vertex 5.04 18 7.16
      vertex 5.04 13.45 7.18
      vertex 5.04 13.45 7.16
    endloop
  endfacet
  facet normal 0.688838 0.160528 -0.706918
    outer loop
      vertex 6.25825 13.2647 8.38
      vertex 5.11326 12.8935 7.18
      vertex 5.08131 13.0306 7.18
    endloop
  endfacet
  facet normal 0.676827 0.205361 -0.706917
    outer loop
      vertex 6.29042 13.1446 8.38
      vertex 5.1541 12.7589 7.18
      vertex 5.11326 12.8935 7.18
    endloop
  endfacet
  facet normal 0.661978 0.249109 -0.706916
    outer loop
      vertex 6.29042 13.1446 8.38
      vertex 5.20366 12.6272 7.18
      vertex 5.1541 12.7589 7.18
    endloop
  endfacet
  facet normal 0.623805 0.333366 -0.706919
    outer loop
      vertex 6.36728 12.975 8.38
      vertex 5.32804 12.375 7.18
      vertex 5.26172 12.4991 7.18
    endloop
  endfacet
  facet normal 0.546846 0.448585 -0.706916
    outer loop
      vertex 6.43631 12.8717 8.38
      vertex 5.57354 12.0324 7.18
      vertex 5.48429 12.1412 7.18
    endloop
  endfacet
  facet normal 0.574819 0.41213 -0.706917
    outer loop
      vertex 6.43631 12.8717 8.38
      vertex 5.48429 12.1412 7.18
      vertex 5.40234 12.2555 7.18
    endloop
  endfacet
  facet normal 0.482912 0.516739 -0.706949
    outer loop
      vertex 6.51825 12.7782 8.38
      vertex 6.56362 12.7358 8.38
      vertex 5.77241 11.8335 7.18
    endloop
  endfacet
  facet normal 0.634186 0.773181 -0
    outer loop
      vertex 5.88116 11.7443 7.16
      vertex 5.77241 11.8335 7.18
      vertex 5.88116 11.7443 7.18
    endloop
  endfacet
  facet normal 0.634186 0.773181 0
    outer loop
      vertex 5.77241 11.8335 7.18
      vertex 5.88116 11.7443 7.16
      vertex 5.77241 11.8335 7.16
    endloop
  endfacet
  facet normal 0.291635 0.644364 -0.706926
    outer loop
      vertex 6.76982 12.598 8.38
      vertex 6.36723 11.4637 7.18
      vertex 6.23908 11.5217 7.18
    endloop
  endfacet
  facet normal 0.910814 -0.412817 0
    outer loop
      vertex 5.20366 18.8228 7.18
      vertex 5.26172 18.9509 7.16
      vertex 5.26172 18.9509 7.18
    endloop
  endfacet
  facet normal 0.910814 -0.412817 0
    outer loop
      vertex 5.26172 18.9509 7.16
      vertex 5.20366 18.8228 7.18
      vertex 5.20366 18.8228 7.16
    endloop
  endfacet
  facet normal 0.574819 -0.41213 -0.706917
    outer loop
      vertex 5.48429 19.3088 7.18
      vertex 6.43631 18.5783 8.38
      vertex 5.40234 19.1945 7.18
    endloop
  endfacet
  facet normal 0.773149 -0.634224 0
    outer loop
      vertex 5.48429 19.3088 7.18
      vertex 5.57354 19.4176 7.16
      vertex 5.57354 19.4176 7.18
    endloop
  endfacet
  facet normal 0.773149 -0.634224 0
    outer loop
      vertex 5.57354 19.4176 7.16
      vertex 5.48429 19.3088 7.18
      vertex 5.48429 19.3088 7.16
    endloop
  endfacet
  facet normal 0.706918 -0.0231282 -0.706918
    outer loop
      vertex 5.0446 18.1406 7.18
      vertex 6.24 18 8.38
      vertex 5.04 18 7.18
    endloop
  endfacet
  facet normal 0.706919 -0.0231086 -0.706917
    outer loop
      vertex 6.24203 18.0621 8.38
      vertex 6.24 18 8.38
      vertex 5.0446 18.1406 7.18
    endloop
  endfacet
  facet normal 0.290007 -0.957024 0
    outer loop
      vertex 6.4989 20.0359 7.16
      vertex 6.63354 20.0767 7.18
      vertex 6.4989 20.0359 7.18
    endloop
  endfacet
  facet normal 0.290007 -0.957024 0
    outer loop
      vertex 6.63354 20.0767 7.18
      vertex 6.4989 20.0359 7.16
      vertex 6.63354 20.0767 7.16
    endloop
  endfacet
  facet normal -0.600681 -0.373428 -0.706919
    outer loop
      vertex 8.97766 19.1945 7.18
      vertex 9.05195 19.075 7.18
      vertex 8.01272 18.475 8.38
    endloop
  endfacet
  facet normal -0.412149 -0.574797 -0.706924
    outer loop
      vertex 8.38448 19.7877 7.18
      vertex 8.49884 19.7057 7.18
      vertex 7.71779 18.7899 8.38
    endloop
  endfacet
  facet normal -0.546826 -0.448618 -0.706911
    outer loop
      vertex 8.80645 19.4176 7.18
      vertex 8.89571 19.3088 7.18
      vertex 7.90425 18.6264 8.38
    endloop
  endfacet
  facet normal -0.697846 -0.115235 -0.706917
    outer loop
      vertex 9.29869 18.4194 7.18
      vertex 9.32161 18.2806 7.18
      vertex 8.13187 18.124 8.38
    endloop
  endfacet
  facet normal -0.204841 -0.676999 -0.706904
    outer loop
      vertex 7.88109 20.0359 7.18
      vertex 7.49537 18.8996 8.38
      vertex 7.43588 18.9176 8.38
    endloop
  endfacet
  facet normal -0.0231249 -0.706918 -0.706918
    outer loop
      vertex 7.19 20.15 7.18
      vertex 7.33062 20.1454 7.18
      vertex 7.19 18.95 8.38
    endloop
  endfacet
  facet normal 0.0980891 -0.995178 0
    outer loop
      vertex 6.90937 20.1316 7.16
      vertex 7.04938 20.1454 7.18
      vertex 6.90937 20.1316 7.18
    endloop
  endfacet
  facet normal 0.0980891 -0.995178 0
    outer loop
      vertex 7.04938 20.1454 7.18
      vertex 6.90937 20.1316 7.16
      vertex 7.04938 20.1454 7.16
    endloop
  endfacet
  facet normal 0.412149 -0.574797 -0.706924
    outer loop
      vertex 5.99552 19.7877 7.18
      vertex 6.66221 18.7899 8.38
      vertex 5.88116 19.7057 7.18
    endloop
  endfacet
  facet normal 0.373504 -0.600623 -0.706928
    outer loop
      vertex 6.115 19.862 7.18
      vertex 6.66221 18.7899 8.38
      vertex 5.99552 19.7877 7.18
    endloop
  endfacet
  facet normal -0.703887 -0.0693653 -0.706917
    outer loop
      vertex 9.3354 18.1406 7.18
      vertex 8.13797 18.0621 8.38
      vertex 8.13187 18.124 8.38
    endloop
  endfacet
  facet normal -0.956922 -0.290347 0
    outer loop
      vertex 9.26674 18.5565 7.16
      vertex 9.2259 18.6911 7.18
      vertex 9.2259 18.6911 7.16
    endloop
  endfacet
  facet normal -0.956922 -0.290347 0
    outer loop
      vertex 9.2259 18.6911 7.18
      vertex 9.26674 18.5565 7.16
      vertex 9.26674 18.5565 7.18
    endloop
  endfacet
  facet normal -0.706918 -0.0231282 -0.706918
    outer loop
      vertex 9.3354 18.1406 7.18
      vertex 9.34 18 7.18
      vertex 8.14 18 8.38
    endloop
  endfacet
  facet normal 0.0980891 0.995178 -0
    outer loop
      vertex 7.04938 11.3046 7.16
      vertex 6.90937 11.3184 7.18
      vertex 7.04938 11.3046 7.18
    endloop
  endfacet
  facet normal 0.0980891 0.995178 0
    outer loop
      vertex 6.90937 11.3184 7.18
      vertex 7.04938 11.3046 7.16
      vertex 6.90937 11.3184 7.16
    endloop
  endfacet
  facet normal -0.160439 0.688866 -0.706911
    outer loop
      vertex 7.43588 12.5324 8.38
      vertex 7.74646 11.3733 7.18
      vertex 7.37534 12.5183 8.38
    endloop
  endfacet
  facet normal -0.116024 0.697739 -0.706894
    outer loop
      vertex 7.37534 12.5183 8.38
      vertex 7.47063 11.3184 7.18
      vertex 7.314 12.5081 8.38
    endloop
  endfacet
  facet normal -0.069379 0.703895 -0.706908
    outer loop
      vertex 7.47063 11.3184 7.18
      vertex 7.33062 11.3046 7.18
      vertex 7.25213 12.502 8.38
    endloop
  endfacet
  facet normal -0.697846 0.115235 -0.706917
    outer loop
      vertex 9.32161 13.1694 7.18
      vertex 9.29869 13.0306 7.18
      vertex 8.13187 13.326 8.38
    endloop
  endfacet
  facet normal -0.956922 0.290347 0
    outer loop
      vertex 9.2259 12.7589 7.16
      vertex 9.26674 12.8935 7.18
      vertex 9.26674 12.8935 7.16
    endloop
  endfacet
  facet normal -0.956922 0.290347 0
    outer loop
      vertex 9.26674 12.8935 7.18
      vertex 9.2259 12.7589 7.16
      vertex 9.2259 12.7589 7.18
    endloop
  endfacet
  facet normal -0.600705 0.373393 -0.706917
    outer loop
      vertex 8.01272 12.975 8.38
      vertex 8.97766 12.2555 7.18
      vertex 7.9799 12.9222 8.38
    endloop
  endfacet
  facet normal -0.600681 0.373428 -0.706919
    outer loop
      vertex 9.05195 12.375 7.18
      vertex 8.97766 12.2555 7.18
      vertex 8.01272 12.975 8.38
    endloop
  endfacet
  facet normal 0.290007 0.957024 -0
    outer loop
      vertex 6.63354 11.3733 7.16
      vertex 6.4989 11.4141 7.18
      vertex 6.63354 11.3733 7.18
    endloop
  endfacet
  facet normal 0.290007 0.957024 0
    outer loop
      vertex 6.4989 11.4141 7.18
      vertex 6.63354 11.3733 7.16
      vertex 6.4989 11.4141 7.16
    endloop
  endfacet
  facet normal 0.812699 0.582683 0
    outer loop
      vertex 5.48429 12.1412 7.18
      vertex 5.40234 12.2555 7.16
      vertex 5.40234 12.2555 7.18
    endloop
  endfacet
  facet normal 0.812699 0.582683 0
    outer loop
      vertex 5.40234 12.2555 7.16
      vertex 5.48429 12.1412 7.18
      vertex 5.48429 12.1412 7.16
    endloop
  endfacet
  facet normal 0.623698 0.333588 -0.706909
    outer loop
      vertex 6.33797 13.0298 8.38
      vertex 6.36728 12.975 8.38
      vertex 5.26172 12.4991 7.18
    endloop
  endfacet
  facet normal 0.69785 0.115208 -0.706918
    outer loop
      vertex 6.24813 13.326 8.38
      vertex 6.25825 13.2647 8.38
      vertex 5.05839 13.1694 7.18
    endloop
  endfacet
  facet normal 0.706918 0.0231282 -0.706918
    outer loop
      vertex 6.24 13.45 8.38
      vertex 5.0446 13.3094 7.18
      vertex 5.04 13.45 7.18
    endloop
  endfacet
  facet normal 0.706919 0.0231086 -0.706917
    outer loop
      vertex 6.24 13.45 8.38
      vertex 6.24203 13.3879 8.38
      vertex 5.0446 13.3094 7.18
    endloop
  endfacet
  facet normal 0.676836 0.205326 -0.706918
    outer loop
      vertex 6.27237 13.2041 8.38
      vertex 6.29042 13.1446 8.38
      vertex 5.11326 12.8935 7.18
    endloop
  endfacet
  facet normal 0.600705 0.373393 -0.706917
    outer loop
      vertex 6.36728 12.975 8.38
      vertex 6.4001 12.9222 8.38
      vertex 5.40234 12.2555 7.18
    endloop
  endfacet
  facet normal 0.412149 0.574797 -0.706924
    outer loop
      vertex 6.66221 12.6601 8.38
      vertex 5.99552 11.6623 7.18
      vertex 5.88116 11.7443 7.18
    endloop
  endfacet
  facet normal 0.516257 0.483482 -0.706912
    outer loop
      vertex 6.51825 12.7782 8.38
      vertex 5.66972 11.9297 7.18
      vertex 5.57354 12.0324 7.18
    endloop
  endfacet
  facet normal 0.48356 0.516182 -0.706913
    outer loop
      vertex 6.51825 12.7782 8.38
      vertex 5.77241 11.8335 7.18
      vertex 5.66972 11.9297 7.18
    endloop
  endfacet
  facet normal 0.528081 0.849194 -0
    outer loop
      vertex 6.115 11.588 7.16
      vertex 5.99552 11.6623 7.18
      vertex 6.115 11.588 7.18
    endloop
  endfacet
  facet normal 0.528081 0.849194 0
    outer loop
      vertex 5.99552 11.6623 7.18
      vertex 6.115 11.588 7.16
      vertex 5.99552 11.6623 7.16
    endloop
  endfacet
  facet normal 0.471274 0.881987 -0
    outer loop
      vertex 6.23908 11.5217 7.16
      vertex 6.115 11.588 7.18
      vertex 6.23908 11.5217 7.18
    endloop
  endfacet
  facet normal 0.471274 0.881987 0
    outer loop
      vertex 6.115 11.588 7.18
      vertex 6.23908 11.5217 7.16
      vertex 6.115 11.588 7.16
    endloop
  endfacet
  facet normal 0.292305 0.644094 -0.706895
    outer loop
      vertex 6.76982 12.598 8.38
      vertex 6.82645 12.5723 8.38
      vertex 6.36723 11.4637 7.18
    endloop
  endfacet
  facet normal 0.249176 0.661967 -0.706903
    outer loop
      vertex 6.82645 12.5723 8.38
      vertex 6.88463 12.5504 8.38
      vertex 6.36723 11.4637 7.18
    endloop
  endfacet
  facet normal 0.999465 -0.0326994 0
    outer loop
      vertex 5.04 18 7.18
      vertex 5.0446 18.1406 7.16
      vertex 5.0446 18.1406 7.18
    endloop
  endfacet
  facet normal 0.999465 -0.0326994 0
    outer loop
      vertex 5.0446 18.1406 7.16
      vertex 5.04 18 7.18
      vertex 5.04 18 7.16
    endloop
  endfacet
  facet normal 0.703889 -0.069333 -0.706918
    outer loop
      vertex 5.05839 18.2806 7.18
      vertex 6.24813 18.124 8.38
      vertex 5.0446 18.1406 7.18
    endloop
  endfacet
  facet normal 0.574805 -0.412152 -0.706916
    outer loop
      vertex 6.43631 18.5783 8.38
      vertex 6.4001 18.5278 8.38
      vertex 5.40234 19.1945 7.18
    endloop
  endfacet
  facet normal 0.935926 -0.352198 0
    outer loop
      vertex 5.1541 18.6911 7.18
      vertex 5.20366 18.8228 7.16
      vertex 5.20366 18.8228 7.18
    endloop
  endfacet
  facet normal 0.935926 -0.352198 0
    outer loop
      vertex 5.20366 18.8228 7.16
      vertex 5.1541 18.6911 7.18
      vertex 5.1541 18.6911 7.16
    endloop
  endfacet
  facet normal 0.661978 -0.249109 -0.706916
    outer loop
      vertex 5.20366 18.8228 7.18
      vertex 6.29042 18.3054 8.38
      vertex 5.1541 18.6911 7.18
    endloop
  endfacet
  facet normal 0.995184 -0.0980256 0
    outer loop
      vertex 5.0446 18.1406 7.18
      vertex 5.05839 18.2806 7.16
      vertex 5.05839 18.2806 7.18
    endloop
  endfacet
  facet normal 0.995184 -0.0980256 0
    outer loop
      vertex 5.05839 18.2806 7.16
      vertex 5.0446 18.1406 7.18
      vertex 5.0446 18.1406 7.16
    endloop
  endfacet
  facet normal -0.205135 -0.676896 -0.706917
    outer loop
      vertex 7.74646 20.0767 7.18
      vertex 7.88109 20.0359 7.18
      vertex 7.43588 18.9176 8.38
    endloop
  endfacet
  facet normal -0.352494 -0.935814 0
    outer loop
      vertex 7.88109 20.0359 7.16
      vertex 8.01277 19.9863 7.18
      vertex 7.88109 20.0359 7.18
    endloop
  endfacet
  facet normal -0.352494 -0.935814 -0
    outer loop
      vertex 8.01277 19.9863 7.18
      vertex 7.88109 20.0359 7.16
      vertex 8.01277 19.9863 7.16
    endloop
  endfacet
  facet normal -0.773114 -0.634267 0
    outer loop
      vertex 8.89571 19.3088 7.16
      vertex 8.80645 19.4176 7.18
      vertex 8.80645 19.4176 7.16
    endloop
  endfacet
  facet normal -0.773114 -0.634267 0
    outer loop
      vertex 8.80645 19.4176 7.18
      vertex 8.89571 19.3088 7.16
      vertex 8.89571 19.3088 7.18
    endloop
  endfacet
  facet normal -0.574805 -0.412152 -0.706916
    outer loop
      vertex 8.97766 19.1945 7.18
      vertex 7.9799 18.5278 8.38
      vertex 7.94369 18.5783 8.38
    endloop
  endfacet
  facet normal -0.290027 -0.957018 0
    outer loop
      vertex 7.74646 20.0767 7.16
      vertex 7.88109 20.0359 7.18
      vertex 7.74646 20.0767 7.18
    endloop
  endfacet
  facet normal -0.290027 -0.957018 -0
    outer loop
      vertex 7.88109 20.0359 7.18
      vertex 7.74646 20.0767 7.16
      vertex 7.88109 20.0359 7.16
    endloop
  endfacet
  facet normal -0.0326948 -0.999465 0
    outer loop
      vertex 7.19 20.15 7.16
      vertex 7.33062 20.1454 7.18
      vertex 7.19 20.15 7.18
    endloop
  endfacet
  facet normal -0.0326948 -0.999465 -0
    outer loop
      vertex 7.33062 20.1454 7.18
      vertex 7.19 20.15 7.16
      vertex 7.33062 20.1454 7.16
    endloop
  endfacet
  facet normal 0.20484 -0.676998 -0.706905
    outer loop
      vertex 6.94412 18.9176 8.38
      vertex 6.88463 18.8996 8.38
      vertex 6.4989 20.0359 7.18
    endloop
  endfacet
  facet normal 0.11513 -0.697872 -0.706909
    outer loop
      vertex 6.90937 20.1316 7.18
      vertex 7.066 18.9419 8.38
      vertex 6.77056 20.1087 7.18
    endloop
  endfacet
  facet normal 0.160853 -0.688751 -0.706929
    outer loop
      vertex 6.77056 20.1087 7.18
      vertex 7.00466 18.9317 8.38
      vertex 6.63354 20.0767 7.18
    endloop
  endfacet
  facet normal -0.022757 -0.706945 -0.706902
    outer loop
      vertex 7.33062 20.1454 7.18
      vertex 7.25213 18.948 8.38
      vertex 7.19 18.95 8.38
    endloop
  endfacet
  facet normal 0.249173 -0.661957 -0.706913
    outer loop
      vertex 6.88463 18.8996 8.38
      vertex 6.82645 18.8777 8.38
      vertex 6.4989 20.0359 7.18
    endloop
  endfacet
  facet normal 0.333324 -0.623813 -0.706932
    outer loop
      vertex 6.23908 19.9283 7.18
      vertex 6.76982 18.852 8.38
      vertex 6.115 19.862 7.18
    endloop
  endfacet
  facet normal 0.729896 -0.683558 0
    outer loop
      vertex 5.57354 19.4176 7.18
      vertex 5.66972 19.5203 7.16
      vertex 5.66972 19.5203 7.18
    endloop
  endfacet
  facet normal 0.729896 -0.683558 0
    outer loop
      vertex 5.66972 19.5203 7.16
      vertex 5.57354 19.4176 7.18
      vertex 5.57354 19.4176 7.16
    endloop
  endfacet
  facet normal 0.448546 -0.546855 -0.706934
    outer loop
      vertex 5.88116 19.7057 7.18
      vertex 6.56362 18.7142 8.38
      vertex 5.77241 19.6165 7.18
    endloop
  endfacet
  facet normal -0.676836 -0.205326 -0.706918
    outer loop
      vertex 9.26674 18.5565 7.18
      vertex 8.10763 18.2459 8.38
      vertex 8.08958 18.3054 8.38
    endloop
  endfacet
  facet normal -0.697851 -0.115208 -0.706916
    outer loop
      vertex 9.29869 18.4194 7.18
      vertex 8.13187 18.124 8.38
      vertex 8.12175 18.1853 8.38
    endloop
  endfacet
  facet normal -0.703889 -0.069333 -0.706918
    outer loop
      vertex 9.32161 18.2806 7.18
      vertex 9.3354 18.1406 7.18
      vertex 8.13187 18.124 8.38
    endloop
  endfacet
  facet normal 0.205121 0.6769 -0.706917
    outer loop
      vertex 6.94412 12.5324 8.38
      vertex 6.63354 11.3733 7.18
      vertex 6.4989 11.4141 7.18
    endloop
  endfacet
  facet normal 0.160439 0.688866 -0.706911
    outer loop
      vertex 6.94412 12.5324 8.38
      vertex 7.00466 12.5183 8.38
      vertex 6.63354 11.3733 7.18
    endloop
  endfacet
  facet normal 0.069379 0.703895 -0.706908
    outer loop
      vertex 7.12787 12.502 8.38
      vertex 7.04938 11.3046 7.18
      vertex 6.90937 11.3184 7.18
    endloop
  endfacet
  facet normal 0.116024 0.697739 -0.706894
    outer loop
      vertex 7.00466 12.5183 8.38
      vertex 7.066 12.5081 8.38
      vertex 6.90937 11.3184 7.18
    endloop
  endfacet
  facet normal 0.0326948 0.999465 -0
    outer loop
      vertex 7.19 11.3 7.16
      vertex 7.04938 11.3046 7.18
      vertex 7.19 11.3 7.18
    endloop
  endfacet
  facet normal 0.0326948 0.999465 0
    outer loop
      vertex 7.04938 11.3046 7.18
      vertex 7.19 11.3 7.16
      vertex 7.04938 11.3046 7.16
    endloop
  endfacet
  facet normal -0.333323 0.623812 -0.706933
    outer loop
      vertex 8.265 11.588 7.18
      vertex 8.14092 11.5217 7.18
      vertex 7.61017 12.598 8.38
    endloop
  endfacet
  facet normal -0.582716 0.812676 0
    outer loop
      vertex 8.49884 11.7443 7.16
      vertex 8.38448 11.6623 7.18
      vertex 8.49884 11.7443 7.18
    endloop
  endfacet
  facet normal -0.582716 0.812676 0
    outer loop
      vertex 8.38448 11.6623 7.18
      vertex 8.49884 11.7443 7.16
      vertex 8.38448 11.6623 7.16
    endloop
  endfacet
  facet normal -0.162774 0.986663 0
    outer loop
      vertex 7.60944 11.3413 7.16
      vertex 7.47063 11.3184 7.18
      vertex 7.60944 11.3413 7.18
    endloop
  endfacet
  facet normal -0.162774 0.986663 0
    outer loop
      vertex 7.47063 11.3184 7.18
      vertex 7.60944 11.3413 7.16
      vertex 7.47063 11.3184 7.16
    endloop
  endfacet
  facet normal 0.0231252 0.706927 -0.706908
    outer loop
      vertex 7.12787 12.502 8.38
      vertex 7.19 11.3 7.18
      vertex 7.04938 11.3046 7.18
    endloop
  endfacet
  facet normal -0.290027 0.957018 0
    outer loop
      vertex 7.88109 11.4141 7.16
      vertex 7.74646 11.3733 7.18
      vertex 7.88109 11.4141 7.18
    endloop
  endfacet
  facet normal -0.290027 0.957018 0
    outer loop
      vertex 7.74646 11.3733 7.18
      vertex 7.88109 11.4141 7.16
      vertex 7.74646 11.3733 7.16
    endloop
  endfacet
  facet normal -0.0227563 0.706924 -0.706924
    outer loop
      vertex 7.19 12.5 8.38
      vertex 7.25213 12.502 8.38
      vertex 7.19 11.3 7.18
    endloop
  endfacet
  facet normal -0.0231252 0.706927 -0.706908
    outer loop
      vertex 7.25213 12.502 8.38
      vertex 7.33062 11.3046 7.18
      vertex 7.19 11.3 7.18
    endloop
  endfacet
  facet normal -0.999465 0.0326994 0
    outer loop
      vertex 9.3354 13.3094 7.16
      vertex 9.34 13.45 7.18
      vertex 9.34 13.45 7.16
    endloop
  endfacet
  facet normal -0.999465 0.0326994 0
    outer loop
      vertex 9.34 13.45 7.18
      vertex 9.3354 13.3094 7.16
      vertex 9.3354 13.3094 7.18
    endloop
  endfacet
  facet normal -0.634186 0.773181 0
    outer loop
      vertex 8.60759 11.8335 7.16
      vertex 8.49884 11.7443 7.18
      vertex 8.60759 11.8335 7.18
    endloop
  endfacet
  facet normal -0.634186 0.773181 0
    outer loop
      vertex 8.49884 11.7443 7.18
      vertex 8.60759 11.8335 7.16
      vertex 8.49884 11.7443 7.16
    endloop
  endfacet
  facet normal -0.729932 0.68352 0
    outer loop
      vertex 8.71028 11.9297 7.16
      vertex 8.80645 12.0324 7.18
      vertex 8.80645 12.0324 7.16
    endloop
  endfacet
  facet normal -0.729932 0.68352 0
    outer loop
      vertex 8.80645 12.0324 7.18
      vertex 8.71028 11.9297 7.16
      vertex 8.71028 11.9297 7.18
    endloop
  endfacet
  facet normal -0.986639 0.162923 0
    outer loop
      vertex 9.29869 13.0306 7.16
      vertex 9.32161 13.1694 7.18
      vertex 9.32161 13.1694 7.16
    endloop
  endfacet
  facet normal -0.986639 0.162923 0
    outer loop
      vertex 9.32161 13.1694 7.18
      vertex 9.29869 13.0306 7.16
      vertex 9.29869 13.0306 7.18
    endloop
  endfacet
  facet normal -0.64439 0.291623 -0.706907
    outer loop
      vertex 8.06769 13.0865 8.38
      vertex 9.11828 12.4991 7.18
      vertex 8.04203 13.0298 8.38
    endloop
  endfacet
  facet normal -0.910814 0.412817 0
    outer loop
      vertex 9.11828 12.4991 7.16
      vertex 9.17634 12.6272 7.18
      vertex 9.17634 12.6272 7.16
    endloop
  endfacet
  facet normal -0.910814 0.412817 0
    outer loop
      vertex 9.17634 12.6272 7.18
      vertex 9.11828 12.4991 7.16
      vertex 9.11828 12.4991 7.18
    endloop
  endfacet
  facet normal 0.644368 0.291614 -0.706931
    outer loop
      vertex 6.31231 13.0865 8.38
      vertex 6.33797 13.0298 8.38
      vertex 5.20366 12.6272 7.18
    endloop
  endfacet
  facet normal 0.644218 0.291985 -0.706914
    outer loop
      vertex 6.33797 13.0298 8.38
      vertex 5.26172 12.4991 7.18
      vertex 5.20366 12.6272 7.18
    endloop
  endfacet
  facet normal 0.449081 0.546401 -0.706946
    outer loop
      vertex 6.56362 12.7358 8.38
      vertex 6.61168 12.6963 8.38
      vertex 5.77241 11.8335 7.18
    endloop
  endfacet
  facet normal 0.411918 0.574978 -0.706911
    outer loop
      vertex 6.61168 12.6963 8.38
      vertex 6.66221 12.6601 8.38
      vertex 5.88116 11.7443 7.18
    endloop
  endfacet
  facet normal 0.448558 0.546869 -0.706916
    outer loop
      vertex 6.61168 12.6963 8.38
      vertex 5.88116 11.7443 7.18
      vertex 5.77241 11.8335 7.18
    endloop
  endfacet
  facet normal 0.373276 0.60077 -0.706923
    outer loop
      vertex 6.66221 12.6601 8.38
      vertex 6.715 12.6273 8.38
      vertex 5.99552 11.6623 7.18
    endloop
  endfacet
  facet normal 0.373501 0.600617 -0.706935
    outer loop
      vertex 6.715 12.6273 8.38
      vertex 6.115 11.588 7.18
      vertex 5.99552 11.6623 7.18
    endloop
  endfacet
  facet normal 0.546946 -0.448473 -0.70691
    outer loop
      vertex 6.47575 18.6264 8.38
      vertex 6.43631 18.5783 8.38
      vertex 5.57354 19.4176 7.18
    endloop
  endfacet
  facet normal 0.546846 -0.448585 -0.706916
    outer loop
      vertex 5.57354 19.4176 7.18
      vertex 6.43631 18.5783 8.38
      vertex 5.48429 19.3088 7.18
    endloop
  endfacet
  facet normal 0.881959 -0.471326 0
    outer loop
      vertex 5.26172 18.9509 7.18
      vertex 5.32804 19.075 7.16
      vertex 5.32804 19.075 7.18
    endloop
  endfacet
  facet normal 0.881959 -0.471326 0
    outer loop
      vertex 5.32804 19.075 7.16
      vertex 5.26172 18.9509 7.18
      vertex 5.26172 18.9509 7.16
    endloop
  endfacet
  facet normal 0.956922 -0.290347 0
    outer loop
      vertex 5.11326 18.5565 7.18
      vertex 5.1541 18.6911 7.16
      vertex 5.1541 18.6911 7.18
    endloop
  endfacet
  facet normal 0.956922 -0.290347 0
    outer loop
      vertex 5.1541 18.6911 7.16
      vertex 5.11326 18.5565 7.18
      vertex 5.11326 18.5565 7.16
    endloop
  endfacet
  facet normal 0.64439 -0.291623 -0.706907
    outer loop
      vertex 6.33797 18.4202 8.38
      vertex 6.31231 18.3635 8.38
      vertex 5.26172 18.9509 7.18
    endloop
  endfacet
  facet normal 0.623805 -0.333366 -0.706919
    outer loop
      vertex 5.32804 19.075 7.18
      vertex 6.36728 18.475 8.38
      vertex 5.26172 18.9509 7.18
    endloop
  endfacet
  facet normal 0.688838 -0.160528 -0.706918
    outer loop
      vertex 5.11326 18.5565 7.18
      vertex 6.25825 18.1853 8.38
      vertex 5.08131 18.4194 7.18
    endloop
  endfacet
  facet normal 0.644209 -0.291981 -0.706924
    outer loop
      vertex 5.26172 18.9509 7.18
      vertex 6.31231 18.3635 8.38
      vertex 5.20366 18.8228 7.18
    endloop
  endfacet
  facet normal 0.661867 -0.249368 -0.706928
    outer loop
      vertex 6.31231 18.3635 8.38
      vertex 6.29042 18.3054 8.38
      vertex 5.20366 18.8228 7.18
    endloop
  endfacet
  facet normal 0.986639 -0.162923 0
    outer loop
      vertex 5.05839 18.2806 7.18
      vertex 5.08131 18.4194 7.16
      vertex 5.08131 18.4194 7.18
    endloop
  endfacet
  facet normal 0.986639 -0.162923 0
    outer loop
      vertex 5.08131 18.4194 7.16
      vertex 5.05839 18.2806 7.18
      vertex 5.05839 18.2806 7.16
    endloop
  endfacet
  facet normal 0.528081 -0.849194 0
    outer loop
      vertex 5.99552 19.7877 7.16
      vertex 6.115 19.862 7.18
      vertex 5.99552 19.7877 7.18
    endloop
  endfacet
  facet normal 0.528081 -0.849194 0
    outer loop
      vertex 6.115 19.862 7.18
      vertex 5.99552 19.7877 7.16
      vertex 6.115 19.862 7.16
    endloop
  endfacet
  facet normal 0.373268 -0.600756 -0.706939
    outer loop
      vertex 6.715 18.8227 8.38
      vertex 6.66221 18.7899 8.38
      vertex 6.115 19.862 7.18
    endloop
  endfacet
  facet normal 0.333392 -0.623773 -0.706935
    outer loop
      vertex 6.76982 18.852 8.38
      vertex 6.715 18.8227 8.38
      vertex 6.115 19.862 7.18
    endloop
  endfacet
  facet normal -0.249173 -0.661958 -0.706912
    outer loop
      vertex 7.88109 20.0359 7.18
      vertex 7.55355 18.8777 8.38
      vertex 7.49537 18.8996 8.38
    endloop
  endfacet
  facet normal -0.623698 -0.333588 -0.706909
    outer loop
      vertex 9.11828 18.9509 7.18
      vertex 8.04203 18.4202 8.38
      vertex 8.01272 18.475 8.38
    endloop
  endfacet
  facet normal -0.623786 -0.333406 -0.706917
    outer loop
      vertex 9.05195 19.075 7.18
      vertex 9.11828 18.9509 7.18
      vertex 8.01272 18.475 8.38
    endloop
  endfacet
  facet normal -0.634186 -0.773181 0
    outer loop
      vertex 8.49884 19.7057 7.16
      vertex 8.60759 19.6165 7.18
      vertex 8.49884 19.7057 7.18
    endloop
  endfacet
  facet normal -0.634186 -0.773181 -0
    outer loop
      vertex 8.60759 19.6165 7.18
      vertex 8.49884 19.7057 7.16
      vertex 8.60759 19.6165 7.16
    endloop
  endfacet
  facet normal -0.411918 -0.574978 -0.706911
    outer loop
      vertex 8.49884 19.7057 7.18
      vertex 7.76832 18.7537 8.38
      vertex 7.71779 18.7899 8.38
    endloop
  endfacet
  facet normal -0.471274 -0.881987 0
    outer loop
      vertex 8.14092 19.9283 7.16
      vertex 8.265 19.862 7.18
      vertex 8.14092 19.9283 7.18
    endloop
  endfacet
  facet normal -0.471274 -0.881987 -0
    outer loop
      vertex 8.265 19.862 7.18
      vertex 8.14092 19.9283 7.16
      vertex 8.265 19.862 7.16
    endloop
  endfacet
  facet normal -0.333323 -0.623812 -0.706933
    outer loop
      vertex 8.14092 19.9283 7.18
      vertex 8.265 19.862 7.18
      vertex 7.61017 18.852 8.38
    endloop
  endfacet
  facet normal -0.249322 -0.661909 -0.706905
    outer loop
      vertex 7.88109 20.0359 7.18
      vertex 8.01277 19.9863 7.18
      vertex 7.55355 18.8777 8.38
    endloop
  endfacet
  facet normal -0.291643 -0.644381 -0.706907
    outer loop
      vertex 8.01277 19.9863 7.18
      vertex 8.14092 19.9283 7.18
      vertex 7.55355 18.8777 8.38
    endloop
  endfacet
  facet normal -0.812699 -0.582683 0
    outer loop
      vertex 8.97766 19.1945 7.16
      vertex 8.89571 19.3088 7.18
      vertex 8.89571 19.3088 7.16
    endloop
  endfacet
  facet normal -0.812699 -0.582683 0
    outer loop
      vertex 8.89571 19.3088 7.18
      vertex 8.97766 19.1945 7.16
      vertex 8.97766 19.1945 7.18
    endloop
  endfacet
  facet normal -0.849266 -0.527966 0
    outer loop
      vertex 9.05195 19.075 7.16
      vertex 8.97766 19.1945 7.18
      vertex 8.97766 19.1945 7.16
    endloop
  endfacet
  facet normal -0.849266 -0.527966 0
    outer loop
      vertex 8.97766 19.1945 7.18
      vertex 9.05195 19.075 7.16
      vertex 9.05195 19.075 7.18
    endloop
  endfacet
  facet normal -0.88193 -0.471381 0
    outer loop
      vertex 9.11828 18.9509 7.16
      vertex 9.05195 19.075 7.18
      vertex 9.05195 19.075 7.16
    endloop
  endfacet
  facet normal -0.88193 -0.471381 0
    outer loop
      vertex 9.05195 19.075 7.18
      vertex 9.11828 18.9509 7.16
      vertex 9.11828 18.9509 7.18
    endloop
  endfacet
  facet normal -0.661883 -0.249374 -0.706912
    outer loop
      vertex 9.2259 18.6911 7.18
      vertex 8.08958 18.3054 8.38
      vertex 8.06769 18.3635 8.38
    endloop
  endfacet
  facet normal -0.160439 -0.688866 -0.706911
    outer loop
      vertex 7.74646 20.0767 7.18
      vertex 7.43588 18.9176 8.38
      vertex 7.37534 18.9317 8.38
    endloop
  endfacet
  facet normal -0.162774 -0.986663 0
    outer loop
      vertex 7.47063 20.1316 7.16
      vertex 7.60944 20.1087 7.18
      vertex 7.47063 20.1316 7.18
    endloop
  endfacet
  facet normal -0.162774 -0.986663 -0
    outer loop
      vertex 7.60944 20.1087 7.18
      vertex 7.47063 20.1316 7.16
      vertex 7.60944 20.1087 7.16
    endloop
  endfacet
  facet normal -0.0980891 -0.995178 0
    outer loop
      vertex 7.33062 20.1454 7.16
      vertex 7.47063 20.1316 7.18
      vertex 7.33062 20.1454 7.18
    endloop
  endfacet
  facet normal -0.0980891 -0.995178 -0
    outer loop
      vertex 7.47063 20.1316 7.18
      vertex 7.33062 20.1454 7.16
      vertex 7.47063 20.1316 7.16
    endloop
  endfacet
  facet normal 0.0231249 -0.706918 -0.706918
    outer loop
      vertex 7.19 20.15 7.18
      vertex 7.19 18.95 8.38
      vertex 7.04938 20.1454 7.18
    endloop
  endfacet
  facet normal 0.0326948 -0.999465 0
    outer loop
      vertex 7.04938 20.1454 7.16
      vertex 7.19 20.15 7.18
      vertex 7.04938 20.1454 7.18
    endloop
  endfacet
  facet normal 0.0326948 -0.999465 0
    outer loop
      vertex 7.19 20.15 7.18
      vertex 7.04938 20.1454 7.16
      vertex 7.19 20.15 7.16
    endloop
  endfacet
  facet normal 0.227423 -0.973796 0
    outer loop
      vertex 6.63354 20.0767 7.16
      vertex 6.77056 20.1087 7.18
      vertex 6.63354 20.0767 7.18
    endloop
  endfacet
  facet normal 0.227423 -0.973796 0
    outer loop
      vertex 6.77056 20.1087 7.18
      vertex 6.63354 20.0767 7.16
      vertex 6.77056 20.1087 7.16
    endloop
  endfacet
  facet normal 0.162774 -0.986663 0
    outer loop
      vertex 6.77056 20.1087 7.16
      vertex 6.90937 20.1316 7.18
      vertex 6.77056 20.1087 7.18
    endloop
  endfacet
  facet normal 0.162774 -0.986663 0
    outer loop
      vertex 6.90937 20.1316 7.18
      vertex 6.77056 20.1087 7.16
      vertex 6.90937 20.1316 7.16
    endloop
  endfacet
  facet normal 0.116016 -0.697686 -0.706947
    outer loop
      vertex 7.066 18.9419 8.38
      vertex 7.00466 18.9317 8.38
      vertex 6.77056 20.1087 7.18
    endloop
  endfacet
  facet normal -0.116016 -0.697686 -0.706947
    outer loop
      vertex 7.60944 20.1087 7.18
      vertex 7.37534 18.9317 8.38
      vertex 7.314 18.9419 8.38
    endloop
  endfacet
  facet normal -0.11513 -0.697872 -0.706909
    outer loop
      vertex 7.47063 20.1316 7.18
      vertex 7.60944 20.1087 7.18
      vertex 7.314 18.9419 8.38
    endloop
  endfacet
  facet normal 0.412329 -0.911035 0
    outer loop
      vertex 6.23908 19.9283 7.16
      vertex 6.36723 19.9863 7.18
      vertex 6.23908 19.9283 7.18
    endloop
  endfacet
  facet normal 0.412329 -0.911035 0
    outer loop
      vertex 6.36723 19.9863 7.18
      vertex 6.23908 19.9283 7.16
      vertex 6.36723 19.9863 7.16
    endloop
  endfacet
  facet normal 0.249338 -0.661903 -0.706905
    outer loop
      vertex 6.4989 20.0359 7.18
      vertex 6.82645 18.8777 8.38
      vertex 6.36723 19.9863 7.18
    endloop
  endfacet
  facet normal 0.291643 -0.644381 -0.706907
    outer loop
      vertex 6.36723 19.9863 7.18
      vertex 6.82645 18.8777 8.38
      vertex 6.23908 19.9283 7.18
    endloop
  endfacet
  facet normal 0.411918 -0.574978 -0.706911
    outer loop
      vertex 6.66221 18.7899 8.38
      vertex 6.61168 18.7537 8.38
      vertex 5.88116 19.7057 7.18
    endloop
  endfacet
  facet normal 0.483545 -0.516166 -0.706935
    outer loop
      vertex 5.77241 19.6165 7.18
      vertex 6.56362 18.7142 8.38
      vertex 5.66972 19.5203 7.18
    endloop
  endfacet
  facet normal -0.688844 -0.160503 -0.706918
    outer loop
      vertex 9.29869 18.4194 7.18
      vertex 8.12175 18.1853 8.38
      vertex 8.10763 18.2459 8.38
    endloop
  endfacet
  facet normal -0.973904 -0.22696 0
    outer loop
      vertex 9.29869 18.4194 7.16
      vertex 9.26674 18.5565 7.18
      vertex 9.26674 18.5565 7.16
    endloop
  endfacet
  facet normal -0.973904 -0.22696 0
    outer loop
      vertex 9.26674 18.5565 7.18
      vertex 9.29869 18.4194 7.16
      vertex 9.29869 18.4194 7.18
    endloop
  endfacet
  facet normal 0.0693994 0.703892 -0.706909
    outer loop
      vertex 7.066 12.5081 8.38
      vertex 7.12787 12.502 8.38
      vertex 6.90937 11.3184 7.18
    endloop
  endfacet
  facet normal -0.204841 0.676999 -0.706904
    outer loop
      vertex 7.49537 12.5504 8.38
      vertex 7.88109 11.4141 7.18
      vertex 7.43588 12.5324 8.38
    endloop
  endfacet
  facet normal -0.352494 0.935814 0
    outer loop
      vertex 8.01277 11.4637 7.16
      vertex 7.88109 11.4141 7.18
      vertex 8.01277 11.4637 7.18
    endloop
  endfacet
  facet normal -0.352494 0.935814 0
    outer loop
      vertex 7.88109 11.4141 7.18
      vertex 8.01277 11.4637 7.16
      vertex 7.88109 11.4141 7.16
    endloop
  endfacet
  facet normal -0.412149 0.574797 -0.706924
    outer loop
      vertex 8.49884 11.7443 7.18
      vertex 8.38448 11.6623 7.18
      vertex 7.71779 12.6601 8.38
    endloop
  endfacet
  facet normal -0.411918 0.574978 -0.706911
    outer loop
      vertex 7.76832 12.6963 8.38
      vertex 8.49884 11.7443 7.18
      vertex 7.71779 12.6601 8.38
    endloop
  endfacet
  facet normal -0.373276 0.60077 -0.706923
    outer loop
      vertex 7.71779 12.6601 8.38
      vertex 8.38448 11.6623 7.18
      vertex 7.665 12.6273 8.38
    endloop
  endfacet
  facet normal -0.412329 0.911035 0
    outer loop
      vertex 8.14092 11.5217 7.16
      vertex 8.01277 11.4637 7.18
      vertex 8.14092 11.5217 7.18
    endloop
  endfacet
  facet normal -0.412329 0.911035 0
    outer loop
      vertex 8.01277 11.4637 7.18
      vertex 8.14092 11.5217 7.16
      vertex 8.01277 11.4637 7.16
    endloop
  endfacet
  facet normal -0.205135 0.676896 -0.706917
    outer loop
      vertex 7.88109 11.4141 7.18
      vertex 7.74646 11.3733 7.18
      vertex 7.43588 12.5324 8.38
    endloop
  endfacet
  facet normal -0.160853 0.688751 -0.706929
    outer loop
      vertex 7.74646 11.3733 7.18
      vertex 7.60944 11.3413 7.18
      vertex 7.37534 12.5183 8.38
    endloop
  endfacet
  facet normal -0.115127 0.697848 -0.706932
    outer loop
      vertex 7.60944 11.3413 7.18
      vertex 7.47063 11.3184 7.18
      vertex 7.37534 12.5183 8.38
    endloop
  endfacet
  facet normal -0.0693994 0.703892 -0.706909
    outer loop
      vertex 7.314 12.5081 8.38
      vertex 7.47063 11.3184 7.18
      vertex 7.25213 12.502 8.38
    endloop
  endfacet
  facet normal 0.0227563 0.706924 -0.706924
    outer loop
      vertex 7.19 12.5 8.38
      vertex 7.19 11.3 7.18
      vertex 7.12787 12.502 8.38
    endloop
  endfacet
  facet normal -0.995184 0.0980256 0
    outer loop
      vertex 9.32161 13.1694 7.16
      vertex 9.3354 13.3094 7.18
      vertex 9.3354 13.3094 7.16
    endloop
  endfacet
  facet normal -0.995184 0.0980256 0
    outer loop
      vertex 9.3354 13.3094 7.18
      vertex 9.32161 13.1694 7.16
      vertex 9.32161 13.1694 7.18
    endloop
  endfacet
  facet normal -0.849266 0.527966 0
    outer loop
      vertex 8.97766 12.2555 7.16
      vertex 9.05195 12.375 7.18
      vertex 9.05195 12.375 7.16
    endloop
  endfacet
  facet normal -0.849266 0.527966 0
    outer loop
      vertex 9.05195 12.375 7.18
      vertex 8.97766 12.2555 7.16
      vertex 8.97766 12.2555 7.18
    endloop
  endfacet
  facet normal -0.88193 0.471381 0
    outer loop
      vertex 9.05195 12.375 7.16
      vertex 9.11828 12.4991 7.18
      vertex 9.11828 12.4991 7.16
    endloop
  endfacet
  facet normal -0.88193 0.471381 0
    outer loop
      vertex 9.11828 12.4991 7.18
      vertex 9.05195 12.375 7.16
      vertex 9.05195 12.375 7.18
    endloop
  endfacet
  facet normal -0.516359 0.483376 -0.706909
    outer loop
      vertex 7.90425 12.8236 8.38
      vertex 8.71028 11.9297 7.18
      vertex 7.86175 12.7782 8.38
    endloop
  endfacet
  facet normal -0.51628 0.483454 -0.706914
    outer loop
      vertex 8.80645 12.0324 7.18
      vertex 8.71028 11.9297 7.18
      vertex 7.90425 12.8236 8.38
    endloop
  endfacet
  facet normal -0.448558 0.546869 -0.706916
    outer loop
      vertex 8.60759 11.8335 7.18
      vertex 8.49884 11.7443 7.18
      vertex 7.76832 12.6963 8.38
    endloop
  endfacet
  facet normal -0.697851 0.115208 -0.706916
    outer loop
      vertex 8.13187 13.326 8.38
      vertex 9.29869 13.0306 7.18
      vertex 8.12175 13.2647 8.38
    endloop
  endfacet
  facet normal -0.703889 0.069333 -0.706918
    outer loop
      vertex 9.3354 13.3094 7.18
      vertex 9.32161 13.1694 7.18
      vertex 8.13187 13.326 8.38
    endloop
  endfacet
  facet normal -0.973904 0.22696 0
    outer loop
      vertex 9.26674 12.8935 7.16
      vertex 9.29869 13.0306 7.18
      vertex 9.29869 13.0306 7.16
    endloop
  endfacet
  facet normal -0.973904 0.22696 0
    outer loop
      vertex 9.29869 13.0306 7.18
      vertex 9.26674 12.8935 7.16
      vertex 9.26674 12.8935 7.18
    endloop
  endfacet
  facet normal -0.935926 0.352198 0
    outer loop
      vertex 9.17634 12.6272 7.16
      vertex 9.2259 12.7589 7.18
      vertex 9.2259 12.7589 7.16
    endloop
  endfacet
  facet normal -0.935926 0.352198 0
    outer loop
      vertex 9.2259 12.7589 7.18
      vertex 9.17634 12.6272 7.16
      vertex 9.17634 12.6272 7.18
    endloop
  endfacet
  facet normal 0.600705 -0.373393 -0.706917
    outer loop
      vertex 6.4001 18.5278 8.38
      vertex 6.36728 18.475 8.38
      vertex 5.40234 19.1945 7.18
    endloop
  endfacet
  facet normal 0.849234 -0.528017 0
    outer loop
      vertex 5.32804 19.075 7.18
      vertex 5.40234 19.1945 7.16
      vertex 5.40234 19.1945 7.18
    endloop
  endfacet
  facet normal 0.849234 -0.528017 0
    outer loop
      vertex 5.40234 19.1945 7.16
      vertex 5.32804 19.075 7.18
      vertex 5.32804 19.075 7.16
    endloop
  endfacet
  facet normal 0.812699 -0.582683 0
    outer loop
      vertex 5.40234 19.1945 7.18
      vertex 5.48429 19.3088 7.16
      vertex 5.48429 19.3088 7.18
    endloop
  endfacet
  facet normal 0.812699 -0.582683 0
    outer loop
      vertex 5.48429 19.3088 7.16
      vertex 5.40234 19.1945 7.18
      vertex 5.40234 19.1945 7.16
    endloop
  endfacet
  facet normal 0.973904 -0.22696 0
    outer loop
      vertex 5.08131 18.4194 7.18
      vertex 5.11326 18.5565 7.16
      vertex 5.11326 18.5565 7.18
    endloop
  endfacet
  facet normal 0.973904 -0.22696 0
    outer loop
      vertex 5.11326 18.5565 7.16
      vertex 5.08131 18.4194 7.18
      vertex 5.08131 18.4194 7.16
    endloop
  endfacet
  facet normal 0.688845 -0.160503 -0.706916
    outer loop
      vertex 6.27237 18.2459 8.38
      vertex 6.25825 18.1853 8.38
      vertex 5.11326 18.5565 7.18
    endloop
  endfacet
  facet normal 0.676836 -0.205326 -0.706918
    outer loop
      vertex 6.29042 18.3054 8.38
      vertex 6.27237 18.2459 8.38
      vertex 5.11326 18.5565 7.18
    endloop
  endfacet
  facet normal 0.676827 -0.205361 -0.706917
    outer loop
      vertex 5.1541 18.6911 7.18
      vertex 6.29042 18.3054 8.38
      vertex 5.11326 18.5565 7.18
    endloop
  endfacet
  facet normal 0.623698 -0.333588 -0.706909
    outer loop
      vertex 6.36728 18.475 8.38
      vertex 6.33797 18.4202 8.38
      vertex 5.26172 18.9509 7.18
    endloop
  endfacet
  facet normal 0.69785 -0.115208 -0.706918
    outer loop
      vertex 6.25825 18.1853 8.38
      vertex 6.24813 18.124 8.38
      vertex 5.05839 18.2806 7.18
    endloop
  endfacet
  facet normal 0.697846 -0.115235 -0.706917
    outer loop
      vertex 5.08131 18.4194 7.18
      vertex 6.25825 18.1853 8.38
      vertex 5.05839 18.2806 7.18
    endloop
  endfacet
  facet normal 0.471274 -0.881987 0
    outer loop
      vertex 6.115 19.862 7.16
      vertex 6.23908 19.9283 7.18
      vertex 6.115 19.862 7.18
    endloop
  endfacet
  facet normal 0.471274 -0.881987 0
    outer loop
      vertex 6.23908 19.9283 7.18
      vertex 6.115 19.862 7.16
      vertex 6.23908 19.9283 7.16
    endloop
  endfacet
  facet normal -0.574819 -0.41213 -0.706917
    outer loop
      vertex 8.89571 19.3088 7.18
      vertex 8.97766 19.1945 7.18
      vertex 7.94369 18.5783 8.38
    endloop
  endfacet
  facet normal -0.546939 -0.448467 -0.706919
    outer loop
      vertex 8.89571 19.3088 7.18
      vertex 7.94369 18.5783 8.38
      vertex 7.90425 18.6264 8.38
    endloop
  endfacet
  facet normal -0.661971 -0.249106 -0.706924
    outer loop
      vertex 9.17634 18.8228 7.18
      vertex 9.2259 18.6911 7.18
      vertex 8.06769 18.3635 8.38
    endloop
  endfacet
  facet normal -0.644209 -0.291981 -0.706924
    outer loop
      vertex 9.11828 18.9509 7.18
      vertex 9.17634 18.8228 7.18
      vertex 8.06769 18.3635 8.38
    endloop
  endfacet
  facet normal -0.51628 -0.483454 -0.706914
    outer loop
      vertex 8.71028 19.5203 7.18
      vertex 8.80645 19.4176 7.18
      vertex 7.90425 18.6264 8.38
    endloop
  endfacet
  facet normal -0.729932 -0.68352 0
    outer loop
      vertex 8.80645 19.4176 7.16
      vertex 8.71028 19.5203 7.18
      vertex 8.71028 19.5203 7.16
    endloop
  endfacet
  facet normal -0.729932 -0.68352 0
    outer loop
      vertex 8.71028 19.5203 7.18
      vertex 8.80645 19.4176 7.16
      vertex 8.80645 19.4176 7.18
    endloop
  endfacet
  facet normal -0.449107 -0.546433 -0.706905
    outer loop
      vertex 8.49884 19.7057 7.18
      vertex 7.81638 18.7142 8.38
      vertex 7.76832 18.7537 8.38
    endloop
  endfacet
  facet normal -0.373504 -0.600623 -0.706928
    outer loop
      vertex 8.265 19.862 7.18
      vertex 8.38448 19.7877 7.18
      vertex 7.71779 18.7899 8.38
    endloop
  endfacet
  facet normal -0.582716 -0.812676 0
    outer loop
      vertex 8.38448 19.7877 7.16
      vertex 8.49884 19.7057 7.18
      vertex 8.38448 19.7877 7.18
    endloop
  endfacet
  facet normal -0.582716 -0.812676 -0
    outer loop
      vertex 8.49884 19.7057 7.18
      vertex 8.38448 19.7877 7.16
      vertex 8.49884 19.7057 7.16
    endloop
  endfacet
  facet normal -0.910814 -0.412817 0
    outer loop
      vertex 9.17634 18.8228 7.16
      vertex 9.11828 18.9509 7.18
      vertex 9.11828 18.9509 7.16
    endloop
  endfacet
  facet normal -0.910814 -0.412817 0
    outer loop
      vertex 9.11828 18.9509 7.18
      vertex 9.17634 18.8228 7.16
      vertex 9.17634 18.8228 7.18
    endloop
  endfacet
  facet normal -0.935926 -0.352198 0
    outer loop
      vertex 9.2259 18.6911 7.16
      vertex 9.17634 18.8228 7.18
      vertex 9.17634 18.8228 7.16
    endloop
  endfacet
  facet normal -0.935926 -0.352198 0
    outer loop
      vertex 9.17634 18.8228 7.18
      vertex 9.2259 18.6911 7.16
      vertex 9.2259 18.6911 7.18
    endloop
  endfacet
  facet normal -0.227423 -0.973796 0
    outer loop
      vertex 7.60944 20.1087 7.16
      vertex 7.74646 20.0767 7.18
      vertex 7.60944 20.1087 7.18
    endloop
  endfacet
  facet normal -0.227423 -0.973796 -0
    outer loop
      vertex 7.74646 20.0767 7.18
      vertex 7.60944 20.1087 7.16
      vertex 7.74646 20.0767 7.16
    endloop
  endfacet
  facet normal 0.022757 -0.706945 -0.706902
    outer loop
      vertex 7.19 18.95 8.38
      vertex 7.12787 18.948 8.38
      vertex 7.04938 20.1454 7.18
    endloop
  endfacet
  facet normal 0.0693789 -0.703894 -0.706908
    outer loop
      vertex 7.04938 20.1454 7.18
      vertex 7.066 18.9419 8.38
      vertex 6.90937 20.1316 7.18
    endloop
  endfacet
  facet normal 0.160439 -0.688866 -0.706911
    outer loop
      vertex 7.00466 18.9317 8.38
      vertex 6.94412 18.9176 8.38
      vertex 6.63354 20.0767 7.18
    endloop
  endfacet
  facet normal 0.205121 -0.6769 -0.706917
    outer loop
      vertex 6.63354 20.0767 7.18
      vertex 6.94412 18.9176 8.38
      vertex 6.4989 20.0359 7.18
    endloop
  endfacet
  facet normal -0.0693995 -0.703893 -0.706907
    outer loop
      vertex 7.33062 20.1454 7.18
      vertex 7.314 18.9419 8.38
      vertex 7.25213 18.948 8.38
    endloop
  endfacet
  facet normal 0.352517 -0.935805 0
    outer loop
      vertex 6.36723 19.9863 7.16
      vertex 6.4989 20.0359 7.18
      vertex 6.36723 19.9863 7.18
    endloop
  endfacet
  facet normal 0.352517 -0.935805 0
    outer loop
      vertex 6.4989 20.0359 7.18
      vertex 6.36723 19.9863 7.16
      vertex 6.4989 20.0359 7.16
    endloop
  endfacet
  facet normal 0.292287 -0.644055 -0.706938
    outer loop
      vertex 6.82645 18.8777 8.38
      vertex 6.76982 18.852 8.38
      vertex 6.23908 19.9283 7.18
    endloop
  endfacet
  facet normal 0.482946 -0.516775 -0.706899
    outer loop
      vertex 6.56362 18.7142 8.38
      vertex 6.51825 18.6718 8.38
      vertex 5.66972 19.5203 7.18
    endloop
  endfacet
  facet normal 0.634186 -0.773181 0
    outer loop
      vertex 5.77241 19.6165 7.16
      vertex 5.88116 19.7057 7.18
      vertex 5.77241 19.6165 7.18
    endloop
  endfacet
  facet normal 0.634186 -0.773181 0
    outer loop
      vertex 5.88116 19.7057 7.18
      vertex 5.77241 19.6165 7.16
      vertex 5.88116 19.7057 7.16
    endloop
  endfacet
  facet normal 0.582716 -0.812676 0
    outer loop
      vertex 5.88116 19.7057 7.16
      vertex 5.99552 19.7877 7.18
      vertex 5.88116 19.7057 7.18
    endloop
  endfacet
  facet normal 0.582716 -0.812676 0
    outer loop
      vertex 5.99552 19.7877 7.18
      vertex 5.88116 19.7057 7.16
      vertex 5.99552 19.7877 7.16
    endloop
  endfacet
  facet normal 0.683669 -0.729792 0
    outer loop
      vertex 5.66972 19.5203 7.16
      vertex 5.77241 19.6165 7.18
      vertex 5.66972 19.5203 7.18
    endloop
  endfacet
  facet normal 0.683669 -0.729792 0
    outer loop
      vertex 5.77241 19.6165 7.18
      vertex 5.66972 19.5203 7.16
      vertex 5.77241 19.6165 7.16
    endloop
  endfacet
  facet normal 0.516257 -0.483482 -0.706912
    outer loop
      vertex 5.66972 19.5203 7.18
      vertex 6.51825 18.6718 8.38
      vertex 5.57354 19.4176 7.18
    endloop
  endfacet
  facet normal 0.516353 -0.48337 -0.706918
    outer loop
      vertex 6.51825 18.6718 8.38
      vertex 6.47575 18.6264 8.38
      vertex 5.57354 19.4176 7.18
    endloop
  endfacet
  facet normal -0.986639 -0.162923 0
    outer loop
      vertex 9.32161 18.2806 7.16
      vertex 9.29869 18.4194 7.18
      vertex 9.29869 18.4194 7.16
    endloop
  endfacet
  facet normal -0.986639 -0.162923 0
    outer loop
      vertex 9.29869 18.4194 7.18
      vertex 9.32161 18.2806 7.16
      vertex 9.32161 18.2806 7.18
    endloop
  endfacet
  facet normal -0.995184 -0.0980256 0
    outer loop
      vertex 9.3354 18.1406 7.16
      vertex 9.32161 18.2806 7.18
      vertex 9.32161 18.2806 7.16
    endloop
  endfacet
  facet normal -0.995184 -0.0980256 0
    outer loop
      vertex 9.32161 18.2806 7.18
      vertex 9.3354 18.1406 7.16
      vertex 9.3354 18.1406 7.18
    endloop
  endfacet
  facet normal -0.528081 0.849194 0
    outer loop
      vertex 8.38448 11.6623 7.16
      vertex 8.265 11.588 7.18
      vertex 8.38448 11.6623 7.18
    endloop
  endfacet
  facet normal -0.528081 0.849194 0
    outer loop
      vertex 8.265 11.588 7.18
      vertex 8.38448 11.6623 7.16
      vertex 8.265 11.588 7.16
    endloop
  endfacet
  facet normal -0.292348 0.644075 -0.706895
    outer loop
      vertex 7.61017 12.598 8.38
      vertex 8.01277 11.4637 7.18
      vertex 7.55355 12.5723 8.38
    endloop
  endfacet
  facet normal -0.291635 0.644362 -0.706927
    outer loop
      vertex 8.14092 11.5217 7.18
      vertex 8.01277 11.4637 7.18
      vertex 7.61017 12.598 8.38
    endloop
  endfacet
  facet normal -0.0980891 0.995178 0
    outer loop
      vertex 7.47063 11.3184 7.16
      vertex 7.33062 11.3046 7.18
      vertex 7.47063 11.3184 7.18
    endloop
  endfacet
  facet normal -0.0980891 0.995178 0
    outer loop
      vertex 7.33062 11.3046 7.18
      vertex 7.47063 11.3184 7.16
      vertex 7.33062 11.3046 7.16
    endloop
  endfacet
  facet normal -0.0326948 0.999465 0
    outer loop
      vertex 7.33062 11.3046 7.16
      vertex 7.19 11.3 7.18
      vertex 7.33062 11.3046 7.18
    endloop
  endfacet
  facet normal -0.0326948 0.999465 0
    outer loop
      vertex 7.19 11.3 7.18
      vertex 7.33062 11.3046 7.16
      vertex 7.19 11.3 7.16
    endloop
  endfacet
  facet normal -0.24932 0.661905 -0.706909
    outer loop
      vertex 8.01277 11.4637 7.18
      vertex 7.88109 11.4141 7.18
      vertex 7.49537 12.5504 8.38
    endloop
  endfacet
  facet normal -0.249176 0.661967 -0.706903
    outer loop
      vertex 7.55355 12.5723 8.38
      vertex 8.01277 11.4637 7.18
      vertex 7.49537 12.5504 8.38
    endloop
  endfacet
  facet normal -0.227423 0.973796 0
    outer loop
      vertex 7.74646 11.3733 7.16
      vertex 7.60944 11.3413 7.18
      vertex 7.74646 11.3733 7.18
    endloop
  endfacet
  facet normal -0.227423 0.973796 0
    outer loop
      vertex 7.60944 11.3413 7.18
      vertex 7.74646 11.3733 7.16
      vertex 7.60944 11.3413 7.16
    endloop
  endfacet
  facet normal -0.623698 0.333588 -0.706909
    outer loop
      vertex 8.04203 13.0298 8.38
      vertex 9.11828 12.4991 7.18
      vertex 8.01272 12.975 8.38
    endloop
  endfacet
  facet normal -0.546822 0.448615 -0.706916
    outer loop
      vertex 8.89571 12.1412 7.18
      vertex 8.80645 12.0324 7.18
      vertex 7.94369 12.8717 8.38
    endloop
  endfacet
  facet normal -0.812699 0.582683 0
    outer loop
      vertex 8.89571 12.1412 7.16
      vertex 8.97766 12.2555 7.18
      vertex 8.97766 12.2555 7.16
    endloop
  endfacet
  facet normal -0.812699 0.582683 0
    outer loop
      vertex 8.97766 12.2555 7.18
      vertex 8.89571 12.1412 7.16
      vertex 8.89571 12.1412 7.18
    endloop
  endfacet
  facet normal -0.482912 0.516739 -0.706949
    outer loop
      vertex 7.86175 12.7782 8.38
      vertex 8.60759 11.8335 7.18
      vertex 7.81638 12.7358 8.38
    endloop
  endfacet
  facet normal -0.48356 0.516182 -0.706913
    outer loop
      vertex 8.71028 11.9297 7.18
      vertex 8.60759 11.8335 7.18
      vertex 7.86175 12.7782 8.38
    endloop
  endfacet
  facet normal -0.683669 0.729792 0
    outer loop
      vertex 8.71028 11.9297 7.16
      vertex 8.60759 11.8335 7.18
      vertex 8.71028 11.9297 7.18
    endloop
  endfacet
  facet normal -0.683669 0.729792 0
    outer loop
      vertex 8.60759 11.8335 7.18
      vertex 8.71028 11.9297 7.16
      vertex 8.60759 11.8335 7.16
    endloop
  endfacet
  facet normal -0.703887 0.0693653 -0.706917
    outer loop
      vertex 8.13797 13.3879 8.38
      vertex 9.3354 13.3094 7.18
      vertex 8.13187 13.326 8.38
    endloop
  endfacet
  facet normal -0.661883 0.249374 -0.706912
    outer loop
      vertex 8.08958 13.1446 8.38
      vertex 9.2259 12.7589 7.18
      vertex 8.06769 13.0865 8.38
    endloop
  endfacet
  facet normal -0.600705 -0.373393 -0.706917
    outer loop
      vertex 8.97766 19.1945 7.18
      vertex 8.01272 18.475 8.38
      vertex 7.9799 18.5278 8.38
    endloop
  endfacet
  facet normal -0.64439 -0.291623 -0.706907
    outer loop
      vertex 9.11828 18.9509 7.18
      vertex 8.06769 18.3635 8.38
      vertex 8.04203 18.4202 8.38
    endloop
  endfacet
  facet normal -0.683669 -0.729792 0
    outer loop
      vertex 8.60759 19.6165 7.16
      vertex 8.71028 19.5203 7.18
      vertex 8.60759 19.6165 7.18
    endloop
  endfacet
  facet normal -0.683669 -0.729792 -0
    outer loop
      vertex 8.71028 19.5203 7.18
      vertex 8.60759 19.6165 7.16
      vertex 8.71028 19.5203 7.16
    endloop
  endfacet
  facet normal -0.482946 -0.516775 -0.706899
    outer loop
      vertex 8.71028 19.5203 7.18
      vertex 7.86175 18.6718 8.38
      vertex 7.81638 18.7142 8.38
    endloop
  endfacet
  facet normal -0.448546 -0.546855 -0.706934
    outer loop
      vertex 8.49884 19.7057 7.18
      vertex 8.60759 19.6165 7.18
      vertex 7.81638 18.7142 8.38
    endloop
  endfacet
  facet normal -0.483545 -0.516166 -0.706935
    outer loop
      vertex 8.60759 19.6165 7.18
      vertex 8.71028 19.5203 7.18
      vertex 7.81638 18.7142 8.38
    endloop
  endfacet
  facet normal -0.373268 -0.600756 -0.706939
    outer loop
      vertex 8.265 19.862 7.18
      vertex 7.71779 18.7899 8.38
      vertex 7.665 18.8227 8.38
    endloop
  endfacet
  facet normal -0.333345 -0.623799 -0.706934
    outer loop
      vertex 8.265 19.862 7.18
      vertex 7.665 18.8227 8.38
      vertex 7.61017 18.852 8.38
    endloop
  endfacet
  facet normal -0.412329 -0.911035 0
    outer loop
      vertex 8.01277 19.9863 7.16
      vertex 8.14092 19.9283 7.18
      vertex 8.01277 19.9863 7.18
    endloop
  endfacet
  facet normal -0.412329 -0.911035 -0
    outer loop
      vertex 8.14092 19.9283 7.18
      vertex 8.01277 19.9863 7.16
      vertex 8.14092 19.9283 7.16
    endloop
  endfacet
  facet normal 0.0693995 -0.703893 -0.706907
    outer loop
      vertex 7.12787 18.948 8.38
      vertex 7.066 18.9419 8.38
      vertex 7.04938 20.1454 7.18
    endloop
  endfacet
  facet normal 0.449107 -0.546433 -0.706905
    outer loop
      vertex 6.61168 18.7537 8.38
      vertex 6.56362 18.7142 8.38
      vertex 5.88116 19.7057 7.18
    endloop
  endfacet
  facet normal -0.333345 0.623799 -0.706934
    outer loop
      vertex 7.665 12.6273 8.38
      vertex 8.265 11.588 7.18
      vertex 7.61017 12.598 8.38
    endloop
  endfacet
  facet normal -0.373501 0.600617 -0.706935
    outer loop
      vertex 8.38448 11.6623 7.18
      vertex 8.265 11.588 7.18
      vertex 7.665 12.6273 8.38
    endloop
  endfacet
  facet normal -0.574819 0.41213 -0.706917
    outer loop
      vertex 8.97766 12.2555 7.18
      vertex 8.89571 12.1412 7.18
      vertex 7.94369 12.8717 8.38
    endloop
  endfacet
  facet normal -0.574805 0.412152 -0.706916
    outer loop
      vertex 7.9799 12.9222 8.38
      vertex 8.97766 12.2555 7.18
      vertex 7.94369 12.8717 8.38
    endloop
  endfacet
  facet normal -0.449081 0.546401 -0.706946
    outer loop
      vertex 7.81638 12.7358 8.38
      vertex 8.60759 11.8335 7.18
      vertex 7.76832 12.6963 8.38
    endloop
  endfacet
  facet normal -0.676827 0.205361 -0.706917
    outer loop
      vertex 9.26674 12.8935 7.18
      vertex 9.2259 12.7589 7.18
      vertex 8.08958 13.1446 8.38
    endloop
  endfacet
  facet normal -0.688844 0.160503 -0.706918
    outer loop
      vertex 8.12175 13.2647 8.38
      vertex 9.29869 13.0306 7.18
      vertex 8.10763 13.2041 8.38
    endloop
  endfacet
  facet normal -0.644209 0.291981 -0.706924
    outer loop
      vertex 9.17634 12.6272 7.18
      vertex 9.11828 12.4991 7.18
      vertex 8.06769 13.0865 8.38
    endloop
  endfacet
  facet normal -0.661971 0.249106 -0.706924
    outer loop
      vertex 9.2259 12.7589 7.18
      vertex 9.17634 12.6272 7.18
      vertex 8.06769 13.0865 8.38
    endloop
  endfacet
  facet normal -0.546948 0.448475 -0.706908
    outer loop
      vertex 7.94369 12.8717 8.38
      vertex 8.80645 12.0324 7.18
      vertex 7.90425 12.8236 8.38
    endloop
  endfacet
  facet normal -0.676836 0.205326 -0.706918
    outer loop
      vertex 8.10763 13.2041 8.38
      vertex 9.26674 12.8935 7.18
      vertex 8.08958 13.1446 8.38
    endloop
  endfacet
  facet normal -0.688839 0.160528 -0.706917
    outer loop
      vertex 9.29869 13.0306 7.18
      vertex 9.26674 12.8935 7.18
      vertex 8.10763 13.2041 8.38
    endloop
  endfacet
  facet normal -1 0 0
    outer loop
      vertex 8.14 13.45 8.38
      vertex 8.14 18 9.56
      vertex 8.14 18 8.38
    endloop
  endfacet
  facet normal -1 -0 0
    outer loop
      vertex 8.14 18 9.56
      vertex 8.14 13.45 8.38
      vertex 8.14 13.45 9.56
    endloop
  endfacet
  facet normal -0.986645 -0.162885 0
    outer loop
      vertex 8.13187 18.124 8.38
      vertex 8.12175 18.1853 9.56
      vertex 8.12175 18.1853 8.38
    endloop
  endfacet
  facet normal -0.986645 -0.162885 0
    outer loop
      vertex 8.12175 18.1853 9.56
      vertex 8.13187 18.124 8.38
      vertex 8.13187 18.124 9.56
    endloop
  endfacet
  facet normal -0.999466 -0.0326718 0
    outer loop
      vertex 8.14 18 8.38
      vertex 8.13797 18.0621 9.56
      vertex 8.13797 18.0621 8.38
    endloop
  endfacet
  facet normal -0.999466 -0.0326718 0
    outer loop
      vertex 8.13797 18.0621 9.56
      vertex 8.14 18 8.38
      vertex 8.14 18 9.56
    endloop
  endfacet
  facet normal 1 -0 0
    outer loop
      vertex 6.24 13.45 9.56
      vertex 6.24 18 8.38
      vertex 6.24 18 9.56
    endloop
  endfacet
  facet normal 1 0 0
    outer loop
      vertex 6.24 18 8.38
      vertex 6.24 13.45 9.56
      vertex 6.24 13.45 8.38
    endloop
  endfacet
  facet normal 0.935785 0.35257 0
    outer loop
      vertex 6.31231 13.0865 9.56
      vertex 6.29042 13.1446 8.38
      vertex 6.29042 13.1446 9.56
    endloop
  endfacet
  facet normal 0.935785 0.35257 0
    outer loop
      vertex 6.29042 13.1446 8.38
      vertex 6.31231 13.0865 9.56
      vertex 6.31231 13.0865 8.38
    endloop
  endfacet
  facet normal 0.682789 -0.730616 0
    outer loop
      vertex 6.51825 18.6718 8.38
      vertex 6.56362 18.7142 9.56
      vertex 6.51825 18.6718 9.56
    endloop
  endfacet
  facet normal 0.682789 -0.730616 0
    outer loop
      vertex 6.56362 18.7142 9.56
      vertex 6.51825 18.6718 8.38
      vertex 6.56362 18.7142 8.38
    endloop
  endfacet
  facet normal -0.0321739 -0.999482 0
    outer loop
      vertex 7.19 18.95 8.38
      vertex 7.25213 18.948 9.56
      vertex 7.19 18.95 9.56
    endloop
  endfacet
  facet normal -0.0321739 -0.999482 -0
    outer loop
      vertex 7.25213 18.948 9.56
      vertex 7.19 18.95 8.38
      vertex 7.25213 18.948 8.38
    endloop
  endfacet
  facet normal -0.682789 -0.730616 0
    outer loop
      vertex 7.81638 18.7142 8.38
      vertex 7.86175 18.6718 9.56
      vertex 7.81638 18.7142 9.56
    endloop
  endfacet
  facet normal -0.682789 -0.730616 -0
    outer loop
      vertex 7.86175 18.6718 9.56
      vertex 7.81638 18.7142 8.38
      vertex 7.86175 18.6718 8.38
    endloop
  endfacet
  facet normal -0.935785 -0.35257 0
    outer loop
      vertex 8.08958 18.3054 8.38
      vertex 8.06769 18.3635 9.56
      vertex 8.06769 18.3635 8.38
    endloop
  endfacet
  facet normal -0.935785 -0.35257 0
    outer loop
      vertex 8.06769 18.3635 9.56
      vertex 8.08958 18.3054 8.38
      vertex 8.08958 18.3054 9.56
    endloop
  endfacet
  facet normal -0.995179 -0.098071 0
    outer loop
      vertex 8.13797 18.0621 8.38
      vertex 8.13187 18.124 9.56
      vertex 8.13187 18.124 8.38
    endloop
  endfacet
  facet normal -0.995179 -0.098071 0
    outer loop
      vertex 8.13187 18.124 9.56
      vertex 8.13797 18.0621 8.38
      vertex 8.13797 18.0621 9.56
    endloop
  endfacet
  facet normal -0.999466 0.0326718 0
    outer loop
      vertex 8.13797 13.3879 8.38
      vertex 8.14 13.45 9.56
      vertex 8.14 13.45 8.38
    endloop
  endfacet
  facet normal -0.999466 0.0326718 0
    outer loop
      vertex 8.14 13.45 9.56
      vertex 8.13797 13.3879 8.38
      vertex 8.13797 13.3879 9.56
    endloop
  endfacet
  facet normal 0.999466 0.0326718 0
    outer loop
      vertex 6.24203 13.3879 9.56
      vertex 6.24 13.45 8.38
      vertex 6.24 13.45 9.56
    endloop
  endfacet
  facet normal 0.999466 0.0326718 0
    outer loop
      vertex 6.24 13.45 8.38
      vertex 6.24203 13.3879 9.56
      vertex 6.24203 13.3879 8.38
    endloop
  endfacet
  facet normal 0.973912 0.226925 0
    outer loop
      vertex 6.27237 13.2041 9.56
      vertex 6.25825 13.2647 8.38
      vertex 6.25825 13.2647 9.56
    endloop
  endfacet
  facet normal 0.973912 0.226925 0
    outer loop
      vertex 6.25825 13.2647 8.38
      vertex 6.27237 13.2041 9.56
      vertex 6.27237 13.2041 8.38
    endloop
  endfacet
  facet normal 0.986645 0.162885 0
    outer loop
      vertex 6.25825 13.2647 9.56
      vertex 6.24813 13.326 8.38
      vertex 6.24813 13.326 9.56
    endloop
  endfacet
  facet normal 0.986645 0.162885 0
    outer loop
      vertex 6.24813 13.326 8.38
      vertex 6.25825 13.2647 9.56
      vertex 6.25825 13.2647 8.38
    endloop
  endfacet
  facet normal 0.995179 -0.098071 0
    outer loop
      vertex 6.24203 18.0621 9.56
      vertex 6.24813 18.124 8.38
      vertex 6.24813 18.124 9.56
    endloop
  endfacet
  facet normal 0.995179 -0.098071 0
    outer loop
      vertex 6.24813 18.124 8.38
      vertex 6.24203 18.0621 9.56
      vertex 6.24203 18.0621 8.38
    endloop
  endfacet
  facet normal 0.226833 -0.973934 0
    outer loop
      vertex 6.94412 18.9176 8.38
      vertex 7.00466 18.9317 9.56
      vertex 6.94412 18.9176 9.56
    endloop
  endfacet
  facet normal 0.226833 -0.973934 0
    outer loop
      vertex 7.00466 18.9317 9.56
      vertex 6.94412 18.9176 8.38
      vertex 7.00466 18.9317 8.38
    endloop
  endfacet
  facet normal 0.881796 -0.471632 0
    outer loop
      vertex 6.33797 18.4202 9.56
      vertex 6.36728 18.475 8.38
      vertex 6.36728 18.475 9.56
    endloop
  endfacet
  facet normal 0.881796 -0.471632 0
    outer loop
      vertex 6.36728 18.475 8.38
      vertex 6.33797 18.4202 9.56
      vertex 6.33797 18.4202 8.38
    endloop
  endfacet
  facet normal 0.986645 -0.162885 0
    outer loop
      vertex 6.24813 18.124 9.56
      vertex 6.25825 18.1853 8.38
      vertex 6.25825 18.1853 9.56
    endloop
  endfacet
  facet normal 0.986645 -0.162885 0
    outer loop
      vertex 6.25825 18.1853 8.38
      vertex 6.24813 18.124 9.56
      vertex 6.24813 18.124 8.38
    endloop
  endfacet
  facet normal -0.413318 -0.910587 0
    outer loop
      vertex 7.55355 18.8777 8.38
      vertex 7.61017 18.852 9.56
      vertex 7.55355 18.8777 9.56
    endloop
  endfacet
  facet normal -0.413318 -0.910587 -0
    outer loop
      vertex 7.61017 18.852 9.56
      vertex 7.55355 18.8777 8.38
      vertex 7.61017 18.852 8.38
    endloop
  endfacet
  facet normal 0.0321739 -0.999482 0
    outer loop
      vertex 7.12787 18.948 8.38
      vertex 7.19 18.95 9.56
      vertex 7.12787 18.948 9.56
    endloop
  endfacet
  facet normal 0.0321739 -0.999482 0
    outer loop
      vertex 7.19 18.95 9.56
      vertex 7.12787 18.948 8.38
      vertex 7.19 18.95 8.38
    endloop
  endfacet
  facet normal -0.0981181 -0.995175 0
    outer loop
      vertex 7.25213 18.948 8.38
      vertex 7.314 18.9419 9.56
      vertex 7.25213 18.948 9.56
    endloop
  endfacet
  facet normal -0.0981181 -0.995175 -0
    outer loop
      vertex 7.314 18.9419 9.56
      vertex 7.25213 18.948 8.38
      vertex 7.314 18.9419 8.38
    endloop
  endfacet
  facet normal -0.634952 -0.772552 0
    outer loop
      vertex 7.76832 18.7537 8.38
      vertex 7.81638 18.7142 9.56
      vertex 7.76832 18.7537 9.56
    endloop
  endfacet
  facet normal -0.634952 -0.772552 -0
    outer loop
      vertex 7.81638 18.7142 9.56
      vertex 7.76832 18.7537 8.38
      vertex 7.81638 18.7142 8.38
    endloop
  endfacet
  facet normal -0.773284 -0.63406 0
    outer loop
      vertex 7.94369 18.5783 8.38
      vertex 7.90425 18.6264 9.56
      vertex 7.90425 18.6264 8.38
    endloop
  endfacet
  facet normal -0.773284 -0.63406 0
    outer loop
      vertex 7.90425 18.6264 9.56
      vertex 7.94369 18.5783 8.38
      vertex 7.94369 18.5783 9.56
    endloop
  endfacet
  facet normal -0.973912 -0.226925 0
    outer loop
      vertex 8.12175 18.1853 8.38
      vertex 8.10763 18.2459 9.56
      vertex 8.10763 18.2459 8.38
    endloop
  endfacet
  facet normal -0.973912 -0.226925 0
    outer loop
      vertex 8.10763 18.2459 9.56
      vertex 8.12175 18.1853 8.38
      vertex 8.12175 18.1853 9.56
    endloop
  endfacet
  facet normal -0.956936 0.290298 0
    outer loop
      vertex 8.08958 13.1446 8.38
      vertex 8.10763 13.2041 9.56
      vertex 8.10763 13.2041 8.38
    endloop
  endfacet
  facet normal -0.956936 0.290298 0
    outer loop
      vertex 8.10763 13.2041 9.56
      vertex 8.08958 13.1446 8.38
      vertex 8.08958 13.1446 9.56
    endloop
  endfacet
  facet normal -0.471306 0.88197 0
    outer loop
      vertex 7.665 12.6273 8.38
      vertex 7.61017 12.598 9.56
      vertex 7.665 12.6273 9.56
    endloop
  endfacet
  facet normal -0.471306 0.88197 0
    outer loop
      vertex 7.61017 12.598 9.56
      vertex 7.665 12.6273 8.38
      vertex 7.61017 12.598 8.38
    endloop
  endfacet
  facet normal 0.956936 0.290298 0
    outer loop
      vertex 6.29042 13.1446 9.56
      vertex 6.27237 13.2041 8.38
      vertex 6.27237 13.2041 9.56
    endloop
  endfacet
  facet normal 0.956936 0.290298 0
    outer loop
      vertex 6.27237 13.2041 8.38
      vertex 6.29042 13.1446 9.56
      vertex 6.29042 13.1446 8.38
    endloop
  endfacet
  facet normal 0.995179 0.098071 0
    outer loop
      vertex 6.24813 13.326 9.56
      vertex 6.24203 13.3879 8.38
      vertex 6.24203 13.3879 9.56
    endloop
  endfacet
  facet normal 0.995179 0.098071 0
    outer loop
      vertex 6.24203 13.3879 8.38
      vertex 6.24813 13.326 9.56
      vertex 6.24813 13.326 8.38
    endloop
  endfacet
  facet normal 0.164034 -0.986455 0
    outer loop
      vertex 7.00466 18.9317 8.38
      vertex 7.066 18.9419 9.56
      vertex 7.00466 18.9317 9.56
    endloop
  endfacet
  facet normal 0.164034 -0.986455 0
    outer loop
      vertex 7.066 18.9419 9.56
      vertex 7.00466 18.9317 8.38
      vertex 7.066 18.9419 8.38
    endloop
  endfacet
  facet normal 0.413258 -0.910614 0
    outer loop
      vertex 6.76982 18.852 8.38
      vertex 6.82645 18.8777 9.56
      vertex 6.76982 18.852 9.56
    endloop
  endfacet
  facet normal 0.413258 -0.910614 0
    outer loop
      vertex 6.82645 18.8777 9.56
      vertex 6.76982 18.852 8.38
      vertex 6.82645 18.8777 8.38
    endloop
  endfacet
  facet normal 0.730038 -0.683406 0
    outer loop
      vertex 6.47575 18.6264 9.56
      vertex 6.51825 18.6718 8.38
      vertex 6.51825 18.6718 9.56
    endloop
  endfacet
  facet normal 0.730038 -0.683406 0
    outer loop
      vertex 6.51825 18.6718 8.38
      vertex 6.47575 18.6264 9.56
      vertex 6.47575 18.6264 8.38
    endloop
  endfacet
  facet normal 0.999466 -0.0326718 0
    outer loop
      vertex 6.24 18 9.56
      vertex 6.24203 18.0621 8.38
      vertex 6.24203 18.0621 9.56
    endloop
  endfacet
  facet normal 0.999466 -0.0326718 0
    outer loop
      vertex 6.24203 18.0621 8.38
      vertex 6.24 18 9.56
      vertex 6.24 18 8.38
    endloop
  endfacet
  facet normal 0.973912 -0.226925 0
    outer loop
      vertex 6.25825 18.1853 9.56
      vertex 6.27237 18.2459 8.38
      vertex 6.27237 18.2459 9.56
    endloop
  endfacet
  facet normal 0.973912 -0.226925 0
    outer loop
      vertex 6.27237 18.2459 8.38
      vertex 6.25825 18.1853 9.56
      vertex 6.25825 18.1853 8.38
    endloop
  endfacet
  facet normal 0.0981181 -0.995175 0
    outer loop
      vertex 7.066 18.9419 8.38
      vertex 7.12787 18.948 9.56
      vertex 7.066 18.9419 9.56
    endloop
  endfacet
  facet normal 0.0981181 -0.995175 0
    outer loop
      vertex 7.12787 18.948 9.56
      vertex 7.066 18.9419 8.38
      vertex 7.12787 18.948 8.38
    endloop
  endfacet
  facet normal -0.289605 -0.957146 0
    outer loop
      vertex 7.43588 18.9176 8.38
      vertex 7.49537 18.8996 9.56
      vertex 7.43588 18.9176 9.56
    endloop
  endfacet
  facet normal -0.289605 -0.957146 -0
    outer loop
      vertex 7.49537 18.8996 9.56
      vertex 7.43588 18.9176 8.38
      vertex 7.49537 18.8996 8.38
    endloop
  endfacet
  facet normal -0.582379 -0.812917 0
    outer loop
      vertex 7.71779 18.7899 8.38
      vertex 7.76832 18.7537 9.56
      vertex 7.71779 18.7899 9.56
    endloop
  endfacet
  facet normal -0.582379 -0.812917 -0
    outer loop
      vertex 7.76832 18.7537 9.56
      vertex 7.71779 18.7899 8.38
      vertex 7.76832 18.7537 8.38
    endloop
  endfacet
  facet normal -0.164034 -0.986455 0
    outer loop
      vertex 7.314 18.9419 8.38
      vertex 7.37534 18.9317 9.56
      vertex 7.314 18.9419 9.56
    endloop
  endfacet
  facet normal -0.164034 -0.986455 -0
    outer loop
      vertex 7.37534 18.9317 9.56
      vertex 7.314 18.9419 8.38
      vertex 7.37534 18.9317 8.38
    endloop
  endfacet
  facet normal -0.226833 -0.973934 0
    outer loop
      vertex 7.37534 18.9317 8.38
      vertex 7.43588 18.9176 9.56
      vertex 7.37534 18.9317 9.56
    endloop
  endfacet
  facet normal -0.226833 -0.973934 -0
    outer loop
      vertex 7.43588 18.9176 9.56
      vertex 7.37534 18.9317 8.38
      vertex 7.43588 18.9176 8.38
    endloop
  endfacet
  facet normal -0.730038 -0.683406 0
    outer loop
      vertex 7.90425 18.6264 8.38
      vertex 7.86175 18.6718 9.56
      vertex 7.86175 18.6718 8.38
    endloop
  endfacet
  facet normal -0.730038 -0.683406 0
    outer loop
      vertex 7.86175 18.6718 9.56
      vertex 7.90425 18.6264 8.38
      vertex 7.90425 18.6264 9.56
    endloop
  endfacet
  facet normal -0.812677 -0.582714 0
    outer loop
      vertex 7.9799 18.5278 8.38
      vertex 7.94369 18.5783 9.56
      vertex 7.94369 18.5783 8.38
    endloop
  endfacet
  facet normal -0.812677 -0.582714 0
    outer loop
      vertex 7.94369 18.5783 9.56
      vertex 7.9799 18.5278 8.38
      vertex 7.9799 18.5278 9.56
    endloop
  endfacet
  facet normal -0.956936 -0.290298 0
    outer loop
      vertex 8.10763 18.2459 8.38
      vertex 8.08958 18.3054 9.56
      vertex 8.08958 18.3054 8.38
    endloop
  endfacet
  facet normal -0.956936 -0.290298 0
    outer loop
      vertex 8.08958 18.3054 9.56
      vertex 8.10763 18.2459 8.38
      vertex 8.10763 18.2459 9.56
    endloop
  endfacet
  facet normal -0.995179 0.098071 0
    outer loop
      vertex 8.13187 13.326 8.38
      vertex 8.13797 13.3879 9.56
      vertex 8.13797 13.3879 8.38
    endloop
  endfacet
  facet normal -0.995179 0.098071 0
    outer loop
      vertex 8.13797 13.3879 9.56
      vertex 8.13187 13.326 8.38
      vertex 8.13187 13.326 9.56
    endloop
  endfacet
  facet normal -0.812677 0.582714 0
    outer loop
      vertex 7.94369 12.8717 8.38
      vertex 7.9799 12.9222 9.56
      vertex 7.9799 12.9222 8.38
    endloop
  endfacet
  facet normal -0.812677 0.582714 0
    outer loop
      vertex 7.9799 12.9222 9.56
      vertex 7.94369 12.8717 8.38
      vertex 7.94369 12.8717 9.56
    endloop
  endfacet
  facet normal -0.634952 0.772552 0
    outer loop
      vertex 7.81638 12.7358 8.38
      vertex 7.76832 12.6963 9.56
      vertex 7.81638 12.7358 9.56
    endloop
  endfacet
  facet normal -0.634952 0.772552 0
    outer loop
      vertex 7.76832 12.6963 9.56
      vertex 7.81638 12.7358 8.38
      vertex 7.76832 12.6963 8.38
    endloop
  endfacet
  facet normal -0.226833 0.973934 0
    outer loop
      vertex 7.43588 12.5324 8.38
      vertex 7.37534 12.5183 9.56
      vertex 7.43588 12.5324 9.56
    endloop
  endfacet
  facet normal -0.226833 0.973934 0
    outer loop
      vertex 7.37534 12.5183 9.56
      vertex 7.43588 12.5324 8.38
      vertex 7.37534 12.5183 8.38
    endloop
  endfacet
  facet normal 0.226833 0.973934 -0
    outer loop
      vertex 7.00466 12.5183 8.38
      vertex 6.94412 12.5324 9.56
      vertex 7.00466 12.5183 9.56
    endloop
  endfacet
  facet normal 0.226833 0.973934 0
    outer loop
      vertex 6.94412 12.5324 9.56
      vertex 7.00466 12.5183 8.38
      vertex 6.94412 12.5324 8.38
    endloop
  endfacet
  facet normal 0.0981181 0.995175 -0
    outer loop
      vertex 7.12787 12.502 8.38
      vertex 7.066 12.5081 9.56
      vertex 7.12787 12.502 9.56
    endloop
  endfacet
  facet normal 0.0981181 0.995175 0
    outer loop
      vertex 7.066 12.5081 9.56
      vertex 7.12787 12.502 8.38
      vertex 7.066 12.5081 8.38
    endloop
  endfacet
  facet normal -0.0981181 0.995175 0
    outer loop
      vertex 7.314 12.5081 8.38
      vertex 7.25213 12.502 9.56
      vertex 7.314 12.5081 9.56
    endloop
  endfacet
  facet normal -0.0981181 0.995175 0
    outer loop
      vertex 7.25213 12.502 9.56
      vertex 7.314 12.5081 8.38
      vertex 7.25213 12.502 8.38
    endloop
  endfacet
  facet normal 0.682789 0.730616 -0
    outer loop
      vertex 6.56362 12.7358 8.38
      vertex 6.51825 12.7782 9.56
      vertex 6.56362 12.7358 9.56
    endloop
  endfacet
  facet normal 0.682789 0.730616 0
    outer loop
      vertex 6.51825 12.7782 9.56
      vertex 6.56362 12.7358 8.38
      vertex 6.51825 12.7782 8.38
    endloop
  endfacet
  facet normal 0.812677 0.582714 0
    outer loop
      vertex 6.43631 12.8717 9.56
      vertex 6.4001 12.9222 8.38
      vertex 6.4001 12.9222 9.56
    endloop
  endfacet
  facet normal 0.812677 0.582714 0
    outer loop
      vertex 6.4001 12.9222 8.38
      vertex 6.43631 12.8717 9.56
      vertex 6.43631 12.8717 8.38
    endloop
  endfacet
  facet normal 0.911048 0.412301 0
    outer loop
      vertex 6.33797 13.0298 9.56
      vertex 6.31231 13.0865 8.38
      vertex 6.31231 13.0865 9.56
    endloop
  endfacet
  facet normal 0.911048 0.412301 0
    outer loop
      vertex 6.31231 13.0865 8.38
      vertex 6.33797 13.0298 9.56
      vertex 6.33797 13.0298 8.38
    endloop
  endfacet
  facet normal 0.634952 -0.772552 0
    outer loop
      vertex 6.56362 18.7142 8.38
      vertex 6.61168 18.7537 9.56
      vertex 6.56362 18.7142 9.56
    endloop
  endfacet
  facet normal 0.634952 -0.772552 0
    outer loop
      vertex 6.61168 18.7537 9.56
      vertex 6.56362 18.7142 8.38
      vertex 6.61168 18.7537 8.38
    endloop
  endfacet
  facet normal 0.527755 -0.849396 0
    outer loop
      vertex 6.66221 18.7899 8.38
      vertex 6.715 18.8227 9.56
      vertex 6.66221 18.7899 9.56
    endloop
  endfacet
  facet normal 0.527755 -0.849396 0
    outer loop
      vertex 6.715 18.8227 9.56
      vertex 6.66221 18.7899 8.38
      vertex 6.715 18.8227 8.38
    endloop
  endfacet
  facet normal 0.471373 -0.881934 0
    outer loop
      vertex 6.715 18.8227 8.38
      vertex 6.76982 18.852 9.56
      vertex 6.715 18.8227 9.56
    endloop
  endfacet
  facet normal 0.471373 -0.881934 0
    outer loop
      vertex 6.76982 18.852 9.56
      vertex 6.715 18.8227 8.38
      vertex 6.76982 18.852 8.38
    endloop
  endfacet
  facet normal 0.773284 -0.63406 0
    outer loop
      vertex 6.43631 18.5783 9.56
      vertex 6.47575 18.6264 8.38
      vertex 6.47575 18.6264 9.56
    endloop
  endfacet
  facet normal 0.773284 -0.63406 0
    outer loop
      vertex 6.47575 18.6264 8.38
      vertex 6.43631 18.5783 9.56
      vertex 6.43631 18.5783 8.38
    endloop
  endfacet
  facet normal 0.812677 -0.582714 0
    outer loop
      vertex 6.4001 18.5278 9.56
      vertex 6.43631 18.5783 8.38
      vertex 6.43631 18.5783 9.56
    endloop
  endfacet
  facet normal 0.812677 -0.582714 0
    outer loop
      vertex 6.43631 18.5783 8.38
      vertex 6.4001 18.5278 9.56
      vertex 6.4001 18.5278 8.38
    endloop
  endfacet
  facet normal 0.849297 -0.527915 0
    outer loop
      vertex 6.36728 18.475 9.56
      vertex 6.4001 18.5278 8.38
      vertex 6.4001 18.5278 9.56
    endloop
  endfacet
  facet normal 0.849297 -0.527915 0
    outer loop
      vertex 6.4001 18.5278 8.38
      vertex 6.36728 18.475 9.56
      vertex 6.36728 18.475 8.38
    endloop
  endfacet
  facet normal 0.956936 -0.290298 0
    outer loop
      vertex 6.27237 18.2459 9.56
      vertex 6.29042 18.3054 8.38
      vertex 6.29042 18.3054 9.56
    endloop
  endfacet
  facet normal 0.956936 -0.290298 0
    outer loop
      vertex 6.29042 18.3054 8.38
      vertex 6.27237 18.2459 9.56
      vertex 6.27237 18.2459 8.38
    endloop
  endfacet
  facet normal 0.935785 -0.35257 0
    outer loop
      vertex 6.29042 18.3054 9.56
      vertex 6.31231 18.3635 8.38
      vertex 6.31231 18.3635 9.56
    endloop
  endfacet
  facet normal 0.935785 -0.35257 0
    outer loop
      vertex 6.31231 18.3635 8.38
      vertex 6.29042 18.3054 9.56
      vertex 6.29042 18.3054 8.38
    endloop
  endfacet
  facet normal 0.911048 -0.412301 0
    outer loop
      vertex 6.31231 18.3635 9.56
      vertex 6.33797 18.4202 8.38
      vertex 6.33797 18.4202 9.56
    endloop
  endfacet
  facet normal 0.911048 -0.412301 0
    outer loop
      vertex 6.33797 18.4202 8.38
      vertex 6.31231 18.3635 9.56
      vertex 6.31231 18.3635 8.38
    endloop
  endfacet
  facet normal -0.352287 -0.935892 0
    outer loop
      vertex 7.49537 18.8996 8.38
      vertex 7.55355 18.8777 9.56
      vertex 7.49537 18.8996 9.56
    endloop
  endfacet
  facet normal -0.352287 -0.935892 -0
    outer loop
      vertex 7.55355 18.8777 9.56
      vertex 7.49537 18.8996 8.38
      vertex 7.55355 18.8777 8.38
    endloop
  endfacet
  facet normal -0.881796 -0.471632 0
    outer loop
      vertex 8.04203 18.4202 8.38
      vertex 8.01272 18.475 9.56
      vertex 8.01272 18.475 8.38
    endloop
  endfacet
  facet normal -0.881796 -0.471632 0
    outer loop
      vertex 8.01272 18.475 9.56
      vertex 8.04203 18.4202 8.38
      vertex 8.04203 18.4202 9.56
    endloop
  endfacet
  facet normal -0.911048 -0.412301 0
    outer loop
      vertex 8.06769 18.3635 8.38
      vertex 8.04203 18.4202 9.56
      vertex 8.04203 18.4202 8.38
    endloop
  endfacet
  facet normal -0.911048 -0.412301 0
    outer loop
      vertex 8.04203 18.4202 9.56
      vertex 8.06769 18.3635 8.38
      vertex 8.06769 18.3635 9.56
    endloop
  endfacet
  facet normal -0.849297 -0.527915 0
    outer loop
      vertex 8.01272 18.475 8.38
      vertex 7.9799 18.5278 9.56
      vertex 7.9799 18.5278 8.38
    endloop
  endfacet
  facet normal -0.849297 -0.527915 0
    outer loop
      vertex 7.9799 18.5278 9.56
      vertex 8.01272 18.475 8.38
      vertex 8.01272 18.475 9.56
    endloop
  endfacet
  facet normal -0.973912 0.226925 0
    outer loop
      vertex 8.10763 13.2041 8.38
      vertex 8.12175 13.2647 9.56
      vertex 8.12175 13.2647 8.38
    endloop
  endfacet
  facet normal -0.973912 0.226925 0
    outer loop
      vertex 8.12175 13.2647 9.56
      vertex 8.10763 13.2041 8.38
      vertex 8.10763 13.2041 9.56
    endloop
  endfacet
  facet normal -0.986645 0.162885 0
    outer loop
      vertex 8.12175 13.2647 8.38
      vertex 8.13187 13.326 9.56
      vertex 8.13187 13.326 8.38
    endloop
  endfacet
  facet normal -0.986645 0.162885 0
    outer loop
      vertex 8.13187 13.326 9.56
      vertex 8.12175 13.2647 8.38
      vertex 8.12175 13.2647 9.56
    endloop
  endfacet
  facet normal -0.849297 0.527915 0
    outer loop
      vertex 7.9799 12.9222 8.38
      vertex 8.01272 12.975 9.56
      vertex 8.01272 12.975 8.38
    endloop
  endfacet
  facet normal -0.849297 0.527915 0
    outer loop
      vertex 8.01272 12.975 9.56
      vertex 7.9799 12.9222 8.38
      vertex 7.9799 12.9222 9.56
    endloop
  endfacet
  facet normal -0.773284 0.63406 0
    outer loop
      vertex 7.90425 12.8236 8.38
      vertex 7.94369 12.8717 9.56
      vertex 7.94369 12.8717 8.38
    endloop
  endfacet
  facet normal -0.773284 0.63406 0
    outer loop
      vertex 7.94369 12.8717 9.56
      vertex 7.90425 12.8236 8.38
      vertex 7.90425 12.8236 9.56
    endloop
  endfacet
  facet normal 0.413258 0.910614 -0
    outer loop
      vertex 6.82645 12.5723 8.38
      vertex 6.76982 12.598 9.56
      vertex 6.82645 12.5723 9.56
    endloop
  endfacet
  facet normal 0.413258 0.910614 0
    outer loop
      vertex 6.76982 12.598 9.56
      vertex 6.82645 12.5723 8.38
      vertex 6.76982 12.598 8.38
    endloop
  endfacet
  facet normal 0.289605 0.957146 -0
    outer loop
      vertex 6.94412 12.5324 8.38
      vertex 6.88463 12.5504 9.56
      vertex 6.94412 12.5324 9.56
    endloop
  endfacet
  facet normal 0.289605 0.957146 0
    outer loop
      vertex 6.88463 12.5504 9.56
      vertex 6.94412 12.5324 8.38
      vertex 6.88463 12.5504 8.38
    endloop
  endfacet
  facet normal 0.164034 0.986455 -0
    outer loop
      vertex 7.066 12.5081 8.38
      vertex 7.00466 12.5183 9.56
      vertex 7.066 12.5081 9.56
    endloop
  endfacet
  facet normal 0.164034 0.986455 0
    outer loop
      vertex 7.00466 12.5183 9.56
      vertex 7.066 12.5081 8.38
      vertex 7.00466 12.5183 8.38
    endloop
  endfacet
  facet normal 0.0321739 0.999482 -0
    outer loop
      vertex 7.19 12.5 8.38
      vertex 7.12787 12.502 9.56
      vertex 7.19 12.5 9.56
    endloop
  endfacet
  facet normal 0.0321739 0.999482 0
    outer loop
      vertex 7.12787 12.502 9.56
      vertex 7.19 12.5 8.38
      vertex 7.12787 12.502 8.38
    endloop
  endfacet
  facet normal -0.164034 0.986455 0
    outer loop
      vertex 7.37534 12.5183 8.38
      vertex 7.314 12.5081 9.56
      vertex 7.37534 12.5183 9.56
    endloop
  endfacet
  facet normal -0.164034 0.986455 0
    outer loop
      vertex 7.314 12.5081 9.56
      vertex 7.37534 12.5183 8.38
      vertex 7.314 12.5081 8.38
    endloop
  endfacet
  facet normal 0.634952 0.772552 -0
    outer loop
      vertex 6.61168 12.6963 8.38
      vertex 6.56362 12.7358 9.56
      vertex 6.61168 12.6963 9.56
    endloop
  endfacet
  facet normal 0.634952 0.772552 0
    outer loop
      vertex 6.56362 12.7358 9.56
      vertex 6.61168 12.6963 8.38
      vertex 6.56362 12.7358 8.38
    endloop
  endfacet
  facet normal 0.527755 0.849396 -0
    outer loop
      vertex 6.715 12.6273 8.38
      vertex 6.66221 12.6601 9.56
      vertex 6.715 12.6273 9.56
    endloop
  endfacet
  facet normal 0.527755 0.849396 0
    outer loop
      vertex 6.66221 12.6601 9.56
      vertex 6.715 12.6273 8.38
      vertex 6.66221 12.6601 8.38
    endloop
  endfacet
  facet normal 0.582379 0.812917 -0
    outer loop
      vertex 6.66221 12.6601 8.38
      vertex 6.61168 12.6963 9.56
      vertex 6.66221 12.6601 9.56
    endloop
  endfacet
  facet normal 0.582379 0.812917 0
    outer loop
      vertex 6.61168 12.6963 9.56
      vertex 6.66221 12.6601 8.38
      vertex 6.61168 12.6963 8.38
    endloop
  endfacet
  facet normal 0.471373 0.881934 -0
    outer loop
      vertex 6.76982 12.598 8.38
      vertex 6.715 12.6273 9.56
      vertex 6.76982 12.598 9.56
    endloop
  endfacet
  facet normal 0.471373 0.881934 0
    outer loop
      vertex 6.715 12.6273 9.56
      vertex 6.76982 12.598 8.38
      vertex 6.715 12.6273 8.38
    endloop
  endfacet
  facet normal 0.773284 0.63406 0
    outer loop
      vertex 6.47575 12.8236 9.56
      vertex 6.43631 12.8717 8.38
      vertex 6.43631 12.8717 9.56
    endloop
  endfacet
  facet normal 0.773284 0.63406 0
    outer loop
      vertex 6.43631 12.8717 8.38
      vertex 6.47575 12.8236 9.56
      vertex 6.47575 12.8236 8.38
    endloop
  endfacet
  facet normal 0.849297 0.527915 0
    outer loop
      vertex 6.4001 12.9222 9.56
      vertex 6.36728 12.975 8.38
      vertex 6.36728 12.975 9.56
    endloop
  endfacet
  facet normal 0.849297 0.527915 0
    outer loop
      vertex 6.36728 12.975 8.38
      vertex 6.4001 12.9222 9.56
      vertex 6.4001 12.9222 8.38
    endloop
  endfacet
  facet normal 0.582379 -0.812917 0
    outer loop
      vertex 6.61168 18.7537 8.38
      vertex 6.66221 18.7899 9.56
      vertex 6.61168 18.7537 9.56
    endloop
  endfacet
  facet normal 0.582379 -0.812917 0
    outer loop
      vertex 6.66221 18.7899 9.56
      vertex 6.61168 18.7537 8.38
      vertex 6.66221 18.7899 8.38
    endloop
  endfacet
  facet normal 0.352287 -0.935892 0
    outer loop
      vertex 6.82645 18.8777 8.38
      vertex 6.88463 18.8996 9.56
      vertex 6.82645 18.8777 9.56
    endloop
  endfacet
  facet normal 0.352287 -0.935892 0
    outer loop
      vertex 6.88463 18.8996 9.56
      vertex 6.82645 18.8777 8.38
      vertex 6.88463 18.8996 8.38
    endloop
  endfacet
  facet normal 0.289605 -0.957146 0
    outer loop
      vertex 6.88463 18.8996 8.38
      vertex 6.94412 18.9176 9.56
      vertex 6.88463 18.8996 9.56
    endloop
  endfacet
  facet normal 0.289605 -0.957146 0
    outer loop
      vertex 6.94412 18.9176 9.56
      vertex 6.88463 18.8996 8.38
      vertex 6.94412 18.9176 8.38
    endloop
  endfacet
  facet normal -0.471306 -0.88197 0
    outer loop
      vertex 7.61017 18.852 8.38
      vertex 7.665 18.8227 9.56
      vertex 7.61017 18.852 9.56
    endloop
  endfacet
  facet normal -0.471306 -0.88197 -0
    outer loop
      vertex 7.665 18.8227 9.56
      vertex 7.61017 18.852 8.38
      vertex 7.665 18.8227 8.38
    endloop
  endfacet
  facet normal -0.527755 -0.849396 0
    outer loop
      vertex 7.665 18.8227 8.38
      vertex 7.71779 18.7899 9.56
      vertex 7.665 18.8227 9.56
    endloop
  endfacet
  facet normal -0.527755 -0.849396 -0
    outer loop
      vertex 7.71779 18.7899 9.56
      vertex 7.665 18.8227 8.38
      vertex 7.71779 18.7899 8.38
    endloop
  endfacet
  facet normal -0.881796 0.471632 0
    outer loop
      vertex 8.01272 12.975 8.38
      vertex 8.04203 13.0298 9.56
      vertex 8.04203 13.0298 8.38
    endloop
  endfacet
  facet normal -0.881796 0.471632 0
    outer loop
      vertex 8.04203 13.0298 9.56
      vertex 8.01272 12.975 8.38
      vertex 8.01272 12.975 9.56
    endloop
  endfacet
  facet normal -0.911048 0.412301 0
    outer loop
      vertex 8.04203 13.0298 8.38
      vertex 8.06769 13.0865 9.56
      vertex 8.06769 13.0865 8.38
    endloop
  endfacet
  facet normal -0.911048 0.412301 0
    outer loop
      vertex 8.06769 13.0865 9.56
      vertex 8.04203 13.0298 8.38
      vertex 8.04203 13.0298 9.56
    endloop
  endfacet
  facet normal -0.935785 0.35257 0
    outer loop
      vertex 8.06769 13.0865 8.38
      vertex 8.08958 13.1446 9.56
      vertex 8.08958 13.1446 8.38
    endloop
  endfacet
  facet normal -0.935785 0.35257 0
    outer loop
      vertex 8.08958 13.1446 9.56
      vertex 8.06769 13.0865 8.38
      vertex 8.06769 13.0865 9.56
    endloop
  endfacet
  facet normal -0.682789 0.730616 0
    outer loop
      vertex 7.86175 12.7782 8.38
      vertex 7.81638 12.7358 9.56
      vertex 7.86175 12.7782 9.56
    endloop
  endfacet
  facet normal -0.682789 0.730616 0
    outer loop
      vertex 7.81638 12.7358 9.56
      vertex 7.86175 12.7782 8.38
      vertex 7.81638 12.7358 8.38
    endloop
  endfacet
  facet normal -0.730038 0.683406 0
    outer loop
      vertex 7.86175 12.7782 8.38
      vertex 7.90425 12.8236 9.56
      vertex 7.90425 12.8236 8.38
    endloop
  endfacet
  facet normal -0.730038 0.683406 0
    outer loop
      vertex 7.90425 12.8236 9.56
      vertex 7.86175 12.7782 8.38
      vertex 7.86175 12.7782 9.56
    endloop
  endfacet
  facet normal -0.289605 0.957146 0
    outer loop
      vertex 7.49537 12.5504 8.38
      vertex 7.43588 12.5324 9.56
      vertex 7.49537 12.5504 9.56
    endloop
  endfacet
  facet normal -0.289605 0.957146 0
    outer loop
      vertex 7.43588 12.5324 9.56
      vertex 7.49537 12.5504 8.38
      vertex 7.43588 12.5324 8.38
    endloop
  endfacet
  facet normal -0.352287 0.935892 0
    outer loop
      vertex 7.55355 12.5723 8.38
      vertex 7.49537 12.5504 9.56
      vertex 7.55355 12.5723 9.56
    endloop
  endfacet
  facet normal -0.352287 0.935892 0
    outer loop
      vertex 7.49537 12.5504 9.56
      vertex 7.55355 12.5723 8.38
      vertex 7.49537 12.5504 8.38
    endloop
  endfacet
  facet normal 0.352287 0.935892 -0
    outer loop
      vertex 6.88463 12.5504 8.38
      vertex 6.82645 12.5723 9.56
      vertex 6.88463 12.5504 9.56
    endloop
  endfacet
  facet normal 0.352287 0.935892 0
    outer loop
      vertex 6.82645 12.5723 9.56
      vertex 6.88463 12.5504 8.38
      vertex 6.82645 12.5723 8.38
    endloop
  endfacet
  facet normal -0.0321739 0.999482 0
    outer loop
      vertex 7.25213 12.502 8.38
      vertex 7.19 12.5 9.56
      vertex 7.25213 12.502 9.56
    endloop
  endfacet
  facet normal -0.0321739 0.999482 0
    outer loop
      vertex 7.19 12.5 9.56
      vertex 7.25213 12.502 8.38
      vertex 7.19 12.5 8.38
    endloop
  endfacet
  facet normal 0.730038 0.683406 0
    outer loop
      vertex 6.51825 12.7782 9.56
      vertex 6.47575 12.8236 8.38
      vertex 6.47575 12.8236 9.56
    endloop
  endfacet
  facet normal 0.730038 0.683406 0
    outer loop
      vertex 6.47575 12.8236 8.38
      vertex 6.51825 12.7782 9.56
      vertex 6.51825 12.7782 8.38
    endloop
  endfacet
  facet normal 0.881796 0.471632 0
    outer loop
      vertex 6.36728 12.975 9.56
      vertex 6.33797 13.0298 8.38
      vertex 6.33797 13.0298 9.56
    endloop
  endfacet
  facet normal 0.881796 0.471632 0
    outer loop
      vertex 6.33797 13.0298 8.38
      vertex 6.36728 12.975 9.56
      vertex 6.36728 12.975 8.38
    endloop
  endfacet
  facet normal -0.413318 0.910587 0
    outer loop
      vertex 7.61017 12.598 8.38
      vertex 7.55355 12.5723 9.56
      vertex 7.61017 12.598 9.56
    endloop
  endfacet
  facet normal -0.413318 0.910587 0
    outer loop
      vertex 7.55355 12.5723 9.56
      vertex 7.61017 12.598 8.38
      vertex 7.55355 12.5723 8.38
    endloop
  endfacet
  facet normal -0.582379 0.812917 0
    outer loop
      vertex 7.76832 12.6963 8.38
      vertex 7.71779 12.6601 9.56
      vertex 7.76832 12.6963 9.56
    endloop
  endfacet
  facet normal -0.582379 0.812917 0
    outer loop
      vertex 7.71779 12.6601 9.56
      vertex 7.76832 12.6963 8.38
      vertex 7.71779 12.6601 8.38
    endloop
  endfacet
  facet normal -0.527755 0.849396 0
    outer loop
      vertex 7.71779 12.6601 8.38
      vertex 7.665 12.6273 9.56
      vertex 7.71779 12.6601 9.56
    endloop
  endfacet
  facet normal -0.527755 0.849396 0
    outer loop
      vertex 7.665 12.6273 9.56
      vertex 7.71779 12.6601 8.38
      vertex 7.665 12.6273 8.38
    endloop
  endfacet
  facet normal 1 -0 0
    outer loop
      vertex -10.5 -2.5 9.56
      vertex -10.5 5 8.56
      vertex -10.5 5 9.56
    endloop
  endfacet
  facet normal 1 0 0
    outer loop
      vertex -10.5 5 8.56
      vertex -10.5 -2.5 9.56
      vertex -10.5 -2.5 8.56
    endloop
  endfacet
  facet normal -1 0 0
    outer loop
      vertex 3.5 -2.5 8.56
      vertex 3.5 5 9.56
      vertex 3.5 5 8.56
    endloop
  endfacet
  facet normal -1 -0 0
    outer loop
      vertex 3.5 5 9.56
      vertex 3.5 -2.5 8.56
      vertex 3.5 -2.5 9.56
    endloop
  endfacet
  facet normal -0 0 1
    outer loop
      vertex -10.5 5 8.56
      vertex 3.5 -2.5 8.56
      vertex 3.5 5 8.56
    endloop
  endfacet
  facet normal 0 0 1
    outer loop
      vertex 3.5 -2.5 8.56
      vertex -10.5 5 8.56
      vertex -10.5 -2.5 8.56
    endloop
  endfacet
  facet normal 0 1 -0
    outer loop
      vertex 3.5 -2.5 8.56
      vertex -10.5 -2.5 9.56
      vertex 3.5 -2.5 9.56
    endloop
  endfacet
  facet normal 0 1 0
    outer loop
      vertex -10.5 -2.5 9.56
      vertex 3.5 -2.5 8.56
      vertex -10.5 -2.5 8.56
    endloop
  endfacet
  facet normal 0 -1 0
    outer loop
      vertex -10.5 5 8.56
      vertex 3.5 5 9.56
      vertex -10.5 5 9.56
    endloop
  endfacet
  facet normal 0 -1 -0
    outer loop
      vertex 3.5 5 9.56
      vertex -10.5 5 8.56
      vertex 3.5 5 8.56
    endloop
  endfacet
endsolid OpenSCAD_Model
